// Copyright 2025 QMK -- generated source code only, image retains original copyright
// SPDX-License-Identifier: GPL-2.0-or-later

// This file was auto-generated by `painter_convert_graphics` with arguments:
//    format | rgb565
//    output | qmk_firmware
//    input  | ZodifyBlue.png

// Image's metadata
// ----------------
// Width: 240
// Height: 280
// Single frame

#include <qp.h>

const uint32_t gfx_ZodifyBlue_length = 132922;

// clang-format off
const uint8_t gfx_ZodifyBlue[132922] = {
    0x00, 0xFF, 0x12, 0x00, 0x00, 0x51, 0x47, 0x46, 0x01, 0x3A, 0x07, 0x02, 0x00, 0xC5, 0xF8, 0xFD,
    0xFF, 0xF0, 0x00, 0x18, 0x01, 0x01, 0x00, 0x01, 0xFE, 0x04, 0x00, 0x00, 0x20, 0x00, 0x00, 0x00,
    0x02, 0xFD, 0x06, 0x00, 0x00, 0x08, 0x00, 0x01, 0xFF, 0xE8, 0x03, 0x05, 0xFA, 0x0A, 0x07, 0x02,
    0xFF, 0x4D, 0x5F, 0x4D, 0x5F, 0x4D, 0x5F, 0x4D, 0x5F, 0x4D, 0x5F, 0x4D, 0x5F, 0x4D, 0x5F, 0x4D,
    0x5F, 0x4D, 0x5F, 0x4D, 0x5F, 0x4D, 0x5F, 0x4D, 0x5F, 0x4D, 0x5F, 0x4D, 0x5F, 0x4D, 0x5F, 0x4D,
    0x5F, 0x4D, 0x5F, 0x4D, 0x5F, 0x4D, 0x5F, 0x4D, 0x5F, 0x4D, 0x5F, 0x4D, 0x5F, 0x4D, 0x5F, 0x4D,
    0x5F, 0x4D, 0x5F, 0x4D, 0x5F, 0x4D, 0x5F, 0x4D, 0x5F, 0x4D, 0x5F, 0x4D, 0x5F, 0x4D, 0x5F, 0x4D,
    0x5F, 0x4D, 0x5F, 0x4D, 0x5F, 0x4D, 0x5F, 0x4D, 0x5F, 0x4D, 0x5F, 0x4D, 0x5F, 0x4D, 0x5F, 0x4D,
    0x5F, 0x4D, 0x5F, 0x4D, 0x5F, 0x4D, 0x5F, 0x4D, 0x5F, 0x4D, 0x5F, 0x4D, 0x5F, 0x4D, 0x5F, 0x4D,
    0x5F, 0x4D, 0x5F, 0x4D, 0x5F, 0x4D, 0x5F, 0x4D, 0x5F, 0x4D, 0x5F, 0x4D, 0x5F, 0x4D, 0x5F, 0x4D,
    0x5F, 0x4D, 0x5F, 0x4D, 0x5F, 0x4D, 0x5F, 0x4D, 0x5F, 0x4D, 0x5F, 0x4D, 0x5F, 0x4D, 0x5F, 0x4D,
    0x5F, 0xFF, 0x4D, 0x5F, 0x4D, 0x5F, 0x4D, 0x5F, 0x4D, 0x5F, 0x4D, 0x5F, 0x4D, 0x5F, 0x4D, 0x5F,
    0x4D, 0x5F, 0x4D, 0x5F, 0x4D, 0x5F, 0x4D, 0x5F, 0x4D, 0x5F, 0x4D, 0x5F, 0x4D, 0x5F, 0x4D, 0x5F,
    0x4D, 0x5F, 0x4D, 0x5F, 0x4D, 0x5F, 0x4D, 0x5F, 0x4D, 0x5F, 0x4D, 0x5F, 0x4D, 0x5F, 0x4D, 0x5F,
    0x4D, 0x5F, 0x4D, 0x5F, 0x4D, 0x5F, 0x4D, 0x5F, 0x4D, 0x5F, 0x4D, 0x5F, 0x4D, 0x5F, 0x4D, 0x5F,
    0x4D, 0x5F, 0x4D, 0x5F, 0x4D, 0x5F, 0x4D, 0x5F, 0x4D, 0x5F, 0x4D, 0x5F, 0x4D, 0x5F, 0x4D, 0x5F,
    0x4D, 0x5F, 0x4D, 0x5F, 0x4D, 0x5F, 0x4D, 0x5F, 0x4D, 0x5F, 0x4D, 0x5F, 0x4D, 0x5F, 0x4D, 0x5F,
    0x4D, 0x5F, 0x4D, 0x5F, 0x4D, 0x5F, 0x4D, 0x5F, 0x4D, 0x5F, 0x4D, 0x5F, 0x4D, 0x5F, 0x4D, 0x5F,
    0x4D, 0x5F, 0x4D, 0x5F, 0x4D, 0x5F, 0x4D, 0x5F, 0x4D, 0x5F, 0x4D, 0x5F, 0x4D, 0x5F, 0x4D, 0x5F,
    0x4D, 0x5F, 0xFF, 0x4D, 0x5F, 0x4D, 0x5F, 0x4D, 0x5F, 0x4D, 0x5F, 0x4D, 0x5F, 0x4D, 0x5F, 0x4D,
    0x5F, 0x4D, 0x5F, 0x4D, 0x5F, 0x4D, 0x5F, 0x4D, 0x5F, 0x4D, 0x5F, 0x4D, 0x5F, 0x4D, 0x5F, 0x4D,
    0x5F, 0x4D, 0x5F, 0x4D, 0x5F, 0x4D, 0x5F, 0x4D, 0x5F, 0x4D, 0x5F, 0x4D, 0x5F, 0x4D, 0x5F, 0x4D,
    0x5F, 0x4D, 0x5F, 0x4D, 0x5F, 0x4D, 0x5F, 0x4D, 0x5F, 0x4D, 0x5F, 0x4D, 0x5F, 0x4D, 0x5F, 0x4D,
    0x5F, 0x4D, 0x5F, 0x4D, 0x5F, 0x4D, 0x5F, 0x4D, 0x5F, 0x4D, 0x5F, 0x4D, 0x5F, 0x4D, 0x5F, 0x4D,
    0x5F, 0x4D, 0x5F, 0x4D, 0x5F, 0x4D, 0x5F, 0x4D, 0x5F, 0x4D, 0x5F, 0x4D, 0x5F, 0x4D, 0x5F, 0x4D,
    0x5F, 0x4D, 0x5F, 0x4D, 0x5F, 0x4D, 0x5F, 0x4D, 0x5F, 0x4D, 0x5F, 0x4D, 0x5F, 0x4D, 0x5F, 0x4D,
    0x5F, 0x4D, 0x5F, 0x4D, 0x5F, 0x4D, 0x5F, 0x4D, 0x5F, 0x4D, 0x5F, 0x4D, 0x5F, 0x4D, 0x5F, 0x4D,
    0x5F, 0x4D, 0x5F, 0xFF, 0x4D, 0x5F, 0x4D, 0x5F, 0x4D, 0x5F, 0x4D, 0x5F, 0x4D, 0x5F, 0x4D, 0x5F,
    0x4D, 0x5F, 0x4D, 0x5F, 0x4D, 0x5F, 0x4D, 0x5F, 0x4D, 0x5F, 0x4D, 0x5F, 0x4D, 0x5F, 0x4D, 0x5F,
    0x4D, 0x5F, 0x4D, 0x5F, 0x4D, 0x5F, 0x4D, 0x5F, 0x4D, 0x5F, 0x4D, 0x5F, 0x4D, 0x5F, 0x4D, 0x5F,
    0x4D, 0x5F, 0x4D, 0x5F, 0x4D, 0x5F, 0x4D, 0x5F, 0x4D, 0x5F, 0x4D, 0x5F, 0x4D, 0x5F, 0x4D, 0x5F,
    0x4D, 0x5F, 0x4D, 0x5F, 0x4D, 0x5F, 0x4D, 0x5F, 0x4D, 0x5F, 0x4D, 0x5F, 0x4D, 0x5F, 0x4D, 0x5F,
    0x4D, 0x5F, 0x4D, 0x5F, 0x4D, 0x5F, 0x4D, 0x5F, 0x4D, 0x5F, 0x4D, 0x5F, 0x4D, 0x5F, 0x4D, 0x5F,
    0x4D, 0x5F, 0x4D, 0x5F, 0x4D, 0x5F, 0x4D, 0x5F, 0x4D, 0x5F, 0x4D, 0x5F, 0x4D, 0x5F, 0x4D, 0x5F,
    0x4D, 0x5F, 0x4D, 0x5F, 0x4D, 0x5F, 0x4D, 0x5F, 0x4D, 0x5F, 0x4D, 0x5F, 0x4D, 0x5F, 0x4D, 0x5F,
    0x4D, 0x5F, 0x4D, 0x5F, 0xFF, 0x4D, 0x5F, 0x4D, 0x5F, 0x4D, 0x5F, 0x4D, 0x5F, 0x4D, 0x5F, 0x4D,
    0x5F, 0x4D, 0x5F, 0x4D, 0x5F, 0x4D, 0x5F, 0x4D, 0x5F, 0x4D, 0x5F, 0x4D, 0x5F, 0x4D, 0x5F, 0x4D,
    0x5F, 0x4D, 0x5F, 0x4D, 0x5F, 0x4D, 0x5F, 0x4D, 0x5F, 0x4D, 0x5F, 0x4D, 0x5F, 0x4D, 0x5F, 0x4D,
    0x5F, 0x4D, 0x5F, 0x4D, 0x5F, 0x4D, 0x5F, 0x4D, 0x5F, 0x4D, 0x5F, 0x4D, 0x5F, 0x4D, 0x5F, 0x4D,
    0x5F, 0x4D, 0x5F, 0x4D, 0x5F, 0x4D, 0x5F, 0x4D, 0x5F, 0x4D, 0x5F, 0x4D, 0x5F, 0x4D, 0x5F, 0x4D,
    0x5F, 0x4D, 0x5F, 0x4D, 0x5F, 0x4D, 0x5F, 0x4D, 0x5F, 0x4D, 0x5F, 0x4D, 0x5F, 0x4D, 0x5F, 0x4D,
    0x5F, 0x4D, 0x5F, 0x4D, 0x5F, 0x4D, 0x5F, 0x4D, 0x5F, 0x4D, 0x5F, 0x4D, 0x5F, 0x4D, 0x5F, 0x4D,
    0x5F, 0x4D, 0x5F, 0x4D, 0x5F, 0x4D, 0x5F, 0x4D, 0x5F, 0x4D, 0x5F, 0x4D, 0x5F, 0x4D, 0x5F, 0x4D,
    0x5F, 0x4D, 0x5F, 0x4D, 0x5F, 0xFF, 0x4D, 0x5F, 0x4D, 0x5F, 0x4D, 0x5F, 0x4D, 0x5F, 0x4D, 0x5F,
    0x4D, 0x5F, 0x4D, 0x5F, 0x4D, 0x5F, 0x4D, 0x5F, 0x4D, 0x5F, 0x4D, 0x5F, 0x4D, 0x5F, 0x4D, 0x5F,
    0x4D, 0x5F, 0x4D, 0x5F, 0x4D, 0x5F, 0x4D, 0x5F, 0x4D, 0x5F, 0x4D, 0x5F, 0x4D, 0x5F, 0x4D, 0x5F,
    0x4D, 0x5F, 0x4D, 0x5F, 0x4D, 0x5F, 0x4D, 0x5F, 0x4D, 0x5F, 0x4D, 0x5F, 0x4D, 0x5F, 0x4D, 0x5F,
    0x4D, 0x5F, 0x4D, 0x5F, 0x4D, 0x5F, 0x4D, 0x5F, 0x4D, 0x5F, 0x4D, 0x5F, 0x4D, 0x5F, 0x4D, 0x5F,
    0x4D, 0x5F, 0x4D, 0x5F, 0x4D, 0x5F, 0x4D, 0x5F, 0x4D, 0x5F, 0x4D, 0x5F, 0x4D, 0x5F, 0x4D, 0x5F,
    0x4D, 0x5F, 0x4D, 0x5F, 0x4D, 0x5F, 0x4D, 0x5F, 0x4D, 0x5F, 0x4D, 0x5F, 0x4D, 0x5F, 0x4D, 0x5F,
    0x4D, 0x5F, 0x4D, 0x5F, 0x4D, 0x5F, 0x4D, 0x5F, 0x4D, 0x5F, 0x4D, 0x5F, 0x4D, 0x5F, 0x4D, 0x5F,
    0x4D, 0x5F, 0x4D, 0x5F, 0x4D, 0x5F, 0xFF, 0x4D, 0x5F, 0x4D, 0x5F, 0x4D, 0x5F, 0x4D, 0x5F, 0x4D,
    0x5F, 0x4D, 0x5F, 0x4D, 0x5F, 0x4D, 0x5F, 0x4D, 0x5F, 0x4D, 0x5F, 0x4D, 0x5F, 0x4D, 0x5F, 0x4D,
    0x5F, 0x4D, 0x5F, 0x4D, 0x5F, 0x4D, 0x5F, 0x4D, 0x5F, 0x4D, 0x5F, 0x4D, 0x5F, 0x4D, 0x5F, 0x4D,
    0x5F, 0x4D, 0x5F, 0x4D, 0x5F, 0x4D, 0x5F, 0x4D, 0x5F, 0x4D, 0x5F, 0x4D, 0x5F, 0x4D, 0x5F, 0x4D,
    0x5F, 0x4D, 0x5F, 0x4D, 0x5F, 0x4D, 0x5F, 0x4D, 0x5F, 0x4D, 0x5F, 0x4D, 0x5F, 0x4D, 0x5F, 0x4D,
    0x5F, 0x4D, 0x5F, 0x4D, 0x5F, 0x4D, 0x5F, 0x4D, 0x5F, 0x4D, 0x5F, 0x4D, 0x5F, 0x4D, 0x5F, 0x4D,
    0x5F, 0x4D, 0x5F, 0x4D, 0x5F, 0x4D, 0x5F, 0x4D, 0x5F, 0x4D, 0x5F, 0x4D, 0x5F, 0x4D, 0x5F, 0x4D,
    0x5F, 0x4D, 0x5F, 0x4D, 0x5F, 0x4D, 0x5F, 0x4D, 0x5F, 0x4D, 0x5F, 0x4D, 0x5F, 0x4D, 0x5F, 0x4D,
    0x5F, 0x4D, 0x5F, 0x4D, 0x5F, 0x4D, 0x5F, 0xFF, 0x4D, 0x5F, 0x4D, 0x5F, 0x4D, 0x5F, 0x4D, 0x5F,
    0x4D, 0x5F, 0x4D, 0x5F, 0x4D, 0x5F, 0x4D, 0x5F, 0x4D, 0x5F, 0x4D, 0x5F, 0x4D, 0x5F, 0x4D, 0x5F,
    0x4D, 0x5F, 0x4D, 0x5F, 0x4D, 0x5F, 0x4D, 0x5F, 0x4D, 0x5F, 0x4D, 0x5F, 0x4D, 0x5F, 0x4D, 0x5F,
    0x4D, 0x5F, 0x4D, 0x5F, 0x4D, 0x5F, 0x4D, 0x5F, 0x4D, 0x5F, 0x4D, 0x5F, 0x4D, 0x5F, 0x4D, 0x5F,
    0x4D, 0x5F, 0x4D, 0x5F, 0x4D, 0x5F, 0x4D, 0x5F, 0x4D, 0x5F, 0x4D, 0x5F, 0x4D, 0x5F, 0x4D, 0x5F,
    0x4D, 0x5F, 0x4D, 0x5F, 0x4D, 0x5F, 0x4D, 0x5F, 0x4D, 0x5F, 0x4D, 0x5F, 0x4D, 0x5F, 0x4D, 0x5F,
    0x4D, 0x5F, 0x4D, 0x5F, 0x4D, 0x5F, 0x4D, 0x5F, 0x4D, 0x5F, 0x4D, 0x5F, 0x4D, 0x5F, 0x4D, 0x5F,
    0x4D, 0x5F, 0x4D, 0x5F, 0x4D, 0x5F, 0x4D, 0x5F, 0x4D, 0x5F, 0x4D, 0x5F, 0x4D, 0x5F, 0x4D, 0x5F,
    0x4D, 0x5F, 0x4D, 0x5F, 0x4D, 0x5F, 0x4D, 0x5F, 0xFF, 0x4D, 0x5F, 0x4D, 0x5F, 0x4D, 0x5F, 0x4D,
    0x5F, 0x4D, 0x5F, 0x4D, 0x5F, 0x4D, 0x5F, 0x4D, 0x5F, 0x4D, 0x5F, 0x4D, 0x5F, 0x4D, 0x5F, 0x4D,
    0x5F, 0x4D, 0x5F, 0x4D, 0x5F, 0x4D, 0x5F, 0x4D, 0x5F, 0x4D, 0x5F, 0x4D, 0x5F, 0x4D, 0x5F, 0x4D,
    0x5F, 0x4D, 0x5F, 0x4D, 0x5F, 0x4D, 0x5F, 0x4D, 0x5F, 0x4D, 0x5F, 0x4D, 0x5F, 0x4D, 0x5F, 0x4D,
    0x5F, 0x4D, 0x5F, 0x4D, 0x5F, 0x4D, 0x5F, 0x4D, 0x5F, 0x4D, 0x5F, 0x4D, 0x5F, 0x4D, 0x5F, 0x4D,
    0x5F, 0x4D, 0x5F, 0x4D, 0x5F, 0x4D, 0x5F, 0x4D, 0x5F, 0x4D, 0x5F, 0x4D, 0x5F, 0x4D, 0x5F, 0x4D,
    0x5F, 0x4D, 0x5F, 0x4D, 0x5F, 0x4D, 0x5F, 0x4D, 0x5F, 0x4D, 0x5F, 0x4D, 0x5F, 0x4D, 0x5F, 0x4D,
    0x5F, 0x4D, 0x5F, 0x4D, 0x5F, 0x4D, 0x5F, 0x4D, 0x5F, 0x4D, 0x5F, 0x4D, 0x5F, 0x4D, 0x5F, 0x4D,
    0x5F, 0x4D, 0x5F, 0x4D, 0x5F, 0x4D, 0x5F, 0x4D, 0x5F, 0xFF, 0x4D, 0x5F, 0x4D, 0x5F, 0x4D, 0x5F,
    0x4D, 0x5F, 0x4D, 0x5F, 0x4D, 0x5F, 0x4D, 0x5F, 0x4D, 0x5F, 0x4D, 0x5F, 0x4D, 0x5F, 0x4D, 0x5F,
    0x4D, 0x5F, 0x4D, 0x5F, 0x4D, 0x5F, 0x4D, 0x5F, 0x4D, 0x5F, 0x4D, 0x5F, 0x4D, 0x5F, 0x4D, 0x5F,
    0x4D, 0x5F, 0x4D, 0x5F, 0x4D, 0x5F, 0x4D, 0x5F, 0x4D, 0x5F, 0x4D, 0x5F, 0x4D, 0x5F, 0x4D, 0x5F,
    0x4D, 0x5F, 0x4D, 0x5F, 0x4D, 0x5F, 0x4D, 0x5F, 0x4D, 0x5F, 0x4D, 0x5F, 0x4D, 0x5F, 0x4D, 0x5F,
    0x4D, 0x5F, 0x4D, 0x5F, 0x4D, 0x5F, 0x4D, 0x5F, 0x4D, 0x5F, 0x4D, 0x5F, 0x4D, 0x5F, 0x4D, 0x5F,
    0x4D, 0x5F, 0x4D, 0x5F, 0x4D, 0x5F, 0x4D, 0x5F, 0x4D, 0x5F, 0x4D, 0x5F, 0x4D, 0x5F, 0x4D, 0x5F,
    0x4D, 0x5F, 0x4D, 0x5F, 0x4D, 0x5F, 0x4D, 0x5F, 0x4D, 0x5F, 0x4D, 0x5F, 0x4D, 0x5F, 0x4D, 0x5F,
    0x4D, 0x5F, 0x4D, 0x5F, 0x4D, 0x5F, 0x4D, 0x5F, 0x4D, 0x5F, 0xFF, 0x4D, 0x5F, 0x4D, 0x5F, 0x4D,
    0x5F, 0x4D, 0x5F, 0x4D, 0x5F, 0x4D, 0x5F, 0x4D, 0x5F, 0x4D, 0x5F, 0x4D, 0x5F, 0x4D, 0x5F, 0x4D,
    0x5F, 0x4D, 0x5F, 0x4D, 0x5F, 0x4D, 0x5F, 0x4D, 0x5F, 0x4D, 0x5F, 0x4D, 0x5F, 0x4D, 0x5F, 0x4D,
    0x5F, 0x4D, 0x5F, 0x4D, 0x5F, 0x4D, 0x5F, 0x4D, 0x5F, 0x4D, 0x5F, 0x4D, 0x5F, 0x4D, 0x5F, 0x4D,
    0x5F, 0x4D, 0x5F, 0x4D, 0x5F, 0x4D, 0x5F, 0x4D, 0x5F, 0x4D, 0x5F, 0x4D, 0x5F, 0x4D, 0x5F, 0x4D,
    0x5F, 0x4D, 0x5F, 0x4D, 0x5F, 0x4D, 0x5F, 0x4D, 0x5F, 0x4D, 0x5F, 0x4D, 0x5F, 0x4D, 0x5F, 0x4D,
    0x5F, 0x4D, 0x5F, 0x4D, 0x5F, 0x4D, 0x5F, 0x4D, 0x5F, 0x4D, 0x5F, 0x4D, 0x5F, 0x4D, 0x5F, 0x4D,
    0x5F, 0x4D, 0x5F, 0x4D, 0x5F, 0x4D, 0x5F, 0x4D, 0x5F, 0x4D, 0x5F, 0x4D, 0x5F, 0x4D, 0x5F, 0x4D,
    0x5F, 0x4D, 0x5F, 0x4D, 0x5F, 0x4D, 0x5F, 0x4D, 0x5F, 0x4D, 0x5F, 0xFF, 0x4D, 0x5F, 0x4D, 0x5F,
    0x4D, 0x5F, 0x4D, 0x5F, 0x4D, 0x5F, 0x4D, 0x5F, 0x4D, 0x5F, 0x4D, 0x5F, 0x4D, 0x5F, 0x4D, 0x5F,
    0x4D, 0x5F, 0x4D, 0x5F, 0x4D, 0x5F, 0x4D, 0x5F, 0x4D, 0x5F, 0x4D, 0x5F, 0x4D, 0x5F, 0x4D, 0x5F,
    0x4D, 0x5F, 0x4D, 0x5F, 0x4D, 0x5F, 0x4D, 0x5F, 0x4D, 0x5F, 0x4D, 0x5F, 0x4D, 0x5F, 0x4D, 0x5F,
    0x4D, 0x5F, 0x4D, 0x5F, 0x4D, 0x5F, 0x4D, 0x5F, 0x4D, 0x5F, 0x4D, 0x5F, 0x4D, 0x5F, 0x4D, 0x5F,
    0x4D, 0x5F, 0x4D, 0x5F, 0x4D, 0x5F, 0x4D, 0x5F, 0x4D, 0x5F, 0x4D, 0x5F, 0x4D, 0x5F, 0x4D, 0x5F,
    0x4D, 0x5F, 0x4D, 0x5F, 0x4D, 0x5F, 0x4D, 0x5F, 0x4D, 0x5F, 0x4D, 0x5F, 0x4D, 0x5F, 0x4D, 0x5F,
    0x4D, 0x5F, 0x4D, 0x5F, 0x4D, 0x5F, 0x4D, 0x5F, 0x4D, 0x5F, 0x4D, 0x5F, 0x4D, 0x5F, 0x4D, 0x5F,
    0x4D, 0x5F, 0x4D, 0x5F, 0x4D, 0x5F, 0x4D, 0x5F, 0x4D, 0x5F, 0x4D, 0x5F, 0xFF, 0x4D, 0x5F, 0x4D,
    0x5F, 0x4D, 0x5F, 0x4D, 0x5F, 0x4D, 0x5F, 0x4D, 0x5F, 0x4D, 0x5F, 0x4D, 0x5F, 0x4D, 0x5F, 0x4D,
    0x5F, 0x4D, 0x5F, 0x4D, 0x5F, 0x4D, 0x5F, 0x4D, 0x5F, 0x4D, 0x5F, 0x4D, 0x5F, 0x4D, 0x5F, 0x4D,
    0x5F, 0x4D, 0x5F, 0x4D, 0x5F, 0x4D, 0x5F, 0x4D, 0x5F, 0x4D, 0x5F, 0x4D, 0x5F, 0x4D, 0x5F, 0x4D,
    0x5F, 0x4D, 0x5F, 0x4D, 0x5F, 0x4D, 0x5F, 0x4D, 0x5F, 0x4D, 0x5F, 0x4D, 0x5F, 0x4D, 0x5F, 0x4D,
    0x5F, 0x4D, 0x5F, 0x4D, 0x5F, 0x4D, 0x5F, 0x4D, 0x5F, 0x4D, 0x5F, 0x4D, 0x5F, 0x4D, 0x7F, 0x4D,
    0x3F, 0x4D, 0x3F, 0x4D, 0x5F, 0x4D, 0x5F, 0x4D, 0x5F, 0x4D, 0x5F, 0x4D, 0x5F, 0x4D, 0x5F, 0x4D,
    0x5F, 0x4D, 0x5F, 0x4D, 0x5F, 0x4D, 0x5F, 0x4D, 0x5F, 0x4D, 0x5F, 0x4D, 0x5F, 0x4D, 0x5F, 0x4D,
    0x5F, 0x4D, 0x5F, 0x4D, 0x5F, 0x4D, 0x5F, 0x4D, 0x5F, 0x4D, 0x5F, 0x4D, 0x5F, 0xFF, 0x4D, 0x5F,
    0x4D, 0x5F, 0x4D, 0x5F, 0x4D, 0x5F, 0x4D, 0x5F, 0x4D, 0x5F, 0x4D, 0x5F, 0x4D, 0x5F, 0x4D, 0x5F,
    0x4D, 0x5F, 0x4D, 0x5F, 0x4D, 0x5F, 0x4D, 0x5F, 0x4D, 0x5F, 0x4D, 0x5F, 0x4D, 0x5F, 0x4D, 0x5F,
    0x4D, 0x5F, 0x4D, 0x5F, 0x4D, 0x5F, 0x4D, 0x5F, 0x4D, 0x5F, 0x4D, 0x5F, 0x4D, 0x5F, 0x4D, 0x5F,
    0x4D, 0x5F, 0x4D, 0x5F, 0x4D, 0x5F, 0x4D, 0x5F, 0x4D, 0x5F, 0x4D, 0x5F, 0x4D, 0x5F, 0x4D, 0x5F,
    0x4D, 0x5F, 0x4D, 0x5F, 0x4D, 0x5F, 0x4D, 0x5F, 0x4D, 0x5F, 0x4D, 0x5F, 0x4D, 0x5F, 0x4D, 0x5F,
    0x4D, 0x5F, 0x4D, 0x5F, 0x4D, 0x5F, 0x4D, 0x5F, 0x4D, 0x5F, 0x4D, 0x5F, 0x4D, 0x5F, 0x4D, 0x5F,
    0x4D, 0x5F, 0x4D, 0x5F, 0x4D, 0x5F, 0x4D, 0x5F, 0x4D, 0x5F, 0x4D, 0x5F, 0x4D, 0x5F, 0x4D, 0x5F,
    0x4D, 0x5F, 0x4D, 0x5F, 0x4D, 0x5F, 0x4D, 0x5F, 0x4D, 0x5F, 0x4D, 0x5F, 0x4D, 0x5F, 0xFF, 0x4D,
    0x5F, 0x4D, 0x5F, 0x4D, 0x5F, 0x4D, 0x5F, 0x4D, 0x5F, 0x4D, 0x5F, 0x4D, 0x5F, 0x4D, 0x5F, 0x4D,
    0x5F, 0x4D, 0x5F, 0x4D, 0x5F, 0x4D, 0x5F, 0x4D, 0x5F, 0x4D, 0x5F, 0x4D, 0x5F, 0x4D, 0x5F, 0x4D,
    0x5F, 0x4D, 0x5F, 0x4D, 0x5F, 0x4D, 0x5F, 0x4D, 0x5F, 0x4D, 0x5F, 0x4D, 0x5F, 0x4D, 0x5F, 0x4D,
    0x5F, 0x4D, 0x5F, 0x4D, 0x5F, 0x4D, 0x5F, 0x4D, 0x5F, 0x4D, 0x5F, 0x4D, 0x5F, 0x4D, 0x5F, 0x4D,
    0x5F, 0x4D, 0x5F, 0x4D, 0x5F, 0x4D, 0x5F, 0x4D, 0x5F, 0x4D, 0x5F, 0x4D, 0x5F, 0x4D, 0x5F, 0x4D,
    0x5F, 0x4D, 0x5F, 0x4D, 0x5F, 0x4D, 0x5F, 0x4D, 0x5F, 0x4D, 0x5F, 0x4D, 0x5F, 0x4D, 0x5F, 0x4D,
    0x5F, 0x4D, 0x5F, 0x4D, 0x5F, 0x4D, 0x5F, 0x4D, 0x5F, 0x4D, 0x5F, 0x4D, 0x5F, 0x4D, 0x5F, 0x4D,
    0x5F, 0x4D, 0x5F, 0x4D, 0x5F, 0x4D, 0x5F, 0x4D, 0x5F, 0x4D, 0x5F, 0x4D, 0x5F, 0x4D, 0x5F, 0xFF,
    0x4D, 0x5F, 0x4D, 0x5F, 0x4D, 0x5F, 0x4D, 0x5F, 0x4D, 0x5F, 0x4D, 0x5F, 0x4D, 0x5F, 0x4D, 0x5F,
    0x4D, 0x5F, 0x4D, 0x5F, 0x4D, 0x5F, 0x4D, 0x5F, 0x4D, 0x5F, 0x4D, 0x5F, 0x4D, 0x5F, 0x4D, 0x5F,
    0x4D, 0x5F, 0x4D, 0x5F, 0x4D, 0x5F, 0x4D, 0x5F, 0x4D, 0x5F, 0x4D, 0x5F, 0x4D, 0x5F, 0x4D, 0x5F,
    0x4D, 0x5F, 0x4D, 0x5F, 0x4D, 0x5F, 0x4D, 0x5F, 0x4D, 0x5F, 0x4D, 0x5F, 0x4D, 0x5F, 0x4D, 0x5F,
    0x4D, 0x5F, 0x4D, 0x5F, 0x4D, 0x5F, 0x4D, 0x5F, 0x4D, 0x5F, 0x4D, 0x5F, 0x4D, 0x5F, 0x4D, 0x5F,
    0x4D, 0x5F, 0x4D, 0x5F, 0x4D, 0x5F, 0x4D, 0x5F, 0x4D, 0x5F, 0x4D, 0x5F, 0x4D, 0x5F, 0x4D, 0x5F,
    0x4D, 0x5F, 0x4D, 0x5F, 0x4D, 0x5F, 0x4D, 0x5F, 0x4D, 0x5F, 0x4D, 0x5F, 0x4D, 0x5F, 0x4D, 0x5F,
    0x4D, 0x5F, 0x4D, 0x5F, 0x4D, 0x5F, 0x4D, 0x5F, 0x4D, 0x5F, 0x4D, 0x5F, 0x4D, 0x5F, 0x4D, 0x5F,
    0xFF, 0x4D, 0x5F, 0x4D, 0x5F, 0x4D, 0x5F, 0x4D, 0x5F, 0x4D, 0x5F, 0x4D, 0x5F, 0x4D, 0x5F, 0x4D,
    0x5F, 0x4D, 0x5F, 0x4D, 0x5F, 0x4D, 0x5F, 0x4D, 0x5F, 0x4D, 0x5F, 0x4D, 0x5F, 0x4D, 0x5F, 0x4D,
    0x5F, 0x4D, 0x5F, 0x4D, 0x5F, 0x4D, 0x5F, 0x4D, 0x5F, 0x4D, 0x5F, 0x4D, 0x5F, 0x4D, 0x5F, 0x4D,
    0x7F, 0x4D, 0x1D, 0x21, 0x23, 0x1A, 0x2C, 0x4D, 0x7F, 0x4D, 0x5F, 0x4D, 0x5F, 0x4D, 0x5F, 0x4D,
    0x5F, 0x4D, 0x5F, 0x4D, 0x5F, 0x4D, 0x5F, 0x4D, 0x5F, 0x4D, 0x5F, 0x4D, 0x5F, 0x4D, 0x5F, 0x4D,
    0x5F, 0x4D, 0x5F, 0x4D, 0x5F, 0x4D, 0x5F, 0x4D, 0x5F, 0x4D, 0x5F, 0x4D, 0x5F, 0x4D, 0x5F, 0x4D,
    0x5F, 0x4D, 0x5F, 0x4D, 0x5F, 0x4D, 0x5F, 0x4D, 0x5F, 0x4D, 0x5F, 0x4D, 0x5F, 0x4D, 0x5F, 0x4D,
    0x5F, 0x4D, 0x5F, 0x4D, 0x5F, 0x4D, 0x5F, 0x4D, 0x5F, 0x4D, 0x5F, 0x4D, 0x5F, 0x4D, 0x5F, 0x4D,
    0x5F, 0xFF, 0x4D, 0x5F, 0x4D, 0x5F, 0x4D, 0x5F, 0x4D, 0x5F, 0x4D, 0x5F, 0x4D, 0x5F, 0x4D, 0x5F,
    0x4D, 0x5F, 0x4D, 0x5F, 0x4D, 0x5F, 0x4D, 0x5F, 0x4D, 0x5F, 0x4D, 0x5F, 0x4D, 0x5F, 0x4D, 0x5F,
    0x4D, 0x5F, 0x4D, 0x5F, 0x4D, 0x5F, 0x4D, 0x5F, 0x4D, 0x5F, 0x4D, 0x5F, 0x4D, 0x5F, 0x4D, 0x5F,
    0x4D, 0x5F, 0x4D, 0x5F, 0x4D, 0x5F, 0x4D, 0x5F, 0x4D, 0x5F, 0x4D, 0x5F, 0x4D, 0x5F, 0x4D, 0x5F,
    0x4D, 0x5F, 0x4D, 0x5F, 0x4D, 0x5F, 0x4D, 0x5F, 0x4D, 0x5F, 0x4D, 0x5F, 0x4D, 0x5F, 0x4D, 0x5F,
    0x4D, 0x5F, 0x4D, 0x5F, 0x4D, 0x5F, 0x4D, 0x5F, 0x4D, 0x5F, 0x4D, 0x5F, 0x4D, 0x5F, 0x4D, 0x5F,
    0x4D, 0x5F, 0x4D, 0x5F, 0x4D, 0x5F, 0x4D, 0x5F, 0x4D, 0x5F, 0x4D, 0x5F, 0x4D, 0x5F, 0x4D, 0x5F,
    0x4D, 0x5F, 0x4D, 0x5F, 0x4D, 0x5F, 0x4D, 0x5F, 0x4D, 0x5F, 0x4D, 0x5F, 0x4D, 0x5F, 0x4D, 0x5F,
    0x4D, 0x5F, 0xFF, 0x4D, 0x5F, 0x4D, 0x5F, 0x4D, 0x5F, 0x4D, 0x5F, 0x4D, 0x5F, 0x4D, 0x5F, 0x4D,
    0x5F, 0x4D, 0x5F, 0x4D, 0x5F, 0x4D, 0x5F, 0x4D, 0x5F, 0x4D, 0x5F, 0x4D, 0x5F, 0x4D, 0x5F, 0x4D,
    0x5F, 0x4D, 0x5F, 0x4D, 0x5F, 0x4D, 0x5F, 0x4D, 0x5F, 0x4D, 0x5F, 0x4D, 0x5F, 0x4D, 0x5F, 0x4D,
    0x5F, 0x4D, 0x5F, 0x4D, 0x5F, 0x4D, 0x5F, 0x4D, 0x5F, 0x4D, 0x5F, 0x4D, 0x5F, 0x4D, 0x5F, 0x4D,
    0x5F, 0x4D, 0x5F, 0x4D, 0x5F, 0x4D, 0x5F, 0x4D, 0x5F, 0x4D, 0x5F, 0x4D, 0x5F, 0x4D, 0x5F, 0x4D,
    0x5F, 0x4D, 0x5F, 0x4D, 0x5F, 0x4D, 0x5F, 0x4D, 0x5F, 0x4D, 0x5F, 0x4D, 0x5F, 0x4D, 0x5F, 0x4D,
    0x5F, 0x4D, 0x5F, 0x4D, 0x5F, 0x4D, 0x5F, 0x4D, 0x5F, 0x4D, 0x5F, 0x4D, 0x5F, 0x4D, 0x5F, 0x4D,
    0x5F, 0x4D, 0x5F, 0x4D, 0x5F, 0x4D, 0x5F, 0x4D, 0x5F, 0x4D, 0x5F, 0x4D, 0x5F, 0x4D, 0x5F, 0x4D,
    0x5F, 0x4D, 0x5F, 0xFF, 0x4D, 0x5F, 0x4D, 0x5F, 0x4D, 0x5F, 0x4D, 0x5F, 0x4D, 0x5F, 0x4D, 0x5F,
    0x4D, 0x5F, 0x4D, 0x5F, 0x4D, 0x5F, 0x4D, 0x5F, 0x4D, 0x5F, 0x4D, 0x5F, 0x4D, 0x5F, 0x4D, 0x5F,
    0x4D, 0x5F, 0x4D, 0x5F, 0x4D, 0x5F, 0x4D, 0x5F, 0x4D, 0x5F, 0x4D, 0x5F, 0x4D, 0x5F, 0x4D, 0x5F,
    0x4D, 0x5F, 0x4D, 0x5F, 0x4D, 0x5F, 0x4D, 0x5F, 0x4D, 0x5F, 0x4D, 0x5F, 0x4D, 0x5F, 0x4D, 0x5F,
    0x4D, 0x5F, 0x4D, 0x5F, 0x4D, 0x5F, 0x4D, 0x5F, 0x4D, 0x5F, 0x4D, 0x5F, 0x4D, 0x5F, 0x4D, 0x5F,
    0x4D, 0x5F, 0x4D, 0x5F, 0x4D, 0x5F, 0x4D, 0x5F, 0x4D, 0x5F, 0x4D, 0x5F, 0x4D, 0x5F, 0x4D, 0x5F,
    0x4D, 0x5F, 0x4D, 0x5F, 0x4D, 0x5F, 0x4D, 0x5F, 0x4D, 0x5F, 0x4D, 0x5F, 0x4D, 0x5F, 0x4D, 0x5F,
    0x4D, 0x5F, 0x4D, 0x5F, 0x4D, 0x5F, 0x4D, 0x5F, 0x4D, 0x5F, 0x4D, 0x5F, 0x4D, 0x5F, 0x4D, 0x5F,
    0x4D, 0x5F, 0x4D, 0x5F, 0xFF, 0x4D, 0x5F, 0x4D, 0x5F, 0x4D, 0x5F, 0x4D, 0x5F, 0x4D, 0x5F, 0x4D,
    0x5F, 0x4D, 0x5F, 0x4D, 0x7F, 0x4D, 0x1D, 0x10, 0x41, 0x09, 0x06, 0x4D, 0x9F, 0x4D, 0x5F, 0x4D,
    0x5F, 0x4D, 0x5F, 0x4D, 0x5F, 0x4D, 0x5F, 0x4D, 0x5F, 0x4D, 0x5F, 0x4D, 0x5F, 0x4D, 0x5F, 0x4D,
    0x5F, 0x4D, 0x5F, 0x4D, 0x5F, 0x4D, 0x5F, 0x4D, 0x5F, 0x4D, 0x5F, 0x4D, 0x5F, 0x4D, 0x5F, 0x4D,
    0x5F, 0x4D, 0x5F, 0x4D, 0x5F, 0x4D, 0x5F, 0x4D, 0x5F, 0x4D, 0x5F, 0x4D, 0x5F, 0x4D, 0x5F, 0x4D,
    0x5F, 0x4D, 0x5F, 0x4D, 0x5F, 0x4D, 0x5F, 0x4D, 0x5F, 0x4D, 0x5F, 0x4D, 0x5F, 0x4D, 0x5F, 0x4D,
    0x5F, 0x4D, 0x5F, 0x4D, 0x5F, 0x4D, 0x5F, 0x4D, 0x5F, 0x4D, 0x5F, 0x4D, 0x5F, 0x4D, 0x5F, 0x4D,
    0x5F, 0x4D, 0x5F, 0x4D, 0x5F, 0x4D, 0x5F, 0x4D, 0x5F, 0x4D, 0x5F, 0x4D, 0x5F, 0x4D, 0x5F, 0x4D,
    0x5F, 0x4D, 0x5F, 0x4D, 0x5F, 0xFF, 0x4D, 0x5F, 0x4D, 0x5F, 0x4D, 0x5F, 0x4D, 0x5F, 0x4D, 0x5F,
    0x4D, 0x5F, 0x4D, 0x5F, 0x4D, 0x5F, 0x4D, 0x5F, 0x4D, 0x5F, 0x4D, 0x5F, 0x4D, 0x5F, 0x4D, 0x5F,
    0x4D, 0x5F, 0x4D, 0x5F, 0x4D, 0x5F, 0x4D, 0x5F, 0x4D, 0x5F, 0x4D, 0x5F, 0x4D, 0x5F, 0x4D, 0x5F,
    0x4D, 0x5F, 0x4D, 0x5F, 0x4D, 0x5F, 0x4D, 0x5F, 0x4D, 0x5F, 0x4D, 0x5F, 0x4D, 0x5F, 0x4D, 0x5F,
    0x4D, 0x5F, 0x4D, 0x5F, 0x4D, 0x5F, 0x4D, 0x5F, 0x4D, 0x5F, 0x4D, 0x5F, 0x4D, 0x5F, 0x4D, 0x5F,
    0x4D, 0x5F, 0x4D, 0x5F, 0x4D, 0x5F, 0x4D, 0x5F, 0x4D, 0x5F, 0x4D, 0x5F, 0x4D, 0x5F, 0x4D, 0x5F,
    0x4D, 0x5F, 0x4D, 0x5F, 0x4D, 0x5F, 0x4D, 0x5F, 0x4D, 0x5F, 0x4D, 0x5F, 0x4D, 0x5F, 0x4D, 0x5F,
    0x4D, 0x5F, 0x4D, 0x5F, 0x4D, 0x5F, 0x4D, 0x5F, 0x4D, 0x5F, 0x4D, 0x5F, 0x4D, 0x5F, 0x4D, 0x5F,
    0x4D, 0x5F, 0x4D, 0x5F, 0x4D, 0x5F, 0xFF, 0x4D, 0x5F, 0x4D, 0x5F, 0x4D, 0x5F, 0x4D, 0x5F, 0x4D,
    0x5F, 0x4D, 0x5F, 0x4D, 0x5F, 0x4D, 0x5F, 0x4D, 0x5F, 0x4D, 0x5F, 0x4D, 0x5F, 0x4D, 0x5F, 0x4D,
    0x5F, 0x4D, 0x5F, 0x4D, 0x5F, 0x4D, 0x5F, 0x4D, 0x5F, 0x4D, 0x5F, 0x4D, 0x5F, 0x4D, 0x5F, 0x4D,
    0x5F, 0x4D, 0x5F, 0x4D, 0x5F, 0x4D, 0x5F, 0x4D, 0x5F, 0x4D, 0x5F, 0x4D, 0x5F, 0x4D, 0x5F, 0x4D,
    0x5F, 0x4D, 0x5F, 0x4D, 0x5F, 0x4D, 0x5F, 0x4D, 0x5F, 0x4D, 0x5F, 0x4D, 0x5F, 0x4D, 0x5F, 0x4D,
    0x5F, 0x4D, 0x5F, 0x4D, 0x5F, 0x4D, 0x5F, 0x4D, 0x5F, 0x4D, 0x5F, 0x4D, 0x5F, 0x4D, 0x5F, 0x4D,
    0x5F, 0x4D, 0x5F, 0x4D, 0x5F, 0x4D, 0x5F, 0x4D, 0x5F, 0x4D, 0x5F, 0x4D, 0x5F, 0x4D, 0x5F, 0x4D,
    0x5F, 0x4D, 0x5F, 0x4D, 0x5F, 0x4D, 0x5F, 0x4D, 0x5F, 0x4D, 0x5F, 0x4D, 0x5F, 0x4D, 0x5F, 0x4D,
    0x5F, 0x4D, 0x5F, 0x4D, 0x5F, 0x4D, 0x5F, 0xFF, 0x4D, 0x5F, 0x4D, 0x5F, 0x4D, 0x5F, 0x4D, 0x5F,
    0x4D, 0x5F, 0x4D, 0x5F, 0x4D, 0x5F, 0x4D, 0x5F, 0x4D, 0x5F, 0x4D, 0x5F, 0x4D, 0x5F, 0x4D, 0x5F,
    0x4D, 0x5F, 0x4D, 0x5F, 0x4D, 0x5F, 0x4D, 0x5F, 0x4D, 0x5F, 0x4D, 0x5F, 0x4D, 0x5F, 0x4D, 0x5F,
    0x4D, 0x5F, 0x4D, 0x5F, 0x4D, 0x5F, 0x4D, 0x5F, 0x4D, 0x5F, 0x4D, 0x5F, 0x4D, 0x5F, 0x4D, 0x5F,
    0x4D, 0x5F, 0x4D, 0x5F, 0x4D, 0x5F, 0x4D, 0x5F, 0x4D, 0x5F, 0x4D, 0x5F, 0x4D, 0x5F, 0x4D, 0x5F,
    0x4D, 0x5F, 0x4D, 0x5F, 0x4D, 0x5F, 0x4D, 0x5F, 0x4D, 0x5F, 0x4D, 0x5F, 0x4D, 0x5F, 0x4D, 0x5F,
    0x4D, 0x5F, 0x4D, 0x5F, 0x4D, 0x5F, 0x4D, 0x5F, 0x4D, 0x5F, 0x4D, 0x5F, 0x4D, 0x5F, 0x4D, 0x5F,
    0x4D, 0x5F, 0x4D, 0x5F, 0x4D, 0x5F, 0x4D, 0x7F, 0x4D, 0x1D, 0x00, 0x21, 0x09, 0x06, 0x4D, 0x9F,
    0x4D, 0x5F, 0x4D, 0x5F, 0x4D, 0x5F, 0x4D, 0x5F, 0xFF, 0x4D, 0x5F, 0x4D, 0x5F, 0x4D, 0x5F, 0x4D,
    0x5F, 0x4D, 0x5F, 0x4D, 0x5F, 0x4D, 0x5F, 0x4D, 0x5F, 0x4D, 0x5F, 0x4D, 0x5F, 0x4D, 0x5F, 0x4D,
    0x5F, 0x4D, 0x5F, 0x4D, 0x5F, 0x4D, 0x5F, 0x4D, 0x5F, 0x4D, 0x5F, 0x4D, 0x5F, 0x4D, 0x5F, 0x4D,
    0x5F, 0x4D, 0x5F, 0x4D, 0x5F, 0x4D, 0x5F, 0x4D, 0x5F, 0x4D, 0x5F, 0x4D, 0x5F, 0x4D, 0x5F, 0x4D,
    0x5F, 0x4D, 0x5F, 0x4D, 0x5F, 0x4D, 0x5F, 0x4D, 0x5F, 0x4D, 0x5F, 0x4D, 0x5F, 0x4D, 0x5F, 0x4D,
    0x5F, 0x4D, 0x5F, 0x4D, 0x5F, 0x4D, 0x5F, 0x4D, 0x5F, 0x4D, 0x5F, 0x4D, 0x5F, 0x4D, 0x5F, 0x4D,
    0x5F, 0x4D, 0x5F, 0x4D, 0x5F, 0x4D, 0x5F, 0x4D, 0x5F, 0x4D, 0x5F, 0x4D, 0x5F, 0x4D, 0x5F, 0x4D,
    0x5F, 0x4D, 0x5F, 0x4D, 0x5F, 0x4D, 0x5F, 0x4D, 0x5F, 0x4D, 0x5F, 0x4D, 0x5F, 0x4D, 0x5F, 0x4D,
    0x5F, 0x4D, 0x5F, 0x4D, 0x5F, 0x4D, 0x5F, 0x4D, 0x5F, 0xFF, 0x4D, 0x5F, 0x4D, 0x5F, 0x4D, 0x5F,
    0x4D, 0x5F, 0x4D, 0x5F, 0x4D, 0x5F, 0x4D, 0x5F, 0x4D, 0x5F, 0x4D, 0x5F, 0x4D, 0x5F, 0x4D, 0x5F,
    0x4D, 0x5F, 0x4D, 0x5F, 0x4D, 0x5F, 0x4D, 0x5F, 0x4D, 0x5F, 0x4D, 0x5F, 0x4D, 0x5F, 0x4D, 0x5F,
    0x4D, 0x5F, 0x4D, 0x5F, 0x4D, 0x5F, 0x4D, 0x5F, 0x4D, 0x5F, 0x4D, 0x5F, 0x4D, 0x5F, 0x4D, 0x5F,
    0x4D, 0x5F, 0x4D, 0x5F, 0x4D, 0x5F, 0x4D, 0x5F, 0x4D, 0x5F, 0x4D, 0x5F, 0x4D, 0x5F, 0x4D, 0x5F,
    0x4D, 0x5F, 0x4D, 0x5F, 0x4D, 0x5F, 0x4D, 0x5F, 0x4D, 0x5F, 0x4D, 0x5F, 0x4D, 0x5F, 0x4D, 0x5F,
    0x4D, 0x5F, 0x4D, 0x5F, 0x4D, 0x5F, 0x4D, 0x5F, 0x4D, 0x5F, 0x4D, 0x5F, 0x4D, 0x5F, 0x4D, 0x5F,
    0x4D, 0x5F, 0x4D, 0x5F, 0x4D, 0x5F, 0x4D, 0x5F, 0x4D, 0x5F, 0x4D, 0x5F, 0x4D, 0x5F, 0x4D, 0x5F,
    0x4D, 0x5F, 0x4D, 0x5F, 0x4D, 0x5F, 0x4D, 0x5F, 0x4D, 0x5F, 0xFF, 0x4D, 0x5F, 0x4D, 0x5F, 0x4D,
    0x5F, 0x4D, 0x5F, 0x4D, 0x5F, 0x4D, 0x5F, 0x4D, 0x5F, 0x4D, 0x5F, 0x4D, 0x5F, 0x4D, 0x5F, 0x4D,
    0x5F, 0x4D, 0x5F, 0x4D, 0x5F, 0x4D, 0x5F, 0x4D, 0x5F, 0x4D, 0x5F, 0x4D, 0x5F, 0x4D, 0x5F, 0x4D,
    0x5F, 0x4D, 0x5F, 0x4D, 0x5F, 0x4D, 0x5F, 0x4D, 0x5F, 0x4D, 0x5F, 0x4D, 0x5F, 0x4D, 0x5F, 0x4D,
    0x5F, 0x4D, 0x5F, 0x4D, 0x5F, 0x4D, 0x5F, 0x4D, 0x5F, 0x4D, 0x5F, 0x4D, 0x5F, 0x4D, 0x5F, 0x4D,
    0x5F, 0x4D, 0x5F, 0x4D, 0x5F, 0x4D, 0x5F, 0x4D, 0x5F, 0x4D, 0x5F, 0x4D, 0x5F, 0x4D, 0x5F, 0x4D,
    0x5F, 0x4D, 0x5F, 0x4D, 0x5F, 0x4D, 0x5F, 0x4D, 0x5F, 0x4D, 0x5F, 0x4D, 0x5F, 0x4D, 0x5F, 0x4D,
    0x5F, 0x4D, 0x5F, 0x4D, 0x5F, 0x4D, 0x5F, 0x4D, 0x5F, 0x4D, 0x5F, 0x4D, 0x5F, 0x4D, 0x5F, 0x4D,
    0x5F, 0x4D, 0x5F, 0x4D, 0x5F, 0x4D, 0x5F, 0x4D, 0x5F, 0x4D, 0x5F, 0xFF, 0x4D, 0x5F, 0x4D, 0x5F,
    0x4D, 0x5F, 0x4D, 0x5F, 0x4D, 0x5F, 0x4D, 0x5F, 0x4D, 0x5F, 0x4D, 0x5F, 0x4D, 0x5F, 0x4D, 0x5F,
    0x4D, 0x5F, 0x4D, 0x5F, 0x4D, 0x5F, 0x4D, 0x5F, 0x4D, 0x5F, 0x4D, 0x5F, 0x4D, 0x5F, 0x4D, 0x5F,
    0x4D, 0x5F, 0x4D, 0x5F, 0x4D, 0x5F, 0x4D, 0x5F, 0x4D, 0x5F, 0x4D, 0x5F, 0x4D, 0x5F, 0x4D, 0x5F,
    0x4D, 0x5F, 0x4D, 0x5F, 0x4D, 0x5F, 0x4D, 0x5F, 0x4D, 0x5F, 0x4D, 0x5F, 0x4D, 0x5F, 0x4D, 0x5F,
    0x4D, 0x5F, 0x4D, 0x5F, 0x4D, 0x5F, 0x4D, 0x5F, 0x4D, 0x3F, 0x4D, 0x3F, 0x44, 0x9B, 0x31, 0xA3,
    0x3A, 0x8C, 0x4D, 0x3F, 0x4D, 0x1D, 0x4D, 0x5F, 0x4D, 0x5F, 0x4D, 0x5F, 0x4D, 0x5F, 0x4D, 0x5F,
    0x4D, 0x5F, 0x4D, 0x5F, 0x4D, 0x5F, 0x4D, 0x5F, 0x4D, 0x5F, 0x4D, 0x5F, 0x4D, 0x5F, 0x4D, 0x5F,
    0x4D, 0x5F, 0x4D, 0x5F, 0x4D, 0x5F, 0x4D, 0x5F, 0x4D, 0x5F, 0x4D, 0x5F, 0xFF, 0x4D, 0x5F, 0x4D,
    0x5F, 0x4D, 0x5F, 0x4D, 0x5F, 0x4D, 0x5F, 0x4D, 0x5F, 0x4D, 0x5F, 0x4D, 0x5F, 0x4D, 0x5F, 0x4D,
    0x5F, 0x4D, 0x5F, 0x4D, 0x5F, 0x4D, 0x5F, 0x4D, 0x5F, 0x4D, 0x5F, 0x4D, 0x5F, 0x4D, 0x5F, 0x4D,
    0x5F, 0x4D, 0x5F, 0x4D, 0x5F, 0x4D, 0x5F, 0x4D, 0x5F, 0x4D, 0x5F, 0x4D, 0x5F, 0x4D, 0x5F, 0x4D,
    0x5F, 0x4D, 0x5F, 0x4D, 0x5F, 0x4D, 0x5F, 0x4D, 0x5F, 0x4D, 0x5F, 0x4D, 0x5F, 0x4D, 0x5F, 0x4D,
    0x5F, 0x4D, 0x5F, 0x4D, 0x5F, 0x4D, 0x5F, 0x4D, 0x5F, 0x4D, 0x5F, 0x4D, 0x5F, 0x4D, 0x5F, 0x4D,
    0x5F, 0x4D, 0x5F, 0x4D, 0x5F, 0x4D, 0x5F, 0x4D, 0x5F, 0x4D, 0x5F, 0x4D, 0x5F, 0x4D, 0x5F, 0x4D,
    0x5F, 0x4D, 0x5F, 0x4D, 0x5F, 0x4D, 0x5F, 0x4D, 0x5F, 0x4D, 0x5F, 0x4D, 0x5F, 0x4D, 0x5F, 0x4D,
    0x5F, 0x4D, 0x5F, 0x4D, 0x5F, 0x4D, 0x5F, 0x4D, 0x5F, 0x4D, 0x5F, 0x4D, 0x5F, 0xFF, 0x4D, 0x5F,
    0x4D, 0x5F, 0x4D, 0x5F, 0x4D, 0x5F, 0x4D, 0x5F, 0x4D, 0x5F, 0x4D, 0x5F, 0x4D, 0x5F, 0x4D, 0x5F,
    0x4D, 0x5F, 0x4D, 0x5F, 0x4D, 0x5F, 0x4D, 0x5F, 0x4D, 0x5F, 0x4D, 0x5F, 0x4D, 0x5F, 0x4D, 0x5F,
    0x4D, 0x5F, 0x4D, 0x5F, 0x4D, 0x5F, 0x4D, 0x5F, 0x4D, 0x5F, 0x4D, 0x5F, 0x4D, 0x5F, 0x4D, 0x5F,
    0x4D, 0x5F, 0x4D, 0x5F, 0x4D, 0x5F, 0x4D, 0x5F, 0x4D, 0x5F, 0x4D, 0x5F, 0x4D, 0x5F, 0x4D, 0x5F,
    0x4D, 0x5F, 0x4D, 0x5F, 0x4D, 0x5F, 0x4D, 0x5F, 0x4D, 0x5F, 0x4D, 0x5F, 0x4D, 0x5F, 0x4D, 0x5F,
    0x4D, 0x5F, 0x4D, 0x5F, 0x4D, 0x5F, 0x4D, 0x5F, 0x4D, 0x5F, 0x4D, 0x5F, 0x4D, 0x5F, 0x4D, 0x5F,
    0x4D, 0x5F, 0x4D, 0x5F, 0x4D, 0x5F, 0x4D, 0x5F, 0x4D, 0x5F, 0x4D, 0x5F, 0x4D, 0x5F, 0x4D, 0x5F,
    0x4D, 0x5F, 0x4D, 0x5F, 0x4D, 0x5F, 0x4D, 0x5F, 0x4D, 0x5F, 0x4D, 0x5F, 0x4D, 0x5F, 0xFF, 0x4D,
    0x5F, 0x4D, 0x5F, 0x4D, 0x5F, 0x4D, 0x5F, 0x4D, 0x5F, 0x4D, 0x5F, 0x4D, 0x5F, 0x4D, 0x5F, 0x4D,
    0x5F, 0x4D, 0x5F, 0x4D, 0x5F, 0x4D, 0x5F, 0x4D, 0x5F, 0x4D, 0x5F, 0x4D, 0x5F, 0x4D, 0x5F, 0x4D,
    0x5F, 0x4D, 0x5F, 0x4D, 0x5F, 0x4D, 0x5F, 0x4D, 0x5F, 0x4D, 0x5F, 0x4D, 0x5F, 0x4D, 0x5F, 0x4D,
    0x5F, 0x4D, 0x5F, 0x4D, 0x5F, 0x4D, 0x5F, 0x4D, 0x5F, 0x4D, 0x5F, 0x4D, 0x5F, 0x4D, 0x5F, 0x4D,
    0x5F, 0x4D, 0x5F, 0x4D, 0x5F, 0x4D, 0x5F, 0x4D, 0x5F, 0x4D, 0x5F, 0x4D, 0x5F, 0x4D, 0x5F, 0x4D,
    0x5F, 0x4D, 0x5F, 0x4D, 0x5F, 0x4D, 0x5F, 0x4D, 0x5F, 0x4D, 0x5F, 0x4D, 0x5F, 0x4D, 0x5F, 0x4D,
    0x5F, 0x4D, 0x5F, 0x4D, 0x5F, 0x4D, 0x5F, 0x4D, 0x5F, 0x4D, 0x5F, 0x4D, 0x5F, 0x4D, 0x5F, 0x4D,
    0x5F, 0x4D, 0x5F, 0x4D, 0x5F, 0x4D, 0x5F, 0x4D, 0x5F, 0x4D, 0x5F, 0x4D, 0x5F, 0x4D, 0x5F, 0xFF,
    0x4D, 0x5F, 0x4D, 0x5F, 0x4D, 0x5F, 0x4D, 0x5F, 0x4D, 0x5F, 0x4D, 0x5F, 0x4D, 0x5F, 0x4D, 0x5F,
    0x4D, 0x5F, 0x4D, 0x5F, 0x4D, 0x5F, 0x4D, 0x5F, 0x4D, 0x5F, 0x4D, 0x5F, 0x4D, 0x5F, 0x4D, 0x5F,
    0x4D, 0x5F, 0x4D, 0x5F, 0x4D, 0x5F, 0x4D, 0x5F, 0x4D, 0x5F, 0x4D, 0x5F, 0x4D, 0x3F, 0x09, 0x06,
    0x31, 0xA3, 0xFF, 0xC4, 0xC6, 0x05, 0x08, 0x83, 0x11, 0xAA, 0x4D, 0x9F, 0x4D, 0x5F, 0x4D, 0x5F,
    0x4D, 0x5F, 0x4D, 0x5F, 0x4D, 0x5F, 0x4D, 0x5F, 0x4D, 0x5F, 0x4D, 0x5F, 0x4D, 0x5F, 0x4D, 0x5F,
    0x4D, 0x5F, 0x4D, 0x5F, 0x4D, 0x5F, 0x4D, 0x5F, 0x4D, 0x5F, 0x4D, 0x5F, 0x4D, 0x5F, 0x4D, 0x5F,
    0x4D, 0x5F, 0x4D, 0x5F, 0x4D, 0x5F, 0x4D, 0x5F, 0x4D, 0x5F, 0x4D, 0x5F, 0x4D, 0x5F, 0x4D, 0x5F,
    0x4D, 0x5F, 0x4D, 0x5F, 0x4D, 0x5F, 0x4D, 0x5F, 0x4D, 0x5F, 0x4D, 0x5F, 0x4D, 0x5F, 0x4D, 0x5F,
    0xFF, 0x4D, 0x5F, 0x4D, 0x5F, 0x4D, 0x5F, 0x4D, 0x5F, 0x4D, 0x5F, 0x4D, 0x5F, 0x4D, 0x5F, 0x4D,
    0x5F, 0x4D, 0x5F, 0x4D, 0x5F, 0x4D, 0x5F, 0x4D, 0x5F, 0x4D, 0x5F, 0x4D, 0x5F, 0x4D, 0x5F, 0x4D,
    0x5F, 0x4D, 0x5F, 0x4D, 0x5F, 0x4D, 0x5F, 0x4D, 0x5F, 0x4D, 0x5F, 0x4D, 0x5F, 0x4D, 0x5F, 0x4D,
    0x5F, 0x4D, 0x5F, 0x4D, 0x5F, 0x4D, 0x5F, 0x4D, 0x5F, 0x4D, 0x5F, 0x4D, 0x5F, 0x4D, 0x5F, 0x4D,
    0x5F, 0x4D, 0x5F, 0x4D, 0x5F, 0x4D, 0x5F, 0x4D, 0x5F, 0x4D, 0x5F, 0x4D, 0x5F, 0x4D, 0x5F, 0x4D,
    0x5F, 0x4D, 0x5F, 0x4D, 0x5F, 0x4D, 0x5F, 0x4D, 0x5F, 0x4D, 0x5F, 0x4D, 0x5F, 0x4D, 0x5F, 0x4D,
    0x5F, 0x4D, 0x5F, 0x4D, 0x5F, 0x4D, 0x5F, 0x4D, 0x5F, 0x4D, 0x5F, 0x4D, 0x5F, 0x4D, 0x5F, 0x4D,
    0x5F, 0x4D, 0x5F, 0x4D, 0x5F, 0x4D, 0x5F, 0x4D, 0x5F, 0x4D, 0x5F, 0x4D, 0x5F, 0x4D, 0x5F, 0x4D,
    0x5F, 0xFF, 0x4D, 0x5F, 0x4D, 0x5F, 0x4D, 0x5F, 0x4D, 0x5F, 0x4D, 0x5F, 0x4D, 0x5F, 0x4D, 0x5F,
    0x4D, 0x5F, 0x4D, 0x5F, 0x4D, 0x5F, 0x4D, 0x5F, 0x4D, 0x5F, 0x4D, 0x5F, 0x4D, 0x5F, 0x4D, 0x5F,
    0x4D, 0x5F, 0x4D, 0x5F, 0x4D, 0x5F, 0x4D, 0x5F, 0x4D, 0x5F, 0x4D, 0x5F, 0x4D, 0x5F, 0x4D, 0x5F,
    0x4D, 0x5F, 0x4D, 0x5F, 0x4D, 0x5F, 0x4D, 0x5F, 0x4D, 0x5F, 0x4D, 0x5F, 0x4D, 0x5F, 0x4D, 0x5F,
    0x4D, 0x5F, 0x4D, 0x5F, 0x4D, 0x5F, 0x4D, 0x5F, 0x4D, 0x5F, 0x4D, 0x5F, 0x4D, 0x5F, 0x4D, 0x5F,
    0x4D, 0x5F, 0x4D, 0x5F, 0x4D, 0x5F, 0x4D, 0x5F, 0x4D, 0x5F, 0x4D, 0x5F, 0x4D, 0x5F, 0x4D, 0x5F,
    0x4D, 0x5F, 0x4D, 0x5F, 0x4D, 0x5F, 0x4D, 0x5F, 0x4D, 0x5F, 0x4D, 0x5F, 0x4D, 0x5F, 0x4D, 0x5F,
    0x4D, 0x5F, 0x4D, 0x5F, 0x4D, 0x5F, 0x4D, 0x5F, 0x4D, 0x5F, 0x4D, 0x5F, 0x4D, 0x5F, 0x4D, 0x5F,
    0x4D, 0x5F, 0xFF, 0x4D, 0x5F, 0x4D, 0x5F, 0x4D, 0x5F, 0x4D, 0x5F, 0x4D, 0x5F, 0x4D, 0x5F, 0x4D,
    0x5F, 0x4D, 0x5F, 0x4D, 0x5F, 0x4D, 0x5F, 0x4D, 0x5F, 0x4D, 0x5F, 0x4D, 0x5F, 0x4D, 0x5F, 0x4D,
    0x5F, 0x4D, 0x5F, 0x4D, 0x5F, 0x4D, 0x5F, 0x4D, 0x5F, 0x4D, 0x5F, 0x4D, 0x5F, 0x4D, 0x5F, 0x4D,
    0x5F, 0x4D, 0x5F, 0x4D, 0x5F, 0x4D, 0x5F, 0x4D, 0x5F, 0x4D, 0x5F, 0x4D, 0x5F, 0x4D, 0x5F, 0x4D,
    0x5F, 0x4D, 0x5F, 0x4D, 0x5F, 0x4D, 0x5F, 0x4D, 0x5F, 0x4D, 0x5F, 0x4D, 0x5F, 0x4D, 0x5F, 0x4D,
    0x5F, 0x4D, 0x5F, 0x4D, 0x5F, 0x4D, 0x5F, 0x4D, 0x5F, 0x4D, 0x5F, 0x4D, 0x5F, 0x4D, 0x5F, 0x4D,
    0x5F, 0x4D, 0x5F, 0x4D, 0x5F, 0x4D, 0x5F, 0x4D, 0x5F, 0x4D, 0x5F, 0x4D, 0x5F, 0x4D, 0x5F, 0x4D,
    0x5F, 0x4D, 0x5F, 0x4D, 0x5F, 0x4D, 0x5F, 0x4D, 0x5F, 0x4D, 0x5F, 0x4D, 0x5F, 0x4D, 0x5F, 0x4D,
    0x5F, 0x4D, 0x5F, 0x95, 0x4D, 0x5F, 0x4D, 0x5F, 0x4D, 0x5F, 0x4D, 0x5F, 0x4D, 0x5F, 0x4D, 0x7F,
    0x4D, 0x1D, 0x08, 0x83, 0x21, 0x23, 0xFF, 0xE5, 0xDE, 0xC5, 0x02, 0x00, 0xFF, 0x11, 0x68, 0x4D,
    0x9F, 0x4D, 0x5F, 0x4D, 0x5F, 0x4D, 0x5F, 0x4D, 0x5F, 0x4D, 0x5F, 0x4D, 0x5F, 0x4D, 0x5F, 0x4D,
    0x5F, 0x4D, 0x5F, 0x4D, 0x5F, 0x4D, 0x5F, 0x4D, 0x5F, 0x4D, 0x5F, 0x4D, 0x5F, 0x4D, 0x5F, 0x4D,
    0x5F, 0x4D, 0x5F, 0x4D, 0x5F, 0x4D, 0x5F, 0x4D, 0x5F, 0x4D, 0x5F, 0x4D, 0x5F, 0x4D, 0x5F, 0x4D,
    0x5F, 0x4D, 0x5F, 0x4D, 0x5F, 0x4D, 0x5F, 0x4D, 0x5F, 0x4D, 0x5F, 0x4D, 0x5F, 0x4D, 0x5F, 0x4D,
    0x5F, 0x4D, 0x5F, 0x4D, 0x5F, 0x4D, 0x5F, 0x4D, 0x5F, 0x4D, 0x5F, 0x4D, 0x5F, 0x4D, 0x5F, 0x4D,
    0x5F, 0x4D, 0x5F, 0x4D, 0x5F, 0x4D, 0x5F, 0x4D, 0x5F, 0x4D, 0x5F, 0x4D, 0x5F, 0x4D, 0x5F, 0x4D,
    0x5F, 0x4D, 0x5F, 0x4D, 0x5F, 0x4D, 0x5F, 0x4D, 0x5F, 0x4D, 0x5F, 0x4D, 0x5F, 0x4D, 0x5F, 0x4D,
    0x5F, 0x4D, 0x5F, 0x4D, 0x5F, 0x4D, 0x5F, 0x4D, 0x5F, 0x4D, 0x5F, 0x4D, 0x5F, 0xFF, 0x4D, 0x5F,
    0x4D, 0x5F, 0x4D, 0x5F, 0x4D, 0x5F, 0x4D, 0x5F, 0x4D, 0x5F, 0x4D, 0x5F, 0x4D, 0x5F, 0x4D, 0x5F,
    0x4D, 0x5F, 0x4D, 0x5F, 0x4D, 0x5F, 0x4D, 0x5F, 0x4D, 0x5F, 0x4D, 0x5F, 0x4D, 0x5F, 0x4D, 0x5F,
    0x4D, 0x5F, 0x4D, 0x5F, 0x4D, 0x5F, 0x4D, 0x5F, 0x4D, 0x5F, 0x4D, 0x5F, 0x4D, 0x5F, 0x4D, 0x5F,
    0x4D, 0x5F, 0x4D, 0x5F, 0x4D, 0x5F, 0x4D, 0x5F, 0x4D, 0x5F, 0x4D, 0x5F, 0x4D, 0x5F, 0x4D, 0x5F,
    0x4D, 0x5F, 0x4D, 0x5F, 0x4D, 0x5F, 0x4D, 0x5F, 0x4D, 0x5F, 0x4D, 0x5F, 0x4D, 0x5F, 0x4D, 0x5F,
    0x4D, 0x5F, 0x4D, 0x5F, 0x4D, 0x5F, 0x4D, 0x5F, 0x4D, 0x5F, 0x4D, 0x5F, 0x4D, 0x5F, 0x4D, 0x5F,
    0x4D, 0x5F, 0x4D, 0x5F, 0x4D, 0x5F, 0x4D, 0x5F, 0x4D, 0x5F, 0x4D, 0x5F, 0x4D, 0x5F, 0x4D, 0x5F,
    0x4D, 0x5F, 0x4D, 0x5F, 0x4D, 0x5F, 0x4D, 0x5F, 0x4D, 0x5F, 0x4D, 0x5F, 0x4D, 0x5F, 0xFF, 0x4D,
    0x5F, 0x4D, 0x5F, 0x4D, 0x5F, 0x4D, 0x5F, 0x4D, 0x5F, 0x4D, 0x5F, 0x4D, 0x5F, 0x4D, 0x5F, 0x4D,
    0x5F, 0x4D, 0x5F, 0x4D, 0x5F, 0x4D, 0x5F, 0x4D, 0x5F, 0x4D, 0x5F, 0x4D, 0x5F, 0x4D, 0x5F, 0x4D,
    0x5F, 0x4D, 0x5F, 0x4D, 0x5F, 0x4D, 0x5F, 0x4D, 0x5F, 0x4D, 0x5F, 0x4D, 0x5F, 0x4D, 0x5F, 0x4D,
    0x5F, 0x4D, 0x5F, 0x4D, 0x5F, 0x4D, 0x5F, 0x4D, 0x5F, 0x4D, 0x5F, 0x4D, 0x5F, 0x4D, 0x5F, 0x4D,
    0x5F, 0x4D, 0x5F, 0x4D, 0x5F, 0x4D, 0x5F, 0x4D, 0x5F, 0x4D, 0x5F, 0x4D, 0x5F, 0x4D, 0x5F, 0x4D,
    0x5F, 0x4D, 0x5F, 0x4D, 0x5F, 0x4D, 0x5F, 0x4D, 0x5F, 0x4D, 0x5F, 0x4D, 0x5F, 0x4D, 0x5F, 0x4D,
    0x5F, 0x4D, 0x5F, 0x4D, 0x5F, 0x4D, 0x5F, 0x4D, 0x5F, 0x4D, 0x5F, 0x4D, 0x5F, 0x4D, 0x5F, 0x4D,
    0x5F, 0x4D, 0x5F, 0x4D, 0x5F, 0x4D, 0x5F, 0x4D, 0x5F, 0x4D, 0x5F, 0x4D, 0x5F, 0x4D, 0x5F, 0xD6,
    0x4D, 0x5F, 0x4D, 0x5F, 0x4D, 0x5F, 0x4D, 0x5F, 0x4D, 0x5F, 0x4D, 0x5F, 0x4D, 0x5F, 0x4D, 0x5F,
    0x4D, 0x5F, 0x4D, 0x5F, 0x4D, 0x5F, 0x4D, 0x5F, 0x4D, 0x5F, 0x4D, 0x5F, 0x4D, 0x5F, 0x4D, 0x5F,
    0x4D, 0x5F, 0x4D, 0x5F, 0x4D, 0x5F, 0x4D, 0x5F, 0x4D, 0x5F, 0x4D, 0x5F, 0x4D, 0x5F, 0x4D, 0x5F,
    0x4D, 0x5F, 0x4D, 0x5F, 0x4D, 0x5F, 0x4D, 0x5F, 0x4D, 0x5F, 0x4D, 0x5F, 0x4D, 0x5F, 0x4D, 0x5F,
    0x4D, 0x5F, 0x4D, 0x5F, 0x4D, 0x5F, 0x4D, 0x5F, 0x4D, 0x5F, 0x4D, 0x5F, 0x4D, 0x5F, 0x4D, 0x5F,
    0x4D, 0x5F, 0x4D, 0x9F, 0x4D, 0x3F, 0x00, 0x02, 0x21, 0x84, 0x23, 0xFF, 0xE5, 0xC6, 0x05, 0x02,
    0x00, 0xFF, 0x11, 0x68, 0x55, 0x9F, 0x4D, 0x5F, 0x4D, 0x5F, 0x4D, 0x5F, 0x4D, 0x5F, 0x4D, 0x5F,
    0x4D, 0x5F, 0x4D, 0x5F, 0x4D, 0x5F, 0x4D, 0x5F, 0x4D, 0x5F, 0x4D, 0x5F, 0x4D, 0x5F, 0x4D, 0x5F,
    0x4D, 0x5F, 0x4D, 0x5F, 0x4D, 0x5F, 0x4D, 0x5F, 0x4D, 0x5F, 0x4D, 0x5F, 0x4D, 0x5F, 0x4D, 0x5F,
    0x4D, 0x5F, 0x4D, 0x5F, 0x4D, 0x5F, 0x4D, 0x5F, 0x4D, 0x5F, 0x4D, 0x5F, 0x4D, 0x5F, 0x4D, 0x5F,
    0x4D, 0x5F, 0x4D, 0x5F, 0x4D, 0x5F, 0x4D, 0x5F, 0x4D, 0x5F, 0x4D, 0x5F, 0x4D, 0x5F, 0x4D, 0x5F,
    0x4D, 0x5F, 0x4D, 0x5F, 0x4D, 0x5F, 0x4D, 0x5F, 0x4D, 0x5F, 0x4D, 0x5F, 0x4D, 0x5F, 0x4D, 0x5F,
    0x4D, 0x5F, 0x4D, 0x5F, 0x4D, 0x5F, 0x4D, 0x5F, 0x4D, 0x5F, 0x4D, 0x5F, 0x4D, 0x5F, 0x4D, 0x5F,
    0x4D, 0x5F, 0x4D, 0x5F, 0x4D, 0x5F, 0x4D, 0x5F, 0x4D, 0x5F, 0x4D, 0x5F, 0x4D, 0x5F, 0x4D, 0x5F,
    0x4D, 0x5F, 0xFF, 0x4D, 0x5F, 0x4D, 0x5F, 0x4D, 0x5F, 0x4D, 0x5F, 0x4D, 0x5F, 0x4D, 0x5F, 0x4D,
    0x5F, 0x4D, 0x5F, 0x4D, 0x5F, 0x4D, 0x5F, 0x4D, 0x5F, 0x4D, 0x5F, 0x4D, 0x5F, 0x4D, 0x5F, 0x4D,
    0x5F, 0x4D, 0x5F, 0x4D, 0x5F, 0x4D, 0x5F, 0x4D, 0x5F, 0x4D, 0x5F, 0x4D, 0x5F, 0x4D, 0x5F, 0x4D,
    0x5F, 0x4D, 0x5F, 0x4D, 0x5F, 0x4D, 0x5F, 0x4D, 0x5F, 0x4D, 0x5F, 0x4D, 0x5F, 0x4D, 0x5F, 0x4D,
    0x5F, 0x4D, 0x5F, 0x4D, 0x5F, 0x4D, 0x5F, 0x4D, 0x5F, 0x4D, 0x5F, 0x4D, 0x5F, 0x4D, 0x5F, 0x4D,
    0x5F, 0x4D, 0x5F, 0x4D, 0x5F, 0x4D, 0x5F, 0x4D, 0x5F, 0x4D, 0x5F, 0x4D, 0x5F, 0x4D, 0x5F, 0x4D,
    0x5F, 0x4D, 0x5F, 0x4D, 0x5F, 0x4D, 0x5F, 0x4D, 0x5F, 0x4D, 0x5F, 0x4D, 0x5F, 0x4D, 0x5F, 0x4D,
    0x5F, 0x4D, 0x5F, 0x4D, 0x5F, 0x4D, 0x5F, 0x4D, 0x5F, 0x4D, 0x5F, 0x4D, 0x5F, 0x4D, 0x5F, 0x4D,
    0x5F, 0x4D, 0x5F, 0xFF, 0x4D, 0x5F, 0x4D, 0x5F, 0x4D, 0x5F, 0x4D, 0x5F, 0x4D, 0x5F, 0x4D, 0x5F,
    0x4D, 0x5F, 0x4D, 0x5F, 0x4D, 0x5F, 0x4D, 0x5F, 0x4D, 0x5F, 0x4D, 0x5F, 0x4D, 0x5F, 0x4D, 0x5F,
    0x4D, 0x5F, 0x4D, 0x5F, 0x4D, 0x5F, 0x4D, 0x5F, 0x4D, 0x5F, 0x4D, 0x5F, 0x4D, 0x5F, 0x4D, 0x5F,
    0x4D, 0x5F, 0x4D, 0x5F, 0x4D, 0x5F, 0x4D, 0x5F, 0x4D, 0x5F, 0x4D, 0x5F, 0x4D, 0x5F, 0x4D, 0x5F,
    0x4D, 0x5F, 0x4D, 0x5F, 0x4D, 0x5F, 0x4D, 0x5F, 0x4D, 0x5F, 0x4D, 0x5F, 0x4D, 0x5F, 0x4D, 0x5F,
    0x4D, 0x5F, 0x4D, 0x5F, 0x4D, 0x5F, 0x4D, 0x5F, 0x4D, 0x5F, 0x4D, 0x5F, 0x4D, 0x5F, 0x4D, 0x5F,
    0x4D, 0x5F, 0x4D, 0x5F, 0x4D, 0x5F, 0x4D, 0x5F, 0x4D, 0x5F, 0x4D, 0x5F, 0x4D, 0x5F, 0x4D, 0x5F,
    0x4D, 0x5F, 0x4D, 0x5F, 0x4D, 0x5F, 0x4D, 0x5F, 0x4D, 0x5F, 0x4D, 0x5F, 0x4D, 0x5F, 0x4D, 0x5F,
    0x4D, 0x5F, 0x4D, 0x5F, 0xFF, 0x4D, 0x5F, 0x4D, 0x5F, 0x4D, 0x5F, 0x4D, 0x5F, 0x4D, 0x5F, 0x4D,
    0x5F, 0x4D, 0x5F, 0x4D, 0x5F, 0x4D, 0x5F, 0x4D, 0x5F, 0x4D, 0x5F, 0x4D, 0x5F, 0x4D, 0x5F, 0x4D,
    0x5F, 0x4D, 0x5F, 0x4D, 0x5F, 0x4D, 0x5F, 0x4D, 0x5F, 0x4D, 0x5F, 0x4D, 0x5F, 0x4D, 0x5F, 0x4D,
    0x5F, 0x4D, 0x5F, 0x4D, 0x5F, 0x4D, 0x5F, 0x4D, 0x5F, 0x4D, 0x5F, 0x4D, 0x5F, 0x4D, 0x5F, 0x4D,
    0x5F, 0x4D, 0x5F, 0x4D, 0x5F, 0x4D, 0x5F, 0x4D, 0x5F, 0x4D, 0x5F, 0x4D, 0x5F, 0x4D, 0x5F, 0x4D,
    0x5F, 0x4D, 0x5F, 0x4D, 0x5F, 0x4D, 0x5F, 0x4D, 0x1D, 0x44, 0x9B, 0x52, 0x45, 0x63, 0x04, 0xFF,
    0xE5, 0xDE, 0xC5, 0x31, 0xA3, 0x3A, 0x8C, 0x4D, 0x1D, 0x4D, 0x1D, 0x4D, 0x5F, 0x4D, 0x5F, 0x4D,
    0x5F, 0x4D, 0x5F, 0x4D, 0x5F, 0x4D, 0x5F, 0x4D, 0x5F, 0x4D, 0x5F, 0x4D, 0x5F, 0x4D, 0x5F, 0x4D,
    0x5F, 0x4D, 0x5F, 0x4D, 0x5F, 0xFF, 0x4D, 0x5F, 0x4D, 0x5F, 0x4D, 0x5F, 0x4D, 0x5F, 0x4D, 0x5F,
    0x4D, 0x5F, 0x4D, 0x5F, 0x4D, 0x5F, 0x4D, 0x5F, 0x4D, 0x5F, 0x4D, 0x5F, 0x4D, 0x5F, 0x4D, 0x5F,
    0x4D, 0x5F, 0x4D, 0x5F, 0x4D, 0x5F, 0x4D, 0x5F, 0x4D, 0x5F, 0x4D, 0x5F, 0x4D, 0x5F, 0x4D, 0x5F,
    0x4D, 0x5F, 0x4D, 0x5F, 0x4D, 0x5F, 0x4D, 0x5F, 0x4D, 0x5F, 0x4D, 0x5F, 0x4D, 0x5F, 0x4D, 0x5F,
    0x4D, 0x5F, 0x4D, 0x5F, 0x4D, 0x5F, 0x4D, 0x5F, 0x4D, 0x5F, 0x4D, 0x5F, 0x4D, 0x5F, 0x4D, 0x5F,
    0x4D, 0x5F, 0x4D, 0x5F, 0x4D, 0x5F, 0x4D, 0x5F, 0x4D, 0x5F, 0x4D, 0x5F, 0x4D, 0x5F, 0x4D, 0x5F,
    0x4D, 0x5F, 0x4D, 0x5F, 0x4D, 0x5F, 0x4D, 0x5F, 0x4D, 0x5F, 0x4D, 0x5F, 0x4D, 0x5F, 0x4D, 0x5F,
    0x4D, 0x5F, 0x4D, 0x5F, 0x4D, 0x5F, 0x4D, 0x5F, 0x4D, 0x5F, 0x4D, 0x5F, 0x4D, 0x5F, 0x4D, 0x5F,
    0x4D, 0x5F, 0x4D, 0x5F, 0x4D, 0x5F, 0xFF, 0x4D, 0x5F, 0x4D, 0x5F, 0x4D, 0x5F, 0x4D, 0x5F, 0x4D,
    0x5F, 0x4D, 0x5F, 0x4D, 0x5F, 0x4D, 0x5F, 0x4D, 0x5F, 0x4D, 0x5F, 0x4D, 0x5F, 0x4D, 0x5F, 0x4D,
    0x5F, 0x4D, 0x5F, 0x4D, 0x5F, 0x4D, 0x5F, 0x4D, 0x5F, 0x4D, 0x5F, 0x4D, 0x5F, 0x4D, 0x5F, 0x4D,
    0x5F, 0x4D, 0x5F, 0x4D, 0x5F, 0x4D, 0x5F, 0x4D, 0x5F, 0x4D, 0x5F, 0x4D, 0x5F, 0x4D, 0x5F, 0x4D,
    0x5F, 0x4D, 0x5F, 0x4D, 0x5F, 0x4D, 0x5F, 0x4D, 0x5F, 0x4D, 0x5F, 0x4D, 0x5F, 0x4D, 0x5F, 0x4D,
    0x5F, 0x4D, 0x5F, 0x4D, 0x5F, 0x4D, 0x5F, 0x4D, 0x5F, 0x4D, 0x5F, 0x4D, 0x5F, 0x4D, 0x5F, 0x4D,
    0x5F, 0x4D, 0x5F, 0x4D, 0x5F, 0x4D, 0x5F, 0x4D, 0x5F, 0x4D, 0x5F, 0x4D, 0x5F, 0x4D, 0x5F, 0x4D,
    0x5F, 0x4D, 0x5F, 0x4D, 0x5F, 0x4D, 0x5F, 0x4D, 0x5F, 0x4D, 0x5F, 0x4D, 0x5F, 0x4D, 0x5F, 0x4D,
    0x5F, 0x4D, 0x5F, 0x4D, 0x5F, 0x4D, 0x5F, 0xFF, 0x4D, 0x5F, 0x4D, 0x5F, 0x4D, 0x5F, 0x4D, 0x5F,
    0x4D, 0x5F, 0x4D, 0x5F, 0x4D, 0x5F, 0x4D, 0x5F, 0x4D, 0x5F, 0x4D, 0x5F, 0x4D, 0x5F, 0x4D, 0x5F,
    0x4D, 0x5F, 0x4D, 0x5F, 0x4D, 0x5F, 0x4D, 0x5F, 0x4D, 0x5F, 0x4D, 0x5F, 0x4D, 0x5F, 0x4D, 0x5F,
    0x4D, 0x5F, 0x4D, 0x5F, 0x4D, 0x5F, 0x4D, 0x5F, 0x4D, 0x5F, 0x4D, 0x5F, 0x4D, 0x5F, 0x4D, 0x5F,
    0x4D, 0x5F, 0x4D, 0x5F, 0x4D, 0x5F, 0x4D, 0x5F, 0x4D, 0x5F, 0x4D, 0x5F, 0x4D, 0x5F, 0x4D, 0x5F,
    0x4D, 0x5F, 0x4D, 0x5F, 0x4D, 0x5F, 0x4D, 0x5F, 0x4D, 0x5F, 0x4D, 0x5F, 0x4D, 0x5F, 0x4D, 0x5F,
    0x4D, 0x5F, 0x4D, 0x5F, 0x4D, 0x5F, 0x4D, 0x5F, 0x4D, 0x5F, 0x4D, 0x5F, 0x4D, 0x5F, 0x4D, 0x5F,
    0x4D, 0x5F, 0x4D, 0x5F, 0x4D, 0x5F, 0x4D, 0x5F, 0x4D, 0x5F, 0x4D, 0x5F, 0x4D, 0x5F, 0x4D, 0x5F,
    0x4D, 0x5F, 0x4D, 0x5F, 0x4D, 0x5F, 0x4D, 0x5F, 0xFF, 0x4D, 0x5F, 0x4D, 0x5F, 0x4D, 0x5F, 0x4D,
    0x5F, 0x4D, 0x5F, 0x4D, 0x5F, 0x4D, 0x5F, 0x4D, 0x5F, 0x4D, 0x5F, 0x4D, 0x5F, 0x4D, 0x5F, 0x4D,
    0x5F, 0x4D, 0x5F, 0x4D, 0x5F, 0x4D, 0x5F, 0x4D, 0x5F, 0x4D, 0x5F, 0x4D, 0x5F, 0x4D, 0x5F, 0x4D,
    0x5F, 0x4D, 0x5F, 0x4D, 0x5F, 0x4D, 0x5F, 0x4D, 0x7F, 0x4D, 0x3F, 0x09, 0x06, 0x31, 0xA3, 0xFF,
    0xE5, 0xFF, 0xE5, 0xFF, 0xE5, 0xFF, 0xC4, 0xFF, 0xE5, 0xC6, 0x05, 0x00, 0x21, 0x3A, 0x8C, 0x55,
    0x9F, 0x4D, 0x5F, 0x4D, 0x5F, 0x4D, 0x5F, 0x4D, 0x5F, 0x4D, 0x5F, 0x4D, 0x5F, 0x4D, 0x5F, 0x4D,
    0x5F, 0x4D, 0x5F, 0x4D, 0x5F, 0x4D, 0x5F, 0x4D, 0x5F, 0x4D, 0x5F, 0x4D, 0x5F, 0x4D, 0x5F, 0x4D,
    0x5F, 0x4D, 0x5F, 0x4D, 0x5F, 0x4D, 0x5F, 0x4D, 0x5F, 0x4D, 0x5F, 0x4D, 0x5F, 0x4D, 0x5F, 0x4D,
    0x5F, 0x4D, 0x5F, 0x4D, 0x5F, 0x4D, 0x5F, 0x4D, 0x5F, 0xFF, 0x4D, 0x5F, 0x4D, 0x5F, 0x4D, 0x5F,
    0x4D, 0x5F, 0x4D, 0x5F, 0x4D, 0x5F, 0x4D, 0x5F, 0x4D, 0x5F, 0x4D, 0x5F, 0x4D, 0x5F, 0x4D, 0x5F,
    0x4D, 0x5F, 0x4D, 0x5F, 0x4D, 0x5F, 0x4D, 0x5F, 0x4D, 0x5F, 0x4D, 0x5F, 0x4D, 0x5F, 0x4D, 0x5F,
    0x4D, 0x5F, 0x4D, 0x5F, 0x4D, 0x5F, 0x4D, 0x5F, 0x4D, 0x5F, 0x4D, 0x5F, 0x4D, 0x5F, 0x4D, 0x5F,
    0x4D, 0x5F, 0x4D, 0x5F, 0x4D, 0x5F, 0x4D, 0x5F, 0x4D, 0x5F, 0x4D, 0x5F, 0x4D, 0x5F, 0x4D, 0x5F,
    0x4D, 0x5F, 0x4D, 0x5F, 0x4D, 0x5F, 0x4D, 0x5F, 0x4D, 0x5F, 0x4D, 0x5F, 0x4D, 0x5F, 0x4D, 0x5F,
    0x4D, 0x5F, 0x4D, 0x5F, 0x4D, 0x5F, 0x4D, 0x5F, 0x4D, 0x5F, 0x4D, 0x5F, 0x4D, 0x5F, 0x4D, 0x5F,
    0x4D, 0x5F, 0x4D, 0x5F, 0x4D, 0x5F, 0x4D, 0x5F, 0x4D, 0x5F, 0x4D, 0x5F, 0x4D, 0x5F, 0x4D, 0x5F,
    0x4D, 0x5F, 0x4D, 0x5F, 0x4D, 0x5F, 0x4D, 0x5F, 0x4D, 0x5F, 0xFF, 0x4D, 0x5F, 0x4D, 0x5F, 0x4D,
    0x5F, 0x4D, 0x5F, 0x4D, 0x5F, 0x4D, 0x5F, 0x4D, 0x5F, 0x4D, 0x5F, 0x4D, 0x5F, 0x4D, 0x5F, 0x4D,
    0x5F, 0x4D, 0x5F, 0x4D, 0x5F, 0x4D, 0x5F, 0x4D, 0x5F, 0x4D, 0x5F, 0x4D, 0x5F, 0x4D, 0x5F, 0x4D,
    0x5F, 0x4D, 0x5F, 0x4D, 0x5F, 0x4D, 0x5F, 0x4D, 0x5F, 0x4D, 0x5F, 0x4D, 0x5F, 0x4D, 0x5F, 0x4D,
    0x5F, 0x4D, 0x5F, 0x4D, 0x5F, 0x4D, 0x5F, 0x4D, 0x5F, 0x4D, 0x5F, 0x4D, 0x5F, 0x4D, 0x5F, 0x4D,
    0x5F, 0x4D, 0x5F, 0x4D, 0x5F, 0x4D, 0x5F, 0x4D, 0x5F, 0x4D, 0x5F, 0x4D, 0x5F, 0x4D, 0x5F, 0x4D,
    0x5F, 0x4D, 0x5F, 0x4D, 0x5F, 0x4D, 0x5F, 0x4D, 0x5F, 0x4D, 0x5F, 0x4D, 0x5F, 0x4D, 0x5F, 0x4D,
    0x5F, 0x4D, 0x5F, 0x4D, 0x5F, 0x4D, 0x5F, 0x4D, 0x5F, 0x4D, 0x5F, 0x4D, 0x5F, 0x4D, 0x5F, 0x4D,
    0x5F, 0x4D, 0x5F, 0x4D, 0x5F, 0x4D, 0x5F, 0x4D, 0x5F, 0x4D, 0x5F, 0xFF, 0x4D, 0x5F, 0x4D, 0x5F,
    0x4D, 0x5F, 0x4D, 0x5F, 0x4D, 0x5F, 0x4D, 0x5F, 0x4D, 0x5F, 0x4D, 0x5F, 0x4D, 0x5F, 0x4D, 0x5F,
    0x4D, 0x5F, 0x4D, 0x5F, 0x4D, 0x5F, 0x4D, 0x5F, 0x4D, 0x5F, 0x4D, 0x5F, 0x4D, 0x5F, 0x4D, 0x5F,
    0x4D, 0x5F, 0x4D, 0x5F, 0x4D, 0x5F, 0x4D, 0x5F, 0x4D, 0x5F, 0x4D, 0x5F, 0x4D, 0x5F, 0x4D, 0x5F,
    0x4D, 0x5F, 0x4D, 0x5F, 0x4D, 0x5F, 0x4D, 0x5F, 0x4D, 0x5F, 0x4D, 0x5F, 0x4D, 0x5F, 0x4D, 0x5F,
    0x4D, 0x5F, 0x4D, 0x5F, 0x4D, 0x5F, 0x4D, 0x5F, 0x4D, 0x5F, 0x4D, 0x5F, 0x4D, 0x5F, 0x4D, 0x5F,
    0x4D, 0x5F, 0x4D, 0x5F, 0x4D, 0x5F, 0x4D, 0x5F, 0x4D, 0x5F, 0x4D, 0x5F, 0x4D, 0x5F, 0x4D, 0x5F,
    0x4D, 0x5F, 0x4D, 0x5F, 0x4D, 0x5F, 0x4D, 0x5F, 0x4D, 0x5F, 0x4D, 0x5F, 0x4D, 0x5F, 0x4D, 0x5F,
    0x4D, 0x5F, 0x4D, 0x5F, 0x4D, 0x5F, 0x4D, 0x5F, 0x4D, 0x5F, 0x4D, 0x5F, 0xA1, 0x4D, 0x5F, 0x4D,
    0x5F, 0x4D, 0x5F, 0x4D, 0x5F, 0x4D, 0x5F, 0x4D, 0x5F, 0x4D, 0x5F, 0x4D, 0x5F, 0x4D, 0x3F, 0x08,
    0x83, 0x31, 0xA3, 0xFF, 0xE5, 0xFF, 0xE5, 0xFF, 0xE5, 0xFF, 0xC4, 0xFF, 0xE5, 0xC6, 0x05, 0x02,
    0x00, 0xFF, 0x3A, 0x8C, 0x55, 0x9F, 0x4D, 0x5F, 0x4D, 0x5F, 0x4D, 0x5F, 0x4D, 0x5F, 0x4D, 0x5F,
    0x4D, 0x5F, 0x4D, 0x5F, 0x4D, 0x5F, 0x4D, 0x5F, 0x4D, 0x5F, 0x4D, 0x5F, 0x4D, 0x5F, 0x4D, 0x5F,
    0x4D, 0x5F, 0x4D, 0x5F, 0x4D, 0x5F, 0x4D, 0x5F, 0x4D, 0x5F, 0x4D, 0x5F, 0x4D, 0x5F, 0x4D, 0x5F,
    0x4D, 0x5F, 0x4D, 0x5F, 0x4D, 0x5F, 0x4D, 0x5F, 0x4D, 0x5F, 0x4D, 0x5F, 0x4D, 0x5F, 0x4D, 0x5F,
    0x4D, 0x5F, 0x4D, 0x5F, 0x4D, 0x5F, 0x4D, 0x5F, 0x4D, 0x5F, 0x4D, 0x5F, 0x4D, 0x5F, 0x4D, 0x5F,
    0x4D, 0x5F, 0x4D, 0x5F, 0x4D, 0x5F, 0x4D, 0x5F, 0x4D, 0x5F, 0x4D, 0x5F, 0x4D, 0x5F, 0x4D, 0x5F,
    0x4D, 0x5F, 0x4D, 0x5F, 0x4D, 0x5F, 0x4D, 0x5F, 0x4D, 0x5F, 0x4D, 0x5F, 0x4D, 0x5F, 0x4D, 0x5F,
    0x4D, 0x5F, 0x4D, 0x5F, 0x4D, 0x5F, 0x4D, 0x5F, 0x4D, 0x5F, 0x4D, 0x5F, 0x4D, 0x5F, 0x4D, 0x5F,
    0x4D, 0x5F, 0xFF, 0x4D, 0x5F, 0x4D, 0x5F, 0x4D, 0x5F, 0x4D, 0x5F, 0x4D, 0x5F, 0x4D, 0x5F, 0x4D,
    0x5F, 0x4D, 0x5F, 0x4D, 0x5F, 0x4D, 0x5F, 0x4D, 0x5F, 0x4D, 0x5F, 0x4D, 0x5F, 0x4D, 0x5F, 0x4D,
    0x5F, 0x4D, 0x5F, 0x4D, 0x5F, 0x4D, 0x5F, 0x4D, 0x5F, 0x4D, 0x5F, 0x4D, 0x5F, 0x4D, 0x5F, 0x4D,
    0x5F, 0x4D, 0x5F, 0x4D, 0x5F, 0x4D, 0x5F, 0x4D, 0x5F, 0x4D, 0x5F, 0x4D, 0x5F, 0x4D, 0x5F, 0x4D,
    0x5F, 0x4D, 0x5F, 0x4D, 0x5F, 0x4D, 0x5F, 0x4D, 0x5F, 0x4D, 0x5F, 0x4D, 0x5F, 0x4D, 0x5F, 0x4D,
    0x5F, 0x4D, 0x5F, 0x4D, 0x5F, 0x4D, 0x5F, 0x4D, 0x5F, 0x4D, 0x5F, 0x4D, 0x5F, 0x4D, 0x5F, 0x4D,
    0x5F, 0x4D, 0x5F, 0x4D, 0x5F, 0x4D, 0x5F, 0x4D, 0x5F, 0x4D, 0x5F, 0x4D, 0x5F, 0x4D, 0x5F, 0x4D,
    0x5F, 0x4D, 0x5F, 0x4D, 0x5F, 0x4D, 0x5F, 0x4D, 0x5F, 0x4D, 0x5F, 0x4D, 0x5F, 0x4D, 0x5F, 0x4D,
    0x5F, 0x4D, 0x5F, 0xFF, 0x4D, 0x5F, 0x4D, 0x5F, 0x4D, 0x5F, 0x4D, 0x5F, 0x4D, 0x5F, 0x4D, 0x5F,
    0x4D, 0x5F, 0x4D, 0x5F, 0x4D, 0x5F, 0x4D, 0x5F, 0x4D, 0x5F, 0x4D, 0x5F, 0x4D, 0x5F, 0x4D, 0x5F,
    0x4D, 0x5F, 0x4D, 0x5F, 0x4D, 0x5F, 0x4D, 0x5F, 0x4D, 0x5F, 0x4D, 0x5F, 0x4D, 0x5F, 0x4D, 0x5F,
    0x4D, 0x5F, 0x4D, 0x5F, 0x4D, 0x5F, 0x4D, 0x5F, 0x4D, 0x5F, 0x4D, 0x5F, 0x4D, 0x5F, 0x4D, 0x5F,
    0x4D, 0x5F, 0x4D, 0x5F, 0x4D, 0x5F, 0x4D, 0x5F, 0x4D, 0x5F, 0x4D, 0x5F, 0x4D, 0x5F, 0x4D, 0x5F,
    0x4D, 0x5F, 0x4D, 0x5F, 0x4D, 0x5F, 0x4D, 0x5F, 0x4D, 0x5F, 0x4D, 0x5F, 0x4D, 0x5F, 0x4D, 0x5F,
    0x4D, 0x5F, 0x4D, 0x5F, 0x4D, 0x5F, 0x4D, 0x5F, 0x4D, 0x5F, 0x4D, 0x5F, 0x4D, 0x5F, 0x4D, 0x5F,
    0x4D, 0x5F, 0x4D, 0x5F, 0x4D, 0x5F, 0x4D, 0x5F, 0x4D, 0x5F, 0x4D, 0x5F, 0x4D, 0x5F, 0x4D, 0x5F,
    0x4D, 0x5F, 0x4D, 0x5F, 0xDD, 0x4D, 0x5F, 0x4D, 0x5F, 0x4D, 0x5F, 0x4D, 0x5F, 0x4D, 0x5F, 0x4D,
    0x5F, 0x4D, 0x5F, 0x4D, 0x5F, 0x4D, 0x5F, 0x4D, 0x5F, 0x4D, 0x5F, 0x4D, 0x5F, 0x4D, 0x5F, 0x4D,
    0x5F, 0x4D, 0x5F, 0x4D, 0x5F, 0x4D, 0x5F, 0x4D, 0x5F, 0x4D, 0x5F, 0x4D, 0x5F, 0x4D, 0x5F, 0x4D,
    0x5F, 0x4D, 0x5F, 0x4D, 0x5F, 0x4D, 0x5F, 0x4D, 0x5F, 0x4D, 0x5F, 0x4D, 0x5F, 0x4D, 0x5F, 0x4D,
    0x5F, 0x4D, 0x5F, 0x4D, 0x5F, 0x4D, 0x5F, 0x4D, 0x5F, 0x4D, 0x5F, 0x4D, 0x5F, 0x4D, 0x5F, 0x4D,
    0x7F, 0x4D, 0x3F, 0x08, 0x83, 0x31, 0xA3, 0xFF, 0xE5, 0xFF, 0xE5, 0xFF, 0xE5, 0xFF, 0xC4, 0xFF,
    0xE5, 0xC6, 0x05, 0x02, 0x00, 0xFF, 0x3A, 0x8C, 0x55, 0x9F, 0x4D, 0x5F, 0x4D, 0x5F, 0x4D, 0x5F,
    0x4D, 0x5F, 0x4D, 0x5F, 0x4D, 0x5F, 0x4D, 0x5F, 0x4D, 0x5F, 0x4D, 0x5F, 0x4D, 0x5F, 0x4D, 0x5F,
    0x4D, 0x5F, 0x4D, 0x5F, 0x4D, 0x5F, 0x4D, 0x5F, 0x4D, 0x5F, 0x4D, 0x5F, 0x4D, 0x5F, 0x4D, 0x5F,
    0x4D, 0x5F, 0x4D, 0x5F, 0x4D, 0x5F, 0x4D, 0x5F, 0x4D, 0x5F, 0x4D, 0x5F, 0x4D, 0x5F, 0x4D, 0x5F,
    0x4D, 0x5F, 0x4D, 0x5F, 0x4D, 0x5F, 0x4D, 0x5F, 0x4D, 0x5F, 0x4D, 0x5F, 0x4D, 0x5F, 0x4D, 0x5F,
    0x4D, 0x5F, 0x4D, 0x5F, 0x4D, 0x5F, 0x4D, 0x5F, 0x4D, 0x5F, 0x4D, 0x5F, 0x4D, 0x5F, 0x4D, 0x5F,
    0x4D, 0x5F, 0x4D, 0x5F, 0x4D, 0x5F, 0x4D, 0x5F, 0x4D, 0x5F, 0x4D, 0x5F, 0x4D, 0x5F, 0x4D, 0x5F,
    0x4D, 0x5F, 0x4D, 0x5F, 0x4D, 0x5F, 0x4D, 0x5F, 0x4D, 0x5F, 0x4D, 0x5F, 0x4D, 0x5F, 0x4D, 0x5F,
    0x4D, 0x5F, 0x4D, 0x5F, 0x4D, 0x5F, 0xFF, 0x4D, 0x5F, 0x4D, 0x5F, 0x4D, 0x5F, 0x4D, 0x5F, 0x4D,
    0x5F, 0x4D, 0x5F, 0x4D, 0x5F, 0x4D, 0x5F, 0x4D, 0x5F, 0x4D, 0x5F, 0x4D, 0x5F, 0x4D, 0x5F, 0x4D,
    0x5F, 0x4D, 0x5F, 0x4D, 0x5F, 0x4D, 0x5F, 0x4D, 0x5F, 0x4D, 0x5F, 0x4D, 0x5F, 0x4D, 0x5F, 0x4D,
    0x5F, 0x4D, 0x5F, 0x4D, 0x5F, 0x4D, 0x5F, 0x4D, 0x5F, 0x4D, 0x5F, 0x4D, 0x5F, 0x4D, 0x5F, 0x4D,
    0x5F, 0x4D, 0x5F, 0x4D, 0x5F, 0x4D, 0x5F, 0x4D, 0x5F, 0x4D, 0x5F, 0x4D, 0x5F, 0x4D, 0x5F, 0x4D,
    0x5F, 0x4D, 0x5F, 0x4D, 0x5F, 0x4D, 0x5F, 0x4D, 0x5F, 0x4D, 0x5F, 0x4D, 0x5F, 0x4D, 0x5F, 0x4D,
    0x5F, 0x4D, 0x5F, 0x4D, 0x5F, 0x4D, 0x5F, 0x4D, 0x5F, 0x4D, 0x5F, 0x4D, 0x5F, 0x4D, 0x5F, 0x4D,
    0x5F, 0x4D, 0x5F, 0x4D, 0x5F, 0x4D, 0x5F, 0x4D, 0x5F, 0x4D, 0x5F, 0x4D, 0x5F, 0x4D, 0x5F, 0x4D,
    0x5F, 0x4D, 0x5F, 0x4D, 0x5F, 0x4D, 0x5F, 0xFF, 0x4D, 0x5F, 0x4D, 0x5F, 0x4D, 0x5F, 0x4D, 0x5F,
    0x4D, 0x5F, 0x4D, 0x5F, 0x4D, 0x5F, 0x4D, 0x5F, 0x4D, 0x5F, 0x4D, 0x5F, 0x4D, 0x5F, 0x4D, 0x5F,
    0x4D, 0x5F, 0x4D, 0x5F, 0x4D, 0x5F, 0x4D, 0x5F, 0x4D, 0x5F, 0x4D, 0x5F, 0x4D, 0x5F, 0x4D, 0x5F,
    0x4D, 0x5F, 0x4D, 0x5F, 0x4D, 0x5F, 0x4D, 0x5F, 0x4D, 0x5F, 0x4D, 0x5F, 0x4D, 0x5F, 0x4D, 0x5F,
    0x4D, 0x5F, 0x4D, 0x5F, 0x4D, 0x5F, 0x4D, 0x5F, 0x4D, 0x5F, 0x4D, 0x5F, 0x4D, 0x5F, 0x4D, 0x5F,
    0x4D, 0x5F, 0x4D, 0x5F, 0x4D, 0x5F, 0x4D, 0x5F, 0x4D, 0x5F, 0x4D, 0x5F, 0x4D, 0x5F, 0x4D, 0x5F,
    0x4D, 0x5F, 0x4D, 0x5F, 0x4D, 0x5F, 0x4D, 0x5F, 0x4D, 0x5F, 0x4D, 0x5F, 0x4D, 0x5F, 0x4D, 0x5F,
    0x4D, 0x5F, 0x4D, 0x5F, 0x4D, 0x5F, 0x4D, 0x5F, 0x4D, 0x5F, 0x4D, 0x5F, 0x4D, 0x5F, 0x4D, 0x5F,
    0x4D, 0x5F, 0x4D, 0x5F, 0x4D, 0x5F, 0x4D, 0x5F, 0xDD, 0x4D, 0x5F, 0x4D, 0x5F, 0x4D, 0x5F, 0x4D,
    0x5F, 0x4D, 0x5F, 0x4D, 0x5F, 0x4D, 0x5F, 0x4D, 0x5F, 0x4D, 0x5F, 0x4D, 0x5F, 0x4D, 0x5F, 0x4D,
    0x5F, 0x4D, 0x5F, 0x4D, 0x5F, 0x4D, 0x5F, 0x4D, 0x5F, 0x4D, 0x5F, 0x4D, 0x5F, 0x4D, 0x5F, 0x4D,
    0x5F, 0x4D, 0x5F, 0x4D, 0x5F, 0x4D, 0x5F, 0x4D, 0x5F, 0x4D, 0x5F, 0x4D, 0x5F, 0x4D, 0x5F, 0x4D,
    0x5F, 0x4D, 0x5F, 0x4D, 0x5F, 0x4D, 0x5F, 0x4D, 0x5F, 0x4D, 0x5F, 0x4D, 0x5F, 0x4D, 0x5F, 0x4D,
    0x5F, 0x4D, 0x5F, 0x4D, 0x5F, 0x4D, 0x3F, 0x08, 0x83, 0x31, 0xA3, 0xFF, 0xE5, 0xFF, 0xE5, 0xFF,
    0xE5, 0xFF, 0xC4, 0xFF, 0xE5, 0xC6, 0x05, 0x02, 0x00, 0xFF, 0x3A, 0x8C, 0x4D, 0x9F, 0x4D, 0x3F,
    0x4D, 0x5F, 0x4D, 0x5F, 0x4D, 0x5F, 0x4D, 0x5F, 0x4D, 0x5F, 0x4D, 0x5F, 0x4D, 0x5F, 0x4D, 0x5F,
    0x4D, 0x5F, 0x4D, 0x5F, 0x4D, 0x5F, 0x4D, 0x5F, 0x4D, 0x5F, 0x4D, 0x5F, 0x4D, 0x5F, 0x4D, 0x5F,
    0x4D, 0x5F, 0x4D, 0x5F, 0x4D, 0x5F, 0x4D, 0x5F, 0x4D, 0x5F, 0x4D, 0x5F, 0x4D, 0x5F, 0x4D, 0x5F,
    0x4D, 0x5F, 0x4D, 0x5F, 0x4D, 0x5F, 0x4D, 0x5F, 0x4D, 0x5F, 0x4D, 0x5F, 0x4D, 0x5F, 0x4D, 0x5F,
    0x4D, 0x5F, 0x4D, 0x5F, 0x4D, 0x5F, 0x4D, 0x5F, 0x4D, 0x5F, 0x4D, 0x5F, 0x4D, 0x5F, 0x4D, 0x5F,
    0x4D, 0x5F, 0x4D, 0x5F, 0x4D, 0x5F, 0x4D, 0x5F, 0x4D, 0x5F, 0x4D, 0x5F, 0x4D, 0x5F, 0x4D, 0x5F,
    0x4D, 0x5F, 0x4D, 0x5F, 0x4D, 0x5F, 0x4D, 0x5F, 0x4D, 0x5F, 0x4D, 0x5F, 0x4D, 0x5F, 0x4D, 0x5F,
    0x4D, 0x5F, 0x4D, 0x5F, 0x4D, 0x5F, 0x4D, 0x5F, 0x4D, 0x5F, 0xFF, 0x4D, 0x5F, 0x4D, 0x5F, 0x4D,
    0x5F, 0x4D, 0x5F, 0x4D, 0x5F, 0x4D, 0x5F, 0x4D, 0x5F, 0x4D, 0x5F, 0x4D, 0x5F, 0x4D, 0x5F, 0x4D,
    0x5F, 0x4D, 0x5F, 0x4D, 0x5F, 0x4D, 0x5F, 0x4D, 0x5F, 0x4D, 0x5F, 0x4D, 0x5F, 0x4D, 0x5F, 0x4D,
    0x5F, 0x4D, 0x5F, 0x4D, 0x5F, 0x4D, 0x5F, 0x4D, 0x5F, 0x4D, 0x5F, 0x4D, 0x5F, 0x4D, 0x5F, 0x4D,
    0x5F, 0x4D, 0x5F, 0x4D, 0x5F, 0x4D, 0x5F, 0x4D, 0x5F, 0x4D, 0x5F, 0x4D, 0x5F, 0x4D, 0x5F, 0x4D,
    0x5F, 0x4D, 0x5F, 0x4D, 0x5F, 0x4D, 0x5F, 0x4D, 0x5F, 0x4D, 0x5F, 0x4D, 0x5F, 0x4D, 0x5F, 0x4D,
    0x5F, 0x4D, 0x5F, 0x4D, 0x5F, 0x4D, 0x5F, 0x4D, 0x5F, 0x4D, 0x5F, 0x4D, 0x5F, 0x4D, 0x5F, 0x4D,
    0x5F, 0x4D, 0x5F, 0x4D, 0x5F, 0x4D, 0x5F, 0x4D, 0x5F, 0x4D, 0x5F, 0x4D, 0x5F, 0x4D, 0x5F, 0x4D,
    0x5F, 0x4D, 0x5F, 0x4D, 0x5F, 0x4D, 0x5F, 0x4D, 0x5F, 0x4D, 0x5F, 0xFF, 0x4D, 0x5F, 0x4D, 0x5F,
    0x4D, 0x5F, 0x4D, 0x5F, 0x4D, 0x5F, 0x4D, 0x5F, 0x4D, 0x5F, 0x4D, 0x5F, 0x4D, 0x5F, 0x4D, 0x5F,
    0x4D, 0x5F, 0x4D, 0x5F, 0x4D, 0x5F, 0x4D, 0x5F, 0x4D, 0x5F, 0x4D, 0x5F, 0x4D, 0x5F, 0x4D, 0x5F,
    0x4D, 0x5F, 0x4D, 0x5F, 0x4D, 0x5F, 0x4D, 0x5F, 0x4D, 0x5F, 0x4D, 0x5F, 0x4D, 0x5F, 0x4D, 0x5F,
    0x4D, 0x5F, 0x4D, 0x5F, 0x4D, 0x5F, 0x4D, 0x5F, 0x4D, 0x5F, 0x4D, 0x5F, 0x4D, 0x5F, 0x4D, 0x5F,
    0x4D, 0x5F, 0x4D, 0x5F, 0x4D, 0x5F, 0x4D, 0x5F, 0x4D, 0x5F, 0x4D, 0x5F, 0x4D, 0x5F, 0x4D, 0x5F,
    0x4D, 0x5F, 0x4D, 0x5F, 0x4D, 0x5F, 0x4D, 0x5F, 0x4D, 0x5F, 0x4D, 0x5F, 0x4D, 0x5F, 0x4D, 0x5F,
    0x4D, 0x5F, 0x4D, 0x5F, 0x4D, 0x5F, 0x4D, 0x5F, 0x4D, 0x5F, 0x4D, 0x5F, 0x4D, 0x5F, 0x4D, 0x5F,
    0x4D, 0x5F, 0x4D, 0x5F, 0x4D, 0x5F, 0x4D, 0x5F, 0x4D, 0x5F, 0x4D, 0x5F, 0xDD, 0x4D, 0x5F, 0x4D,
    0x5F, 0x4D, 0x5F, 0x4D, 0x5F, 0x4D, 0x5F, 0x4D, 0x5F, 0x4D, 0x5F, 0x4D, 0x5F, 0x4D, 0x5F, 0x4D,
    0x5F, 0x4D, 0x5F, 0x4D, 0x5F, 0x4D, 0x5F, 0x4D, 0x5F, 0x4D, 0x5F, 0x4D, 0x5F, 0x4D, 0x5F, 0x4D,
    0x5F, 0x4D, 0x5F, 0x4D, 0x5F, 0x4D, 0x5F, 0x4D, 0x5F, 0x4D, 0x5F, 0x4D, 0x5F, 0x4D, 0x5F, 0x4D,
    0x5F, 0x4D, 0x5F, 0x4D, 0x5F, 0x4D, 0x5F, 0x4D, 0x5F, 0x4D, 0x5F, 0x4D, 0x5F, 0x4D, 0x5F, 0x4D,
    0x5F, 0x4D, 0x5F, 0x4D, 0x5F, 0x4D, 0x5F, 0x4D, 0x7F, 0x4D, 0x3F, 0x08, 0x83, 0x31, 0xA3, 0xFF,
    0xE5, 0xFF, 0xE5, 0xFF, 0xE5, 0xFF, 0xC4, 0xFF, 0xE5, 0xC6, 0x05, 0x02, 0x00, 0xFF, 0x1A, 0x2C,
    0x55, 0xFF, 0x4D, 0x9F, 0x55, 0x9F, 0x55, 0x9F, 0x55, 0x9F, 0x4D, 0x7F, 0x4D, 0x5F, 0x4D, 0x5F,
    0x4D, 0x5F, 0x4D, 0x5F, 0x4D, 0x5F, 0x4D, 0x5F, 0x4D, 0x5F, 0x4D, 0x5F, 0x4D, 0x5F, 0x4D, 0x5F,
    0x4D, 0x5F, 0x4D, 0x5F, 0x4D, 0x5F, 0x4D, 0x5F, 0x4D, 0x5F, 0x4D, 0x5F, 0x4D, 0x5F, 0x4D, 0x5F,
    0x4D, 0x5F, 0x4D, 0x5F, 0x4D, 0x5F, 0x4D, 0x5F, 0x4D, 0x5F, 0x4D, 0x5F, 0x4D, 0x5F, 0x4D, 0x5F,
    0x4D, 0x5F, 0x4D, 0x5F, 0x4D, 0x5F, 0x4D, 0x5F, 0x4D, 0x5F, 0x4D, 0x5F, 0x4D, 0x5F, 0x4D, 0x5F,
    0x4D, 0x5F, 0x4D, 0x5F, 0x4D, 0x5F, 0x4D, 0x5F, 0x4D, 0x5F, 0x4D, 0x5F, 0x4D, 0x5F, 0x4D, 0x5F,
    0x4D, 0x5F, 0x4D, 0x5F, 0x4D, 0x5F, 0x4D, 0x5F, 0x4D, 0x5F, 0x4D, 0x5F, 0x4D, 0x5F, 0x4D, 0x5F,
    0x4D, 0x5F, 0x4D, 0x5F, 0x4D, 0x5F, 0x4D, 0x5F, 0x4D, 0x5F, 0x4D, 0x5F, 0x4D, 0x5F, 0xFF, 0x4D,
    0x5F, 0x4D, 0x5F, 0x4D, 0x5F, 0x4D, 0x5F, 0x4D, 0x5F, 0x4D, 0x5F, 0x4D, 0x5F, 0x4D, 0x5F, 0x4D,
    0x5F, 0x4D, 0x5F, 0x4D, 0x5F, 0x4D, 0x5F, 0x4D, 0x5F, 0x4D, 0x5F, 0x4D, 0x5F, 0x4D, 0x5F, 0x4D,
    0x5F, 0x4D, 0x5F, 0x4D, 0x5F, 0x4D, 0x5F, 0x4D, 0x5F, 0x4D, 0x5F, 0x4D, 0x5F, 0x4D, 0x5F, 0x4D,
    0x5F, 0x4D, 0x5F, 0x4D, 0x5F, 0x4D, 0x5F, 0x4D, 0x5F, 0x4D, 0x5F, 0x4D, 0x5F, 0x4D, 0x5F, 0x4D,
    0x5F, 0x4D, 0x5F, 0x4D, 0x5F, 0x4D, 0x5F, 0x4D, 0x5F, 0x4D, 0x5F, 0x4D, 0x5F, 0x4D, 0x5F, 0x4D,
    0x5F, 0x4D, 0x5F, 0x4D, 0x5F, 0x4D, 0x5F, 0x4D, 0x5F, 0x4D, 0x5F, 0x4D, 0x5F, 0x4D, 0x5F, 0x4D,
    0x5F, 0x4D, 0x5F, 0x4D, 0x5F, 0x4D, 0x5F, 0x4D, 0x5F, 0x4D, 0x5F, 0x4D, 0x5F, 0x4D, 0x5F, 0x4D,
    0x5F, 0x4D, 0x5F, 0x4D, 0x5F, 0x4D, 0x5F, 0x4D, 0x5F, 0x4D, 0x5F, 0x4D, 0x5F, 0x4D, 0x5F, 0xFF,
    0x4D, 0x5F, 0x4D, 0x5F, 0x4D, 0x5F, 0x4D, 0x5F, 0x4D, 0x5F, 0x4D, 0x5F, 0x4D, 0x5F, 0x4D, 0x5F,
    0x4D, 0x5F, 0x4D, 0x5F, 0x4D, 0x5F, 0x4D, 0x5F, 0x4D, 0x5F, 0x4D, 0x5F, 0x4D, 0x5F, 0x4D, 0x5F,
    0x4D, 0x5F, 0x4D, 0x5F, 0x4D, 0x5F, 0x4D, 0x5F, 0x4D, 0x5F, 0x4D, 0x5F, 0x4D, 0x5F, 0x4D, 0x5F,
    0x4D, 0x5F, 0x4D, 0x5F, 0x4D, 0x5F, 0x4D, 0x5F, 0x4D, 0x5F, 0x4D, 0x5F, 0x4D, 0x5F, 0x4D, 0x5F,
    0x4D, 0x5F, 0x4D, 0x5F, 0x4D, 0x5F, 0x4D, 0x5F, 0x4D, 0x5F, 0x4D, 0x5F, 0x4D, 0x5F, 0x4D, 0x5F,
    0x4D, 0x5F, 0x4D, 0x5F, 0x4D, 0x5F, 0x4D, 0x5F, 0x4D, 0x5F, 0x4D, 0x5F, 0x4D, 0x5F, 0x4D, 0x5F,
    0x4D, 0x5F, 0x4D, 0x5F, 0x4D, 0x5F, 0x4D, 0x5F, 0x4D, 0x5F, 0x4D, 0x5F, 0x4D, 0x5F, 0x4D, 0x5F,
    0x4D, 0x5F, 0x4D, 0x5F, 0x4D, 0x5F, 0x4D, 0x5F, 0x4D, 0x5F, 0x4D, 0x5F, 0x4D, 0x5F, 0x4D, 0x5F,
    0xFF, 0x4D, 0x5F, 0x4D, 0x5F, 0x4D, 0x5F, 0x4D, 0x5F, 0x4D, 0x5F, 0x4D, 0x5F, 0x4D, 0x5F, 0x4D,
    0x5F, 0x4D, 0x5F, 0x4D, 0x5F, 0x4D, 0x5F, 0x4D, 0x5F, 0x4D, 0x5F, 0x4D, 0x5F, 0x4D, 0x5F, 0x4D,
    0x5F, 0x4D, 0x5F, 0x4D, 0x5F, 0x4D, 0x5F, 0x4D, 0x5F, 0x4D, 0x5F, 0x4D, 0x5F, 0x4D, 0x5F, 0x4D,
    0x5F, 0x4D, 0x5F, 0x4D, 0x5F, 0x4D, 0x5F, 0x4D, 0x5F, 0x4D, 0x5F, 0x4D, 0x5F, 0x4D, 0x5F, 0x4D,
    0x5F, 0x4D, 0x5F, 0x4D, 0x5F, 0x4D, 0x5F, 0x4D, 0x5F, 0x4D, 0x3F, 0x4D, 0x5F, 0x4D, 0x3F, 0x08,
    0x83, 0x31, 0xA3, 0xFF, 0xE5, 0xFF, 0xE5, 0xFF, 0xE5, 0xFF, 0xC4, 0xFF, 0xE5, 0xDE, 0xC5, 0x63,
    0x04, 0x74, 0x0B, 0x3B, 0xF7, 0x3B, 0xF7, 0x3B, 0xF7, 0x3B, 0xF7, 0x3B, 0xB5, 0x44, 0x9B, 0x4D,
    0x5F, 0x4D, 0x3F, 0x4D, 0x5F, 0x4D, 0x5F, 0x4D, 0x5F, 0x4D, 0x5F, 0x4D, 0x5F, 0x4D, 0x5F, 0x4D,
    0x5F, 0xFF, 0x4D, 0x5F, 0x4D, 0x5F, 0x4D, 0x5F, 0x4D, 0x5F, 0x4D, 0x5F, 0x4D, 0x5F, 0x4D, 0x5F,
    0x4D, 0x5F, 0x4D, 0x5F, 0x4D, 0x5F, 0x4D, 0x5F, 0x4D, 0x5F, 0x4D, 0x5F, 0x4D, 0x5F, 0x4D, 0x5F,
    0x4D, 0x5F, 0x4D, 0x5F, 0x4D, 0x5F, 0x4D, 0x5F, 0x4D, 0x5F, 0x4D, 0x5F, 0x4D, 0x5F, 0x4D, 0x5F,
    0x4D, 0x5F, 0x4D, 0x5F, 0x4D, 0x5F, 0x4D, 0x5F, 0x4D, 0x5F, 0x4D, 0x5F, 0x4D, 0x5F, 0x4D, 0x5F,
    0x4D, 0x5F, 0x4D, 0x5F, 0x4D, 0x5F, 0x4D, 0x5F, 0x4D, 0x5F, 0x4D, 0x5F, 0x4D, 0x5F, 0x4D, 0x5F,
    0x4D, 0x5F, 0x4D, 0x5F, 0x4D, 0x5F, 0x4D, 0x5F, 0x4D, 0x5F, 0x4D, 0x5F, 0x4D, 0x5F, 0x4D, 0x5F,
    0x4D, 0x5F, 0x4D, 0x5F, 0x4D, 0x5F, 0x4D, 0x5F, 0x4D, 0x5F, 0x4D, 0x5F, 0x4D, 0x5F, 0x4D, 0x5F,
    0x4D, 0x5F, 0x4D, 0x5F, 0x4D, 0x5F, 0x4D, 0x5F, 0x4D, 0x5F, 0x4D, 0x5F, 0x4D, 0x5F, 0x4D, 0x5F,
    0x4D, 0x5F, 0xFF, 0x4D, 0x5F, 0x4D, 0x5F, 0x4D, 0x5F, 0x4D, 0x5F, 0x4D, 0x5F, 0x4D, 0x5F, 0x4D,
    0x5F, 0x4D, 0x5F, 0x4D, 0x5F, 0x4D, 0x5F, 0x4D, 0x5F, 0x4D, 0x5F, 0x4D, 0x5F, 0x4D, 0x5F, 0x4D,
    0x5F, 0x4D, 0x5F, 0x4D, 0x5F, 0x4D, 0x5F, 0x4D, 0x5F, 0x4D, 0x5F, 0x4D, 0x5F, 0x4D, 0x5F, 0x4D,
    0x5F, 0x4D, 0x5F, 0x4D, 0x5F, 0x4D, 0x5F, 0x4D, 0x5F, 0x4D, 0x5F, 0x4D, 0x5F, 0x4D, 0x5F, 0x4D,
    0x5F, 0x4D, 0x5F, 0x4D, 0x5F, 0x4D, 0x5F, 0x4D, 0x5F, 0x4D, 0x5F, 0x4D, 0x5F, 0x4D, 0x5F, 0x4D,
    0x5F, 0x4D, 0x5F, 0x4D, 0x5F, 0x4D, 0x5F, 0x4D, 0x5F, 0x4D, 0x5F, 0x4D, 0x5F, 0x4D, 0x5F, 0x4D,
    0x5F, 0x4D, 0x5F, 0x4D, 0x5F, 0x4D, 0x5F, 0x4D, 0x5F, 0x4D, 0x5F, 0x4D, 0x5F, 0x4D, 0x5F, 0x4D,
    0x5F, 0x4D, 0x5F, 0x4D, 0x5F, 0x4D, 0x5F, 0x4D, 0x5F, 0x4D, 0x5F, 0x4D, 0x5F, 0x4D, 0x5F, 0x4D,
    0x5F, 0x4D, 0x5F, 0xFF, 0x4D, 0x5F, 0x4D, 0x5F, 0x4D, 0x5F, 0x4D, 0x5F, 0x4D, 0x5F, 0x4D, 0x5F,
    0x4D, 0x5F, 0x4D, 0x5F, 0x4D, 0x5F, 0x4D, 0x5F, 0x4D, 0x5F, 0x4D, 0x5F, 0x4D, 0x5F, 0x4D, 0x5F,
    0x4D, 0x5F, 0x4D, 0x5F, 0x4D, 0x5F, 0x4D, 0x5F, 0x4D, 0x5F, 0x4D, 0x5F, 0x4D, 0x5F, 0x4D, 0x5F,
    0x4D, 0x5F, 0x4D, 0x5F, 0x4D, 0x5F, 0x4D, 0x5F, 0x4D, 0x5F, 0x4D, 0x5F, 0x4D, 0x5F, 0x4D, 0x5F,
    0x4D, 0x5F, 0x4D, 0x5F, 0x4D, 0x5F, 0x4D, 0x5F, 0x4D, 0x5F, 0x4D, 0x5F, 0x4D, 0x5F, 0x4D, 0x5F,
    0x4D, 0x5F, 0x4D, 0x5F, 0x4D, 0x5F, 0x4D, 0x5F, 0x4D, 0x5F, 0x4D, 0x5F, 0x4D, 0x5F, 0x4D, 0x5F,
    0x4D, 0x5F, 0x4D, 0x5F, 0x4D, 0x5F, 0x4D, 0x5F, 0x4D, 0x5F, 0x4D, 0x5F, 0x4D, 0x5F, 0x4D, 0x5F,
    0x4D, 0x5F, 0x4D, 0x5F, 0x4D, 0x5F, 0x4D, 0x5F, 0x4D, 0x5F, 0x4D, 0x5F, 0x4D, 0x5F, 0x4D, 0x5F,
    0x4D, 0x5F, 0x4D, 0x5F, 0xAE, 0x4D, 0x5F, 0x4D, 0x5F, 0x4D, 0x5F, 0x4D, 0x5F, 0x4D, 0x5F, 0x4D,
    0x5F, 0x4D, 0x5F, 0x4D, 0x5F, 0x4D, 0x5F, 0x4D, 0x5F, 0x4D, 0x5F, 0x4D, 0x5F, 0x4D, 0x5F, 0x4D,
    0x5F, 0x4D, 0x5F, 0x4D, 0x5F, 0x4D, 0x5F, 0x4D, 0x9F, 0x55, 0x9F, 0x55, 0x9F, 0x55, 0x9F, 0x55,
    0x9F, 0x4D, 0x9F, 0x00, 0x02, 0x21, 0x90, 0x23, 0xFF, 0xE5, 0xFF, 0xE5, 0xFF, 0xE5, 0xFF, 0xE5,
    0xFF, 0xE5, 0xFF, 0xE5, 0xFF, 0xE5, 0xC6, 0x05, 0x0A, 0x00, 0xFF, 0x33, 0x32, 0x55, 0xFF, 0x4D,
    0x9F, 0x55, 0x9F, 0x55, 0x9F, 0x55, 0x9F, 0x4D, 0x7F, 0x4D, 0x5F, 0x4D, 0x5F, 0x4D, 0x5F, 0x4D,
    0x5F, 0x4D, 0x5F, 0x4D, 0x5F, 0x4D, 0x5F, 0x4D, 0x5F, 0x4D, 0x5F, 0x4D, 0x5F, 0x4D, 0x5F, 0x4D,
    0x5F, 0x4D, 0x5F, 0x4D, 0x9F, 0x55, 0x9F, 0x55, 0x9F, 0x55, 0x9F, 0x55, 0x9F, 0x55, 0x9F, 0x55,
    0x9F, 0x55, 0x9F, 0x55, 0x9F, 0x4D, 0x9F, 0x4D, 0x9F, 0x4D, 0x9F, 0x4D, 0x9F, 0x4D, 0x9F, 0x4D,
    0x7F, 0x4D, 0x7F, 0x4D, 0x5F, 0x4D, 0x5F, 0x4D, 0x5F, 0x4D, 0x5F, 0x4D, 0x5F, 0x4D, 0x5F, 0x4D,
    0x5F, 0x4D, 0x5F, 0x4D, 0x5F, 0x4D, 0x5F, 0x4D, 0x5F, 0x4D, 0x5F, 0x4D, 0x5F, 0x4D, 0x5F, 0x4D,
    0x5F, 0x4D, 0x5F, 0x4D, 0x5F, 0x4D, 0x5F, 0x4D, 0x5F, 0x4D, 0x5F, 0x4D, 0x5F, 0x4D, 0x5F, 0x4D,
    0x5F, 0x4D, 0x5F, 0x4D, 0x5F, 0x4D, 0x5F, 0x4D, 0x5F, 0x4D, 0x5F, 0xFF, 0x4D, 0x5F, 0x4D, 0x5F,
    0x4D, 0x5F, 0x4D, 0x5F, 0x4D, 0x5F, 0x4D, 0x5F, 0x4D, 0x5F, 0x4D, 0x5F, 0x4D, 0x5F, 0x4D, 0x5F,
    0x4D, 0x5F, 0x4D, 0x5F, 0x4D, 0x5F, 0x4D, 0x5F, 0x4D, 0x5F, 0x4D, 0x5F, 0x4D, 0x5F, 0x4D, 0x5F,
    0x4D, 0x5F, 0x4D, 0x5F, 0x4D, 0x5F, 0x4D, 0x5F, 0x4D, 0x5F, 0x4D, 0x5F, 0x4D, 0x5F, 0x4D, 0x5F,
    0x4D, 0x5F, 0x4D, 0x5F, 0x4D, 0x5F, 0x4D, 0x5F, 0x4D, 0x5F, 0x4D, 0x5F, 0x4D, 0x5F, 0x4D, 0x5F,
    0x4D, 0x5F, 0x4D, 0x5F, 0x4D, 0x5F, 0x4D, 0x5F, 0x4D, 0x5F, 0x4D, 0x5F, 0x4D, 0x5F, 0x4D, 0x5F,
    0x4D, 0x5F, 0x4D, 0x5F, 0x4D, 0x5F, 0x4D, 0x5F, 0x4D, 0x5F, 0x4D, 0x5F, 0x4D, 0x5F, 0x4D, 0x5F,
    0x4D, 0x5F, 0x4D, 0x5F, 0x4D, 0x5F, 0x4D, 0x5F, 0x4D, 0x5F, 0x4D, 0x5F, 0x4D, 0x5F, 0x4D, 0x5F,
    0x4D, 0x5F, 0x4D, 0x5F, 0x4D, 0x5F, 0x4D, 0x5F, 0x4D, 0x5F, 0x4D, 0x5F, 0xFF, 0x4D, 0x5F, 0x4D,
    0x5F, 0x4D, 0x5F, 0x4D, 0x5F, 0x4D, 0x5F, 0x4D, 0x5F, 0x4D, 0x5F, 0x4D, 0x5F, 0x4D, 0x5F, 0x4D,
    0x5F, 0x4D, 0x5F, 0x4D, 0x5F, 0x4D, 0x5F, 0x4D, 0x5F, 0x4D, 0x5F, 0x4D, 0x5F, 0x4D, 0x5F, 0x4D,
    0x5F, 0x4D, 0x5F, 0x4D, 0x5F, 0x4D, 0x5F, 0x4D, 0x5F, 0x4D, 0x5F, 0x4D, 0x5F, 0x4D, 0x5F, 0x4D,
    0x5F, 0x4D, 0x5F, 0x4D, 0x5F, 0x4D, 0x5F, 0x4D, 0x5F, 0x4D, 0x5F, 0x4D, 0x5F, 0x4D, 0x5F, 0x4D,
    0x5F, 0x4D, 0x5F, 0x4D, 0x5F, 0x4D, 0x5F, 0x4D, 0x5F, 0x4D, 0x5F, 0x4D, 0x5F, 0x4D, 0x5F, 0x4D,
    0x5F, 0x4D, 0x5F, 0x4D, 0x5F, 0x4D, 0x5F, 0x4D, 0x5F, 0x4D, 0x5F, 0x4D, 0x5F, 0x4D, 0x5F, 0x4D,
    0x5F, 0x4D, 0x5F, 0x4D, 0x5F, 0x4D, 0x5F, 0x4D, 0x5F, 0x4D, 0x5F, 0x4D, 0x5F, 0x4D, 0x5F, 0x4D,
    0x5F, 0x4D, 0x5F, 0x4D, 0x5F, 0x4D, 0x5F, 0x4D, 0x5F, 0x4D, 0x5F, 0x4D, 0x5F, 0xFF, 0x4D, 0x5F,
    0x4D, 0x5F, 0x4D, 0x5F, 0x4D, 0x5F, 0x4D, 0x5F, 0x4D, 0x5F, 0x4D, 0x5F, 0x4D, 0x5F, 0x4D, 0x5F,
    0x4D, 0x5F, 0x4D, 0x5F, 0x4D, 0x5F, 0x4D, 0x5F, 0x4D, 0x5F, 0x4D, 0x5F, 0x4D, 0x5F, 0x4D, 0x5F,
    0x4D, 0x5F, 0x4D, 0x5F, 0x4D, 0x5F, 0x4D, 0x5F, 0x4D, 0x5F, 0x4D, 0x5F, 0x4D, 0x5F, 0x4D, 0x5F,
    0x4D, 0x5F, 0x4D, 0x5F, 0x44, 0x58, 0x3B, 0xB5, 0x3B, 0xB5, 0x3B, 0xB5, 0x3B, 0xB5, 0x3B, 0xF7,
    0x63, 0x04, 0x8C, 0x45, 0xFF, 0xE5, 0xFF, 0xE5, 0xFF, 0xC4, 0xFF, 0xE5, 0xFF, 0xE5, 0xFF, 0xC4,
    0xFF, 0xC4, 0xDE, 0xC5, 0x63, 0x04, 0x63, 0x04, 0x63, 0x04, 0x63, 0x04, 0x63, 0x04, 0x74, 0x0B,
    0x3B, 0xF7, 0x3B, 0xB5, 0x3B, 0xB5, 0x3B, 0xB5, 0x3B, 0xB5, 0x4D, 0x1D, 0x4D, 0x7F, 0x4D, 0x3F,
    0x4D, 0x5F, 0x4D, 0x5F, 0x4D, 0x5F, 0x4D, 0x5F, 0x4D, 0x5F, 0x4D, 0x5F, 0x4D, 0x5F, 0xFF, 0x4D,
    0x5F, 0x4D, 0x5F, 0x4D, 0x7F, 0x4D, 0x3F, 0x3B, 0xB5, 0x22, 0x6E, 0x1A, 0x2C, 0x22, 0x6E, 0x22,
    0x6E, 0x22, 0x6E, 0x22, 0xD0, 0x33, 0x32, 0x33, 0x32, 0x3B, 0xB5, 0x3B, 0xF7, 0x3B, 0xF7, 0x44,
    0x58, 0x44, 0x58, 0x44, 0x9B, 0x4D, 0x1D, 0x4D, 0x7F, 0x4D, 0x7F, 0x4D, 0x9F, 0x55, 0x9F, 0x55,
    0x9F, 0x4D, 0x9F, 0x4D, 0x7F, 0x4D, 0x5F, 0x4D, 0x5F, 0x4D, 0x5F, 0x4D, 0x5F, 0x4D, 0x5F, 0x4D,
    0x5F, 0x4D, 0x5F, 0x4D, 0x5F, 0x4D, 0x5F, 0x4D, 0x5F, 0x4D, 0x5F, 0x4D, 0x5F, 0x4D, 0x5F, 0x4D,
    0x5F, 0x4D, 0x5F, 0x4D, 0x5F, 0x4D, 0x5F, 0x4D, 0x5F, 0x4D, 0x5F, 0x4D, 0x5F, 0x4D, 0x5F, 0x4D,
    0x5F, 0x4D, 0x5F, 0x4D, 0x5F, 0x4D, 0x5F, 0x4D, 0x5F, 0x4D, 0x5F, 0x4D, 0x5F, 0x4D, 0x5F, 0x4D,
    0x5F, 0x4D, 0x5F, 0x4D, 0x5F, 0x4D, 0x5F, 0x4D, 0x5F, 0x4D, 0x5F, 0x4D, 0x5F, 0x4D, 0x5F, 0xFF,
    0x4D, 0x5F, 0x4D, 0x5F, 0x4D, 0x5F, 0x4D, 0x5F, 0x4D, 0x5F, 0x4D, 0x5F, 0x4D, 0x5F, 0x4D, 0x5F,
    0x4D, 0x5F, 0x4D, 0x5F, 0x4D, 0x5F, 0x4D, 0x5F, 0x4D, 0x5F, 0x4D, 0x5F, 0x4D, 0x5F, 0x4D, 0x5F,
    0x4D, 0x5F, 0x4D, 0x5F, 0x4D, 0x5F, 0x4D, 0x5F, 0x4D, 0x5F, 0x4D, 0x5F, 0x4D, 0x5F, 0x4D, 0x5F,
    0x4D, 0x5F, 0x4D, 0x5F, 0x4D, 0x5F, 0x4D, 0x5F, 0x4D, 0x5F, 0x4D, 0x5F, 0x4D, 0x5F, 0x4D, 0x5F,
    0x4D, 0x5F, 0x4D, 0x5F, 0x4D, 0x5F, 0x4D, 0x5F, 0x4D, 0x5F, 0x4D, 0x5F, 0x4D, 0x5F, 0x4D, 0x5F,
    0x4D, 0x5F, 0x4D, 0x5F, 0x4D, 0x5F, 0x4D, 0x5F, 0x4D, 0x5F, 0x4D, 0x5F, 0x4D, 0x5F, 0x4D, 0x5F,
    0x4D, 0x5F, 0x4D, 0x5F, 0x4D, 0x5F, 0x4D, 0x5F, 0x4D, 0x5F, 0x4D, 0x5F, 0x4D, 0x5F, 0x4D, 0x5F,
    0x4D, 0x5F, 0x4D, 0x5F, 0x4D, 0x5F, 0x4D, 0x5F, 0x4D, 0x5F, 0x4D, 0x5F, 0x4D, 0x5F, 0x4D, 0x5F,
    0xFF, 0x4D, 0x5F, 0x4D, 0x5F, 0x4D, 0x5F, 0x4D, 0x5F, 0x4D, 0x5F, 0x4D, 0x5F, 0x4D, 0x5F, 0x4D,
    0x5F, 0x4D, 0x5F, 0x4D, 0x5F, 0x4D, 0x5F, 0x4D, 0x5F, 0x4D, 0x5F, 0x4D, 0x5F, 0x4D, 0x5F, 0x4D,
    0x5F, 0x4D, 0x5F, 0x4D, 0x5F, 0x4D, 0x5F, 0x4D, 0x5F, 0x4D, 0x5F, 0x4D, 0x5F, 0x4D, 0x5F, 0x4D,
    0x5F, 0x4D, 0x5F, 0x4D, 0x5F, 0x4D, 0x5F, 0x4D, 0x5F, 0x4D, 0x5F, 0x4D, 0x5F, 0x4D, 0x5F, 0x4D,
    0x5F, 0x4D, 0x5F, 0x4D, 0x5F, 0x4D, 0x5F, 0x4D, 0x5F, 0x4D, 0x5F, 0x4D, 0x5F, 0x4D, 0x5F, 0x4D,
    0x5F, 0x4D, 0x5F, 0x4D, 0x5F, 0x4D, 0x5F, 0x4D, 0x5F, 0x4D, 0x5F, 0x4D, 0x5F, 0x4D, 0x5F, 0x4D,
    0x5F, 0x4D, 0x5F, 0x4D, 0x5F, 0x4D, 0x5F, 0x4D, 0x5F, 0x4D, 0x5F, 0x4D, 0x5F, 0x4D, 0x5F, 0x4D,
    0x5F, 0x4D, 0x5F, 0x4D, 0x5F, 0x4D, 0x5F, 0x4D, 0x5F, 0x4D, 0x5F, 0x4D, 0x5F, 0x4D, 0x5F, 0x4D,
    0x5F, 0x97, 0x4D, 0x5F, 0x4D, 0x5F, 0x4D, 0x5F, 0x4D, 0x5F, 0x4D, 0x5F, 0x4D, 0x5F, 0x4D, 0x5F,
    0x4D, 0x9F, 0x55, 0x9F, 0x55, 0x9F, 0x55, 0x9F, 0x09, 0x06, 0x08, 0x00, 0xA1, 0x20, 0x63, 0xFF,
    0xC4, 0xFF, 0xE5, 0xFF, 0xC4, 0xFF, 0xE5, 0xFF, 0xE5, 0xFF, 0xE5, 0xFF, 0xE5, 0xFF, 0xE5, 0xFF,
    0xE5, 0xFF, 0xE5, 0xFF, 0xE5, 0xFF, 0xE5, 0xFF, 0xE5, 0xFF, 0xE5, 0xFF, 0xE5, 0x8C, 0x45, 0x0A,
    0x00, 0x9B, 0x22, 0x6E, 0x4D, 0x3F, 0x55, 0x9F, 0x55, 0x9F, 0x4D, 0x5F, 0x4D, 0x5F, 0x4D, 0x5F,
    0x4D, 0x5F, 0x4D, 0x5F, 0x4D, 0x5F, 0x4D, 0x5F, 0x4D, 0x7F, 0x44, 0x9B, 0x09, 0x06, 0x1B, 0x00,
    0xFF, 0x21, 0x00, 0x21, 0x09, 0x06, 0x11, 0x68, 0x11, 0xAA, 0x1A, 0x2C, 0x22, 0xD0, 0x3B, 0xB5,
    0x3B, 0xF7, 0x4D, 0x1D, 0x4D, 0x9F, 0x4D, 0x5F, 0x4D, 0x5F, 0x4D, 0x5F, 0x4D, 0x5F, 0x4D, 0x5F,
    0x4D, 0x5F, 0x4D, 0x5F, 0x4D, 0x5F, 0x4D, 0x5F, 0x4D, 0x5F, 0x4D, 0x5F, 0x4D, 0x5F, 0x4D, 0x5F,
    0x4D, 0x5F, 0x4D, 0x5F, 0x4D, 0x5F, 0x4D, 0x5F, 0x4D, 0x5F, 0x4D, 0x5F, 0x4D, 0x5F, 0x4D, 0x5F,
    0x4D, 0x5F, 0x4D, 0x5F, 0x4D, 0x5F, 0x4D, 0x5F, 0x4D, 0x5F, 0x4D, 0x5F, 0x4D, 0x5F, 0x4D, 0x5F,
    0x4D, 0x5F, 0x4D, 0x5F, 0x4D, 0x5F, 0x4D, 0x5F, 0x4D, 0x5F, 0x4D, 0x5F, 0x4D, 0x5F, 0x4D, 0x5F,
    0x4D, 0x5F, 0x4D, 0x5F, 0x4D, 0x5F, 0x4D, 0x5F, 0x4D, 0x5F, 0x4D, 0x5F, 0x4D, 0x5F, 0x4D, 0x5F,
    0x4D, 0x5F, 0x4D, 0x5F, 0x4D, 0x5F, 0x4D, 0x5F, 0x4D, 0x5F, 0x4D, 0x5F, 0x4D, 0x5F, 0x4D, 0x5F,
    0x4D, 0xFF, 0x5F, 0x4D, 0x5F, 0x4D, 0x5F, 0x4D, 0x5F, 0x4D, 0x5F, 0x4D, 0x5F, 0x4D, 0x5F, 0x4D,
    0x5F, 0x4D, 0x5F, 0x4D, 0x5F, 0x4D, 0x5F, 0x4D, 0x5F, 0x4D, 0x5F, 0x4D, 0x5F, 0x4D, 0x5F, 0x4D,
    0x5F, 0x4D, 0x5F, 0x4D, 0x5F, 0x4D, 0x5F, 0x4D, 0x5F, 0x4D, 0x5F, 0x4D, 0x5F, 0x4D, 0x5F, 0x4D,
    0x5F, 0x4D, 0x5F, 0x4D, 0x5F, 0x4D, 0x5F, 0x4D, 0x5F, 0x4D, 0x5F, 0x4D, 0x5F, 0x4D, 0x5F, 0x4D,
    0x5F, 0x4D, 0x5F, 0x4D, 0x5F, 0x4D, 0x5F, 0x4D, 0x5F, 0x4D, 0x5F, 0x4D, 0x5F, 0x4D, 0x5F, 0x4D,
    0x5F, 0x4D, 0x5F, 0x4D, 0x5F, 0x4D, 0x5F, 0x4D, 0x5F, 0x4D, 0x5F, 0x4D, 0x5F, 0x4D, 0x5F, 0x4D,
    0x5F, 0x4D, 0x5F, 0x4D, 0x5F, 0x4D, 0x5F, 0x4D, 0x5F, 0x4D, 0x5F, 0x4D, 0x5F, 0x4D, 0x5F, 0x4D,
    0x5F, 0x4D, 0x5F, 0x4D, 0x5F, 0x4D, 0x5F, 0x4D, 0x5F, 0x4D, 0x5F, 0x4D, 0x5F, 0x4D, 0x5F, 0x4D,
    0x5F, 0x4D, 0xFF, 0x5F, 0x4D, 0x5F, 0x4D, 0x5F, 0x4D, 0x5F, 0x4D, 0x5F, 0x4D, 0x5F, 0x4D, 0x5F,
    0x4D, 0x5F, 0x4D, 0x5F, 0x4D, 0x5F, 0x4D, 0x5F, 0x4D, 0x5F, 0x4D, 0x5F, 0x4D, 0x5F, 0x4D, 0x5F,
    0x4D, 0x5F, 0x4D, 0x5F, 0x4D, 0x5F, 0x4D, 0x5F, 0x4D, 0x5F, 0x4D, 0x5F, 0x4D, 0x5F, 0x4D, 0x5F,
    0x4D, 0x5F, 0x4D, 0x5F, 0x4D, 0x5F, 0x4D, 0x5F, 0x4D, 0x5F, 0x4D, 0x5F, 0x4D, 0x5F, 0x4D, 0x5F,
    0x4D, 0x5F, 0x4D, 0x5F, 0x4D, 0x5F, 0x4D, 0x5F, 0x4D, 0x5F, 0x4D, 0x5F, 0x4D, 0x5F, 0x4D, 0x5F,
    0x4D, 0x5F, 0x4D, 0x5F, 0x4D, 0x5F, 0x4D, 0x5F, 0x4D, 0x5F, 0x4D, 0x5F, 0x4D, 0x5F, 0x4D, 0x5F,
    0x4D, 0x5F, 0x4D, 0x5F, 0x4D, 0x5F, 0x4D, 0x5F, 0x4D, 0x3F, 0x4D, 0x3F, 0x4D, 0x7F, 0x44, 0x58,
    0x3B, 0xB5, 0x3B, 0xB5, 0x3B, 0xF7, 0x74, 0x0B, 0x8C, 0x45, 0x8C, 0x45, 0x8C, 0x45, 0x8C, 0x45,
    0x8C, 0x45, 0xF7, 0xC2, 0x65, 0xFF, 0xE5, 0xFF, 0xE5, 0xFF, 0xE5, 0xFF, 0xE5, 0xFF, 0xE5, 0xFF,
    0xE5, 0xFF, 0xE5, 0xFF, 0xE5, 0xFF, 0xE5, 0xFF, 0xC4, 0xFF, 0xC4, 0xFF, 0xC4, 0xFF, 0xC4, 0xFF,
    0xE5, 0xC6, 0x05, 0x73, 0x84, 0x8C, 0x45, 0x8C, 0x45, 0x8C, 0x45, 0x8C, 0x45, 0x52, 0x45, 0x11,
    0x68, 0x3B, 0xB5, 0x3B, 0xB5, 0x4D, 0x1D, 0x4D, 0x7F, 0x4D, 0x5F, 0x4D, 0x5F, 0x4D, 0x5F, 0x4D,
    0x5F, 0x4D, 0x5F, 0x4D, 0x3F, 0x09, 0x06, 0x2E, 0x00, 0xFF, 0x08, 0x83, 0x33, 0x32, 0x4D, 0x5F,
    0x4D, 0x5F, 0x4D, 0x5F, 0x4D, 0x5F, 0x4D, 0x5F, 0x4D, 0x5F, 0x4D, 0x5F, 0x4D, 0x5F, 0x4D, 0x5F,
    0x4D, 0x5F, 0x4D, 0x5F, 0x4D, 0x5F, 0x4D, 0x5F, 0x4D, 0x5F, 0x4D, 0x5F, 0x4D, 0x5F, 0x4D, 0x5F,
    0x4D, 0x5F, 0x4D, 0x5F, 0x4D, 0x5F, 0x4D, 0x5F, 0x4D, 0x5F, 0x4D, 0x5F, 0x4D, 0x5F, 0x4D, 0x5F,
    0x4D, 0x5F, 0x4D, 0x5F, 0x4D, 0x5F, 0x4D, 0x5F, 0x4D, 0x5F, 0x4D, 0x5F, 0x4D, 0x5F, 0x4D, 0x5F,
    0x4D, 0x5F, 0x4D, 0x5F, 0x4D, 0x5F, 0x4D, 0x5F, 0x4D, 0x5F, 0x4D, 0x5F, 0x4D, 0x5F, 0x4D, 0x5F,
    0x4D, 0x5F, 0x4D, 0x5F, 0x4D, 0x5F, 0x4D, 0x5F, 0x4D, 0x5F, 0x4D, 0x5F, 0x4D, 0x5F, 0x4D, 0x5F,
    0x4D, 0x5F, 0x4D, 0x5F, 0x4D, 0x5F, 0x4D, 0x5F, 0x4D, 0x5F, 0x4D, 0x5F, 0x4D, 0x5F, 0x4D, 0x5F,
    0x4D, 0x5F, 0x4D, 0x5F, 0x4D, 0x5F, 0x4D, 0x5F, 0x4D, 0x5F, 0xFF, 0x4D, 0x5F, 0x4D, 0x5F, 0x4D,
    0x5F, 0x4D, 0x5F, 0x4D, 0x5F, 0x4D, 0x5F, 0x4D, 0x5F, 0x4D, 0x5F, 0x4D, 0x5F, 0x4D, 0x5F, 0x4D,
    0x5F, 0x4D, 0x5F, 0x4D, 0x5F, 0x4D, 0x5F, 0x4D, 0x5F, 0x4D, 0x5F, 0x4D, 0x5F, 0x4D, 0x5F, 0x4D,
    0x5F, 0x4D, 0x5F, 0x4D, 0x5F, 0x4D, 0x5F, 0x4D, 0x5F, 0x4D, 0x5F, 0x4D, 0x5F, 0x4D, 0x5F, 0x4D,
    0x5F, 0x4D, 0x5F, 0x4D, 0x5F, 0x4D, 0x5F, 0x4D, 0x5F, 0x4D, 0x5F, 0x4D, 0x5F, 0x4D, 0x5F, 0x4D,
    0x5F, 0x4D, 0x5F, 0x4D, 0x5F, 0x4D, 0x5F, 0x4D, 0x5F, 0x4D, 0x5F, 0x4D, 0x5F, 0x4D, 0x5F, 0x4D,
    0x5F, 0x4D, 0x5F, 0x4D, 0x5F, 0x4D, 0x5F, 0x4D, 0x5F, 0x4D, 0x5F, 0x4D, 0x5F, 0x4D, 0x5F, 0x4D,
    0x5F, 0x4D, 0x5F, 0x4D, 0x5F, 0x4D, 0x5F, 0x4D, 0x5F, 0x4D, 0x5F, 0x4D, 0x5F, 0x4D, 0x5F, 0x4D,
    0x5F, 0x4D, 0x5F, 0x4D, 0x5F, 0x4D, 0x5F, 0x4D, 0x5F, 0x4D, 0x5F, 0xDB, 0x4D, 0x5F, 0x4D, 0x5F,
    0x4D, 0x5F, 0x4D, 0x5F, 0x4D, 0x5F, 0x4D, 0x5F, 0x4D, 0x5F, 0x4D, 0x5F, 0x4D, 0x5F, 0x4D, 0x5F,
    0x4D, 0x5F, 0x4D, 0x5F, 0x4D, 0x5F, 0x4D, 0x5F, 0x4D, 0x5F, 0x4D, 0x5F, 0x4D, 0x5F, 0x4D, 0x5F,
    0x4D, 0x5F, 0x4D, 0x5F, 0x4D, 0x5F, 0x4D, 0x5F, 0x4D, 0x5F, 0x4D, 0x5F, 0x4D, 0x5F, 0x4D, 0x5F,
    0x4D, 0x5F, 0x4D, 0x5F, 0x4D, 0x5F, 0x4D, 0x5F, 0x4D, 0x5F, 0x4D, 0x5F, 0x4D, 0x5F, 0x4D, 0x5F,
    0x4D, 0x5F, 0x4D, 0x5F, 0x4D, 0x5F, 0x4D, 0x5F, 0x4D, 0x5F, 0x4D, 0x5F, 0x4D, 0x5F, 0x4D, 0x9F,
    0x55, 0x9F, 0x55, 0x9F, 0x55, 0xFF, 0x11, 0xAA, 0x06, 0x00, 0xB7, 0xDE, 0xC5, 0xFF, 0xE5, 0xFF,
    0xE5, 0xFF, 0xE5, 0xFF, 0xE5, 0xFF, 0xE5, 0xFF, 0xE5, 0xFF, 0xE5, 0xFF, 0xC4, 0xFF, 0xE5, 0xFF,
    0xE5, 0xFF, 0xE5, 0xFF, 0xE5, 0xFF, 0xE5, 0xFF, 0xE5, 0xFF, 0xE5, 0xFF, 0xE5, 0xFF, 0xE5, 0xFF,
    0xE5, 0xFF, 0xE5, 0xFF, 0xC4, 0xFF, 0xE5, 0xFF, 0xE5, 0xFF, 0xE5, 0xFF, 0xE5, 0xFF, 0xE5, 0xFF,
    0xE5, 0x73, 0x84, 0x06, 0x00, 0x8F, 0x44, 0x9B, 0x4D, 0x7F, 0x4D, 0x5F, 0x4D, 0x5F, 0x4D, 0x5F,
    0x4D, 0x5F, 0x4D, 0x9F, 0x3B, 0xF7, 0x34, 0x00, 0xFF, 0x22, 0xD0, 0x4D, 0x9F, 0x4D, 0x5F, 0x4D,
    0x5F, 0x4D, 0x5F, 0x4D, 0x5F, 0x4D, 0x5F, 0x4D, 0x5F, 0x4D, 0x5F, 0x4D, 0x5F, 0x4D, 0x5F, 0x4D,
    0x5F, 0x4D, 0x5F, 0x4D, 0x5F, 0x4D, 0x5F, 0x4D, 0x5F, 0x4D, 0x5F, 0x4D, 0x5F, 0x4D, 0x5F, 0x4D,
    0x5F, 0x4D, 0x5F, 0x4D, 0x5F, 0x4D, 0x5F, 0x4D, 0x5F, 0x4D, 0x5F, 0x4D, 0x5F, 0x4D, 0x5F, 0x4D,
    0x5F, 0x4D, 0x5F, 0x4D, 0x5F, 0x4D, 0x5F, 0x4D, 0x5F, 0x4D, 0x5F, 0x4D, 0x5F, 0x4D, 0x5F, 0x4D,
    0x5F, 0x4D, 0x5F, 0x4D, 0x5F, 0x4D, 0x5F, 0x4D, 0x5F, 0x4D, 0x5F, 0x4D, 0x5F, 0x4D, 0x5F, 0x4D,
    0x5F, 0x4D, 0x5F, 0x4D, 0x5F, 0x4D, 0x5F, 0x4D, 0x5F, 0x4D, 0x5F, 0x4D, 0x5F, 0x4D, 0x5F, 0x4D,
    0x5F, 0x4D, 0x5F, 0x4D, 0x5F, 0x4D, 0x5F, 0x4D, 0x5F, 0x4D, 0x5F, 0x4D, 0x5F, 0x4D, 0x5F, 0x4D,
    0x5F, 0x4D, 0x5F, 0x4D, 0x5F, 0x4D, 0x5F, 0x4D, 0x5F, 0xFF, 0x4D, 0x5F, 0x4D, 0x5F, 0x4D, 0x5F,
    0x4D, 0x5F, 0x4D, 0x5F, 0x4D, 0x5F, 0x4D, 0x5F, 0x4D, 0x5F, 0x4D, 0x5F, 0x4D, 0x5F, 0x4D, 0x5F,
    0x4D, 0x5F, 0x4D, 0x5F, 0x4D, 0x5F, 0x4D, 0x5F, 0x4D, 0x5F, 0x4D, 0x5F, 0x4D, 0x5F, 0x4D, 0x5F,
    0x4D, 0x5F, 0x4D, 0x5F, 0x4D, 0x5F, 0x4D, 0x5F, 0x4D, 0x5F, 0x4D, 0x5F, 0x4D, 0x5F, 0x4D, 0x5F,
    0x4D, 0x5F, 0x4D, 0x5F, 0x4D, 0x5F, 0x4D, 0x5F, 0x4D, 0x5F, 0x4D, 0x5F, 0x4D, 0x5F, 0x4D, 0x5F,
    0x4D, 0x5F, 0x4D, 0x5F, 0x4D, 0x5F, 0x4D, 0x5F, 0x4D, 0x5F, 0x4D, 0x5F, 0x4D, 0x5F, 0x4D, 0x5F,
    0x4D, 0x5F, 0x4D, 0x5F, 0x4D, 0x5F, 0x4D, 0x5F, 0x4D, 0x5F, 0x4D, 0x5F, 0x4D, 0x5F, 0x4D, 0x5F,
    0x4D, 0x5F, 0x4D, 0x5F, 0x4D, 0x5F, 0x4D, 0x5F, 0x4D, 0x5F, 0x4D, 0x5F, 0x4D, 0x5F, 0x4D, 0x5F,
    0x4D, 0x5F, 0x4D, 0x5F, 0x4D, 0x5F, 0x4D, 0x5F, 0x4D, 0x5F, 0xFF, 0x4D, 0x5F, 0x4D, 0x5F, 0x4D,
    0x5F, 0x4D, 0x5F, 0x4D, 0x5F, 0x4D, 0x5F, 0x4D, 0x5F, 0x4D, 0x5F, 0x4D, 0x5F, 0x4D, 0x5F, 0x4D,
    0x5F, 0x4D, 0x5F, 0x4D, 0x5F, 0x4D, 0x5F, 0x4D, 0x5F, 0x4D, 0x5F, 0x4D, 0x5F, 0x4D, 0x5F, 0x4D,
    0x5F, 0x4D, 0x5F, 0x4D, 0x5F, 0x4D, 0x5F, 0x4D, 0x5F, 0x4D, 0x5F, 0x4D, 0x5F, 0x4D, 0x5F, 0x4D,
    0x5F, 0x4D, 0x5F, 0x4D, 0x5F, 0x4D, 0x5F, 0x4D, 0x5F, 0x4D, 0x5F, 0x4D, 0x5F, 0x4D, 0x5F, 0x4D,
    0x5F, 0x4D, 0x5F, 0x4D, 0x5F, 0x4D, 0x5F, 0x4D, 0x7F, 0x44, 0x9B, 0x44, 0x58, 0x44, 0x58, 0x44,
    0x58, 0x74, 0x0B, 0x73, 0x84, 0x73, 0x84, 0x73, 0x84, 0xDE, 0xC5, 0xFF, 0xC4, 0xFF, 0xC4, 0xFF,
    0xC4, 0xFF, 0xC4, 0xFF, 0xC4, 0xFF, 0xE5, 0xFF, 0xE5, 0xFF, 0xE5, 0xFF, 0xE5, 0xFF, 0xE5, 0xFF,
    0xE5, 0xFF, 0xE5, 0xFF, 0xE5, 0xFF, 0xE5, 0xFF, 0xE5, 0xFF, 0xE5, 0xAB, 0xFF, 0xE5, 0xFF, 0xC4,
    0xFF, 0xC4, 0xFF, 0xE5, 0xDE, 0xC5, 0xAD, 0x24, 0xAD, 0x24, 0xAD, 0x24, 0xAD, 0x24, 0xAD, 0x24,
    0x63, 0x04, 0x08, 0x83, 0x21, 0x23, 0x21, 0x23, 0x3B, 0xB5, 0x4D, 0x9F, 0x4D, 0x5F, 0x4D, 0x5F,
    0x4D, 0x5F, 0x4D, 0x5F, 0x55, 0x9F, 0x33, 0x32, 0x31, 0x00, 0x80, 0x21, 0x02, 0x00, 0xFF, 0x08,
    0x83, 0x4D, 0x1D, 0x4D, 0x5F, 0x4D, 0x3F, 0x4D, 0x5F, 0x4D, 0x5F, 0x4D, 0x5F, 0x4D, 0x5F, 0x4D,
    0x5F, 0x4D, 0x5F, 0x4D, 0x5F, 0x4D, 0x5F, 0x4D, 0x5F, 0x4D, 0x5F, 0x4D, 0x5F, 0x4D, 0x5F, 0x4D,
    0x5F, 0x4D, 0x5F, 0x4D, 0x5F, 0x4D, 0x5F, 0x4D, 0x5F, 0x4D, 0x5F, 0x4D, 0x5F, 0x4D, 0x5F, 0x4D,
    0x5F, 0x4D, 0x5F, 0x4D, 0x5F, 0x4D, 0x5F, 0x4D, 0x5F, 0x4D, 0x5F, 0x4D, 0x5F, 0x4D, 0x5F, 0x4D,
    0x5F, 0x4D, 0x5F, 0x4D, 0x5F, 0x4D, 0x5F, 0x4D, 0x5F, 0x4D, 0x5F, 0x4D, 0x5F, 0x4D, 0x5F, 0x4D,
    0x5F, 0x4D, 0x5F, 0x4D, 0x5F, 0x4D, 0x5F, 0x4D, 0x5F, 0x4D, 0x5F, 0x4D, 0x5F, 0x4D, 0x5F, 0x4D,
    0x5F, 0x4D, 0x5F, 0x4D, 0x5F, 0x4D, 0x5F, 0x4D, 0x5F, 0x4D, 0x5F, 0x4D, 0x5F, 0x4D, 0x5F, 0x4D,
    0x5F, 0x4D, 0x5F, 0x4D, 0x5F, 0x4D, 0x5F, 0x4D, 0x5F, 0x4D, 0x5F, 0x4D, 0x5F, 0x4D, 0x5F, 0xFF,
    0x4D, 0x5F, 0x4D, 0x5F, 0x4D, 0x5F, 0x4D, 0x5F, 0x4D, 0x5F, 0x4D, 0x5F, 0x4D, 0x5F, 0x4D, 0x5F,
    0x4D, 0x5F, 0x4D, 0x5F, 0x4D, 0x5F, 0x4D, 0x5F, 0x4D, 0x5F, 0x4D, 0x5F, 0x4D, 0x5F, 0x4D, 0x5F,
    0x4D, 0x5F, 0x4D, 0x5F, 0x4D, 0x5F, 0x4D, 0x5F, 0x4D, 0x5F, 0x4D, 0x5F, 0x4D, 0x5F, 0x4D, 0x5F,
    0x4D, 0x5F, 0x4D, 0x5F, 0x4D, 0x5F, 0x4D, 0x5F, 0x4D, 0x5F, 0x4D, 0x5F, 0x4D, 0x5F, 0x4D, 0x5F,
    0x4D, 0x5F, 0x4D, 0x5F, 0x4D, 0x5F, 0x4D, 0x5F, 0x4D, 0x5F, 0x4D, 0x5F, 0x4D, 0x5F, 0x4D, 0x5F,
    0x4D, 0x5F, 0x4D, 0x5F, 0x4D, 0x5F, 0x4D, 0x5F, 0x4D, 0x5F, 0x4D, 0x5F, 0x4D, 0x5F, 0x4D, 0x5F,
    0x4D, 0x5F, 0x4D, 0x5F, 0x4D, 0x5F, 0x4D, 0x5F, 0x4D, 0x5F, 0x4D, 0x5F, 0x4D, 0x5F, 0x4D, 0x5F,
    0x4D, 0x5F, 0x4D, 0x5F, 0x4D, 0x5F, 0x4D, 0x5F, 0x4D, 0x5F, 0x4D, 0x5F, 0x4D, 0x5F, 0x4D, 0x5F,
    0xCF, 0x4D, 0x5F, 0x4D, 0x5F, 0x4D, 0x5F, 0x4D, 0x5F, 0x4D, 0x5F, 0x4D, 0x5F, 0x4D, 0x5F, 0x4D,
    0x5F, 0x4D, 0x5F, 0x4D, 0x5F, 0x4D, 0x5F, 0x4D, 0x5F, 0x4D, 0x5F, 0x4D, 0x5F, 0x4D, 0x5F, 0x4D,
    0x5F, 0x4D, 0x5F, 0x4D, 0x5F, 0x4D, 0x5F, 0x4D, 0x5F, 0x4D, 0x5F, 0x4D, 0x5F, 0x4D, 0x5F, 0x4D,
    0x5F, 0x4D, 0x5F, 0x4D, 0x5F, 0x4D, 0x5F, 0x4D, 0x5F, 0x4D, 0x5F, 0x4D, 0x5F, 0x4D, 0x5F, 0x4D,
    0x5F, 0x4D, 0x5F, 0x4D, 0x5F, 0x4D, 0x5F, 0x4D, 0x5F, 0x4D, 0x5F, 0x4D, 0x3F, 0x55, 0x9F, 0x1A,
    0x2C, 0x06, 0x00, 0xB3, 0xC6, 0x05, 0xFF, 0xE5, 0xFF, 0xE5, 0xFF, 0xE5, 0xFF, 0xE5, 0xFF, 0xE5,
    0xFF, 0xE5, 0xFF, 0xE5, 0xFF, 0xE5, 0xFF, 0xE5, 0xFF, 0xE5, 0xFF, 0xE5, 0xFF, 0xE5, 0xFF, 0xE5,
    0xFF, 0xE5, 0xFF, 0xE5, 0xFF, 0xE5, 0xFF, 0xE5, 0xFF, 0xE5, 0xFF, 0xE5, 0xFF, 0xC4, 0xFF, 0xE5,
    0xFF, 0xE5, 0xFF, 0xE5, 0xFF, 0xE5, 0x8C, 0x45, 0x0B, 0x00, 0x80, 0x21, 0x08, 0x00, 0x8D, 0x3B,
    0xB5, 0x55, 0x9F, 0x4D, 0x5F, 0x4D, 0x5F, 0x4D, 0x5F, 0x4D, 0x9F, 0x3B, 0xF7, 0x10, 0x00, 0x8B,
    0x10, 0x41, 0x20, 0x63, 0x20, 0x63, 0x10, 0x41, 0x10, 0x41, 0x00, 0x21, 0x1A, 0x00, 0xFF, 0x3B,
    0xF7, 0x55, 0xFF, 0x55, 0x9F, 0x4D, 0x7F, 0x4D, 0x5F, 0x4D, 0x5F, 0x4D, 0x5F, 0x4D, 0x5F, 0x4D,
    0x5F, 0x4D, 0x5F, 0x4D, 0x5F, 0x4D, 0x5F, 0x4D, 0x5F, 0x4D, 0x5F, 0x4D, 0x5F, 0x4D, 0x5F, 0x4D,
    0x5F, 0x4D, 0x5F, 0x4D, 0x5F, 0x4D, 0x5F, 0x4D, 0x5F, 0x4D, 0x5F, 0x4D, 0x5F, 0x4D, 0x5F, 0x4D,
    0x5F, 0x4D, 0x5F, 0x4D, 0x5F, 0x4D, 0x5F, 0x4D, 0x5F, 0x4D, 0x5F, 0x4D, 0x5F, 0x4D, 0x5F, 0x4D,
    0x5F, 0x4D, 0x5F, 0x4D, 0x5F, 0x4D, 0x5F, 0x4D, 0x5F, 0x4D, 0x5F, 0x4D, 0x5F, 0x4D, 0x5F, 0x4D,
    0x5F, 0x4D, 0x5F, 0x4D, 0x5F, 0x4D, 0x5F, 0x4D, 0x5F, 0x4D, 0x5F, 0x4D, 0x5F, 0x4D, 0x5F, 0x4D,
    0x5F, 0x4D, 0x5F, 0x4D, 0x5F, 0x4D, 0x5F, 0x4D, 0x5F, 0x4D, 0x5F, 0x4D, 0x5F, 0x4D, 0x5F, 0x4D,
    0x5F, 0x4D, 0x5F, 0x4D, 0x5F, 0x4D, 0x5F, 0x4D, 0x5F, 0x4D, 0x5F, 0x4D, 0x5F, 0x4D, 0x5F, 0xFF,
    0x4D, 0x5F, 0x4D, 0x5F, 0x4D, 0x5F, 0x4D, 0x5F, 0x4D, 0x5F, 0x4D, 0x5F, 0x4D, 0x5F, 0x4D, 0x5F,
    0x4D, 0x5F, 0x4D, 0x5F, 0x4D, 0x5F, 0x4D, 0x5F, 0x4D, 0x5F, 0x4D, 0x5F, 0x4D, 0x5F, 0x4D, 0x5F,
    0x4D, 0x5F, 0x4D, 0x5F, 0x4D, 0x5F, 0x4D, 0x5F, 0x4D, 0x5F, 0x4D, 0x5F, 0x4D, 0x5F, 0x4D, 0x5F,
    0x4D, 0x5F, 0x4D, 0x5F, 0x4D, 0x5F, 0x4D, 0x5F, 0x4D, 0x5F, 0x4D, 0x5F, 0x4D, 0x5F, 0x4D, 0x5F,
    0x4D, 0x5F, 0x4D, 0x5F, 0x4D, 0x5F, 0x4D, 0x5F, 0x4D, 0x5F, 0x4D, 0x5F, 0x4D, 0x5F, 0x4D, 0x5F,
    0x4D, 0x5F, 0x4D, 0x5F, 0x4D, 0x5F, 0x4D, 0x5F, 0x4D, 0x5F, 0x4D, 0x5F, 0x4D, 0x5F, 0x4D, 0x5F,
    0x4D, 0x5F, 0x4D, 0x5F, 0x4D, 0x5F, 0x4D, 0x5F, 0x4D, 0x5F, 0x4D, 0x5F, 0x4D, 0x5F, 0x4D, 0x5F,
    0x4D, 0x5F, 0x4D, 0x5F, 0x4D, 0x5F, 0x4D, 0x5F, 0x4D, 0x5F, 0x4D, 0x5F, 0x4D, 0x5F, 0x4D, 0x5F,
    0xFF, 0x4D, 0x5F, 0x4D, 0x5F, 0x4D, 0x5F, 0x4D, 0x5F, 0x4D, 0x5F, 0x4D, 0x5F, 0x4D, 0x5F, 0x4D,
    0x5F, 0x4D, 0x5F, 0x4D, 0x5F, 0x4D, 0x5F, 0x4D, 0x5F, 0x4D, 0x5F, 0x4D, 0x5F, 0x4D, 0x5F, 0x4D,
    0x5F, 0x4D, 0x5F, 0x4D, 0x5F, 0x4D, 0x5F, 0x4D, 0x5F, 0x4D, 0x5F, 0x4D, 0x5F, 0x4D, 0x5F, 0x4D,
    0x5F, 0x4D, 0x5F, 0x4D, 0x5F, 0x4D, 0x5F, 0x4D, 0x5F, 0x4D, 0x5F, 0x4D, 0x5F, 0x4D, 0x5F, 0x4D,
    0x5F, 0x4D, 0x5F, 0x4D, 0x5F, 0x4D, 0x5F, 0x4D, 0x5F, 0x4D, 0x5F, 0x4D, 0x7F, 0x44, 0x58, 0x33,
    0x32, 0x33, 0x32, 0x3B, 0xB5, 0x74, 0x0B, 0x8C, 0x45, 0x8C, 0x45, 0x8C, 0x45, 0x8C, 0x45, 0x8C,
    0x45, 0x8C, 0x45, 0x8C, 0x45, 0xF7, 0x65, 0xFF, 0xE5, 0xFF, 0xC4, 0xFF, 0xC4, 0xFF, 0xE5, 0xFF,
    0xE5, 0xFF, 0xE5, 0xFF, 0xE5, 0xFF, 0xE5, 0xFF, 0xE5, 0xFF, 0xE5, 0xFF, 0xC4, 0xFF, 0xE5, 0xDE,
    0xC5, 0x9B, 0x8C, 0x45, 0x8C, 0x45, 0x8C, 0x45, 0x8B, 0x8A, 0x89, 0xCC, 0x89, 0xCC, 0xA1, 0xED,
    0xA1, 0xED, 0xA1, 0xED, 0xAA, 0x2F, 0xA1, 0xED, 0xAA, 0x2F, 0xAA, 0x2F, 0x59, 0x07, 0x02, 0x00,
    0x8D, 0x22, 0xD0, 0x4D, 0x9F, 0x4D, 0x7F, 0x4D, 0x3F, 0x4D, 0x7F, 0x4D, 0x1D, 0x09, 0x06, 0x0B,
    0x00, 0xA6, 0x21, 0x89, 0xCC, 0xE2, 0xD4, 0xF2, 0xF5, 0xF2, 0xF5, 0xF2, 0xF5, 0xE2, 0xD4, 0xD2,
    0xB3, 0xCA, 0x91, 0xCA, 0x91, 0xBA, 0x50, 0xBA, 0x50, 0xAA, 0x2F, 0xAA, 0x2F, 0xA1, 0xED, 0x79,
    0x8A, 0x59, 0x07, 0x48, 0xE6, 0x30, 0xA5, 0x10, 0x41, 0x02, 0x00, 0xFF, 0x08, 0x83, 0x11, 0xAA,
    0x22, 0x6E, 0x44, 0x9B, 0x4D, 0x9F, 0x4D, 0x5F, 0x4D, 0x5F, 0x4D, 0x5F, 0x4D, 0x5F, 0x4D, 0x5F,
    0x4D, 0x5F, 0x4D, 0x5F, 0x4D, 0x5F, 0x4D, 0x5F, 0x4D, 0x5F, 0x4D, 0x5F, 0x4D, 0x5F, 0x4D, 0x5F,
    0x4D, 0x5F, 0x4D, 0x5F, 0x4D, 0x5F, 0x4D, 0x5F, 0x4D, 0x5F, 0x4D, 0x5F, 0x4D, 0x5F, 0x4D, 0x5F,
    0x4D, 0x5F, 0x4D, 0x5F, 0x4D, 0x5F, 0x4D, 0x5F, 0x4D, 0x5F, 0x4D, 0x5F, 0x4D, 0x5F, 0x4D, 0x5F,
    0x4D, 0x5F, 0x4D, 0x5F, 0x4D, 0x5F, 0x4D, 0x5F, 0x4D, 0x5F, 0x4D, 0x5F, 0x4D, 0x5F, 0x4D, 0x5F,
    0x4D, 0x5F, 0x4D, 0x5F, 0x4D, 0x5F, 0x4D, 0x5F, 0x4D, 0x5F, 0x4D, 0x5F, 0x4D, 0x5F, 0x4D, 0x5F,
    0x4D, 0x5F, 0x4D, 0x5F, 0x4D, 0x5F, 0x4D, 0x5F, 0x4D, 0x5F, 0x4D, 0x5F, 0x4D, 0x5F, 0x4D, 0x5F,
    0x4D, 0x5F, 0x4D, 0x5F, 0x4D, 0x5F, 0x4D, 0x5F, 0x4D, 0x5F, 0x4D, 0x5F, 0xFF, 0x4D, 0x5F, 0x4D,
    0x5F, 0x4D, 0x5F, 0x4D, 0x5F, 0x4D, 0x5F, 0x4D, 0x5F, 0x4D, 0x5F, 0x4D, 0x5F, 0x4D, 0x5F, 0x4D,
    0x5F, 0x4D, 0x5F, 0x4D, 0x5F, 0x4D, 0x5F, 0x4D, 0x5F, 0x4D, 0x5F, 0x4D, 0x5F, 0x4D, 0x5F, 0x4D,
    0x5F, 0x4D, 0x5F, 0x4D, 0x5F, 0x4D, 0x5F, 0x4D, 0x5F, 0x4D, 0x5F, 0x4D, 0x5F, 0x4D, 0x5F, 0x4D,
    0x5F, 0x4D, 0x5F, 0x4D, 0x5F, 0x4D, 0x5F, 0x4D, 0x5F, 0x4D, 0x5F, 0x4D, 0x5F, 0x4D, 0x5F, 0x4D,
    0x5F, 0x4D, 0x5F, 0x4D, 0x5F, 0x4D, 0x5F, 0x4D, 0x5F, 0x4D, 0x5F, 0x4D, 0x5F, 0x4D, 0x5F, 0x4D,
    0x5F, 0x4D, 0x5F, 0x4D, 0x5F, 0x4D, 0x5F, 0x4D, 0x5F, 0x4D, 0x5F, 0x4D, 0x5F, 0x4D, 0x5F, 0x4D,
    0x5F, 0x4D, 0x5F, 0x4D, 0x5F, 0x4D, 0x5F, 0x4D, 0x5F, 0x4D, 0x5F, 0x4D, 0x5F, 0x4D, 0x5F, 0x4D,
    0x5F, 0x4D, 0x5F, 0x4D, 0x5F, 0x4D, 0x5F, 0x4D, 0x5F, 0x4D, 0x5F, 0x4D, 0x5F, 0xD5, 0x4D, 0x5F,
    0x4D, 0x5F, 0x4D, 0x5F, 0x4D, 0x5F, 0x4D, 0x5F, 0x4D, 0x5F, 0x4D, 0x5F, 0x4D, 0x5F, 0x4D, 0x5F,
    0x4D, 0x5F, 0x4D, 0x5F, 0x4D, 0x5F, 0x4D, 0x5F, 0x4D, 0x5F, 0x4D, 0x5F, 0x4D, 0x5F, 0x4D, 0x5F,
    0x4D, 0x5F, 0x4D, 0x5F, 0x4D, 0x5F, 0x4D, 0x5F, 0x4D, 0x5F, 0x4D, 0x5F, 0x4D, 0x5F, 0x4D, 0x5F,
    0x4D, 0x5F, 0x4D, 0x5F, 0x4D, 0x5F, 0x4D, 0x5F, 0x4D, 0x5F, 0x4D, 0x5F, 0x4D, 0x5F, 0x4D, 0x5F,
    0x4D, 0x5F, 0x4D, 0x5F, 0x4D, 0x5F, 0x4D, 0x5F, 0x4D, 0x5F, 0x4D, 0x7F, 0x55, 0x9F, 0x4D, 0x9F,
    0x55, 0xFF, 0x1A, 0x2C, 0x0E, 0x00, 0x9B, 0xF7, 0x65, 0xFF, 0xE5, 0xFF, 0xE5, 0xFF, 0xE5, 0xFF,
    0xE5, 0xFF, 0xE5, 0xFF, 0xE5, 0xFF, 0xE5, 0xFF, 0xE5, 0xFF, 0xE5, 0xFF, 0xE5, 0xFF, 0xE5, 0xFF,
    0xE5, 0xC6, 0x05, 0x06, 0x00, 0xA5, 0x89, 0xCC, 0xFB, 0x78, 0xFB, 0x37, 0xFB, 0x57, 0xFB, 0x57,
    0xFB, 0x57, 0xFB, 0x57, 0xFB, 0x57, 0xFB, 0x57, 0xFB, 0x57, 0xFB, 0x57, 0xCA, 0x91, 0x20, 0x63,
    0x11, 0x68, 0x4D, 0x1D, 0x4D, 0x9F, 0x4D, 0x3F, 0x4D, 0x9F, 0x22, 0x6E, 0x0A, 0x00, 0xFF, 0xAA,
    0x2F, 0xFB, 0x78, 0xFB, 0x36, 0xFB, 0x36, 0xFB, 0x36, 0xFB, 0x36, 0xFB, 0x36, 0xFB, 0x37, 0xFB,
    0x37, 0xFB, 0x37, 0xFB, 0x57, 0xFB, 0x57, 0xFB, 0x57, 0xFB, 0x57, 0xFB, 0x57, 0xFB, 0x57, 0xFB,
    0x57, 0xFB, 0x37, 0xFB, 0x36, 0xF2, 0xF5, 0xD2, 0xB3, 0xBA, 0x50, 0xA1, 0xED, 0x59, 0x07, 0x08,
    0x83, 0x3B, 0xF7, 0x4D, 0x9F, 0x4D, 0x5F, 0x4D, 0x5F, 0x4D, 0x5F, 0x4D, 0x5F, 0x4D, 0x5F, 0x4D,
    0x5F, 0x4D, 0x5F, 0x4D, 0x5F, 0x4D, 0x5F, 0x4D, 0x5F, 0x4D, 0x5F, 0x4D, 0x5F, 0x4D, 0x5F, 0x4D,
    0x5F, 0x4D, 0x5F, 0x4D, 0x5F, 0x4D, 0x5F, 0x4D, 0x5F, 0x4D, 0x5F, 0x4D, 0x5F, 0x4D, 0x5F, 0x4D,
    0x5F, 0x4D, 0x5F, 0x4D, 0x5F, 0x4D, 0x5F, 0x4D, 0x5F, 0x4D, 0x5F, 0x4D, 0x5F, 0x4D, 0x5F, 0x4D,
    0x5F, 0x4D, 0x5F, 0x4D, 0x5F, 0x4D, 0x5F, 0x4D, 0x5F, 0x4D, 0x5F, 0x4D, 0x5F, 0x4D, 0x5F, 0xFF,
    0x4D, 0x5F, 0x4D, 0x5F, 0x4D, 0x5F, 0x4D, 0x5F, 0x4D, 0x5F, 0x4D, 0x5F, 0x4D, 0x5F, 0x4D, 0x5F,
    0x4D, 0x5F, 0x4D, 0x5F, 0x4D, 0x5F, 0x4D, 0x5F, 0x4D, 0x5F, 0x4D, 0x5F, 0x4D, 0x5F, 0x4D, 0x5F,
    0x4D, 0x5F, 0x4D, 0x5F, 0x4D, 0x5F, 0x4D, 0x5F, 0x4D, 0x5F, 0x4D, 0x5F, 0x4D, 0x5F, 0x4D, 0x5F,
    0x4D, 0x5F, 0x4D, 0x5F, 0x4D, 0x5F, 0x4D, 0x5F, 0x4D, 0x5F, 0x4D, 0x5F, 0x4D, 0x5F, 0x4D, 0x5F,
    0x4D, 0x5F, 0x4D, 0x5F, 0x4D, 0x5F, 0x4D, 0x5F, 0x4D, 0x5F, 0x4D, 0x5F, 0x4D, 0x5F, 0x4D, 0x5F,
    0x4D, 0x5F, 0x4D, 0x5F, 0x4D, 0x5F, 0x4D, 0x5F, 0x4D, 0x5F, 0x4D, 0x5F, 0x4D, 0x5F, 0x4D, 0x5F,
    0x4D, 0x5F, 0x4D, 0x5F, 0x4D, 0x5F, 0x4D, 0x5F, 0x4D, 0x5F, 0x4D, 0x5F, 0x4D, 0x5F, 0x4D, 0x5F,
    0x4D, 0x5F, 0x4D, 0x5F, 0x4D, 0x5F, 0x4D, 0x5F, 0x4D, 0x5F, 0x4D, 0x5F, 0x4D, 0x5F, 0x4D, 0x5F,
    0xFF, 0x4D, 0x5F, 0x4D, 0x5F, 0x4D, 0x5F, 0x4D, 0x5F, 0x4D, 0x5F, 0x4D, 0x5F, 0x4D, 0x5F, 0x4D,
    0x5F, 0x4D, 0x5F, 0x4D, 0x5F, 0x4D, 0x5F, 0x4D, 0x5F, 0x4D, 0x5F, 0x4D, 0x5F, 0x4D, 0x5F, 0x4D,
    0x5F, 0x4D, 0x5F, 0x4D, 0x5F, 0x4D, 0x5F, 0x4D, 0x5F, 0x4D, 0x5F, 0x4D, 0x5F, 0x4D, 0x5F, 0x4D,
    0x5F, 0x4D, 0x5F, 0x4D, 0x5F, 0x4D, 0x5F, 0x4D, 0x5F, 0x4D, 0x5F, 0x4D, 0x5F, 0x4D, 0x5F, 0x4D,
    0x5F, 0x4D, 0x5F, 0x4D, 0x5F, 0x4D, 0x5F, 0x4D, 0x5F, 0x4D, 0x5F, 0x4D, 0x5F, 0x4D, 0x5F, 0x4D,
    0x5F, 0x4D, 0x5F, 0x4D, 0x5F, 0x4D, 0x5F, 0x4D, 0x5F, 0x4D, 0x5F, 0x4D, 0x5F, 0x4D, 0x5F, 0x4D,
    0x5F, 0x4D, 0x5F, 0x4D, 0x5F, 0x4D, 0x5F, 0x4D, 0x5F, 0x4D, 0x5F, 0x4D, 0x5F, 0x4D, 0x5F, 0x4D,
    0x5F, 0x4D, 0x5F, 0x4D, 0x5F, 0x4D, 0x5F, 0x4D, 0x5F, 0x4D, 0x5F, 0x4D, 0x3F, 0x4D, 0x5F, 0x44,
    0x58, 0xD5, 0x3B, 0xB5, 0x3B, 0xF7, 0x3B, 0xF7, 0x3B, 0xF7, 0x3B, 0xF7, 0x3B, 0xF7, 0x44, 0x58,
    0x73, 0x84, 0x73, 0x84, 0x63, 0x04, 0x8C, 0x45, 0xFF, 0xC4, 0xFF, 0xC4, 0xFF, 0xE5, 0xFF, 0xE5,
    0xFF, 0xE5, 0xFF, 0xC4, 0xFF, 0xE5, 0xDE, 0xC5, 0x63, 0x04, 0x8B, 0x8A, 0xBA, 0x50, 0xBA, 0x50,
    0xBA, 0x50, 0xE2, 0xD4, 0xFB, 0x36, 0xFB, 0x16, 0xFB, 0x16, 0xFB, 0x16, 0xFB, 0x16, 0xFB, 0x16,
    0xFB, 0x16, 0xFB, 0x16, 0xFB, 0x16, 0xFB, 0x16, 0xFB, 0x57, 0xFB, 0x37, 0x59, 0x07, 0x08, 0x83,
    0x44, 0x9B, 0x4D, 0x9F, 0x4D, 0x7F, 0x3B, 0xF7, 0x08, 0x00, 0xFF, 0x30, 0xA5, 0xFB, 0x16, 0xFB,
    0x36, 0xFB, 0x16, 0xFB, 0x36, 0xFB, 0x36, 0xFB, 0x36, 0xFB, 0x36, 0xFB, 0x16, 0xFB, 0x16, 0xFB,
    0x16, 0xFB, 0x16, 0xFB, 0x16, 0xFB, 0x16, 0xFB, 0x16, 0xFB, 0x16, 0xFB, 0x16, 0xFB, 0x16, 0xFB,
    0x16, 0xFB, 0x36, 0xFB, 0x36, 0xFB, 0x37, 0xFB, 0x57, 0xFB, 0x57, 0xFB, 0x78, 0xAA, 0x2F, 0x08,
    0x83, 0x4D, 0x1D, 0x4D, 0x7F, 0x4D, 0x5F, 0x4D, 0x5F, 0x4D, 0x5F, 0x4D, 0x5F, 0x4D, 0x5F, 0x4D,
    0x5F, 0x4D, 0x5F, 0x4D, 0x5F, 0x4D, 0x5F, 0x4D, 0x5F, 0x4D, 0x5F, 0x4D, 0x5F, 0x4D, 0x5F, 0x4D,
    0x5F, 0x4D, 0x5F, 0x4D, 0x5F, 0x4D, 0x5F, 0x4D, 0x5F, 0x4D, 0x5F, 0x4D, 0x5F, 0x4D, 0x5F, 0x4D,
    0x5F, 0x4D, 0x5F, 0x4D, 0x5F, 0x4D, 0x5F, 0x4D, 0x5F, 0x4D, 0x5F, 0x4D, 0x5F, 0x4D, 0x5F, 0x4D,
    0x5F, 0x4D, 0x5F, 0x4D, 0x5F, 0x4D, 0x5F, 0x4D, 0x5F, 0x4D, 0x5F, 0xFF, 0x4D, 0x5F, 0x4D, 0x5F,
    0x4D, 0x5F, 0x4D, 0x5F, 0x4D, 0x5F, 0x4D, 0x5F, 0x4D, 0x5F, 0x4D, 0x5F, 0x4D, 0x5F, 0x4D, 0x5F,
    0x4D, 0x5F, 0x4D, 0x5F, 0x4D, 0x5F, 0x4D, 0x5F, 0x4D, 0x5F, 0x4D, 0x5F, 0x4D, 0x5F, 0x4D, 0x5F,
    0x4D, 0x5F, 0x4D, 0x5F, 0x4D, 0x5F, 0x4D, 0x5F, 0x4D, 0x5F, 0x4D, 0x5F, 0x4D, 0x5F, 0x4D, 0x5F,
    0x4D, 0x5F, 0x4D, 0x5F, 0x4D, 0x5F, 0x4D, 0x5F, 0x4D, 0x5F, 0x4D, 0x5F, 0x4D, 0x5F, 0x4D, 0x5F,
    0x4D, 0x5F, 0x4D, 0x5F, 0x4D, 0x5F, 0x4D, 0x5F, 0x4D, 0x5F, 0x4D, 0x5F, 0x4D, 0x5F, 0x4D, 0x5F,
    0x4D, 0x5F, 0x4D, 0x5F, 0x4D, 0x5F, 0x4D, 0x5F, 0x4D, 0x5F, 0x4D, 0x5F, 0x4D, 0x5F, 0x4D, 0x5F,
    0x4D, 0x5F, 0x4D, 0x5F, 0x4D, 0x5F, 0x4D, 0x5F, 0x4D, 0x5F, 0x4D, 0x5F, 0x4D, 0x5F, 0x4D, 0x5F,
    0x4D, 0x5F, 0x4D, 0x5F, 0x4D, 0x5F, 0x4D, 0x5F, 0x4D, 0x5F, 0x4D, 0x5F, 0xFF, 0x4D, 0x5F, 0x4D,
    0x5F, 0x4D, 0x5F, 0x4D, 0x5F, 0x4D, 0x5F, 0x4D, 0x5F, 0x4D, 0x5F, 0x4D, 0x5F, 0x4D, 0x5F, 0x4D,
    0x5F, 0x4D, 0x5F, 0x4D, 0x5F, 0x4D, 0x5F, 0x4D, 0x5F, 0x4D, 0x5F, 0x4D, 0x5F, 0x4D, 0x5F, 0x4D,
    0x5F, 0x4D, 0x5F, 0x4D, 0x5F, 0x4D, 0x5F, 0x4D, 0x5F, 0x4D, 0x5F, 0x4D, 0x5F, 0x4D, 0x5F, 0x4D,
    0x5F, 0x4D, 0x5F, 0x4D, 0x5F, 0x4D, 0x5F, 0x4D, 0x5F, 0x4D, 0x5F, 0x4D, 0x5F, 0x4D, 0x5F, 0x4D,
    0x5F, 0x4D, 0x5F, 0x4D, 0x5F, 0x4D, 0x5F, 0x4D, 0x5F, 0x4D, 0x5F, 0x4D, 0x5F, 0x4D, 0x5F, 0x4D,
    0x5F, 0x4D, 0x5F, 0x4D, 0x5F, 0x4D, 0x5F, 0x4D, 0x5F, 0x4D, 0x5F, 0x4D, 0x5F, 0x4D, 0x5F, 0x4D,
    0x5F, 0x4D, 0x5F, 0x4D, 0x5F, 0x4D, 0x5F, 0x4D, 0x5F, 0x4D, 0x5F, 0x4D, 0x5F, 0x4D, 0x5F, 0x4D,
    0x5F, 0x4D, 0x5F, 0x4D, 0x5F, 0x4D, 0x5F, 0x4D, 0x5F, 0x4D, 0x5F, 0x4D, 0x5F, 0x91, 0x4D, 0x9F,
    0x55, 0x9F, 0x55, 0x9F, 0x55, 0x9F, 0x55, 0x9F, 0x55, 0x9F, 0x55, 0x9F, 0x55, 0x9F, 0x08, 0x83,
    0x04, 0x00, 0x91, 0x21, 0x23, 0xFF, 0xE5, 0xFF, 0xE5, 0xFF, 0xE5, 0xFF, 0xE5, 0xFF, 0xE5, 0xFF,
    0xC4, 0xFF, 0xE5, 0xAD, 0x24, 0x02, 0x00, 0xAF, 0x69, 0x49, 0xFB, 0x78, 0xFB, 0x37, 0xFB, 0x57,
    0xFB, 0x36, 0xFB, 0x36, 0xFB, 0x36, 0xFB, 0x36, 0xFB, 0x36, 0xFB, 0x36, 0xFB, 0x36, 0xFB, 0x36,
    0xFB, 0x36, 0xFB, 0x36, 0xFB, 0x36, 0xFB, 0x16, 0xFB, 0x36, 0xFB, 0x78, 0x79, 0x8A, 0x08, 0x83,
    0x44, 0x9B, 0x4D, 0x9F, 0x4D, 0x3F, 0x09, 0x06, 0x06, 0x00, 0xFF, 0x20, 0x63, 0xF2, 0xF5, 0xFB,
    0x36, 0xFB, 0x36, 0xFB, 0x36, 0xFB, 0x36, 0xFB, 0x36, 0xFB, 0x36, 0xFB, 0x36, 0xFB, 0x36, 0xFB,
    0x36, 0xFB, 0x36, 0xFB, 0x36, 0xFB, 0x36, 0xFB, 0x36, 0xFB, 0x36, 0xFB, 0x36, 0xFB, 0x36, 0xFB,
    0x36, 0xFB, 0x36, 0xFB, 0x36, 0xFB, 0x16, 0xFB, 0x16, 0xFB, 0x16, 0xFB, 0x16, 0xFB, 0x78, 0x48,
    0xE6, 0x33, 0x32, 0x55, 0x9F, 0x4D, 0x5F, 0x4D, 0x5F, 0x4D, 0x5F, 0x4D, 0x5F, 0x4D, 0x5F, 0x4D,
    0x5F, 0x4D, 0x5F, 0x4D, 0x5F, 0x4D, 0x5F, 0x4D, 0x5F, 0x4D, 0x5F, 0x4D, 0x5F, 0x4D, 0x5F, 0x4D,
    0x5F, 0x4D, 0x5F, 0x4D, 0x5F, 0x4D, 0x5F, 0x4D, 0x5F, 0x4D, 0x5F, 0x4D, 0x5F, 0x4D, 0x5F, 0x4D,
    0x5F, 0x4D, 0x5F, 0x4D, 0x5F, 0x4D, 0x5F, 0x4D, 0x5F, 0x4D, 0x5F, 0x4D, 0x5F, 0x4D, 0x5F, 0x4D,
    0x5F, 0x4D, 0x5F, 0x4D, 0x5F, 0x4D, 0x5F, 0x4D, 0x5F, 0x4D, 0x5F, 0xFF, 0x4D, 0x5F, 0x4D, 0x5F,
    0x4D, 0x5F, 0x4D, 0x5F, 0x4D, 0x5F, 0x4D, 0x5F, 0x4D, 0x5F, 0x4D, 0x5F, 0x4D, 0x5F, 0x4D, 0x5F,
    0x4D, 0x5F, 0x4D, 0x5F, 0x4D, 0x5F, 0x4D, 0x5F, 0x4D, 0x5F, 0x4D, 0x5F, 0x4D, 0x5F, 0x4D, 0x5F,
    0x4D, 0x5F, 0x4D, 0x5F, 0x4D, 0x5F, 0x4D, 0x5F, 0x4D, 0x5F, 0x4D, 0x5F, 0x4D, 0x5F, 0x4D, 0x5F,
    0x4D, 0x5F, 0x4D, 0x5F, 0x4D, 0x5F, 0x4D, 0x5F, 0x4D, 0x5F, 0x4D, 0x5F, 0x4D, 0x5F, 0x4D, 0x5F,
    0x4D, 0x5F, 0x4D, 0x5F, 0x4D, 0x5F, 0x4D, 0x5F, 0x4D, 0x5F, 0x4D, 0x5F, 0x4D, 0x5F, 0x4D, 0x5F,
    0x4D, 0x5F, 0x4D, 0x5F, 0x4D, 0x5F, 0x4D, 0x5F, 0x4D, 0x5F, 0x4D, 0x5F, 0x4D, 0x5F, 0x4D, 0x5F,
    0x4D, 0x5F, 0x4D, 0x5F, 0x4D, 0x5F, 0x4D, 0x5F, 0x4D, 0x5F, 0x4D, 0x5F, 0x4D, 0x5F, 0x4D, 0x5F,
    0x4D, 0x5F, 0x4D, 0x5F, 0x4D, 0x5F, 0x4D, 0x5F, 0x4D, 0x5F, 0x4D, 0x5F, 0xFF, 0x4D, 0x5F, 0x4D,
    0x5F, 0x4D, 0x5F, 0x4D, 0x5F, 0x4D, 0x5F, 0x4D, 0x5F, 0x4D, 0x5F, 0x4D, 0x5F, 0x4D, 0x5F, 0x4D,
    0x5F, 0x4D, 0x5F, 0x4D, 0x5F, 0x4D, 0x5F, 0x4D, 0x5F, 0x4D, 0x5F, 0x4D, 0x5F, 0x4D, 0x5F, 0x4D,
    0x5F, 0x4D, 0x5F, 0x4D, 0x5F, 0x4D, 0x5F, 0x4D, 0x5F, 0x4D, 0x5F, 0x4D, 0x5F, 0x4D, 0x5F, 0x4D,
    0x5F, 0x4D, 0x5F, 0x4D, 0x5F, 0x4D, 0x5F, 0x4D, 0x5F, 0x4D, 0x5F, 0x4D, 0x5F, 0x4D, 0x5F, 0x4D,
    0x5F, 0x4D, 0x5F, 0x4D, 0x5F, 0x4D, 0x5F, 0x4D, 0x5F, 0x4D, 0x5F, 0x4D, 0x5F, 0x4D, 0x5F, 0x4D,
    0x5F, 0x4D, 0x5F, 0x4D, 0x5F, 0x4D, 0x5F, 0x4D, 0x5F, 0x4D, 0x5F, 0x4D, 0x5F, 0x4D, 0x5F, 0x4D,
    0x5F, 0x4D, 0x5F, 0x4D, 0x5F, 0x4D, 0x5F, 0x4D, 0x5F, 0x4D, 0x5F, 0x4D, 0x5F, 0x4D, 0x5F, 0x4D,
    0x5F, 0x4D, 0x5F, 0x4D, 0x5F, 0x4D, 0x5F, 0x4D, 0x5F, 0x4D, 0x5F, 0x4D, 0x5F, 0xA7, 0x4D, 0x5F,
    0x4D, 0x5F, 0x4D, 0x5F, 0x4D, 0x5F, 0x4D, 0x5F, 0x4D, 0x5F, 0x4D, 0x5F, 0x4D, 0x5F, 0x44, 0x58,
    0x3B, 0xF7, 0x3B, 0xF7, 0x44, 0x58, 0x73, 0x84, 0x8C, 0x45, 0xFF, 0xC4, 0xFF, 0xE5, 0xFF, 0xE5,
    0xFF, 0xC4, 0xFF, 0xE5, 0xC6, 0x05, 0x02, 0x00, 0xAF, 0x79, 0x8A, 0xFB, 0x57, 0xFB, 0x16, 0xFB,
    0x16, 0xFB, 0x36, 0xFB, 0x36, 0xFB, 0x36, 0xFB, 0x36, 0xFB, 0x36, 0xFB, 0x36, 0xFB, 0x36, 0xFB,
    0x36, 0xFB, 0x36, 0xFB, 0x36, 0xFB, 0x36, 0xFB, 0x36, 0xFB, 0x16, 0xFB, 0x16, 0xFB, 0x78, 0x89,
    0xCC, 0x08, 0x83, 0x4D, 0x1D, 0x55, 0x9F, 0x22, 0xD0, 0x08, 0x00, 0xFF, 0xBA, 0x50, 0xFB, 0x37,
    0xFB, 0x16, 0xFB, 0x36, 0xFB, 0x36, 0xFB, 0x36, 0xFB, 0x36, 0xFB, 0x36, 0xFB, 0x36, 0xFB, 0x36,
    0xFB, 0x36, 0xFB, 0x36, 0xFB, 0x36, 0xFB, 0x36, 0xFB, 0x36, 0xFB, 0x36, 0xFB, 0x36, 0xFB, 0x36,
    0xFB, 0x36, 0xFB, 0x36, 0xFB, 0x36, 0xFB, 0x36, 0xFB, 0x36, 0xFB, 0x16, 0xFB, 0x57, 0x69, 0x49,
    0x1A, 0x2C, 0x55, 0x9F, 0x4D, 0x5F, 0x4D, 0x5F, 0x4D, 0x5F, 0x4D, 0x5F, 0x4D, 0x5F, 0x4D, 0x5F,
    0x4D, 0x5F, 0x4D, 0x5F, 0x4D, 0x5F, 0x4D, 0x5F, 0x4D, 0x5F, 0x4D, 0x5F, 0x4D, 0x5F, 0x4D, 0x5F,
    0x4D, 0x5F, 0x4D, 0x5F, 0x4D, 0x5F, 0x4D, 0x5F, 0x4D, 0x5F, 0x4D, 0x5F, 0x4D, 0x5F, 0x4D, 0x5F,
    0x4D, 0x5F, 0x4D, 0x5F, 0x4D, 0x5F, 0x4D, 0x5F, 0x4D, 0x5F, 0x4D, 0x5F, 0x4D, 0x5F, 0x4D, 0x5F,
    0x4D, 0x5F, 0x4D, 0x5F, 0x4D, 0x5F, 0x4D, 0x5F, 0x4D, 0x5F, 0x4D, 0x5F, 0xFF, 0x4D, 0x5F, 0x4D,
    0x5F, 0x4D, 0x5F, 0x4D, 0x5F, 0x4D, 0x5F, 0x4D, 0x5F, 0x4D, 0x5F, 0x4D, 0x5F, 0x4D, 0x5F, 0x4D,
    0x5F, 0x4D, 0x5F, 0x4D, 0x5F, 0x4D, 0x5F, 0x4D, 0x5F, 0x4D, 0x5F, 0x4D, 0x5F, 0x4D, 0x5F, 0x4D,
    0x5F, 0x4D, 0x5F, 0x4D, 0x5F, 0x4D, 0x5F, 0x4D, 0x5F, 0x4D, 0x5F, 0x4D, 0x5F, 0x4D, 0x5F, 0x4D,
    0x5F, 0x4D, 0x5F, 0x4D, 0x5F, 0x4D, 0x5F, 0x4D, 0x5F, 0x4D, 0x5F, 0x4D, 0x5F, 0x4D, 0x5F, 0x4D,
    0x5F, 0x4D, 0x5F, 0x4D, 0x5F, 0x4D, 0x5F, 0x4D, 0x5F, 0x4D, 0x5F, 0x4D, 0x5F, 0x4D, 0x5F, 0x4D,
    0x5F, 0x4D, 0x5F, 0x4D, 0x5F, 0x4D, 0x5F, 0x4D, 0x5F, 0x4D, 0x5F, 0x4D, 0x5F, 0x4D, 0x5F, 0x4D,
    0x5F, 0x4D, 0x5F, 0x4D, 0x5F, 0x4D, 0x5F, 0x4D, 0x5F, 0x4D, 0x5F, 0x4D, 0x5F, 0x4D, 0x5F, 0x4D,
    0x5F, 0x4D, 0x5F, 0x4D, 0x5F, 0x4D, 0x5F, 0x4D, 0x5F, 0x4D, 0x5F, 0x4D, 0x5F, 0xFF, 0x4D, 0x5F,
    0x4D, 0x5F, 0x4D, 0x5F, 0x4D, 0x5F, 0x4D, 0x5F, 0x4D, 0x5F, 0x4D, 0x5F, 0x4D, 0x5F, 0x4D, 0x5F,
    0x4D, 0x5F, 0x4D, 0x5F, 0x4D, 0x5F, 0x4D, 0x5F, 0x4D, 0x5F, 0x4D, 0x5F, 0x4D, 0x5F, 0x4D, 0x5F,
    0x4D, 0x5F, 0x4D, 0x5F, 0x4D, 0x5F, 0x4D, 0x5F, 0x4D, 0x5F, 0x4D, 0x5F, 0x4D, 0x5F, 0x4D, 0x5F,
    0x4D, 0x5F, 0x4D, 0x5F, 0x4D, 0x5F, 0x4D, 0x5F, 0x4D, 0x5F, 0x4D, 0x5F, 0x4D, 0x5F, 0x4D, 0x5F,
    0x4D, 0x5F, 0x4D, 0x5F, 0x4D, 0x5F, 0x4D, 0x5F, 0x4D, 0x5F, 0x4D, 0x5F, 0x4D, 0x5F, 0x4D, 0x5F,
    0x4D, 0x5F, 0x4D, 0x5F, 0x4D, 0x5F, 0x4D, 0x5F, 0x4D, 0x5F, 0x4D, 0x5F, 0x4D, 0x5F, 0x4D, 0x5F,
    0x4D, 0x5F, 0x4D, 0x5F, 0x4D, 0x5F, 0x4D, 0x5F, 0x4D, 0x5F, 0x4D, 0x5F, 0x4D, 0x5F, 0x4D, 0x5F,
    0x4D, 0x5F, 0x4D, 0x5F, 0x4D, 0x5F, 0x4D, 0x5F, 0x4D, 0x5F, 0x4D, 0x5F, 0x4D, 0x5F, 0x96, 0x4D,
    0x5F, 0x4D, 0x5F, 0x4D, 0x5F, 0x4D, 0x5F, 0x4D, 0x5F, 0x4D, 0x5F, 0x4D, 0x5F, 0x4D, 0x9F, 0x55,
    0x9F, 0x55, 0x9F, 0x4D, 0x7F, 0x00, 0x02, 0x21, 0x8C, 0x23, 0xFF, 0xC4, 0xFF, 0xE5, 0xFF, 0xE5,
    0xFF, 0xC4, 0xFF, 0xC4, 0xC6, 0x05, 0x02, 0x00, 0xB1, 0x79, 0x8A, 0xFB, 0x57, 0xFB, 0x16, 0xFB,
    0x36, 0xFB, 0x36, 0xFB, 0x36, 0xFB, 0x36, 0xFB, 0x36, 0xFB, 0x36, 0xFB, 0x36, 0xFB, 0x36, 0xFB,
    0x36, 0xFB, 0x36, 0xFB, 0x36, 0xFB, 0x36, 0xFB, 0x36, 0xFB, 0x36, 0xFB, 0x36, 0xFB, 0x16, 0xFB,
    0x78, 0x69, 0x49, 0x09, 0x06, 0x4D, 0x7F, 0x44, 0x9B, 0x00, 0x21, 0x06, 0x00, 0xFF, 0x79, 0x8A,
    0xFB, 0x57, 0xFB, 0x16, 0xFB, 0x36, 0xFB, 0x36, 0xFB, 0x36, 0xFB, 0x36, 0xFB, 0x36, 0xFB, 0x36,
    0xFB, 0x36, 0xFB, 0x36, 0xFB, 0x36, 0xFB, 0x36, 0xFB, 0x36, 0xFB, 0x36, 0xFB, 0x36, 0xFB, 0x36,
    0xFB, 0x36, 0xFB, 0x36, 0xFB, 0x36, 0xFB, 0x36, 0xFB, 0x36, 0xFB, 0x36, 0xFB, 0x16, 0xFB, 0x78,
    0x79, 0x8A, 0x1A, 0x2C, 0x55, 0x9F, 0x4D, 0x5F, 0x4D, 0x5F, 0x4D, 0x5F, 0x4D, 0x5F, 0x4D, 0x5F,
    0x4D, 0x5F, 0x4D, 0x5F, 0x4D, 0x5F, 0x4D, 0x5F, 0x4D, 0x5F, 0x4D, 0x5F, 0x4D, 0x5F, 0x4D, 0x5F,
    0x4D, 0x5F, 0x4D, 0x5F, 0x4D, 0x5F, 0x4D, 0x5F, 0x4D, 0x5F, 0x4D, 0x5F, 0x4D, 0x5F, 0x4D, 0x5F,
    0x4D, 0x5F, 0x4D, 0x5F, 0x4D, 0x5F, 0x4D, 0x5F, 0x4D, 0x5F, 0x4D, 0x5F, 0x4D, 0x5F, 0x4D, 0x5F,
    0x4D, 0x5F, 0x4D, 0x5F, 0x4D, 0x5F, 0x4D, 0x5F, 0x4D, 0x5F, 0x4D, 0x5F, 0x4D, 0x5F, 0xFF, 0x4D,
    0x5F, 0x4D, 0x5F, 0x4D, 0x5F, 0x4D, 0x5F, 0x4D, 0x5F, 0x4D, 0x5F, 0x4D, 0x5F, 0x4D, 0x5F, 0x4D,
    0x5F, 0x4D, 0x5F, 0x4D, 0x5F, 0x4D, 0x5F, 0x4D, 0x5F, 0x4D, 0x5F, 0x4D, 0x5F, 0x4D, 0x5F, 0x4D,
    0x5F, 0x4D, 0x5F, 0x4D, 0x5F, 0x4D, 0x5F, 0x4D, 0x5F, 0x4D, 0x5F, 0x4D, 0x5F, 0x4D, 0x5F, 0x4D,
    0x5F, 0x4D, 0x5F, 0x4D, 0x5F, 0x4D, 0x5F, 0x4D, 0x5F, 0x4D, 0x5F, 0x4D, 0x5F, 0x4D, 0x5F, 0x4D,
    0x5F, 0x4D, 0x5F, 0x4D, 0x5F, 0x4D, 0x5F, 0x4D, 0x5F, 0x4D, 0x5F, 0x4D, 0x5F, 0x4D, 0x5F, 0x4D,
    0x5F, 0x4D, 0x5F, 0x4D, 0x5F, 0x4D, 0x5F, 0x4D, 0x5F, 0x4D, 0x5F, 0x4D, 0x5F, 0x4D, 0x5F, 0x4D,
    0x5F, 0x4D, 0x5F, 0x4D, 0x5F, 0x4D, 0x5F, 0x4D, 0x5F, 0x4D, 0x5F, 0x4D, 0x5F, 0x4D, 0x5F, 0x4D,
    0x5F, 0x4D, 0x5F, 0x4D, 0x5F, 0x4D, 0x5F, 0x4D, 0x5F, 0x4D, 0x5F, 0x4D, 0x5F, 0x4D, 0x5F, 0xFF,
    0x4D, 0x5F, 0x4D, 0x5F, 0x4D, 0x5F, 0x4D, 0x5F, 0x4D, 0x5F, 0x4D, 0x5F, 0x4D, 0x5F, 0x4D, 0x5F,
    0x4D, 0x5F, 0x4D, 0x5F, 0x4D, 0x5F, 0x4D, 0x5F, 0x4D, 0x5F, 0x4D, 0x5F, 0x4D, 0x5F, 0x4D, 0x5F,
    0x4D, 0x5F, 0x4D, 0x5F, 0x4D, 0x5F, 0x4D, 0x5F, 0x4D, 0x5F, 0x4D, 0x5F, 0x4D, 0x5F, 0x4D, 0x5F,
    0x4D, 0x5F, 0x4D, 0x5F, 0x4D, 0x5F, 0x4D, 0x5F, 0x4D, 0x5F, 0x4D, 0x5F, 0x4D, 0x5F, 0x4D, 0x5F,
    0x4D, 0x5F, 0x4D, 0x5F, 0x4D, 0x5F, 0x4D, 0x5F, 0x4D, 0x5F, 0x4D, 0x5F, 0x4D, 0x5F, 0x4D, 0x5F,
    0x4D, 0x5F, 0x4D, 0x5F, 0x4D, 0x5F, 0x4D, 0x5F, 0x4D, 0x5F, 0x4D, 0x5F, 0x4D, 0x5F, 0x4D, 0x5F,
    0x4D, 0x5F, 0x4D, 0x5F, 0x4D, 0x5F, 0x4D, 0x5F, 0x4D, 0x5F, 0x4D, 0x5F, 0x4D, 0x5F, 0x4D, 0x5F,
    0x4D, 0x5F, 0x4D, 0x5F, 0x4D, 0x5F, 0x4D, 0x5F, 0x4D, 0x5F, 0x4D, 0x5F, 0x4D, 0x5F, 0x4D, 0x5F,
    0xA5, 0x4D, 0x5F, 0x4D, 0x5F, 0x4D, 0x5F, 0x4D, 0x5F, 0x4D, 0x5F, 0x4D, 0x5F, 0x4D, 0x5F, 0x4D,
    0x5F, 0x4D, 0x3F, 0x4D, 0x5F, 0x4D, 0x1D, 0x08, 0x83, 0x31, 0xA3, 0xFF, 0xC4, 0xFF, 0xE5, 0xFF,
    0xE5, 0xFF, 0xC4, 0xFF, 0xC4, 0xC6, 0x05, 0x02, 0x00, 0xB1, 0x79, 0x8A, 0xFB, 0x57, 0xFB, 0x16,
    0xFB, 0x36, 0xFB, 0x36, 0xFB, 0x36, 0xFB, 0x36, 0xFB, 0x36, 0xFB, 0x36, 0xFB, 0x36, 0xFB, 0x36,
    0xFB, 0x36, 0xFB, 0x36, 0xFB, 0x36, 0xFB, 0x36, 0xFB, 0x36, 0xFB, 0x36, 0xFB, 0x36, 0xFB, 0x36,
    0xFB, 0x36, 0xFB, 0x57, 0x59, 0x07, 0x11, 0xAA, 0x55, 0x9F, 0x22, 0x6E, 0x06, 0x00, 0xFF, 0x20,
    0x63, 0xF2, 0xF5, 0xFB, 0x36, 0xFB, 0x36, 0xFB, 0x36, 0xFB, 0x36, 0xFB, 0x36, 0xFB, 0x36, 0xFB,
    0x36, 0xFB, 0x36, 0xFB, 0x36, 0xFB, 0x36, 0xFB, 0x36, 0xFB, 0x36, 0xFB, 0x36, 0xFB, 0x36, 0xFB,
    0x36, 0xFB, 0x36, 0xFB, 0x36, 0xFB, 0x36, 0xFB, 0x36, 0xFB, 0x36, 0xFB, 0x36, 0xFB, 0x16, 0xFB,
    0x57, 0x69, 0x49, 0x1A, 0x2C, 0x55, 0x9F, 0x4D, 0x5F, 0x4D, 0x5F, 0x4D, 0x5F, 0x4D, 0x5F, 0x4D,
    0x5F, 0x4D, 0x5F, 0x4D, 0x5F, 0x4D, 0x5F, 0x4D, 0x5F, 0x4D, 0x5F, 0x4D, 0x5F, 0x4D, 0x5F, 0x4D,
    0x5F, 0x4D, 0x5F, 0x4D, 0x5F, 0x4D, 0x5F, 0x4D, 0x5F, 0x4D, 0x5F, 0x4D, 0x5F, 0x4D, 0x5F, 0x4D,
    0x5F, 0x4D, 0x5F, 0x4D, 0x5F, 0x4D, 0x5F, 0x4D, 0x5F, 0x4D, 0x5F, 0x4D, 0x5F, 0x4D, 0x5F, 0x4D,
    0x5F, 0x4D, 0x5F, 0x4D, 0x5F, 0x4D, 0x5F, 0x4D, 0x5F, 0x4D, 0x5F, 0x4D, 0x5F, 0x4D, 0x5F, 0xFF,
    0x4D, 0x5F, 0x4D, 0x5F, 0x4D, 0x5F, 0x4D, 0x5F, 0x4D, 0x5F, 0x4D, 0x5F, 0x4D, 0x5F, 0x4D, 0x5F,
    0x4D, 0x5F, 0x4D, 0x5F, 0x4D, 0x5F, 0x4D, 0x5F, 0x4D, 0x5F, 0x4D, 0x5F, 0x4D, 0x5F, 0x4D, 0x5F,
    0x4D, 0x5F, 0x4D, 0x5F, 0x4D, 0x5F, 0x4D, 0x5F, 0x4D, 0x5F, 0x4D, 0x5F, 0x4D, 0x5F, 0x4D, 0x5F,
    0x4D, 0x5F, 0x4D, 0x5F, 0x4D, 0x5F, 0x4D, 0x5F, 0x4D, 0x5F, 0x4D, 0x5F, 0x4D, 0x5F, 0x4D, 0x5F,
    0x4D, 0x5F, 0x4D, 0x5F, 0x4D, 0x5F, 0x4D, 0x5F, 0x4D, 0x5F, 0x4D, 0x5F, 0x4D, 0x5F, 0x4D, 0x5F,
    0x4D, 0x5F, 0x4D, 0x5F, 0x4D, 0x5F, 0x4D, 0x5F, 0x4D, 0x5F, 0x4D, 0x5F, 0x4D, 0x5F, 0x4D, 0x5F,
    0x4D, 0x5F, 0x4D, 0x5F, 0x4D, 0x5F, 0x4D, 0x5F, 0x4D, 0x5F, 0x4D, 0x5F, 0x4D, 0x5F, 0x4D, 0x5F,
    0x4D, 0x5F, 0x4D, 0x5F, 0x4D, 0x5F, 0x4D, 0x5F, 0x4D, 0x5F, 0x4D, 0x5F, 0x4D, 0x5F, 0x4D, 0x5F,
    0xFF, 0x4D, 0x5F, 0x4D, 0x5F, 0x4D, 0x5F, 0x4D, 0x5F, 0x4D, 0x5F, 0x4D, 0x5F, 0x4D, 0x5F, 0x4D,
    0x5F, 0x4D, 0x5F, 0x4D, 0x5F, 0x4D, 0x5F, 0x4D, 0x5F, 0x4D, 0x5F, 0x4D, 0x5F, 0x4D, 0x5F, 0x4D,
    0x5F, 0x4D, 0x5F, 0x4D, 0x5F, 0x4D, 0x5F, 0x4D, 0x5F, 0x4D, 0x5F, 0x4D, 0x5F, 0x4D, 0x5F, 0x4D,
    0x5F, 0x4D, 0x5F, 0x4D, 0x5F, 0x4D, 0x5F, 0x4D, 0x5F, 0x4D, 0x5F, 0x4D, 0x5F, 0x4D, 0x5F, 0x4D,
    0x5F, 0x4D, 0x5F, 0x4D, 0x5F, 0x4D, 0x5F, 0x4D, 0x5F, 0x4D, 0x5F, 0x4D, 0x5F, 0x4D, 0x5F, 0x4D,
    0x5F, 0x4D, 0x5F, 0x4D, 0x5F, 0x4D, 0x5F, 0x4D, 0x5F, 0x4D, 0x5F, 0x4D, 0x5F, 0x4D, 0x5F, 0x4D,
    0x5F, 0x4D, 0x5F, 0x4D, 0x5F, 0x4D, 0x5F, 0x4D, 0x5F, 0x4D, 0x5F, 0x4D, 0x5F, 0x4D, 0x5F, 0x4D,
    0x5F, 0x4D, 0x5F, 0x4D, 0x5F, 0x4D, 0x5F, 0x4D, 0x5F, 0x4D, 0x5F, 0x4D, 0x5F, 0x4D, 0x5F, 0x4D,
    0x5F, 0xA5, 0x4D, 0x5F, 0x4D, 0x5F, 0x4D, 0x5F, 0x4D, 0x5F, 0x4D, 0x5F, 0x4D, 0x5F, 0x4D, 0x5F,
    0x4D, 0x5F, 0x4D, 0x5F, 0x4D, 0x7F, 0x4D, 0x1D, 0x08, 0x83, 0x31, 0xA3, 0xFF, 0xC4, 0xFF, 0xE5,
    0xFF, 0xC4, 0xFF, 0xE5, 0xFF, 0xE5, 0xC6, 0x05, 0x02, 0x00, 0xB3, 0x52, 0x45, 0xFB, 0x57, 0xFB,
    0x16, 0xFB, 0x36, 0xFB, 0x36, 0xFB, 0x36, 0xFB, 0x36, 0xFB, 0x36, 0xFB, 0x36, 0xFB, 0x36, 0xFB,
    0x36, 0xFB, 0x36, 0xFB, 0x36, 0xFB, 0x36, 0xFB, 0x36, 0xFB, 0x36, 0xFB, 0x36, 0xFB, 0x36, 0xFB,
    0x36, 0xFB, 0x16, 0xFB, 0x36, 0xFB, 0x36, 0x30, 0xA5, 0x22, 0xD0, 0x4D, 0x3F, 0x08, 0x83, 0x06,
    0x00, 0xFF, 0xBA, 0x50, 0xFB, 0x37, 0xFB, 0x16, 0xFB, 0x36, 0xFB, 0x36, 0xFB, 0x36, 0xFB, 0x36,
    0xFB, 0x36, 0xFB, 0x36, 0xFB, 0x36, 0xFB, 0x36, 0xFB, 0x36, 0xFB, 0x36, 0xFB, 0x36, 0xFB, 0x36,
    0xFB, 0x36, 0xFB, 0x36, 0xFB, 0x36, 0xFB, 0x36, 0xFB, 0x36, 0xFB, 0x36, 0xFB, 0x36, 0xFB, 0x16,
    0xFB, 0x57, 0x69, 0x49, 0x22, 0x6E, 0x55, 0x9F, 0x4D, 0x5F, 0x4D, 0x5F, 0x4D, 0x5F, 0x4D, 0x5F,
    0x4D, 0x5F, 0x4D, 0x5F, 0x4D, 0x5F, 0x4D, 0x5F, 0x4D, 0x5F, 0x4D, 0x5F, 0x4D, 0x5F, 0x4D, 0x5F,
    0x4D, 0x5F, 0x4D, 0x5F, 0x4D, 0x5F, 0x4D, 0x5F, 0x4D, 0x5F, 0x4D, 0x5F, 0x4D, 0x5F, 0x4D, 0x5F,
    0x4D, 0x5F, 0x4D, 0x5F, 0x4D, 0x5F, 0x4D, 0x5F, 0x4D, 0x5F, 0x4D, 0x5F, 0x4D, 0x5F, 0x4D, 0x5F,
    0x4D, 0x5F, 0x4D, 0x5F, 0x4D, 0x5F, 0x4D, 0x5F, 0x4D, 0x5F, 0x4D, 0x5F, 0x4D, 0x5F, 0x4D, 0x5F,
    0x4D, 0x5F, 0xFF, 0x4D, 0x5F, 0x4D, 0x5F, 0x4D, 0x5F, 0x4D, 0x5F, 0x4D, 0x5F, 0x4D, 0x5F, 0x4D,
    0x5F, 0x4D, 0x5F, 0x4D, 0x5F, 0x4D, 0x5F, 0x4D, 0x5F, 0x4D, 0x5F, 0x4D, 0x5F, 0x4D, 0x5F, 0x4D,
    0x5F, 0x4D, 0x5F, 0x4D, 0x5F, 0x4D, 0x5F, 0x4D, 0x5F, 0x4D, 0x5F, 0x4D, 0x5F, 0x4D, 0x5F, 0x4D,
    0x5F, 0x4D, 0x5F, 0x4D, 0x5F, 0x4D, 0x5F, 0x4D, 0x5F, 0x4D, 0x5F, 0x4D, 0x5F, 0x4D, 0x5F, 0x4D,
    0x5F, 0x4D, 0x5F, 0x4D, 0x5F, 0x4D, 0x5F, 0x4D, 0x5F, 0x4D, 0x5F, 0x4D, 0x5F, 0x4D, 0x5F, 0x4D,
    0x5F, 0x4D, 0x5F, 0x4D, 0x5F, 0x4D, 0x5F, 0x4D, 0x5F, 0x4D, 0x5F, 0x4D, 0x5F, 0x4D, 0x5F, 0x4D,
    0x5F, 0x4D, 0x5F, 0x4D, 0x5F, 0x4D, 0x5F, 0x4D, 0x5F, 0x4D, 0x5F, 0x4D, 0x5F, 0x4D, 0x5F, 0x4D,
    0x5F, 0x4D, 0x5F, 0x4D, 0x5F, 0x4D, 0x5F, 0x4D, 0x5F, 0x4D, 0x5F, 0x4D, 0x5F, 0x4D, 0x5F, 0x4D,
    0x5F, 0x4D, 0x5F, 0xFF, 0x4D, 0x5F, 0x4D, 0x5F, 0x4D, 0x5F, 0x4D, 0x5F, 0x4D, 0x5F, 0x4D, 0x5F,
    0x4D, 0x5F, 0x4D, 0x5F, 0x4D, 0x5F, 0x4D, 0x5F, 0x4D, 0x5F, 0x4D, 0x5F, 0x4D, 0x5F, 0x4D, 0x5F,
    0x4D, 0x5F, 0x4D, 0x5F, 0x4D, 0x5F, 0x4D, 0x5F, 0x4D, 0x5F, 0x4D, 0x5F, 0x4D, 0x5F, 0x4D, 0x5F,
    0x4D, 0x5F, 0x4D, 0x5F, 0x4D, 0x5F, 0x4D, 0x5F, 0x4D, 0x5F, 0x4D, 0x5F, 0x4D, 0x5F, 0x4D, 0x5F,
    0x4D, 0x5F, 0x4D, 0x5F, 0x4D, 0x5F, 0x4D, 0x5F, 0x4D, 0x5F, 0x4D, 0x5F, 0x4D, 0x5F, 0x4D, 0x5F,
    0x4D, 0x5F, 0x4D, 0x5F, 0x4D, 0x5F, 0x4D, 0x5F, 0x4D, 0x5F, 0x4D, 0x5F, 0x4D, 0x5F, 0x4D, 0x5F,
    0x4D, 0x5F, 0x4D, 0x5F, 0x4D, 0x5F, 0x4D, 0x5F, 0x4D, 0x5F, 0x4D, 0x5F, 0x4D, 0x5F, 0x4D, 0x5F,
    0x4D, 0x5F, 0x4D, 0x5F, 0x4D, 0x5F, 0x4D, 0x5F, 0x4D, 0x5F, 0x4D, 0x5F, 0x4D, 0x5F, 0x4D, 0x5F,
    0x4D, 0x5F, 0x4D, 0x5F, 0xD9, 0x4D, 0x5F, 0x4D, 0x5F, 0x4D, 0x5F, 0x4D, 0x5F, 0x4D, 0x5F, 0x4D,
    0x5F, 0x4D, 0x5F, 0x4D, 0x5F, 0x4D, 0x7F, 0x4D, 0x1D, 0x00, 0x21, 0x31, 0xA3, 0xFF, 0xC4, 0xFF,
    0xE5, 0xFF, 0xE5, 0xDE, 0xC5, 0x52, 0x45, 0x52, 0x45, 0x79, 0x8A, 0xE2, 0xD4, 0xFB, 0x36, 0xFB,
    0x36, 0xFB, 0x36, 0xFB, 0x36, 0xFB, 0x36, 0xFB, 0x36, 0xFB, 0x36, 0xFB, 0x36, 0xFB, 0x36, 0xFB,
    0x36, 0xFB, 0x36, 0xFB, 0x36, 0xFB, 0x36, 0xFB, 0x36, 0xFB, 0x36, 0xFB, 0x36, 0xFB, 0x36, 0xFB,
    0x36, 0xFB, 0x36, 0xFB, 0x16, 0xFB, 0x37, 0xE2, 0xD4, 0x10, 0x41, 0x3B, 0xF7, 0x3B, 0xB5, 0x06,
    0x00, 0xFF, 0x59, 0x07, 0xFB, 0x37, 0xFB, 0x16, 0xFB, 0x36, 0xFB, 0x36, 0xFB, 0x36, 0xFB, 0x36,
    0xFB, 0x36, 0xFB, 0x36, 0xFB, 0x36, 0xFB, 0x36, 0xFB, 0x36, 0xFB, 0x36, 0xFB, 0x36, 0xFB, 0x36,
    0xFB, 0x36, 0xFB, 0x36, 0xFB, 0x36, 0xFB, 0x36, 0xFB, 0x36, 0xFB, 0x36, 0xFB, 0x36, 0xFB, 0x16,
    0xFB, 0x57, 0x79, 0x8A, 0x22, 0x6E, 0x55, 0x9F, 0x4D, 0x5F, 0x4D, 0x5F, 0x4D, 0x5F, 0x4D, 0x5F,
    0x4D, 0x5F, 0x4D, 0x5F, 0x4D, 0x5F, 0x4D, 0x5F, 0x4D, 0x5F, 0x4D, 0x5F, 0x4D, 0x5F, 0x4D, 0x5F,
    0x4D, 0x5F, 0x4D, 0x5F, 0x4D, 0x5F, 0x4D, 0x5F, 0x4D, 0x5F, 0x4D, 0x5F, 0x4D, 0x5F, 0x4D, 0x5F,
    0x4D, 0x5F, 0x4D, 0x5F, 0x4D, 0x5F, 0x4D, 0x5F, 0x4D, 0x5F, 0x4D, 0x5F, 0x4D, 0x5F, 0x4D, 0x5F,
    0x4D, 0x5F, 0x4D, 0x5F, 0x4D, 0x5F, 0x4D, 0x5F, 0x4D, 0x5F, 0x4D, 0x5F, 0x4D, 0x5F, 0x4D, 0x5F,
    0x4D, 0x5F, 0xFF, 0x4D, 0x5F, 0x4D, 0x5F, 0x4D, 0x5F, 0x4D, 0x5F, 0x4D, 0x5F, 0x4D, 0x5F, 0x4D,
    0x5F, 0x4D, 0x5F, 0x4D, 0x5F, 0x4D, 0x5F, 0x4D, 0x5F, 0x4D, 0x5F, 0x4D, 0x5F, 0x4D, 0x5F, 0x4D,
    0x5F, 0x4D, 0x5F, 0x4D, 0x5F, 0x4D, 0x5F, 0x4D, 0x5F, 0x4D, 0x5F, 0x4D, 0x5F, 0x4D, 0x5F, 0x4D,
    0x5F, 0x4D, 0x5F, 0x4D, 0x5F, 0x4D, 0x5F, 0x4D, 0x5F, 0x4D, 0x5F, 0x4D, 0x5F, 0x4D, 0x5F, 0x4D,
    0x5F, 0x4D, 0x5F, 0x4D, 0x5F, 0x4D, 0x5F, 0x4D, 0x5F, 0x4D, 0x5F, 0x4D, 0x5F, 0x4D, 0x5F, 0x4D,
    0x5F, 0x4D, 0x5F, 0x4D, 0x5F, 0x4D, 0x5F, 0x4D, 0x5F, 0x4D, 0x5F, 0x4D, 0x5F, 0x4D, 0x5F, 0x4D,
    0x5F, 0x4D, 0x5F, 0x4D, 0x5F, 0x4D, 0x5F, 0x4D, 0x5F, 0x4D, 0x5F, 0x4D, 0x5F, 0x4D, 0x5F, 0x4D,
    0x5F, 0x4D, 0x5F, 0x4D, 0x5F, 0x4D, 0x5F, 0x4D, 0x5F, 0x4D, 0x5F, 0x4D, 0x5F, 0x4D, 0x5F, 0x4D,
    0x5F, 0x4D, 0x5F, 0xFF, 0x4D, 0x5F, 0x4D, 0x5F, 0x4D, 0x5F, 0x4D, 0x5F, 0x4D, 0x5F, 0x4D, 0x5F,
    0x4D, 0x5F, 0x4D, 0x5F, 0x4D, 0x5F, 0x4D, 0x5F, 0x4D, 0x5F, 0x4D, 0x5F, 0x4D, 0x5F, 0x4D, 0x5F,
    0x4D, 0x5F, 0x4D, 0x5F, 0x4D, 0x5F, 0x4D, 0x5F, 0x4D, 0x5F, 0x4D, 0x5F, 0x4D, 0x5F, 0x4D, 0x5F,
    0x4D, 0x5F, 0x4D, 0x5F, 0x4D, 0x5F, 0x4D, 0x5F, 0x4D, 0x5F, 0x4D, 0x5F, 0x4D, 0x5F, 0x4D, 0x5F,
    0x4D, 0x5F, 0x4D, 0x5F, 0x4D, 0x5F, 0x4D, 0x5F, 0x4D, 0x5F, 0x4D, 0x5F, 0x4D, 0x5F, 0x4D, 0x5F,
    0x4D, 0x5F, 0x4D, 0x5F, 0x4D, 0x5F, 0x4D, 0x5F, 0x4D, 0x5F, 0x4D, 0x5F, 0x4D, 0x5F, 0x4D, 0x5F,
    0x4D, 0x5F, 0x4D, 0x5F, 0x4D, 0x5F, 0x4D, 0x5F, 0x4D, 0x5F, 0x4D, 0x5F, 0x4D, 0x5F, 0x4D, 0x5F,
    0x4D, 0x5F, 0x4D, 0x5F, 0x4D, 0x5F, 0x4D, 0x5F, 0x4D, 0x5F, 0x4D, 0x5F, 0x4D, 0x5F, 0x4D, 0x5F,
    0x4D, 0x5F, 0x4D, 0x5F, 0x9F, 0x4D, 0x5F, 0x4D, 0x5F, 0x4D, 0x5F, 0x4D, 0x5F, 0x4D, 0x5F, 0x4D,
    0x5F, 0x4D, 0x5F, 0x4D, 0x5F, 0x4D, 0x7F, 0x4D, 0x1D, 0x08, 0x83, 0x31, 0xA3, 0xFF, 0xC4, 0xFF,
    0xE5, 0xFF, 0xE5, 0xC6, 0x05, 0x02, 0x00, 0xB9, 0x08, 0x83, 0xAA, 0x2F, 0xFB, 0x57, 0xFB, 0x16,
    0xFB, 0x36, 0xFB, 0x36, 0xFB, 0x36, 0xFB, 0x36, 0xFB, 0x36, 0xFB, 0x36, 0xFB, 0x36, 0xFB, 0x36,
    0xFB, 0x36, 0xFB, 0x36, 0xFB, 0x36, 0xFB, 0x36, 0xFB, 0x36, 0xFB, 0x36, 0xFB, 0x36, 0xFB, 0x36,
    0xFB, 0x36, 0xFB, 0x36, 0xFB, 0x36, 0xFB, 0x16, 0xFB, 0x57, 0xCA, 0x91, 0x08, 0x83, 0x3B, 0xB5,
    0x08, 0x83, 0x04, 0x00, 0xFF, 0x10, 0x41, 0xE2, 0xD4, 0xFB, 0x36, 0xFB, 0x16, 0xFB, 0x36, 0xFB,
    0x36, 0xFB, 0x36, 0xFB, 0x36, 0xFB, 0x36, 0xFB, 0x36, 0xFB, 0x36, 0xFB, 0x36, 0xFB, 0x36, 0xFB,
    0x36, 0xFB, 0x36, 0xFB, 0x36, 0xFB, 0x36, 0xFB, 0x36, 0xFB, 0x36, 0xFB, 0x36, 0xFB, 0x36, 0xFB,
    0x36, 0xFB, 0x16, 0xFB, 0x57, 0x89, 0xCC, 0x1A, 0x2C, 0x55, 0x9F, 0x4D, 0x5F, 0x4D, 0x5F, 0x4D,
    0x5F, 0x4D, 0x5F, 0x4D, 0x5F, 0x4D, 0x5F, 0x4D, 0x5F, 0x4D, 0x5F, 0x4D, 0x5F, 0x4D, 0x5F, 0x4D,
    0x5F, 0x4D, 0x5F, 0x4D, 0x5F, 0x4D, 0x5F, 0x4D, 0x5F, 0x4D, 0x5F, 0x4D, 0x5F, 0x4D, 0x5F, 0x4D,
    0x5F, 0x4D, 0x5F, 0x4D, 0x5F, 0x4D, 0x5F, 0x4D, 0x5F, 0x4D, 0x5F, 0x4D, 0x5F, 0x4D, 0x5F, 0x4D,
    0x5F, 0x4D, 0x5F, 0x4D, 0x5F, 0x4D, 0x5F, 0x4D, 0x5F, 0x4D, 0x5F, 0x4D, 0x5F, 0x4D, 0x5F, 0x4D,
    0x5F, 0x4D, 0x5F, 0x4D, 0x5F, 0xFF, 0x4D, 0x5F, 0x4D, 0x5F, 0x4D, 0x5F, 0x4D, 0x5F, 0x4D, 0x5F,
    0x4D, 0x5F, 0x4D, 0x5F, 0x4D, 0x5F, 0x4D, 0x5F, 0x4D, 0x5F, 0x4D, 0x5F, 0x4D, 0x5F, 0x4D, 0x5F,
    0x4D, 0x5F, 0x4D, 0x5F, 0x4D, 0x5F, 0x4D, 0x5F, 0x4D, 0x5F, 0x4D, 0x5F, 0x4D, 0x5F, 0x4D, 0x5F,
    0x4D, 0x5F, 0x4D, 0x5F, 0x4D, 0x5F, 0x4D, 0x5F, 0x4D, 0x5F, 0x4D, 0x5F, 0x4D, 0x5F, 0x4D, 0x5F,
    0x4D, 0x5F, 0x4D, 0x5F, 0x4D, 0x5F, 0x4D, 0x5F, 0x4D, 0x5F, 0x4D, 0x5F, 0x4D, 0x5F, 0x4D, 0x5F,
    0x4D, 0x5F, 0x4D, 0x5F, 0x4D, 0x5F, 0x4D, 0x5F, 0x4D, 0x5F, 0x4D, 0x5F, 0x4D, 0x5F, 0x4D, 0x5F,
    0x4D, 0x5F, 0x4D, 0x5F, 0x4D, 0x5F, 0x4D, 0x5F, 0x4D, 0x5F, 0x4D, 0x5F, 0x4D, 0x5F, 0x4D, 0x5F,
    0x4D, 0x5F, 0x4D, 0x5F, 0x4D, 0x5F, 0x4D, 0x5F, 0x4D, 0x5F, 0x4D, 0x5F, 0x4D, 0x5F, 0x4D, 0x5F,
    0x4D, 0x5F, 0x4D, 0x5F, 0x4D, 0x5F, 0xFF, 0x4D, 0x5F, 0x4D, 0x5F, 0x4D, 0x5F, 0x4D, 0x5F, 0x4D,
    0x5F, 0x4D, 0x5F, 0x4D, 0x5F, 0x4D, 0x5F, 0x4D, 0x5F, 0x4D, 0x5F, 0x4D, 0x5F, 0x4D, 0x5F, 0x4D,
    0x5F, 0x4D, 0x5F, 0x4D, 0x5F, 0x4D, 0x5F, 0x4D, 0x5F, 0x4D, 0x5F, 0x4D, 0x5F, 0x4D, 0x5F, 0x4D,
    0x5F, 0x4D, 0x5F, 0x4D, 0x5F, 0x4D, 0x5F, 0x4D, 0x5F, 0x4D, 0x5F, 0x4D, 0x5F, 0x4D, 0x5F, 0x4D,
    0x5F, 0x4D, 0x5F, 0x4D, 0x5F, 0x4D, 0x5F, 0x4D, 0x5F, 0x4D, 0x5F, 0x4D, 0x5F, 0x4D, 0x5F, 0x4D,
    0x5F, 0x4D, 0x5F, 0x4D, 0x5F, 0x4D, 0x5F, 0x4D, 0x5F, 0x4D, 0x5F, 0x4D, 0x5F, 0x4D, 0x5F, 0x4D,
    0x5F, 0x4D, 0x5F, 0x4D, 0x5F, 0x4D, 0x5F, 0x4D, 0x5F, 0x4D, 0x5F, 0x4D, 0x5F, 0x4D, 0x5F, 0x4D,
    0x5F, 0x4D, 0x5F, 0x4D, 0x5F, 0x4D, 0x5F, 0x4D, 0x5F, 0x4D, 0x5F, 0x4D, 0x5F, 0x4D, 0x5F, 0x4D,
    0x5F, 0x4D, 0x5F, 0x4D, 0x5F, 0x4D, 0x5F, 0xA0, 0x4D, 0x5F, 0x4D, 0x5F, 0x4D, 0x5F, 0x4D, 0x5F,
    0x4D, 0x5F, 0x4D, 0x5F, 0x4D, 0x5F, 0x4D, 0x5F, 0x4D, 0x5F, 0x4D, 0x5F, 0x44, 0x9B, 0x44, 0x58,
    0x52, 0x45, 0x73, 0x84, 0xFF, 0xE5, 0xC6, 0x05, 0x00, 0x02, 0x21, 0xB8, 0x23, 0xAA, 0x2F, 0xFB,
    0x37, 0xFB, 0x16, 0xFB, 0x36, 0xFB, 0x36, 0xFB, 0x36, 0xFB, 0x36, 0xFB, 0x36, 0xFB, 0x36, 0xFB,
    0x36, 0xFB, 0x36, 0xFB, 0x36, 0xFB, 0x36, 0xFB, 0x36, 0xFB, 0x36, 0xFB, 0x36, 0xFB, 0x36, 0xFB,
    0x36, 0xFB, 0x36, 0xFB, 0x36, 0xFB, 0x36, 0xFB, 0x36, 0xFB, 0x36, 0xFB, 0x16, 0xFB, 0x78, 0xA1,
    0xED, 0x00, 0x21, 0x00, 0x21, 0x06, 0x00, 0xFF, 0x79, 0x8A, 0xFB, 0x57, 0xFB, 0x16, 0xFB, 0x36,
    0xFB, 0x36, 0xFB, 0x36, 0xFB, 0x36, 0xFB, 0x36, 0xFB, 0x36, 0xFB, 0x36, 0xFB, 0x36, 0xFB, 0x36,
    0xFB, 0x36, 0xFB, 0x36, 0xFB, 0x36, 0xFB, 0x36, 0xFB, 0x36, 0xFB, 0x36, 0xFB, 0x36, 0xFB, 0x36,
    0xFB, 0x36, 0xFB, 0x16, 0xFB, 0x57, 0x89, 0xCC, 0x1A, 0x2C, 0x4D, 0x9F, 0x4D, 0x5F, 0x4D, 0x5F,
    0x4D, 0x5F, 0x4D, 0x5F, 0x4D, 0x5F, 0x4D, 0x5F, 0x4D, 0x5F, 0x4D, 0x5F, 0x4D, 0x5F, 0x4D, 0x5F,
    0x4D, 0x5F, 0x4D, 0x5F, 0x4D, 0x5F, 0x4D, 0x5F, 0x4D, 0x5F, 0x4D, 0x5F, 0x4D, 0x5F, 0x4D, 0x5F,
    0x4D, 0x5F, 0x4D, 0x5F, 0x4D, 0x5F, 0x4D, 0x5F, 0x4D, 0x5F, 0x4D, 0x5F, 0x4D, 0x5F, 0x4D, 0x5F,
    0x4D, 0x5F, 0x4D, 0x5F, 0x4D, 0x5F, 0x4D, 0x5F, 0x4D, 0x5F, 0x4D, 0x5F, 0x4D, 0x5F, 0x4D, 0x5F,
    0x4D, 0x5F, 0x4D, 0x5F, 0x4D, 0x5F, 0x4D, 0x5F, 0xFF, 0x4D, 0x5F, 0x4D, 0x5F, 0x4D, 0x5F, 0x4D,
    0x5F, 0x4D, 0x5F, 0x4D, 0x5F, 0x4D, 0x5F, 0x4D, 0x5F, 0x4D, 0x5F, 0x4D, 0x5F, 0x4D, 0x5F, 0x4D,
    0x5F, 0x4D, 0x5F, 0x4D, 0x5F, 0x4D, 0x5F, 0x4D, 0x5F, 0x4D, 0x5F, 0x4D, 0x5F, 0x4D, 0x5F, 0x4D,
    0x5F, 0x4D, 0x5F, 0x4D, 0x5F, 0x4D, 0x5F, 0x4D, 0x5F, 0x4D, 0x5F, 0x4D, 0x5F, 0x4D, 0x5F, 0x4D,
    0x5F, 0x4D, 0x5F, 0x4D, 0x5F, 0x4D, 0x5F, 0x4D, 0x5F, 0x4D, 0x5F, 0x4D, 0x5F, 0x4D, 0x5F, 0x4D,
    0x5F, 0x4D, 0x5F, 0x4D, 0x5F, 0x4D, 0x5F, 0x4D, 0x5F, 0x4D, 0x5F, 0x4D, 0x5F, 0x4D, 0x5F, 0x4D,
    0x5F, 0x4D, 0x5F, 0x4D, 0x5F, 0x4D, 0x5F, 0x4D, 0x5F, 0x4D, 0x5F, 0x4D, 0x5F, 0x4D, 0x5F, 0x4D,
    0x5F, 0x4D, 0x5F, 0x4D, 0x5F, 0x4D, 0x5F, 0x4D, 0x5F, 0x4D, 0x5F, 0x4D, 0x5F, 0x4D, 0x5F, 0x4D,
    0x5F, 0x4D, 0x5F, 0x4D, 0x5F, 0x4D, 0x5F, 0x4D, 0x5F, 0xFF, 0x4D, 0x5F, 0x4D, 0x5F, 0x4D, 0x5F,
    0x4D, 0x5F, 0x4D, 0x5F, 0x4D, 0x5F, 0x4D, 0x5F, 0x4D, 0x5F, 0x4D, 0x5F, 0x4D, 0x5F, 0x4D, 0x5F,
    0x4D, 0x5F, 0x4D, 0x5F, 0x4D, 0x5F, 0x4D, 0x5F, 0x4D, 0x5F, 0x4D, 0x5F, 0x4D, 0x5F, 0x4D, 0x5F,
    0x4D, 0x5F, 0x4D, 0x5F, 0x4D, 0x5F, 0x4D, 0x5F, 0x4D, 0x5F, 0x4D, 0x5F, 0x4D, 0x5F, 0x4D, 0x5F,
    0x4D, 0x5F, 0x4D, 0x5F, 0x4D, 0x5F, 0x4D, 0x5F, 0x4D, 0x5F, 0x4D, 0x5F, 0x4D, 0x5F, 0x4D, 0x5F,
    0x4D, 0x5F, 0x4D, 0x5F, 0x4D, 0x5F, 0x4D, 0x5F, 0x4D, 0x5F, 0x4D, 0x5F, 0x4D, 0x5F, 0x4D, 0x5F,
    0x4D, 0x5F, 0x4D, 0x5F, 0x4D, 0x5F, 0x4D, 0x5F, 0x4D, 0x5F, 0x4D, 0x5F, 0x4D, 0x5F, 0x4D, 0x5F,
    0x4D, 0x5F, 0x4D, 0x5F, 0x4D, 0x5F, 0x4D, 0x5F, 0x4D, 0x5F, 0x4D, 0x5F, 0x4D, 0x5F, 0x4D, 0x5F,
    0x4D, 0x5F, 0x4D, 0x5F, 0x4D, 0x5F, 0x4D, 0x5F, 0x4D, 0x5F, 0x9D, 0x4D, 0x5F, 0x4D, 0x5F, 0x4D,
    0x5F, 0x4D, 0x5F, 0x4D, 0x5F, 0x4D, 0x5F, 0x4D, 0x5F, 0x4D, 0x5F, 0x4D, 0x5F, 0x4D, 0x9F, 0x4D,
    0x1D, 0x00, 0x21, 0x31, 0xA3, 0xFF, 0xE5, 0xC6, 0x05, 0x02, 0x00, 0xB7, 0x21, 0x23, 0xAA, 0x2F,
    0xFB, 0x37, 0xFB, 0x16, 0xFB, 0x36, 0xFB, 0x36, 0xFB, 0x36, 0xFB, 0x36, 0xFB, 0x36, 0xFB, 0x36,
    0xFB, 0x36, 0xFB, 0x36, 0xFB, 0x36, 0xFB, 0x36, 0xFB, 0x36, 0xFB, 0x36, 0xFB, 0x36, 0xFB, 0x36,
    0xFB, 0x36, 0xFB, 0x36, 0xFB, 0x36, 0xFB, 0x36, 0xFB, 0x36, 0xFB, 0x36, 0xFB, 0x36, 0xFB, 0x16,
    0xFB, 0x57, 0x79, 0x8A, 0x08, 0x00, 0xFF, 0x10, 0x41, 0xE2, 0xD4, 0xFB, 0x37, 0xFB, 0x16, 0xFB,
    0x36, 0xFB, 0x36, 0xFB, 0x36, 0xFB, 0x36, 0xFB, 0x36, 0xFB, 0x36, 0xFB, 0x36, 0xFB, 0x36, 0xFB,
    0x36, 0xFB, 0x36, 0xFB, 0x36, 0xFB, 0x36, 0xFB, 0x36, 0xFB, 0x36, 0xFB, 0x36, 0xFB, 0x36, 0xFB,
    0x36, 0xFB, 0x16, 0xFB, 0x57, 0xA1, 0xED, 0x11, 0xAA, 0x4D, 0x9F, 0x4D, 0x5F, 0x4D, 0x5F, 0x4D,
    0x5F, 0x4D, 0x5F, 0x4D, 0x5F, 0x4D, 0x5F, 0x4D, 0x5F, 0x4D, 0x5F, 0x4D, 0x5F, 0x4D, 0x5F, 0x4D,
    0x5F, 0x4D, 0x5F, 0x4D, 0x5F, 0x4D, 0x5F, 0x4D, 0x5F, 0x4D, 0x5F, 0x4D, 0x5F, 0x4D, 0x5F, 0x4D,
    0x5F, 0x4D, 0x5F, 0x4D, 0x5F, 0x4D, 0x5F, 0x4D, 0x5F, 0x4D, 0x5F, 0x4D, 0x5F, 0x4D, 0x5F, 0x4D,
    0x5F, 0x4D, 0x5F, 0x4D, 0x5F, 0x4D, 0x5F, 0x4D, 0x5F, 0x4D, 0x5F, 0x4D, 0x5F, 0x4D, 0x5F, 0x4D,
    0x5F, 0x4D, 0x5F, 0x4D, 0x5F, 0x4D, 0x5F, 0xFF, 0x4D, 0x5F, 0x4D, 0x5F, 0x4D, 0x5F, 0x4D, 0x5F,
    0x4D, 0x5F, 0x4D, 0x5F, 0x4D, 0x5F, 0x4D, 0x5F, 0x4D, 0x5F, 0x4D, 0x5F, 0x4D, 0x5F, 0x4D, 0x5F,
    0x4D, 0x5F, 0x4D, 0x5F, 0x4D, 0x5F, 0x4D, 0x5F, 0x4D, 0x5F, 0x4D, 0x5F, 0x4D, 0x5F, 0x4D, 0x5F,
    0x4D, 0x5F, 0x4D, 0x5F, 0x4D, 0x5F, 0x4D, 0x5F, 0x4D, 0x5F, 0x4D, 0x5F, 0x4D, 0x5F, 0x4D, 0x5F,
    0x4D, 0x5F, 0x4D, 0x5F, 0x4D, 0x5F, 0x4D, 0x5F, 0x4D, 0x5F, 0x4D, 0x5F, 0x4D, 0x5F, 0x4D, 0x5F,
    0x4D, 0x5F, 0x4D, 0x5F, 0x4D, 0x5F, 0x4D, 0x5F, 0x4D, 0x5F, 0x4D, 0x5F, 0x4D, 0x5F, 0x4D, 0x5F,
    0x4D, 0x5F, 0x4D, 0x5F, 0x4D, 0x5F, 0x4D, 0x5F, 0x4D, 0x5F, 0x4D, 0x5F, 0x4D, 0x5F, 0x4D, 0x5F,
    0x4D, 0x5F, 0x4D, 0x5F, 0x4D, 0x5F, 0x4D, 0x5F, 0x4D, 0x5F, 0x4D, 0x5F, 0x4D, 0x5F, 0x4D, 0x5F,
    0x4D, 0x5F, 0x4D, 0x5F, 0x4D, 0x5F, 0x4D, 0x5F, 0xFF, 0x4D, 0x5F, 0x4D, 0x5F, 0x4D, 0x5F, 0x4D,
    0x5F, 0x4D, 0x5F, 0x4D, 0x5F, 0x4D, 0x5F, 0x4D, 0x5F, 0x4D, 0x5F, 0x4D, 0x5F, 0x4D, 0x5F, 0x4D,
    0x5F, 0x4D, 0x5F, 0x4D, 0x5F, 0x4D, 0x5F, 0x4D, 0x5F, 0x4D, 0x5F, 0x4D, 0x5F, 0x4D, 0x5F, 0x4D,
    0x5F, 0x4D, 0x5F, 0x4D, 0x5F, 0x4D, 0x5F, 0x4D, 0x5F, 0x4D, 0x5F, 0x4D, 0x5F, 0x4D, 0x5F, 0x4D,
    0x5F, 0x4D, 0x5F, 0x4D, 0x5F, 0x4D, 0x5F, 0x4D, 0x5F, 0x4D, 0x5F, 0x4D, 0x5F, 0x4D, 0x5F, 0x4D,
    0x5F, 0x4D, 0x5F, 0x4D, 0x5F, 0x4D, 0x5F, 0x4D, 0x5F, 0x4D, 0x5F, 0x4D, 0x5F, 0x4D, 0x5F, 0x4D,
    0x5F, 0x4D, 0x5F, 0x4D, 0x5F, 0x4D, 0x5F, 0x4D, 0x5F, 0x4D, 0x5F, 0x4D, 0x5F, 0x4D, 0x5F, 0x4D,
    0x5F, 0x4D, 0x5F, 0x4D, 0x5F, 0x4D, 0x5F, 0x4D, 0x5F, 0x4D, 0x5F, 0x4D, 0x5F, 0x4D, 0x5F, 0x4D,
    0x5F, 0x4D, 0x5F, 0x4D, 0x5F, 0x4D, 0x5F, 0x4D, 0x5F, 0x9D, 0x4D, 0x5F, 0x4D, 0x5F, 0x4D, 0x5F,
    0x4D, 0x5F, 0x4D, 0x5F, 0x4D, 0x5F, 0x4D, 0x5F, 0x4D, 0x5F, 0x4D, 0x5F, 0x4D, 0x7F, 0x4D, 0x1D,
    0x00, 0x21, 0x31, 0xA3, 0xFF, 0xE5, 0xC6, 0x05, 0x02, 0x00, 0xB9, 0x21, 0x23, 0xAA, 0x2F, 0xFB,
    0x37, 0xFB, 0x16, 0xFB, 0x36, 0xFB, 0x36, 0xFB, 0x36, 0xFB, 0x36, 0xFB, 0x36, 0xFB, 0x36, 0xFB,
    0x36, 0xFB, 0x36, 0xFB, 0x36, 0xFB, 0x36, 0xFB, 0x36, 0xFB, 0x36, 0xFB, 0x36, 0xFB, 0x36, 0xFB,
    0x36, 0xFB, 0x36, 0xFB, 0x36, 0xFB, 0x36, 0xFB, 0x36, 0xFB, 0x36, 0xFB, 0x36, 0xFB, 0x36, 0xFB,
    0x36, 0xFB, 0x37, 0x59, 0x07, 0x08, 0x00, 0xFF, 0x69, 0x49, 0xFB, 0x57, 0xFB, 0x16, 0xFB, 0x36,
    0xFB, 0x36, 0xFB, 0x36, 0xFB, 0x36, 0xFB, 0x36, 0xFB, 0x36, 0xFB, 0x36, 0xFB, 0x36, 0xFB, 0x36,
    0xFB, 0x36, 0xFB, 0x36, 0xFB, 0x36, 0xFB, 0x36, 0xFB, 0x36, 0xFB, 0x36, 0xFB, 0x36, 0xFB, 0x36,
    0xFB, 0x16, 0xFB, 0x57, 0xAA, 0x2F, 0x11, 0xAA, 0x4D, 0x9F, 0x4D, 0x5F, 0x4D, 0x5F, 0x4D, 0x5F,
    0x4D, 0x5F, 0x4D, 0x5F, 0x4D, 0x5F, 0x4D, 0x5F, 0x4D, 0x5F, 0x4D, 0x5F, 0x4D, 0x5F, 0x4D, 0x5F,
    0x4D, 0x5F, 0x4D, 0x5F, 0x4D, 0x5F, 0x4D, 0x5F, 0x4D, 0x5F, 0x4D, 0x5F, 0x4D, 0x5F, 0x4D, 0x5F,
    0x4D, 0x5F, 0x4D, 0x5F, 0x4D, 0x5F, 0x4D, 0x5F, 0x4D, 0x5F, 0x4D, 0x5F, 0x4D, 0x5F, 0x4D, 0x5F,
    0x4D, 0x5F, 0x4D, 0x5F, 0x4D, 0x5F, 0x4D, 0x5F, 0x4D, 0x5F, 0x4D, 0x5F, 0x4D, 0x5F, 0x4D, 0x5F,
    0x4D, 0x5F, 0x4D, 0x5F, 0x4D, 0x5F, 0x4D, 0x5F, 0xFF, 0x4D, 0x5F, 0x4D, 0x5F, 0x4D, 0x5F, 0x4D,
    0x5F, 0x4D, 0x5F, 0x4D, 0x5F, 0x4D, 0x5F, 0x4D, 0x5F, 0x4D, 0x5F, 0x4D, 0x5F, 0x4D, 0x5F, 0x4D,
    0x5F, 0x4D, 0x5F, 0x4D, 0x5F, 0x4D, 0x5F, 0x4D, 0x5F, 0x4D, 0x5F, 0x4D, 0x5F, 0x4D, 0x5F, 0x4D,
    0x5F, 0x4D, 0x5F, 0x4D, 0x5F, 0x4D, 0x5F, 0x4D, 0x5F, 0x4D, 0x5F, 0x4D, 0x5F, 0x4D, 0x5F, 0x4D,
    0x5F, 0x4D, 0x5F, 0x4D, 0x5F, 0x4D, 0x5F, 0x4D, 0x5F, 0x4D, 0x5F, 0x4D, 0x5F, 0x4D, 0x5F, 0x4D,
    0x5F, 0x4D, 0x5F, 0x4D, 0x5F, 0x4D, 0x5F, 0x4D, 0x5F, 0x4D, 0x5F, 0x4D, 0x5F, 0x4D, 0x5F, 0x4D,
    0x5F, 0x4D, 0x5F, 0x4D, 0x5F, 0x4D, 0x5F, 0x4D, 0x5F, 0x4D, 0x5F, 0x4D, 0x5F, 0x4D, 0x5F, 0x4D,
    0x5F, 0x4D, 0x5F, 0x4D, 0x5F, 0x4D, 0x5F, 0x4D, 0x5F, 0x4D, 0x5F, 0x4D, 0x5F, 0x4D, 0x5F, 0x4D,
    0x5F, 0x4D, 0x5F, 0x4D, 0x5F, 0x4D, 0x5F, 0x4D, 0x5F, 0xFF, 0x4D, 0x5F, 0x4D, 0x5F, 0x4D, 0x5F,
    0x4D, 0x5F, 0x4D, 0x5F, 0x4D, 0x5F, 0x4D, 0x5F, 0x4D, 0x5F, 0x4D, 0x5F, 0x4D, 0x5F, 0x4D, 0x5F,
    0x4D, 0x5F, 0x4D, 0x5F, 0x4D, 0x5F, 0x4D, 0x5F, 0x4D, 0x5F, 0x4D, 0x5F, 0x4D, 0x5F, 0x4D, 0x5F,
    0x4D, 0x5F, 0x4D, 0x5F, 0x4D, 0x5F, 0x4D, 0x5F, 0x4D, 0x5F, 0x4D, 0x5F, 0x4D, 0x5F, 0x4D, 0x5F,
    0x4D, 0x5F, 0x4D, 0x5F, 0x4D, 0x5F, 0x4D, 0x5F, 0x4D, 0x5F, 0x4D, 0x5F, 0x4D, 0x5F, 0x4D, 0x5F,
    0x4D, 0x5F, 0x4D, 0x5F, 0x4D, 0x5F, 0x4D, 0x5F, 0x4D, 0x5F, 0x4D, 0x5F, 0x4D, 0x5F, 0x4D, 0x5F,
    0x4D, 0x5F, 0x4D, 0x5F, 0x4D, 0x5F, 0x4D, 0x5F, 0x4D, 0x5F, 0x4D, 0x5F, 0x4D, 0x5F, 0x4D, 0x5F,
    0x4D, 0x5F, 0x4D, 0x5F, 0x4D, 0x5F, 0x4D, 0x5F, 0x4D, 0x5F, 0x4D, 0x5F, 0x4D, 0x5F, 0x4D, 0x5F,
    0x4D, 0x5F, 0x4D, 0x5F, 0x4D, 0x5F, 0x4D, 0x5F, 0x4D, 0x5F, 0xD9, 0x4D, 0x5F, 0x4D, 0x5F, 0x4D,
    0x5F, 0x4D, 0x5F, 0x4D, 0x5F, 0x4D, 0x5F, 0x4D, 0x5F, 0x4D, 0x5F, 0x4D, 0x7F, 0x4D, 0x1D, 0x21,
    0x23, 0x52, 0x45, 0xFF, 0xE5, 0xC6, 0x05, 0x08, 0x83, 0x31, 0xA3, 0xAA, 0x2F, 0xFB, 0x37, 0xFB,
    0x16, 0xFB, 0x36, 0xFB, 0x36, 0xFB, 0x36, 0xFB, 0x36, 0xFB, 0x36, 0xFB, 0x36, 0xFB, 0x36, 0xFB,
    0x36, 0xFB, 0x36, 0xFB, 0x36, 0xFB, 0x36, 0xFB, 0x36, 0xFB, 0x36, 0xFB, 0x36, 0xFB, 0x36, 0xFB,
    0x36, 0xFB, 0x36, 0xFB, 0x36, 0xFB, 0x36, 0xFB, 0x36, 0xFB, 0x36, 0xFB, 0x36, 0xFB, 0x16, 0xFB,
    0x36, 0xFB, 0x16, 0x30, 0xA5, 0x06, 0x00, 0xFF, 0x10, 0x41, 0xE2, 0xD4, 0xFB, 0x36, 0xFB, 0x16,
    0xFB, 0x36, 0xFB, 0x36, 0xFB, 0x36, 0xFB, 0x36, 0xFB, 0x36, 0xFB, 0x36, 0xFB, 0x36, 0xFB, 0x36,
    0xFB, 0x36, 0xFB, 0x36, 0xFB, 0x36, 0xFB, 0x36, 0xFB, 0x36, 0xFB, 0x36, 0xFB, 0x36, 0xFB, 0x36,
    0xFB, 0x16, 0xFB, 0x57, 0xBA, 0x0F, 0x11, 0xAA, 0x4D, 0x9F, 0x4D, 0x5F, 0x4D, 0x5F, 0x4D, 0x5F,
    0x4D, 0x5F, 0x4D, 0x5F, 0x4D, 0x5F, 0x4D, 0x5F, 0x4D, 0x5F, 0x4D, 0x5F, 0x4D, 0x5F, 0x4D, 0x5F,
    0x4D, 0x5F, 0x4D, 0x5F, 0x4D, 0x5F, 0x4D, 0x5F, 0x4D, 0x5F, 0x4D, 0x5F, 0x4D, 0x5F, 0x4D, 0x5F,
    0x4D, 0x5F, 0x4D, 0x5F, 0x4D, 0x5F, 0x4D, 0x5F, 0x4D, 0x5F, 0x4D, 0x5F, 0x4D, 0x5F, 0x4D, 0x5F,
    0x4D, 0x5F, 0x4D, 0x5F, 0x4D, 0x5F, 0x4D, 0x5F, 0x4D, 0x5F, 0x4D, 0x5F, 0x4D, 0x5F, 0x4D, 0x5F,
    0x4D, 0x5F, 0x4D, 0x5F, 0x4D, 0x5F, 0x4D, 0x5F, 0xFF, 0x4D, 0x5F, 0x4D, 0x5F, 0x4D, 0x5F, 0x4D,
    0x5F, 0x4D, 0x5F, 0x4D, 0x5F, 0x4D, 0x5F, 0x4D, 0x5F, 0x4D, 0x5F, 0x4D, 0x5F, 0x4D, 0x5F, 0x4D,
    0x5F, 0x4D, 0x5F, 0x4D, 0x5F, 0x4D, 0x5F, 0x4D, 0x5F, 0x4D, 0x5F, 0x4D, 0x5F, 0x4D, 0x5F, 0x4D,
    0x5F, 0x4D, 0x5F, 0x4D, 0x5F, 0x4D, 0x5F, 0x4D, 0x5F, 0x4D, 0x5F, 0x4D, 0x5F, 0x4D, 0x5F, 0x4D,
    0x5F, 0x4D, 0x5F, 0x4D, 0x5F, 0x4D, 0x5F, 0x4D, 0x5F, 0x4D, 0x5F, 0x4D, 0x5F, 0x4D, 0x5F, 0x4D,
    0x5F, 0x4D, 0x5F, 0x4D, 0x5F, 0x4D, 0x5F, 0x4D, 0x5F, 0x4D, 0x5F, 0x4D, 0x5F, 0x4D, 0x5F, 0x4D,
    0x5F, 0x4D, 0x5F, 0x4D, 0x5F, 0x4D, 0x5F, 0x4D, 0x5F, 0x4D, 0x5F, 0x4D, 0x5F, 0x4D, 0x5F, 0x4D,
    0x5F, 0x4D, 0x5F, 0x4D, 0x5F, 0x4D, 0x5F, 0x4D, 0x5F, 0x4D, 0x5F, 0x4D, 0x5F, 0x4D, 0x5F, 0x4D,
    0x5F, 0x4D, 0x5F, 0x4D, 0x5F, 0x4D, 0x5F, 0x4D, 0x5F, 0xFF, 0x4D, 0x5F, 0x4D, 0x5F, 0x4D, 0x5F,
    0x4D, 0x5F, 0x4D, 0x5F, 0x4D, 0x5F, 0x4D, 0x5F, 0x4D, 0x5F, 0x4D, 0x5F, 0x4D, 0x5F, 0x4D, 0x5F,
    0x4D, 0x5F, 0x4D, 0x5F, 0x4D, 0x5F, 0x4D, 0x5F, 0x4D, 0x5F, 0x4D, 0x5F, 0x4D, 0x5F, 0x4D, 0x5F,
    0x4D, 0x5F, 0x4D, 0x5F, 0x4D, 0x5F, 0x4D, 0x5F, 0x4D, 0x5F, 0x4D, 0x5F, 0x4D, 0x5F, 0x4D, 0x5F,
    0x4D, 0x5F, 0x4D, 0x5F, 0x4D, 0x5F, 0x4D, 0x5F, 0x4D, 0x5F, 0x4D, 0x5F, 0x4D, 0x5F, 0x4D, 0x5F,
    0x4D, 0x5F, 0x4D, 0x5F, 0x4D, 0x5F, 0x4D, 0x5F, 0x4D, 0x5F, 0x4D, 0x5F, 0x4D, 0x5F, 0x4D, 0x5F,
    0x4D, 0x5F, 0x4D, 0x5F, 0x4D, 0x5F, 0x4D, 0x5F, 0x4D, 0x5F, 0x4D, 0x5F, 0x4D, 0x5F, 0x4D, 0x5F,
    0x4D, 0x5F, 0x4D, 0x5F, 0x4D, 0x5F, 0x4D, 0x5F, 0x4D, 0x5F, 0x4D, 0x5F, 0x4D, 0x5F, 0x4D, 0x5F,
    0x4D, 0x5F, 0x4D, 0x5F, 0x4D, 0x5F, 0x4D, 0x5F, 0x4D, 0x5F, 0xDB, 0x4D, 0x5F, 0x4D, 0x5F, 0x4D,
    0x5F, 0x4D, 0x5F, 0x4D, 0x5F, 0x4D, 0x5F, 0x4D, 0x5F, 0x4D, 0x5F, 0x4D, 0x7F, 0x4D, 0x1D, 0x11,
    0xAA, 0x21, 0x23, 0x31, 0xA3, 0x31, 0xA3, 0x21, 0x23, 0x21, 0x23, 0xAA, 0x2F, 0xFB, 0x57, 0xFB,
    0x16, 0xFB, 0x36, 0xFB, 0x36, 0xFB, 0x36, 0xFB, 0x36, 0xFB, 0x36, 0xFB, 0x36, 0xFB, 0x36, 0xFB,
    0x36, 0xFB, 0x36, 0xFB, 0x36, 0xFB, 0x36, 0xFB, 0x36, 0xFB, 0x36, 0xFB, 0x36, 0xFB, 0x36, 0xFB,
    0x36, 0xFB, 0x36, 0xFB, 0x36, 0xFB, 0x36, 0xFB, 0x36, 0xFB, 0x36, 0xFB, 0x36, 0xFB, 0x36, 0xFB,
    0x16, 0xFB, 0x36, 0xF2, 0xF5, 0x48, 0xE6, 0x06, 0x00, 0xFF, 0xCA, 0x91, 0xFB, 0x37, 0xFB, 0x16,
    0xFB, 0x36, 0xFB, 0x36, 0xFB, 0x36, 0xFB, 0x36, 0xFB, 0x36, 0xFB, 0x36, 0xFB, 0x36, 0xFB, 0x36,
    0xFB, 0x36, 0xFB, 0x36, 0xFB, 0x36, 0xFB, 0x36, 0xFB, 0x36, 0xFB, 0x36, 0xFB, 0x36, 0xFB, 0x36,
    0xFB, 0x16, 0xFB, 0x57, 0xBA, 0x0F, 0x11, 0x68, 0x4D, 0x9F, 0x4D, 0x5F, 0x4D, 0x5F, 0x4D, 0x5F,
    0x4D, 0x5F, 0x4D, 0x5F, 0x4D, 0x5F, 0x4D, 0x5F, 0x4D, 0x5F, 0x4D, 0x5F, 0x4D, 0x5F, 0x4D, 0x5F,
    0x4D, 0x5F, 0x4D, 0x5F, 0x4D, 0x5F, 0x4D, 0x5F, 0x4D, 0x5F, 0x4D, 0x5F, 0x4D, 0x5F, 0x4D, 0x5F,
    0x4D, 0x5F, 0x4D, 0x5F, 0x4D, 0x5F, 0x4D, 0x5F, 0x4D, 0x5F, 0x4D, 0x5F, 0x4D, 0x5F, 0x4D, 0x5F,
    0x4D, 0x5F, 0x4D, 0x5F, 0x4D, 0x5F, 0x4D, 0x5F, 0x4D, 0x5F, 0x4D, 0x5F, 0x4D, 0x5F, 0x4D, 0x5F,
    0x4D, 0x5F, 0x4D, 0x5F, 0x4D, 0x5F, 0x4D, 0x5F, 0x4D, 0x5F, 0xFF, 0x4D, 0x5F, 0x4D, 0x5F, 0x4D,
    0x5F, 0x4D, 0x5F, 0x4D, 0x5F, 0x4D, 0x5F, 0x4D, 0x5F, 0x4D, 0x5F, 0x4D, 0x5F, 0x4D, 0x5F, 0x4D,
    0x5F, 0x4D, 0x5F, 0x4D, 0x5F, 0x4D, 0x5F, 0x4D, 0x5F, 0x4D, 0x5F, 0x4D, 0x5F, 0x4D, 0x5F, 0x4D,
    0x5F, 0x4D, 0x5F, 0x4D, 0x5F, 0x4D, 0x5F, 0x4D, 0x5F, 0x4D, 0x5F, 0x4D, 0x5F, 0x4D, 0x5F, 0x4D,
    0x5F, 0x4D, 0x5F, 0x4D, 0x5F, 0x4D, 0x5F, 0x4D, 0x5F, 0x4D, 0x5F, 0x4D, 0x5F, 0x4D, 0x5F, 0x4D,
    0x5F, 0x4D, 0x5F, 0x4D, 0x5F, 0x4D, 0x5F, 0x4D, 0x5F, 0x4D, 0x5F, 0x4D, 0x5F, 0x4D, 0x5F, 0x4D,
    0x5F, 0x4D, 0x5F, 0x4D, 0x5F, 0x4D, 0x5F, 0x4D, 0x5F, 0x4D, 0x5F, 0x4D, 0x5F, 0x4D, 0x5F, 0x4D,
    0x5F, 0x4D, 0x5F, 0x4D, 0x5F, 0x4D, 0x5F, 0x4D, 0x5F, 0x4D, 0x5F, 0x4D, 0x5F, 0x4D, 0x5F, 0x4D,
    0x5F, 0x4D, 0x5F, 0x4D, 0x5F, 0x4D, 0x5F, 0x4D, 0x5F, 0x4D, 0x5F, 0xFF, 0x4D, 0x5F, 0x4D, 0x5F,
    0x4D, 0x5F, 0x4D, 0x5F, 0x4D, 0x5F, 0x4D, 0x5F, 0x4D, 0x5F, 0x4D, 0x5F, 0x4D, 0x5F, 0x4D, 0x5F,
    0x4D, 0x5F, 0x4D, 0x5F, 0x4D, 0x5F, 0x4D, 0x5F, 0x4D, 0x5F, 0x4D, 0x5F, 0x4D, 0x5F, 0x4D, 0x5F,
    0x4D, 0x5F, 0x4D, 0x5F, 0x4D, 0x5F, 0x4D, 0x5F, 0x4D, 0x5F, 0x4D, 0x5F, 0x4D, 0x5F, 0x4D, 0x5F,
    0x4D, 0x5F, 0x4D, 0x5F, 0x4D, 0x5F, 0x4D, 0x5F, 0x4D, 0x5F, 0x4D, 0x5F, 0x4D, 0x5F, 0x4D, 0x5F,
    0x4D, 0x5F, 0x4D, 0x5F, 0x4D, 0x5F, 0x4D, 0x5F, 0x4D, 0x5F, 0x4D, 0x5F, 0x4D, 0x5F, 0x4D, 0x5F,
    0x4D, 0x5F, 0x4D, 0x5F, 0x4D, 0x5F, 0x4D, 0x5F, 0x4D, 0x5F, 0x4D, 0x5F, 0x4D, 0x5F, 0x4D, 0x5F,
    0x4D, 0x5F, 0x4D, 0x5F, 0x4D, 0x5F, 0x4D, 0x5F, 0x4D, 0x5F, 0x4D, 0x5F, 0x4D, 0x5F, 0x4D, 0x5F,
    0x4D, 0x5F, 0x4D, 0x5F, 0x4D, 0x5F, 0x4D, 0x5F, 0x4D, 0x5F, 0x4D, 0x5F, 0x93, 0x4D, 0x5F, 0x4D,
    0x5F, 0x4D, 0x5F, 0x4D, 0x5F, 0x4D, 0x5F, 0x4D, 0x5F, 0x4D, 0x5F, 0x4D, 0x7F, 0x4D, 0x1D, 0x08,
    0x83, 0x0A, 0x00, 0xFF, 0xAA, 0x2F, 0xFB, 0x57, 0xFB, 0x16, 0xFB, 0x36, 0xFB, 0x36, 0xFB, 0x36,
    0xFB, 0x36, 0xFB, 0x36, 0xFB, 0x36, 0xFB, 0x36, 0xFB, 0x36, 0xFB, 0x36, 0xFB, 0x36, 0xFB, 0x36,
    0xFB, 0x36, 0xFB, 0x36, 0xFB, 0x36, 0xFB, 0x36, 0xFB, 0x36, 0xFB, 0x36, 0xFB, 0x36, 0xFB, 0x36,
    0xFB, 0x36, 0xFB, 0x36, 0xFB, 0x36, 0xFB, 0x36, 0xFB, 0x36, 0xFB, 0x16, 0xFB, 0x36, 0xFB, 0x36,
    0x89, 0xCC, 0x10, 0x41, 0x59, 0x07, 0xFB, 0x16, 0xFB, 0x36, 0xFB, 0x36, 0xFB, 0x36, 0xFB, 0x36,
    0xFB, 0x36, 0xFB, 0x36, 0xFB, 0x36, 0xFB, 0x36, 0xFB, 0x36, 0xFB, 0x36, 0xFB, 0x36, 0xFB, 0x36,
    0xFB, 0x36, 0xFB, 0x36, 0xFB, 0x36, 0xFB, 0x36, 0xFB, 0x36, 0xFB, 0x36, 0xFB, 0x16, 0xFB, 0x57,
    0xBA, 0x0F, 0x11, 0x68, 0x4D, 0x7F, 0x4D, 0x5F, 0x4D, 0x5F, 0x4D, 0x5F, 0x4D, 0x5F, 0x4D, 0x5F,
    0x4D, 0x5F, 0x4D, 0x5F, 0xFF, 0x4D, 0x5F, 0x4D, 0x5F, 0x4D, 0x5F, 0x4D, 0x5F, 0x4D, 0x5F, 0x4D,
    0x5F, 0x4D, 0x5F, 0x4D, 0x5F, 0x4D, 0x5F, 0x4D, 0x5F, 0x4D, 0x5F, 0x4D, 0x5F, 0x4D, 0x5F, 0x4D,
    0x5F, 0x4D, 0x5F, 0x4D, 0x5F, 0x4D, 0x5F, 0x4D, 0x5F, 0x4D, 0x5F, 0x4D, 0x5F, 0x4D, 0x5F, 0x4D,
    0x5F, 0x4D, 0x5F, 0x4D, 0x5F, 0x4D, 0x5F, 0x4D, 0x5F, 0x4D, 0x5F, 0x4D, 0x5F, 0x4D, 0x5F, 0x4D,
    0x5F, 0x4D, 0x5F, 0x4D, 0x5F, 0x4D, 0x5F, 0x4D, 0x5F, 0x4D, 0x5F, 0x4D, 0x5F, 0x4D, 0x5F, 0x4D,
    0x5F, 0x4D, 0x5F, 0x4D, 0x5F, 0x4D, 0x5F, 0x4D, 0x5F, 0x4D, 0x5F, 0x4D, 0x5F, 0x4D, 0x5F, 0x4D,
    0x5F, 0x4D, 0x5F, 0x4D, 0x5F, 0x4D, 0x5F, 0x4D, 0x5F, 0x4D, 0x5F, 0x4D, 0x5F, 0x4D, 0x5F, 0x4D,
    0x5F, 0x4D, 0x5F, 0x4D, 0x5F, 0x4D, 0x5F, 0x4D, 0x5F, 0x4D, 0x5F, 0x4D, 0x5F, 0x4D, 0x5F, 0x4D,
    0x5F, 0x4D, 0x5F, 0x4D, 0x5F, 0xFF, 0x4D, 0x5F, 0x4D, 0x5F, 0x4D, 0x5F, 0x4D, 0x5F, 0x4D, 0x5F,
    0x4D, 0x5F, 0x4D, 0x5F, 0x4D, 0x5F, 0x4D, 0x5F, 0x4D, 0x5F, 0x4D, 0x5F, 0x4D, 0x5F, 0x4D, 0x5F,
    0x4D, 0x5F, 0x4D, 0x5F, 0x4D, 0x5F, 0x4D, 0x5F, 0x4D, 0x5F, 0x4D, 0x5F, 0x4D, 0x5F, 0x4D, 0x5F,
    0x4D, 0x5F, 0x4D, 0x5F, 0x4D, 0x5F, 0x4D, 0x5F, 0x4D, 0x5F, 0x4D, 0x5F, 0x4D, 0x5F, 0x4D, 0x5F,
    0x4D, 0x5F, 0x4D, 0x5F, 0x4D, 0x5F, 0x4D, 0x5F, 0x4D, 0x5F, 0x4D, 0x5F, 0x4D, 0x5F, 0x4D, 0x5F,
    0x4D, 0x5F, 0x4D, 0x5F, 0x4D, 0x5F, 0x4D, 0x5F, 0x4D, 0x5F, 0x4D, 0x5F, 0x4D, 0x5F, 0x4D, 0x5F,
    0x4D, 0x5F, 0x4D, 0x5F, 0x4D, 0x5F, 0x4D, 0x5F, 0x4D, 0x5F, 0x4D, 0x5F, 0x4D, 0x5F, 0x4D, 0x5F,
    0x4D, 0x5F, 0x4D, 0x5F, 0x4D, 0x5F, 0x4D, 0x5F, 0x4D, 0x5F, 0x4D, 0x5F, 0x4D, 0x5F, 0x4D, 0x5F,
    0x4D, 0x5F, 0x4D, 0x5F, 0x4D, 0x5F, 0xD5, 0x4D, 0x5F, 0x4D, 0x5F, 0x4D, 0x5F, 0x4D, 0x5F, 0x4D,
    0x5F, 0x4D, 0x5F, 0x4D, 0x5F, 0x4D, 0x5F, 0x4D, 0x5F, 0x4D, 0x5F, 0x4D, 0x5F, 0x4D, 0x5F, 0x4D,
    0x5F, 0x4D, 0x5F, 0x4D, 0x5F, 0x4D, 0x5F, 0x4D, 0x5F, 0x4D, 0x5F, 0x4D, 0x5F, 0x4D, 0x5F, 0x4D,
    0x5F, 0x4D, 0x5F, 0x4D, 0x5F, 0x4D, 0x5F, 0x4D, 0x5F, 0x4D, 0x5F, 0x4D, 0x5F, 0x4D, 0x5F, 0x4D,
    0x5F, 0x4D, 0x5F, 0x4D, 0x5F, 0x4D, 0x5F, 0x4D, 0x5F, 0x4D, 0x5F, 0x4D, 0x5F, 0x4D, 0x5F, 0x4D,
    0x5F, 0x4D, 0x5F, 0x4D, 0x5F, 0x4D, 0x5F, 0x4D, 0x7F, 0x4D, 0x1D, 0x09, 0x06, 0x03, 0x00, 0x82,
    0x21, 0x00, 0x21, 0x04, 0x00, 0xFF, 0xAA, 0x2F, 0xFB, 0x57, 0xFB, 0x16, 0xFB, 0x36, 0xFB, 0x36,
    0xFB, 0x36, 0xFB, 0x36, 0xFB, 0x36, 0xFB, 0x36, 0xFB, 0x36, 0xFB, 0x36, 0xFB, 0x36, 0xFB, 0x36,
    0xFB, 0x36, 0xFB, 0x36, 0xFB, 0x36, 0xFB, 0x36, 0xFB, 0x36, 0xFB, 0x36, 0xFB, 0x36, 0xFB, 0x36,
    0xFB, 0x36, 0xFB, 0x36, 0xFB, 0x36, 0xFB, 0x36, 0xFB, 0x36, 0xFB, 0x36, 0xFB, 0x36, 0xFB, 0x16,
    0xFB, 0x36, 0xFB, 0x57, 0xFB, 0x16, 0xFB, 0x36, 0xFB, 0x36, 0xFB, 0x36, 0xFB, 0x36, 0xFB, 0x36,
    0xFB, 0x36, 0xFB, 0x36, 0xFB, 0x36, 0xFB, 0x36, 0xFB, 0x36, 0xFB, 0x36, 0xFB, 0x36, 0xFB, 0x36,
    0xFB, 0x36, 0xFB, 0x36, 0xFB, 0x36, 0xFB, 0x36, 0xFB, 0x36, 0xFB, 0x36, 0xFB, 0x36, 0xFB, 0x16,
    0xFB, 0x57, 0xBA, 0x0F, 0x11, 0x68, 0x4D, 0x7F, 0x4D, 0x5F, 0x4D, 0x5F, 0x4D, 0x5F, 0x4D, 0x5F,
    0x4D, 0x5F, 0x4D, 0x5F, 0x4D, 0x5F, 0xFF, 0x4D, 0x5F, 0x4D, 0x5F, 0x4D, 0x5F, 0x4D, 0x5F, 0x4D,
    0x5F, 0x4D, 0x5F, 0x4D, 0x5F, 0x4D, 0x5F, 0x4D, 0x5F, 0x4D, 0x5F, 0x4D, 0x5F, 0x4D, 0x5F, 0x4D,
    0x5F, 0x4D, 0x5F, 0x4D, 0x5F, 0x4D, 0x5F, 0x4D, 0x5F, 0x4D, 0x5F, 0x4D, 0x5F, 0x4D, 0x5F, 0x4D,
    0x5F, 0x4D, 0x5F, 0x4D, 0x5F, 0x4D, 0x5F, 0x4D, 0x5F, 0x4D, 0x5F, 0x4D, 0x5F, 0x4D, 0x5F, 0x4D,
    0x5F, 0x4D, 0x5F, 0x4D, 0x5F, 0x4D, 0x5F, 0x4D, 0x5F, 0x4D, 0x5F, 0x4D, 0x5F, 0x4D, 0x5F, 0x4D,
    0x5F, 0x4D, 0x5F, 0x4D, 0x5F, 0x4D, 0x5F, 0x4D, 0x5F, 0x4D, 0x5F, 0x4D, 0x5F, 0x4D, 0x5F, 0x4D,
    0x5F, 0x4D, 0x5F, 0x4D, 0x5F, 0x4D, 0x5F, 0x4D, 0x5F, 0x4D, 0x5F, 0x4D, 0x5F, 0x4D, 0x5F, 0x4D,
    0x5F, 0x4D, 0x5F, 0x4D, 0x5F, 0x4D, 0x5F, 0x4D, 0x5F, 0x4D, 0x5F, 0x4D, 0x5F, 0x4D, 0x5F, 0x4D,
    0x5F, 0x4D, 0x5F, 0x4D, 0x5F, 0x4D, 0x5F, 0xFF, 0x4D, 0x5F, 0x4D, 0x5F, 0x4D, 0x5F, 0x4D, 0x5F,
    0x4D, 0x5F, 0x4D, 0x5F, 0x4D, 0x5F, 0x4D, 0x5F, 0x4D, 0x5F, 0x4D, 0x5F, 0x4D, 0x5F, 0x4D, 0x5F,
    0x4D, 0x5F, 0x4D, 0x5F, 0x4D, 0x5F, 0x4D, 0x5F, 0x4D, 0x5F, 0x4D, 0x5F, 0x4D, 0x5F, 0x4D, 0x5F,
    0x4D, 0x5F, 0x4D, 0x5F, 0x4D, 0x5F, 0x4D, 0x5F, 0x4D, 0x5F, 0x4D, 0x5F, 0x4D, 0x5F, 0x4D, 0x5F,
    0x4D, 0x5F, 0x4D, 0x5F, 0x4D, 0x5F, 0x4D, 0x5F, 0x4D, 0x5F, 0x4D, 0x5F, 0x4D, 0x5F, 0x4D, 0x5F,
    0x4D, 0x5F, 0x4D, 0x5F, 0x4D, 0x5F, 0x4D, 0x5F, 0x4D, 0x5F, 0x4D, 0x5F, 0x4D, 0x5F, 0x4D, 0x5F,
    0x4D, 0x5F, 0x4D, 0x5F, 0x4D, 0x5F, 0x4D, 0x5F, 0x4D, 0x5F, 0x4D, 0x5F, 0x4D, 0x5F, 0x4D, 0x5F,
    0x4D, 0x5F, 0x4D, 0x5F, 0x4D, 0x5F, 0x4D, 0x5F, 0x4D, 0x5F, 0x4D, 0x5F, 0x4D, 0x5F, 0x4D, 0x5F,
    0x4D, 0x5F, 0x4D, 0x5F, 0x4D, 0x5F, 0x4D, 0x5F, 0xD5, 0x4D, 0x5F, 0x4D, 0x5F, 0x4D, 0x5F, 0x4D,
    0x5F, 0x4D, 0x5F, 0x4D, 0x5F, 0x4D, 0x5F, 0x4D, 0x5F, 0x4D, 0x5F, 0x4D, 0x5F, 0x4D, 0x5F, 0x4D,
    0x5F, 0x4D, 0x5F, 0x4D, 0x5F, 0x4D, 0x5F, 0x4D, 0x5F, 0x4D, 0x5F, 0x4D, 0x5F, 0x4D, 0x5F, 0x4D,
    0x5F, 0x4D, 0x5F, 0x4D, 0x5F, 0x4D, 0x5F, 0x4D, 0x5F, 0x4D, 0x5F, 0x4D, 0x5F, 0x4D, 0x5F, 0x4D,
    0x5F, 0x4D, 0x5F, 0x4D, 0x5F, 0x4D, 0x5F, 0x4D, 0x5F, 0x4D, 0x5F, 0x4D, 0x5F, 0x4D, 0x5F, 0x4D,
    0x5F, 0x4D, 0x5F, 0x4D, 0x5F, 0x4D, 0x5F, 0x4D, 0x5F, 0x4D, 0x5F, 0x4D, 0x1D, 0x09, 0x06, 0x02,
    0x00, 0x83, 0x08, 0x83, 0x08, 0x83, 0x03, 0x00, 0xFF, 0x21, 0xAA, 0x2F, 0xFB, 0x57, 0xFB, 0x16,
    0xFB, 0x36, 0xFB, 0x36, 0xFB, 0x36, 0xFB, 0x36, 0xFB, 0x36, 0xFB, 0x36, 0xFB, 0x36, 0xFB, 0x36,
    0xFB, 0x36, 0xFB, 0x36, 0xFB, 0x36, 0xFB, 0x36, 0xFB, 0x36, 0xFB, 0x36, 0xFB, 0x36, 0xFB, 0x36,
    0xFB, 0x36, 0xFB, 0x36, 0xFB, 0x36, 0xFB, 0x36, 0xFB, 0x36, 0xFB, 0x36, 0xFB, 0x36, 0xFB, 0x36,
    0xFB, 0x36, 0xFB, 0x36, 0xFB, 0x36, 0xFB, 0x16, 0xFB, 0x36, 0xFB, 0x36, 0xFB, 0x36, 0xFB, 0x36,
    0xFB, 0x36, 0xFB, 0x36, 0xFB, 0x36, 0xFB, 0x36, 0xFB, 0x36, 0xFB, 0x36, 0xFB, 0x36, 0xFB, 0x36,
    0xFB, 0x36, 0xFB, 0x36, 0xFB, 0x36, 0xFB, 0x36, 0xFB, 0x36, 0xFB, 0x36, 0xFB, 0x36, 0xFB, 0x36,
    0xFB, 0x36, 0xFB, 0x16, 0xFB, 0x57, 0xBA, 0x0F, 0x11, 0x68, 0x4D, 0x7F, 0x4D, 0x5F, 0x4D, 0x5F,
    0x4D, 0x5F, 0x4D, 0x5F, 0x4D, 0x5F, 0x4D, 0x5F, 0x4D, 0xFF, 0x5F, 0x4D, 0x5F, 0x4D, 0x5F, 0x4D,
    0x5F, 0x4D, 0x5F, 0x4D, 0x5F, 0x4D, 0x5F, 0x4D, 0x5F, 0x4D, 0x5F, 0x4D, 0x5F, 0x4D, 0x5F, 0x4D,
    0x5F, 0x4D, 0x5F, 0x4D, 0x5F, 0x4D, 0x5F, 0x4D, 0x5F, 0x4D, 0x5F, 0x4D, 0x5F, 0x4D, 0x5F, 0x4D,
    0x5F, 0x4D, 0x5F, 0x4D, 0x5F, 0x4D, 0x5F, 0x4D, 0x5F, 0x4D, 0x5F, 0x4D, 0x5F, 0x4D, 0x5F, 0x4D,
    0x5F, 0x4D, 0x5F, 0x4D, 0x5F, 0x4D, 0x5F, 0x4D, 0x5F, 0x4D, 0x5F, 0x4D, 0x5F, 0x4D, 0x5F, 0x4D,
    0x5F, 0x4D, 0x5F, 0x4D, 0x5F, 0x4D, 0x5F, 0x4D, 0x5F, 0x4D, 0x5F, 0x4D, 0x5F, 0x4D, 0x5F, 0x4D,
    0x5F, 0x4D, 0x5F, 0x4D, 0x5F, 0x4D, 0x5F, 0x4D, 0x5F, 0x4D, 0x5F, 0x4D, 0x5F, 0x4D, 0x5F, 0x4D,
    0x5F, 0x4D, 0x5F, 0x4D, 0x5F, 0x4D, 0x5F, 0x4D, 0x5F, 0x4D, 0x5F, 0x4D, 0x5F, 0x4D, 0x5F, 0x4D,
    0x5F, 0x4D, 0x5F, 0x4D, 0x5F, 0x4D, 0x5F, 0x4D, 0x5F, 0x4D, 0xFF, 0x5F, 0x4D, 0x5F, 0x4D, 0x5F,
    0x4D, 0x5F, 0x4D, 0x5F, 0x4D, 0x5F, 0x4D, 0x5F, 0x4D, 0x5F, 0x4D, 0x5F, 0x4D, 0x5F, 0x4D, 0x5F,
    0x4D, 0x5F, 0x4D, 0x5F, 0x4D, 0x5F, 0x4D, 0x5F, 0x4D, 0x5F, 0x4D, 0x5F, 0x4D, 0x5F, 0x4D, 0x5F,
    0x4D, 0x5F, 0x4D, 0x5F, 0x4D, 0x5F, 0x4D, 0x5F, 0x4D, 0x5F, 0x4D, 0x5F, 0x4D, 0x5F, 0x4D, 0x5F,
    0x4D, 0x5F, 0x4D, 0x5F, 0x4D, 0x5F, 0x4D, 0x5F, 0x4D, 0x5F, 0x4D, 0x5F, 0x4D, 0x5F, 0x4D, 0x5F,
    0x4D, 0x5F, 0x4D, 0x5F, 0x4D, 0x5F, 0x4D, 0x5F, 0x4D, 0x5F, 0x4D, 0x5F, 0x4D, 0x5F, 0x4D, 0x5F,
    0x4D, 0x5F, 0x4D, 0x5F, 0x4D, 0x5F, 0x4D, 0x5F, 0x4D, 0x5F, 0x4D, 0x5F, 0x4D, 0x5F, 0x4D, 0x5F,
    0x4D, 0x5F, 0x4D, 0x5F, 0x4D, 0x5F, 0x4D, 0x5F, 0x4D, 0x5F, 0x4D, 0x5F, 0x4D, 0x5F, 0x4D, 0x5F,
    0x4D, 0x5F, 0x4D, 0x5F, 0x4D, 0x5F, 0x4D, 0x5F, 0x4D, 0x5F, 0x4D, 0xD6, 0x5F, 0x4D, 0x5F, 0x4D,
    0x5F, 0x4D, 0x5F, 0x4D, 0x5F, 0x4D, 0x5F, 0x4D, 0x5F, 0x4D, 0x5F, 0x4D, 0x5F, 0x4D, 0x5F, 0x4D,
    0x5F, 0x4D, 0x5F, 0x4D, 0x5F, 0x4D, 0x5F, 0x4D, 0x5F, 0x4D, 0x5F, 0x4D, 0x5F, 0x4D, 0x5F, 0x4D,
    0x5F, 0x4D, 0x5F, 0x4D, 0x5F, 0x4D, 0x5F, 0x4D, 0x5F, 0x4D, 0x5F, 0x4D, 0x5F, 0x4D, 0x5F, 0x4D,
    0x5F, 0x4D, 0x5F, 0x4D, 0x5F, 0x4D, 0x5F, 0x4D, 0x5F, 0x4D, 0x5F, 0x4D, 0x5F, 0x4D, 0x5F, 0x4D,
    0x5F, 0x4D, 0x5F, 0x4D, 0x5F, 0x4D, 0x5F, 0x4D, 0x5F, 0x4D, 0x5F, 0x4D, 0x5F, 0x4D, 0x7F, 0x4D,
    0x3F, 0x09, 0x06, 0x03, 0x00, 0x82, 0x21, 0x00, 0x21, 0x04, 0x00, 0xFF, 0xBA, 0x0F, 0xFB, 0x57,
    0xFB, 0x16, 0xFB, 0x36, 0xFB, 0x36, 0xFB, 0x36, 0xFB, 0x36, 0xFB, 0x36, 0xFB, 0x36, 0xFB, 0x36,
    0xFB, 0x36, 0xFB, 0x36, 0xFB, 0x36, 0xFB, 0x36, 0xFB, 0x36, 0xFB, 0x36, 0xFB, 0x36, 0xFB, 0x36,
    0xFB, 0x36, 0xFB, 0x36, 0xFB, 0x36, 0xFB, 0x36, 0xFB, 0x36, 0xFB, 0x36, 0xFB, 0x36, 0xFB, 0x36,
    0xFB, 0x36, 0xFB, 0x36, 0xFB, 0x36, 0xFB, 0x36, 0xFB, 0x36, 0xFB, 0x36, 0xFB, 0x36, 0xFB, 0x36,
    0xFB, 0x36, 0xFB, 0x36, 0xFB, 0x36, 0xFB, 0x36, 0xFB, 0x36, 0xFB, 0x36, 0xFB, 0x36, 0xFB, 0x36,
    0xFB, 0x36, 0xFB, 0x36, 0xFB, 0x36, 0xFB, 0x36, 0xFB, 0x36, 0xFB, 0x36, 0xFB, 0x36, 0xFB, 0x36,
    0xFB, 0x36, 0xFB, 0x36, 0xFB, 0x16, 0xFB, 0x57, 0xBA, 0x0F, 0x11, 0x68, 0x4D, 0x7F, 0x4D, 0x5F,
    0x4D, 0x5F, 0x4D, 0x5F, 0x4D, 0x5F, 0x4D, 0x5F, 0x4D, 0x5F, 0x4D, 0x5F, 0xFF, 0x4D, 0x5F, 0x4D,
    0x5F, 0x4D, 0x5F, 0x4D, 0x5F, 0x4D, 0x5F, 0x4D, 0x5F, 0x4D, 0x5F, 0x4D, 0x5F, 0x4D, 0x5F, 0x4D,
    0x5F, 0x4D, 0x5F, 0x4D, 0x5F, 0x4D, 0x5F, 0x4D, 0x5F, 0x4D, 0x5F, 0x4D, 0x5F, 0x4D, 0x5F, 0x4D,
    0x5F, 0x4D, 0x5F, 0x4D, 0x5F, 0x4D, 0x5F, 0x4D, 0x5F, 0x4D, 0x5F, 0x4D, 0x5F, 0x4D, 0x5F, 0x4D,
    0x5F, 0x4D, 0x5F, 0x4D, 0x5F, 0x4D, 0x5F, 0x4D, 0x5F, 0x4D, 0x5F, 0x4D, 0x5F, 0x4D, 0x5F, 0x4D,
    0x5F, 0x4D, 0x5F, 0x4D, 0x5F, 0x4D, 0x5F, 0x4D, 0x5F, 0x4D, 0x5F, 0x4D, 0x5F, 0x4D, 0x5F, 0x4D,
    0x5F, 0x4D, 0x5F, 0x4D, 0x5F, 0x4D, 0x5F, 0x4D, 0x5F, 0x4D, 0x5F, 0x4D, 0x5F, 0x4D, 0x5F, 0x4D,
    0x5F, 0x4D, 0x5F, 0x4D, 0x5F, 0x4D, 0x5F, 0x4D, 0x5F, 0x4D, 0x5F, 0x4D, 0x5F, 0x4D, 0x5F, 0x4D,
    0x5F, 0x4D, 0x5F, 0x4D, 0x5F, 0x4D, 0x5F, 0x4D, 0x5F, 0x4D, 0x5F, 0x4D, 0x5F, 0xFF, 0x4D, 0x5F,
    0x4D, 0x5F, 0x4D, 0x5F, 0x4D, 0x5F, 0x4D, 0x5F, 0x4D, 0x5F, 0x4D, 0x5F, 0x4D, 0x5F, 0x4D, 0x5F,
    0x4D, 0x5F, 0x4D, 0x5F, 0x4D, 0x5F, 0x4D, 0x5F, 0x4D, 0x5F, 0x4D, 0x5F, 0x4D, 0x5F, 0x4D, 0x5F,
    0x4D, 0x5F, 0x4D, 0x5F, 0x4D, 0x5F, 0x4D, 0x5F, 0x4D, 0x5F, 0x4D, 0x5F, 0x4D, 0x5F, 0x4D, 0x5F,
    0x4D, 0x5F, 0x4D, 0x5F, 0x4D, 0x5F, 0x4D, 0x5F, 0x4D, 0x5F, 0x4D, 0x5F, 0x4D, 0x5F, 0x4D, 0x5F,
    0x4D, 0x5F, 0x4D, 0x5F, 0x4D, 0x5F, 0x4D, 0x5F, 0x4D, 0x5F, 0x4D, 0x5F, 0x4D, 0x5F, 0x4D, 0x5F,
    0x4D, 0x5F, 0x4D, 0x5F, 0x4D, 0x5F, 0x4D, 0x5F, 0x4D, 0x5F, 0x4D, 0x5F, 0x4D, 0x5F, 0x4D, 0x5F,
    0x4D, 0x5F, 0x4D, 0x5F, 0x4D, 0x5F, 0x4D, 0x5F, 0x4D, 0x5F, 0x4D, 0x5F, 0x4D, 0x5F, 0x4D, 0x5F,
    0x4D, 0x5F, 0x4D, 0x5F, 0x4D, 0x5F, 0x4D, 0x5F, 0x4D, 0x5F, 0x4D, 0x5F, 0x4D, 0x5F, 0xD5, 0x4D,
    0x5F, 0x4D, 0x5F, 0x4D, 0x5F, 0x4D, 0x5F, 0x4D, 0x5F, 0x4D, 0x5F, 0x4D, 0x5F, 0x4D, 0x5F, 0x4D,
    0x5F, 0x4D, 0x5F, 0x4D, 0x5F, 0x4D, 0x5F, 0x4D, 0x5F, 0x4D, 0x5F, 0x4D, 0x5F, 0x4D, 0x5F, 0x4D,
    0x5F, 0x4D, 0x5F, 0x4D, 0x5F, 0x4D, 0x5F, 0x4D, 0x5F, 0x4D, 0x5F, 0x4D, 0x5F, 0x4D, 0x5F, 0x4D,
    0x5F, 0x4D, 0x5F, 0x4D, 0x5F, 0x4D, 0x5F, 0x4D, 0x5F, 0x4D, 0x5F, 0x4D, 0x5F, 0x4D, 0x5F, 0x4D,
    0x5F, 0x4D, 0x5F, 0x4D, 0x5F, 0x4D, 0x5F, 0x4D, 0x5F, 0x4D, 0x5F, 0x4D, 0x5F, 0x4D, 0x5F, 0x4D,
    0x5F, 0x4D, 0x3F, 0x09, 0x06, 0x0A, 0x00, 0xFF, 0xAA, 0x2F, 0xFB, 0x57, 0xFB, 0x16, 0xFB, 0x36,
    0xFB, 0x36, 0xFB, 0x36, 0xFB, 0x36, 0xFB, 0x36, 0xFB, 0x36, 0xFB, 0x36, 0xFB, 0x36, 0xFB, 0x36,
    0xFB, 0x36, 0xFB, 0x36, 0xFB, 0x36, 0xFB, 0x36, 0xFB, 0x36, 0xFB, 0x36, 0xFB, 0x36, 0xFB, 0x36,
    0xFB, 0x36, 0xFB, 0x36, 0xFB, 0x36, 0xFB, 0x36, 0xFB, 0x36, 0xFB, 0x36, 0xFB, 0x36, 0xFB, 0x36,
    0xFB, 0x36, 0xFB, 0x36, 0xFB, 0x36, 0xFB, 0x36, 0xFB, 0x36, 0xFB, 0x36, 0xFB, 0x36, 0xFB, 0x36,
    0xFB, 0x36, 0xFB, 0x36, 0xFB, 0x36, 0xFB, 0x36, 0xFB, 0x36, 0xFB, 0x36, 0xFB, 0x36, 0xFB, 0x36,
    0xFB, 0x36, 0xFB, 0x36, 0xFB, 0x36, 0xFB, 0x36, 0xFB, 0x36, 0xFB, 0x36, 0xFB, 0x36, 0xFB, 0x36,
    0xFB, 0x16, 0xFB, 0x57, 0xBA, 0x0F, 0x11, 0x68, 0x4D, 0x7F, 0x4D, 0x5F, 0x4D, 0x5F, 0x4D, 0x5F,
    0x4D, 0x5F, 0x4D, 0x5F, 0x4D, 0x5F, 0x4D, 0x5F, 0xFF, 0x4D, 0x5F, 0x4D, 0x5F, 0x4D, 0x5F, 0x4D,
    0x5F, 0x4D, 0x5F, 0x4D, 0x5F, 0x4D, 0x5F, 0x4D, 0x5F, 0x4D, 0x5F, 0x4D, 0x5F, 0x4D, 0x5F, 0x4D,
    0x5F, 0x4D, 0x5F, 0x4D, 0x5F, 0x4D, 0x5F, 0x4D, 0x5F, 0x4D, 0x5F, 0x4D, 0x5F, 0x4D, 0x5F, 0x4D,
    0x5F, 0x4D, 0x5F, 0x4D, 0x5F, 0x4D, 0x5F, 0x4D, 0x5F, 0x4D, 0x5F, 0x4D, 0x5F, 0x4D, 0x5F, 0x4D,
    0x5F, 0x4D, 0x5F, 0x4D, 0x5F, 0x4D, 0x5F, 0x4D, 0x5F, 0x4D, 0x5F, 0x4D, 0x5F, 0x4D, 0x5F, 0x4D,
    0x5F, 0x4D, 0x5F, 0x4D, 0x5F, 0x4D, 0x5F, 0x4D, 0x5F, 0x4D, 0x5F, 0x4D, 0x5F, 0x4D, 0x5F, 0x4D,
    0x5F, 0x4D, 0x5F, 0x4D, 0x5F, 0x4D, 0x5F, 0x4D, 0x5F, 0x4D, 0x5F, 0x4D, 0x5F, 0x4D, 0x5F, 0x4D,
    0x5F, 0x4D, 0x5F, 0x4D, 0x5F, 0x4D, 0x5F, 0x4D, 0x5F, 0x4D, 0x5F, 0x4D, 0x5F, 0x4D, 0x5F, 0x4D,
    0x5F, 0x4D, 0x5F, 0x4D, 0x5F, 0x4D, 0x5F, 0x4D, 0x5F, 0xFF, 0x4D, 0x5F, 0x4D, 0x5F, 0x4D, 0x5F,
    0x4D, 0x5F, 0x4D, 0x5F, 0x4D, 0x5F, 0x4D, 0x5F, 0x4D, 0x5F, 0x4D, 0x5F, 0x4D, 0x5F, 0x4D, 0x5F,
    0x4D, 0x5F, 0x4D, 0x5F, 0x4D, 0x5F, 0x4D, 0x5F, 0x4D, 0x5F, 0x4D, 0x5F, 0x4D, 0x5F, 0x4D, 0x5F,
    0x4D, 0x5F, 0x4D, 0x5F, 0x4D, 0x5F, 0x4D, 0x5F, 0x4D, 0x5F, 0x4D, 0x5F, 0x4D, 0x5F, 0x4D, 0x5F,
    0x4D, 0x5F, 0x4D, 0x5F, 0x4D, 0x5F, 0x4D, 0x5F, 0x4D, 0x5F, 0x4D, 0x5F, 0x4D, 0x5F, 0x4D, 0x5F,
    0x4D, 0x5F, 0x4D, 0x5F, 0x4D, 0x5F, 0x4D, 0x5F, 0x4D, 0x5F, 0x4D, 0x5F, 0x4D, 0x5F, 0x4D, 0x5F,
    0x4D, 0x5F, 0x4D, 0x5F, 0x4D, 0x5F, 0x4D, 0x5F, 0x4D, 0x5F, 0x4D, 0x5F, 0x4D, 0x5F, 0x4D, 0x5F,
    0x4D, 0x5F, 0x4D, 0x5F, 0x4D, 0x5F, 0x4D, 0x5F, 0x4D, 0x5F, 0x4D, 0x5F, 0x4D, 0x5F, 0x4D, 0x5F,
    0x4D, 0x5F, 0x4D, 0x5F, 0x4D, 0x5F, 0x4D, 0x5F, 0x4D, 0x5F, 0xD5, 0x4D, 0x5F, 0x4D, 0x5F, 0x4D,
    0x5F, 0x4D, 0x5F, 0x4D, 0x5F, 0x4D, 0x5F, 0x4D, 0x5F, 0x4D, 0x5F, 0x4D, 0x5F, 0x4D, 0x5F, 0x4D,
    0x5F, 0x4D, 0x5F, 0x4D, 0x5F, 0x4D, 0x5F, 0x4D, 0x5F, 0x4D, 0x5F, 0x4D, 0x5F, 0x4D, 0x5F, 0x4D,
    0x5F, 0x4D, 0x5F, 0x4D, 0x5F, 0x4D, 0x5F, 0x4D, 0x5F, 0x4D, 0x5F, 0x4D, 0x5F, 0x4D, 0x5F, 0x4D,
    0x5F, 0x4D, 0x5F, 0x4D, 0x5F, 0x4D, 0x5F, 0x4D, 0x5F, 0x4D, 0x5F, 0x4D, 0x5F, 0x4D, 0x5F, 0x4D,
    0x5F, 0x4D, 0x5F, 0x4D, 0x5F, 0x4D, 0x5F, 0x4D, 0x5F, 0x4D, 0x5F, 0x4D, 0x5F, 0x4D, 0x3F, 0x09,
    0x06, 0x0A, 0x00, 0xFF, 0xAA, 0x2F, 0xFB, 0x57, 0xFB, 0x16, 0xFB, 0x36, 0xFB, 0x36, 0xFB, 0x36,
    0xFB, 0x36, 0xFB, 0x36, 0xFB, 0x36, 0xFB, 0x36, 0xFB, 0x36, 0xFB, 0x36, 0xFB, 0x36, 0xFB, 0x36,
    0xFB, 0x36, 0xFB, 0x36, 0xFB, 0x36, 0xFB, 0x36, 0xFB, 0x36, 0xFB, 0x36, 0xFB, 0x36, 0xFB, 0x36,
    0xFB, 0x36, 0xFB, 0x36, 0xFB, 0x36, 0xFB, 0x36, 0xFB, 0x36, 0xFB, 0x36, 0xFB, 0x36, 0xFB, 0x36,
    0xFB, 0x36, 0xFB, 0x36, 0xFB, 0x36, 0xFB, 0x36, 0xFB, 0x36, 0xFB, 0x36, 0xFB, 0x36, 0xFB, 0x36,
    0xFB, 0x36, 0xFB, 0x36, 0xFB, 0x36, 0xFB, 0x36, 0xFB, 0x36, 0xFB, 0x36, 0xFB, 0x36, 0xFB, 0x36,
    0xFB, 0x36, 0xFB, 0x36, 0xFB, 0x36, 0xFB, 0x36, 0xFB, 0x36, 0xFB, 0x36, 0xFB, 0x16, 0xFB, 0x57,
    0xBA, 0x0F, 0x11, 0x68, 0x4D, 0x7F, 0x4D, 0x5F, 0x4D, 0x5F, 0x4D, 0x5F, 0x4D, 0x5F, 0x4D, 0x5F,
    0x4D, 0x5F, 0x4D, 0x5F, 0xFF, 0x4D, 0x5F, 0x4D, 0x5F, 0x4D, 0x5F, 0x4D, 0x5F, 0x4D, 0x5F, 0x4D,
    0x5F, 0x4D, 0x5F, 0x4D, 0x5F, 0x4D, 0x5F, 0x4D, 0x5F, 0x4D, 0x5F, 0x4D, 0x5F, 0x4D, 0x5F, 0x4D,
    0x5F, 0x4D, 0x5F, 0x4D, 0x5F, 0x4D, 0x5F, 0x4D, 0x5F, 0x4D, 0x5F, 0x4D, 0x5F, 0x4D, 0x5F, 0x4D,
    0x5F, 0x4D, 0x5F, 0x4D, 0x5F, 0x4D, 0x5F, 0x4D, 0x5F, 0x4D, 0x5F, 0x4D, 0x5F, 0x4D, 0x5F, 0x4D,
    0x5F, 0x4D, 0x5F, 0x4D, 0x5F, 0x4D, 0x5F, 0x4D, 0x5F, 0x4D, 0x5F, 0x4D, 0x5F, 0x4D, 0x5F, 0x4D,
    0x5F, 0x4D, 0x5F, 0x4D, 0x5F, 0x4D, 0x5F, 0x4D, 0x5F, 0x4D, 0x5F, 0x4D, 0x5F, 0x4D, 0x5F, 0x4D,
    0x5F, 0x4D, 0x5F, 0x4D, 0x5F, 0x4D, 0x5F, 0x4D, 0x5F, 0x4D, 0x5F, 0x4D, 0x5F, 0x4D, 0x5F, 0x4D,
    0x5F, 0x4D, 0x5F, 0x4D, 0x5F, 0x4D, 0x5F, 0x4D, 0x5F, 0x4D, 0x5F, 0x4D, 0x5F, 0x4D, 0x5F, 0x4D,
    0x5F, 0x4D, 0x5F, 0x4D, 0x5F, 0xFF, 0x4D, 0x5F, 0x4D, 0x5F, 0x4D, 0x5F, 0x4D, 0x5F, 0x4D, 0x5F,
    0x4D, 0x5F, 0x4D, 0x5F, 0x4D, 0x5F, 0x4D, 0x5F, 0x4D, 0x5F, 0x4D, 0x5F, 0x4D, 0x5F, 0x4D, 0x5F,
    0x4D, 0x5F, 0x4D, 0x5F, 0x4D, 0x5F, 0x4D, 0x5F, 0x4D, 0x5F, 0x4D, 0x5F, 0x4D, 0x5F, 0x4D, 0x5F,
    0x4D, 0x5F, 0x4D, 0x5F, 0x4D, 0x5F, 0x4D, 0x5F, 0x4D, 0x5F, 0x4D, 0x5F, 0x4D, 0x5F, 0x4D, 0x5F,
    0x4D, 0x5F, 0x4D, 0x5F, 0x4D, 0x5F, 0x4D, 0x5F, 0x4D, 0x5F, 0x4D, 0x5F, 0x4D, 0x5F, 0x4D, 0x5F,
    0x4D, 0x5F, 0x4D, 0x5F, 0x4D, 0x5F, 0x4D, 0x5F, 0x4D, 0x5F, 0x4D, 0x5F, 0x4D, 0x5F, 0x4D, 0x5F,
    0x4D, 0x5F, 0x4D, 0x5F, 0x4D, 0x5F, 0x4D, 0x5F, 0x4D, 0x5F, 0x4D, 0x5F, 0x4D, 0x5F, 0x4D, 0x5F,
    0x4D, 0x5F, 0x4D, 0x5F, 0x4D, 0x5F, 0x4D, 0x5F, 0x4D, 0x5F, 0x4D, 0x5F, 0x4D, 0x5F, 0x4D, 0x5F,
    0x4D, 0x5F, 0x4D, 0x5F, 0x4D, 0x5F, 0xD5, 0x4D, 0x5F, 0x4D, 0x5F, 0x4D, 0x5F, 0x4D, 0x5F, 0x4D,
    0x5F, 0x4D, 0x5F, 0x4D, 0x5F, 0x4D, 0x5F, 0x4D, 0x5F, 0x4D, 0x5F, 0x4D, 0x5F, 0x4D, 0x5F, 0x4D,
    0x5F, 0x4D, 0x5F, 0x4D, 0x5F, 0x4D, 0x5F, 0x4D, 0x5F, 0x4D, 0x5F, 0x4D, 0x5F, 0x4D, 0x5F, 0x4D,
    0x5F, 0x4D, 0x5F, 0x4D, 0x5F, 0x4D, 0x5F, 0x4D, 0x5F, 0x4D, 0x5F, 0x4D, 0x5F, 0x4D, 0x5F, 0x4D,
    0x5F, 0x4D, 0x5F, 0x4D, 0x5F, 0x4D, 0x5F, 0x4D, 0x5F, 0x4D, 0x5F, 0x4D, 0x5F, 0x4D, 0x5F, 0x4D,
    0x5F, 0x4D, 0x5F, 0x4D, 0x5F, 0x4D, 0x5F, 0x4D, 0x5F, 0x4D, 0x3F, 0x09, 0x06, 0x0A, 0x00, 0xFF,
    0xAA, 0x2F, 0xFB, 0x57, 0xFB, 0x16, 0xFB, 0x36, 0xFB, 0x36, 0xFB, 0x36, 0xFB, 0x36, 0xFB, 0x36,
    0xFB, 0x36, 0xFB, 0x36, 0xFB, 0x36, 0xFB, 0x36, 0xFB, 0x36, 0xFB, 0x36, 0xFB, 0x36, 0xFB, 0x36,
    0xFB, 0x36, 0xFB, 0x36, 0xFB, 0x36, 0xFB, 0x36, 0xFB, 0x36, 0xFB, 0x36, 0xFB, 0x36, 0xFB, 0x36,
    0xFB, 0x36, 0xFB, 0x36, 0xFB, 0x36, 0xFB, 0x36, 0xFB, 0x36, 0xFB, 0x36, 0xFB, 0x36, 0xFB, 0x36,
    0xFB, 0x36, 0xFB, 0x36, 0xFB, 0x36, 0xFB, 0x36, 0xFB, 0x36, 0xFB, 0x36, 0xFB, 0x36, 0xFB, 0x36,
    0xFB, 0x36, 0xFB, 0x36, 0xFB, 0x36, 0xFB, 0x36, 0xFB, 0x36, 0xFB, 0x36, 0xFB, 0x36, 0xFB, 0x36,
    0xFB, 0x36, 0xFB, 0x36, 0xFB, 0x36, 0xFB, 0x36, 0xFB, 0x16, 0xFB, 0x57, 0xBA, 0x0F, 0x11, 0x68,
    0x4D, 0x9F, 0x4D, 0x5F, 0x4D, 0x5F, 0x4D, 0x5F, 0x4D, 0x5F, 0x4D, 0x5F, 0x4D, 0x5F, 0x4D, 0x5F,
    0xFF, 0x4D, 0x5F, 0x4D, 0x5F, 0x4D, 0x5F, 0x4D, 0x5F, 0x4D, 0x5F, 0x4D, 0x5F, 0x4D, 0x5F, 0x4D,
    0x5F, 0x4D, 0x5F, 0x4D, 0x5F, 0x4D, 0x5F, 0x4D, 0x5F, 0x4D, 0x5F, 0x4D, 0x5F, 0x4D, 0x5F, 0x4D,
    0x5F, 0x4D, 0x5F, 0x4D, 0x5F, 0x4D, 0x5F, 0x4D, 0x5F, 0x4D, 0x5F, 0x4D, 0x5F, 0x4D, 0x5F, 0x4D,
    0x5F, 0x4D, 0x5F, 0x4D, 0x5F, 0x4D, 0x5F, 0x4D, 0x5F, 0x4D, 0x5F, 0x4D, 0x5F, 0x4D, 0x5F, 0x4D,
    0x5F, 0x4D, 0x5F, 0x4D, 0x5F, 0x4D, 0x5F, 0x4D, 0x5F, 0x4D, 0x5F, 0x4D, 0x5F, 0x4D, 0x5F, 0x4D,
    0x5F, 0x4D, 0x5F, 0x4D, 0x5F, 0x4D, 0x5F, 0x4D, 0x5F, 0x4D, 0x5F, 0x4D, 0x5F, 0x4D, 0x5F, 0x4D,
    0x5F, 0x4D, 0x5F, 0x4D, 0x5F, 0x4D, 0x5F, 0x4D, 0x5F, 0x4D, 0x5F, 0x4D, 0x5F, 0x4D, 0x5F, 0x4D,
    0x5F, 0x4D, 0x5F, 0x4D, 0x5F, 0x4D, 0x5F, 0x4D, 0x5F, 0x4D, 0x5F, 0x4D, 0x5F, 0x4D, 0x5F, 0x4D,
    0x5F, 0xFF, 0x4D, 0x5F, 0x4D, 0x5F, 0x4D, 0x5F, 0x4D, 0x5F, 0x4D, 0x5F, 0x4D, 0x5F, 0x4D, 0x5F,
    0x4D, 0x5F, 0x4D, 0x5F, 0x4D, 0x5F, 0x4D, 0x5F, 0x4D, 0x5F, 0x4D, 0x5F, 0x4D, 0x5F, 0x4D, 0x5F,
    0x4D, 0x5F, 0x4D, 0x5F, 0x4D, 0x5F, 0x4D, 0x5F, 0x4D, 0x5F, 0x4D, 0x5F, 0x4D, 0x5F, 0x4D, 0x5F,
    0x4D, 0x5F, 0x4D, 0x5F, 0x4D, 0x5F, 0x4D, 0x5F, 0x4D, 0x5F, 0x4D, 0x5F, 0x4D, 0x5F, 0x4D, 0x5F,
    0x4D, 0x5F, 0x4D, 0x5F, 0x4D, 0x5F, 0x4D, 0x5F, 0x4D, 0x5F, 0x4D, 0x5F, 0x4D, 0x5F, 0x4D, 0x5F,
    0x4D, 0x5F, 0x4D, 0x5F, 0x4D, 0x5F, 0x4D, 0x5F, 0x4D, 0x5F, 0x4D, 0x5F, 0x4D, 0x5F, 0x4D, 0x5F,
    0x4D, 0x5F, 0x4D, 0x5F, 0x4D, 0x5F, 0x4D, 0x5F, 0x4D, 0x5F, 0x4D, 0x5F, 0x4D, 0x5F, 0x4D, 0x5F,
    0x4D, 0x5F, 0x4D, 0x5F, 0x4D, 0x5F, 0x4D, 0x5F, 0x4D, 0x5F, 0x4D, 0x5F, 0x4D, 0x5F, 0x4D, 0x5F,
    0x4D, 0x5F, 0xD5, 0x4D, 0x5F, 0x4D, 0x5F, 0x4D, 0x5F, 0x4D, 0x5F, 0x4D, 0x5F, 0x4D, 0x5F, 0x4D,
    0x5F, 0x4D, 0x5F, 0x4D, 0x5F, 0x4D, 0x5F, 0x4D, 0x5F, 0x4D, 0x5F, 0x4D, 0x5F, 0x4D, 0x5F, 0x4D,
    0x5F, 0x4D, 0x5F, 0x4D, 0x5F, 0x4D, 0x5F, 0x4D, 0x5F, 0x4D, 0x5F, 0x4D, 0x5F, 0x4D, 0x5F, 0x4D,
    0x5F, 0x4D, 0x5F, 0x4D, 0x5F, 0x4D, 0x5F, 0x4D, 0x5F, 0x4D, 0x5F, 0x4D, 0x5F, 0x4D, 0x5F, 0x4D,
    0x5F, 0x4D, 0x5F, 0x4D, 0x5F, 0x4D, 0x5F, 0x4D, 0x5F, 0x4D, 0x5F, 0x4D, 0x5F, 0x4D, 0x5F, 0x4D,
    0x5F, 0x4D, 0x5F, 0x4D, 0x5F, 0x4D, 0x3F, 0x09, 0x06, 0x0A, 0x00, 0xFF, 0xAA, 0x2F, 0xFB, 0x57,
    0xFB, 0x16, 0xFB, 0x36, 0xFB, 0x36, 0xFB, 0x36, 0xFB, 0x36, 0xFB, 0x36, 0xFB, 0x36, 0xFB, 0x36,
    0xFB, 0x36, 0xFB, 0x36, 0xFB, 0x36, 0xFB, 0x36, 0xFB, 0x36, 0xFB, 0x36, 0xFB, 0x36, 0xFB, 0x36,
    0xFB, 0x36, 0xFB, 0x36, 0xFB, 0x36, 0xFB, 0x36, 0xFB, 0x36, 0xFB, 0x36, 0xFB, 0x36, 0xFB, 0x36,
    0xFB, 0x36, 0xFB, 0x36, 0xFB, 0x36, 0xFB, 0x36, 0xFB, 0x36, 0xFB, 0x36, 0xFB, 0x36, 0xFB, 0x36,
    0xFB, 0x36, 0xFB, 0x36, 0xFB, 0x36, 0xFB, 0x36, 0xFB, 0x36, 0xFB, 0x36, 0xFB, 0x36, 0xFB, 0x36,
    0xFB, 0x36, 0xFB, 0x36, 0xFB, 0x36, 0xFB, 0x36, 0xFB, 0x36, 0xFB, 0x36, 0xFB, 0x36, 0xFB, 0x36,
    0xFB, 0x36, 0xFB, 0x36, 0xFB, 0x16, 0xFB, 0x57, 0xAA, 0x2F, 0x11, 0x68, 0x4D, 0x9F, 0x4D, 0x5F,
    0x4D, 0x5F, 0x4D, 0x5F, 0x4D, 0x5F, 0x4D, 0x5F, 0x4D, 0x5F, 0x4D, 0x5F, 0xFF, 0x4D, 0x5F, 0x4D,
    0x5F, 0x4D, 0x5F, 0x4D, 0x5F, 0x4D, 0x5F, 0x4D, 0x5F, 0x4D, 0x5F, 0x4D, 0x5F, 0x4D, 0x5F, 0x4D,
    0x5F, 0x4D, 0x5F, 0x4D, 0x5F, 0x4D, 0x5F, 0x4D, 0x5F, 0x4D, 0x5F, 0x4D, 0x5F, 0x4D, 0x5F, 0x4D,
    0x5F, 0x4D, 0x5F, 0x4D, 0x5F, 0x4D, 0x5F, 0x4D, 0x5F, 0x4D, 0x5F, 0x4D, 0x5F, 0x4D, 0x5F, 0x4D,
    0x5F, 0x4D, 0x5F, 0x4D, 0x5F, 0x4D, 0x5F, 0x4D, 0x5F, 0x4D, 0x5F, 0x4D, 0x5F, 0x4D, 0x5F, 0x4D,
    0x5F, 0x4D, 0x5F, 0x4D, 0x5F, 0x4D, 0x5F, 0x4D, 0x5F, 0x4D, 0x5F, 0x4D, 0x5F, 0x4D, 0x5F, 0x4D,
    0x5F, 0x4D, 0x5F, 0x4D, 0x5F, 0x4D, 0x5F, 0x4D, 0x5F, 0x4D, 0x5F, 0x4D, 0x5F, 0x4D, 0x5F, 0x4D,
    0x5F, 0x4D, 0x5F, 0x4D, 0x5F, 0x4D, 0x5F, 0x4D, 0x5F, 0x4D, 0x5F, 0x4D, 0x5F, 0x4D, 0x5F, 0x4D,
    0x5F, 0x4D, 0x5F, 0x4D, 0x5F, 0x4D, 0x5F, 0x4D, 0x5F, 0x4D, 0x5F, 0x4D, 0x5F, 0xFF, 0x4D, 0x5F,
    0x4D, 0x5F, 0x4D, 0x5F, 0x4D, 0x5F, 0x4D, 0x5F, 0x4D, 0x5F, 0x4D, 0x5F, 0x4D, 0x5F, 0x4D, 0x5F,
    0x4D, 0x5F, 0x4D, 0x5F, 0x4D, 0x5F, 0x4D, 0x5F, 0x4D, 0x5F, 0x4D, 0x5F, 0x4D, 0x5F, 0x4D, 0x5F,
    0x4D, 0x5F, 0x4D, 0x5F, 0x4D, 0x5F, 0x4D, 0x5F, 0x4D, 0x5F, 0x4D, 0x5F, 0x4D, 0x5F, 0x4D, 0x5F,
    0x4D, 0x5F, 0x4D, 0x5F, 0x4D, 0x5F, 0x4D, 0x5F, 0x4D, 0x5F, 0x4D, 0x5F, 0x4D, 0x5F, 0x4D, 0x5F,
    0x4D, 0x5F, 0x4D, 0x5F, 0x4D, 0x5F, 0x4D, 0x5F, 0x4D, 0x5F, 0x4D, 0x5F, 0x4D, 0x5F, 0x4D, 0x5F,
    0x4D, 0x5F, 0x4D, 0x5F, 0x4D, 0x5F, 0x4D, 0x5F, 0x4D, 0x5F, 0x4D, 0x5F, 0x4D, 0x5F, 0x4D, 0x5F,
    0x4D, 0x5F, 0x4D, 0x5F, 0x4D, 0x5F, 0x4D, 0x5F, 0x4D, 0x5F, 0x4D, 0x5F, 0x4D, 0x5F, 0x4D, 0x5F,
    0x4D, 0x5F, 0x4D, 0x5F, 0x4D, 0x5F, 0x4D, 0x5F, 0x4D, 0x5F, 0x4D, 0x5F, 0x4D, 0x5F, 0xD5, 0x4D,
    0x5F, 0x4D, 0x5F, 0x4D, 0x5F, 0x4D, 0x5F, 0x4D, 0x5F, 0x4D, 0x5F, 0x4D, 0x5F, 0x4D, 0x5F, 0x4D,
    0x5F, 0x4D, 0x5F, 0x4D, 0x5F, 0x4D, 0x5F, 0x4D, 0x5F, 0x4D, 0x5F, 0x4D, 0x5F, 0x4D, 0x5F, 0x4D,
    0x5F, 0x4D, 0x5F, 0x4D, 0x5F, 0x4D, 0x5F, 0x4D, 0x5F, 0x4D, 0x5F, 0x4D, 0x5F, 0x4D, 0x5F, 0x4D,
    0x5F, 0x4D, 0x5F, 0x4D, 0x5F, 0x4D, 0x5F, 0x4D, 0x5F, 0x4D, 0x5F, 0x4D, 0x5F, 0x4D, 0x5F, 0x4D,
    0x5F, 0x4D, 0x5F, 0x4D, 0x5F, 0x4D, 0x5F, 0x4D, 0x5F, 0x4D, 0x5F, 0x4D, 0x5F, 0x4D, 0x5F, 0x4D,
    0x5F, 0x4D, 0x3F, 0x09, 0x06, 0x0A, 0x00, 0xFF, 0xAA, 0x2F, 0xFB, 0x57, 0xFB, 0x16, 0xFB, 0x36,
    0xFB, 0x36, 0xFB, 0x36, 0xFB, 0x36, 0xFB, 0x36, 0xFB, 0x36, 0xFB, 0x36, 0xFB, 0x36, 0xFB, 0x36,
    0xFB, 0x36, 0xFB, 0x36, 0xFB, 0x36, 0xFB, 0x36, 0xFB, 0x36, 0xFB, 0x36, 0xFB, 0x36, 0xFB, 0x36,
    0xFB, 0x36, 0xFB, 0x36, 0xFB, 0x36, 0xFB, 0x36, 0xFB, 0x36, 0xFB, 0x36, 0xFB, 0x36, 0xFB, 0x36,
    0xFB, 0x36, 0xFB, 0x36, 0xFB, 0x36, 0xFB, 0x36, 0xFB, 0x36, 0xFB, 0x36, 0xFB, 0x36, 0xFB, 0x36,
    0xFB, 0x36, 0xFB, 0x36, 0xFB, 0x36, 0xFB, 0x36, 0xFB, 0x36, 0xFB, 0x36, 0xFB, 0x36, 0xFB, 0x36,
    0xFB, 0x36, 0xFB, 0x36, 0xFB, 0x36, 0xFB, 0x36, 0xFB, 0x36, 0xFB, 0x36, 0xFB, 0x36, 0xFB, 0x36,
    0xFB, 0x16, 0xFB, 0x57, 0xAA, 0x2F, 0x11, 0x68, 0x4D, 0x9F, 0x4D, 0x5F, 0x4D, 0x5F, 0x4D, 0x5F,
    0x4D, 0x5F, 0x4D, 0x5F, 0x4D, 0x5F, 0x4D, 0x5F, 0xFF, 0x4D, 0x5F, 0x4D, 0x5F, 0x4D, 0x5F, 0x4D,
    0x5F, 0x4D, 0x5F, 0x4D, 0x5F, 0x4D, 0x5F, 0x4D, 0x5F, 0x4D, 0x5F, 0x4D, 0x5F, 0x4D, 0x5F, 0x4D,
    0x5F, 0x4D, 0x5F, 0x4D, 0x5F, 0x4D, 0x5F, 0x4D, 0x5F, 0x4D, 0x5F, 0x4D, 0x5F, 0x4D, 0x5F, 0x4D,
    0x5F, 0x4D, 0x5F, 0x4D, 0x5F, 0x4D, 0x5F, 0x4D, 0x5F, 0x4D, 0x5F, 0x4D, 0x5F, 0x4D, 0x5F, 0x4D,
    0x5F, 0x4D, 0x5F, 0x4D, 0x5F, 0x4D, 0x5F, 0x4D, 0x5F, 0x4D, 0x5F, 0x4D, 0x5F, 0x4D, 0x5F, 0x4D,
    0x5F, 0x4D, 0x5F, 0x4D, 0x5F, 0x4D, 0x5F, 0x4D, 0x5F, 0x4D, 0x5F, 0x4D, 0x5F, 0x4D, 0x5F, 0x4D,
    0x5F, 0x4D, 0x5F, 0x4D, 0x5F, 0x4D, 0x5F, 0x4D, 0x5F, 0x4D, 0x5F, 0x4D, 0x5F, 0x4D, 0x5F, 0x4D,
    0x5F, 0x4D, 0x5F, 0x4D, 0x5F, 0x4D, 0x5F, 0x4D, 0x5F, 0x4D, 0x5F, 0x4D, 0x5F, 0x4D, 0x5F, 0x4D,
    0x5F, 0x4D, 0x5F, 0x4D, 0x5F, 0x4D, 0x5F, 0x4D, 0x5F, 0xFF, 0x4D, 0x5F, 0x4D, 0x5F, 0x4D, 0x5F,
    0x4D, 0x5F, 0x4D, 0x5F, 0x4D, 0x5F, 0x4D, 0x5F, 0x4D, 0x5F, 0x4D, 0x5F, 0x4D, 0x5F, 0x4D, 0x5F,
    0x4D, 0x5F, 0x4D, 0x5F, 0x4D, 0x5F, 0x4D, 0x5F, 0x4D, 0x5F, 0x4D, 0x5F, 0x4D, 0x5F, 0x4D, 0x5F,
    0x4D, 0x5F, 0x4D, 0x5F, 0x4D, 0x5F, 0x4D, 0x5F, 0x4D, 0x5F, 0x4D, 0x5F, 0x4D, 0x5F, 0x4D, 0x5F,
    0x4D, 0x5F, 0x4D, 0x5F, 0x4D, 0x5F, 0x4D, 0x5F, 0x4D, 0x5F, 0x4D, 0x5F, 0x4D, 0x5F, 0x4D, 0x5F,
    0x4D, 0x5F, 0x4D, 0x5F, 0x4D, 0x5F, 0x4D, 0x5F, 0x4D, 0x5F, 0x4D, 0x5F, 0x4D, 0x5F, 0x4D, 0x5F,
    0x4D, 0x5F, 0x4D, 0x5F, 0x4D, 0x5F, 0x4D, 0x5F, 0x4D, 0x5F, 0x4D, 0x5F, 0x4D, 0x5F, 0x4D, 0x5F,
    0x4D, 0x5F, 0x4D, 0x5F, 0x4D, 0x5F, 0x4D, 0x5F, 0x4D, 0x5F, 0x4D, 0x5F, 0x4D, 0x5F, 0x4D, 0x5F,
    0x4D, 0x5F, 0x4D, 0x5F, 0x4D, 0x5F, 0x4D, 0x5F, 0x4D, 0x5F, 0xD5, 0x4D, 0x5F, 0x4D, 0x5F, 0x4D,
    0x5F, 0x4D, 0x5F, 0x4D, 0x5F, 0x4D, 0x5F, 0x4D, 0x5F, 0x4D, 0x5F, 0x4D, 0x5F, 0x4D, 0x5F, 0x4D,
    0x5F, 0x4D, 0x5F, 0x4D, 0x5F, 0x4D, 0x5F, 0x4D, 0x5F, 0x4D, 0x5F, 0x4D, 0x5F, 0x4D, 0x5F, 0x4D,
    0x5F, 0x4D, 0x5F, 0x4D, 0x5F, 0x4D, 0x5F, 0x4D, 0x5F, 0x4D, 0x5F, 0x4D, 0x5F, 0x4D, 0x5F, 0x4D,
    0x5F, 0x4D, 0x5F, 0x4D, 0x5F, 0x4D, 0x5F, 0x4D, 0x5F, 0x4D, 0x5F, 0x4D, 0x5F, 0x4D, 0x5F, 0x4D,
    0x5F, 0x4D, 0x5F, 0x4D, 0x5F, 0x4D, 0x5F, 0x4D, 0x5F, 0x4D, 0x5F, 0x4D, 0x5F, 0x4D, 0x5F, 0x11,
    0x68, 0x0A, 0x00, 0xFF, 0xAA, 0x2F, 0xFB, 0x57, 0xFB, 0x16, 0xFB, 0x36, 0xFB, 0x36, 0xFB, 0x36,
    0xFB, 0x36, 0xFB, 0x36, 0xFB, 0x36, 0xFB, 0x36, 0xFB, 0x36, 0xFB, 0x36, 0xFB, 0x36, 0xFB, 0x36,
    0xFB, 0x36, 0xFB, 0x36, 0xFB, 0x36, 0xFB, 0x36, 0xFB, 0x36, 0xFB, 0x36, 0xFB, 0x36, 0xFB, 0x36,
    0xFB, 0x36, 0xFB, 0x36, 0xFB, 0x36, 0xFB, 0x36, 0xFB, 0x36, 0xFB, 0x36, 0xFB, 0x36, 0xFB, 0x36,
    0xFB, 0x36, 0xFB, 0x36, 0xFB, 0x36, 0xFB, 0x36, 0xFB, 0x36, 0xFB, 0x36, 0xFB, 0x36, 0xFB, 0x36,
    0xFB, 0x36, 0xFB, 0x36, 0xFB, 0x36, 0xFB, 0x36, 0xFB, 0x36, 0xFB, 0x36, 0xFB, 0x36, 0xFB, 0x36,
    0xFB, 0x36, 0xFB, 0x36, 0xFB, 0x36, 0xFB, 0x36, 0xFB, 0x36, 0xFB, 0x36, 0xFB, 0x36, 0xFB, 0x57,
    0xA1, 0xED, 0x11, 0xAA, 0x4D, 0x9F, 0x4D, 0x5F, 0x4D, 0x5F, 0x4D, 0x5F, 0x4D, 0x5F, 0x4D, 0x5F,
    0x4D, 0x5F, 0x4D, 0x5F, 0xFF, 0x4D, 0x5F, 0x4D, 0x5F, 0x4D, 0x5F, 0x4D, 0x5F, 0x4D, 0x5F, 0x4D,
    0x5F, 0x4D, 0x5F, 0x4D, 0x5F, 0x4D, 0x5F, 0x4D, 0x5F, 0x4D, 0x5F, 0x4D, 0x5F, 0x4D, 0x5F, 0x4D,
    0x5F, 0x4D, 0x5F, 0x4D, 0x5F, 0x4D, 0x5F, 0x4D, 0x5F, 0x4D, 0x5F, 0x4D, 0x5F, 0x4D, 0x5F, 0x4D,
    0x5F, 0x4D, 0x5F, 0x4D, 0x5F, 0x4D, 0x5F, 0x4D, 0x5F, 0x4D, 0x5F, 0x4D, 0x5F, 0x4D, 0x5F, 0x4D,
    0x5F, 0x4D, 0x5F, 0x4D, 0x5F, 0x4D, 0x5F, 0x4D, 0x5F, 0x4D, 0x5F, 0x4D, 0x5F, 0x4D, 0x5F, 0x4D,
    0x5F, 0x4D, 0x5F, 0x4D, 0x5F, 0x4D, 0x5F, 0x4D, 0x5F, 0x4D, 0x5F, 0x4D, 0x5F, 0x4D, 0x5F, 0x4D,
    0x5F, 0x4D, 0x5F, 0x4D, 0x5F, 0x4D, 0x5F, 0x4D, 0x5F, 0x4D, 0x5F, 0x4D, 0x5F, 0x4D, 0x5F, 0x4D,
    0x5F, 0x4D, 0x5F, 0x4D, 0x5F, 0x4D, 0x5F, 0x4D, 0x5F, 0x4D, 0x5F, 0x4D, 0x5F, 0x4D, 0x5F, 0x4D,
    0x5F, 0x4D, 0x5F, 0x4D, 0x5F, 0xFF, 0x4D, 0x5F, 0x4D, 0x5F, 0x4D, 0x5F, 0x4D, 0x5F, 0x4D, 0x5F,
    0x4D, 0x5F, 0x4D, 0x5F, 0x4D, 0x5F, 0x4D, 0x5F, 0x4D, 0x5F, 0x4D, 0x5F, 0x4D, 0x5F, 0x4D, 0x5F,
    0x4D, 0x5F, 0x4D, 0x5F, 0x4D, 0x5F, 0x4D, 0x5F, 0x4D, 0x5F, 0x4D, 0x5F, 0x4D, 0x5F, 0x4D, 0x5F,
    0x4D, 0x5F, 0x4D, 0x5F, 0x4D, 0x5F, 0x4D, 0x5F, 0x4D, 0x5F, 0x4D, 0x5F, 0x4D, 0x5F, 0x4D, 0x5F,
    0x4D, 0x5F, 0x4D, 0x5F, 0x4D, 0x5F, 0x4D, 0x5F, 0x4D, 0x5F, 0x4D, 0x5F, 0x4D, 0x5F, 0x4D, 0x5F,
    0x4D, 0x5F, 0x4D, 0x5F, 0x4D, 0x5F, 0x4D, 0x5F, 0x4D, 0x5F, 0x4D, 0x5F, 0x4D, 0x5F, 0x4D, 0x5F,
    0x4D, 0x5F, 0x4D, 0x5F, 0x4D, 0x5F, 0x4D, 0x5F, 0x4D, 0x5F, 0x4D, 0x5F, 0x4D, 0x5F, 0x4D, 0x5F,
    0x4D, 0x5F, 0x4D, 0x5F, 0x4D, 0x5F, 0x4D, 0x5F, 0x4D, 0x5F, 0x4D, 0x5F, 0x4D, 0x5F, 0x4D, 0x5F,
    0x4D, 0x5F, 0x4D, 0x5F, 0x4D, 0x5F, 0xD5, 0x4D, 0x5F, 0x4D, 0x5F, 0x4D, 0x5F, 0x4D, 0x5F, 0x4D,
    0x5F, 0x4D, 0x5F, 0x4D, 0x5F, 0x4D, 0x5F, 0x4D, 0x5F, 0x4D, 0x5F, 0x4D, 0x5F, 0x4D, 0x5F, 0x4D,
    0x5F, 0x4D, 0x5F, 0x4D, 0x5F, 0x4D, 0x5F, 0x4D, 0x5F, 0x4D, 0x5F, 0x4D, 0x5F, 0x4D, 0x5F, 0x4D,
    0x5F, 0x4D, 0x5F, 0x4D, 0x5F, 0x4D, 0x5F, 0x4D, 0x5F, 0x4D, 0x5F, 0x4D, 0x5F, 0x4D, 0x5F, 0x4D,
    0x5F, 0x4D, 0x5F, 0x4D, 0x5F, 0x4D, 0x5F, 0x4D, 0x5F, 0x4D, 0x5F, 0x4D, 0x5F, 0x4D, 0x5F, 0x4D,
    0x5F, 0x4D, 0x5F, 0x4D, 0x5F, 0x4D, 0x5F, 0x4D, 0x5F, 0x4D, 0x5F, 0x11, 0x68, 0x0A, 0x00, 0xFF,
    0xA1, 0xED, 0xFB, 0x57, 0xFB, 0x16, 0xFB, 0x36, 0xFB, 0x36, 0xFB, 0x36, 0xFB, 0x36, 0xFB, 0x36,
    0xFB, 0x36, 0xFB, 0x36, 0xFB, 0x36, 0xFB, 0x36, 0xFB, 0x36, 0xFB, 0x36, 0xFB, 0x36, 0xFB, 0x36,
    0xFB, 0x36, 0xFB, 0x36, 0xFB, 0x36, 0xFB, 0x36, 0xFB, 0x36, 0xFB, 0x36, 0xFB, 0x36, 0xFB, 0x36,
    0xFB, 0x36, 0xFB, 0x36, 0xFB, 0x36, 0xFB, 0x36, 0xFB, 0x36, 0xFB, 0x36, 0xFB, 0x36, 0xFB, 0x36,
    0xFB, 0x36, 0xFB, 0x36, 0xFB, 0x36, 0xFB, 0x36, 0xFB, 0x36, 0xFB, 0x36, 0xFB, 0x36, 0xFB, 0x36,
    0xFB, 0x36, 0xFB, 0x36, 0xFB, 0x36, 0xFB, 0x36, 0xFB, 0x36, 0xFB, 0x36, 0xFB, 0x36, 0xFB, 0x36,
    0xFB, 0x36, 0xFB, 0x36, 0xFB, 0x36, 0xFB, 0x36, 0xFB, 0x36, 0xFB, 0x57, 0xA1, 0xED, 0x11, 0xAA,
    0x4D, 0x9F, 0x4D, 0x5F, 0x4D, 0x5F, 0x4D, 0x5F, 0x4D, 0x5F, 0x4D, 0x5F, 0x4D, 0x5F, 0x4D, 0x5F,
    0xFF, 0x4D, 0x5F, 0x4D, 0x5F, 0x4D, 0x5F, 0x4D, 0x5F, 0x4D, 0x5F, 0x4D, 0x5F, 0x4D, 0x5F, 0x4D,
    0x5F, 0x4D, 0x5F, 0x4D, 0x5F, 0x4D, 0x5F, 0x4D, 0x5F, 0x4D, 0x5F, 0x4D, 0x5F, 0x4D, 0x5F, 0x4D,
    0x5F, 0x4D, 0x5F, 0x4D, 0x5F, 0x4D, 0x5F, 0x4D, 0x5F, 0x4D, 0x5F, 0x4D, 0x5F, 0x4D, 0x5F, 0x4D,
    0x5F, 0x4D, 0x5F, 0x4D, 0x5F, 0x4D, 0x5F, 0x4D, 0x5F, 0x4D, 0x5F, 0x4D, 0x5F, 0x4D, 0x5F, 0x4D,
    0x5F, 0x4D, 0x5F, 0x4D, 0x5F, 0x4D, 0x5F, 0x4D, 0x5F, 0x4D, 0x5F, 0x4D, 0x5F, 0x4D, 0x5F, 0x4D,
    0x5F, 0x4D, 0x5F, 0x4D, 0x5F, 0x4D, 0x5F, 0x4D, 0x5F, 0x4D, 0x5F, 0x4D, 0x5F, 0x4D, 0x5F, 0x4D,
    0x5F, 0x4D, 0x5F, 0x4D, 0x5F, 0x4D, 0x5F, 0x4D, 0x5F, 0x4D, 0x5F, 0x4D, 0x5F, 0x4D, 0x5F, 0x4D,
    0x5F, 0x4D, 0x5F, 0x4D, 0x5F, 0x4D, 0x5F, 0x4D, 0x5F, 0x4D, 0x5F, 0x4D, 0x5F, 0x4D, 0x5F, 0x4D,
    0x5F, 0xFF, 0x4D, 0x5F, 0x4D, 0x5F, 0x4D, 0x5F, 0x4D, 0x5F, 0x4D, 0x5F, 0x4D, 0x5F, 0x4D, 0x5F,
    0x4D, 0x5F, 0x4D, 0x5F, 0x4D, 0x5F, 0x4D, 0x5F, 0x4D, 0x5F, 0x4D, 0x5F, 0x4D, 0x5F, 0x4D, 0x5F,
    0x4D, 0x5F, 0x4D, 0x5F, 0x4D, 0x5F, 0x4D, 0x5F, 0x4D, 0x5F, 0x4D, 0x5F, 0x4D, 0x5F, 0x4D, 0x5F,
    0x4D, 0x5F, 0x4D, 0x5F, 0x4D, 0x5F, 0x4D, 0x5F, 0x4D, 0x5F, 0x4D, 0x5F, 0x4D, 0x5F, 0x4D, 0x5F,
    0x4D, 0x5F, 0x4D, 0x5F, 0x4D, 0x5F, 0x4D, 0x5F, 0x4D, 0x5F, 0x4D, 0x5F, 0x4D, 0x5F, 0x4D, 0x5F,
    0x4D, 0x5F, 0x4D, 0x5F, 0x4D, 0x5F, 0x4D, 0x5F, 0x4D, 0x5F, 0x4D, 0x5F, 0x4D, 0x5F, 0x4D, 0x5F,
    0x4D, 0x5F, 0x4D, 0x5F, 0x4D, 0x5F, 0x4D, 0x5F, 0x4D, 0x5F, 0x4D, 0x5F, 0x4D, 0x5F, 0x4D, 0x5F,
    0x4D, 0x5F, 0x4D, 0x5F, 0x4D, 0x5F, 0x4D, 0x5F, 0x4D, 0x5F, 0x4D, 0x5F, 0x4D, 0x5F, 0x4D, 0x5F,
    0x4D, 0x5F, 0xD5, 0x4D, 0x5F, 0x4D, 0x5F, 0x4D, 0x5F, 0x4D, 0x5F, 0x4D, 0x5F, 0x4D, 0x5F, 0x4D,
    0x5F, 0x4D, 0x5F, 0x4D, 0x5F, 0x4D, 0x5F, 0x4D, 0x5F, 0x4D, 0x5F, 0x4D, 0x5F, 0x4D, 0x5F, 0x4D,
    0x5F, 0x4D, 0x5F, 0x4D, 0x5F, 0x4D, 0x5F, 0x4D, 0x5F, 0x4D, 0x5F, 0x4D, 0x5F, 0x4D, 0x5F, 0x4D,
    0x5F, 0x4D, 0x5F, 0x4D, 0x5F, 0x4D, 0x5F, 0x4D, 0x5F, 0x4D, 0x5F, 0x4D, 0x5F, 0x4D, 0x5F, 0x4D,
    0x5F, 0x4D, 0x5F, 0x4D, 0x5F, 0x4D, 0x5F, 0x4D, 0x5F, 0x4D, 0x5F, 0x4D, 0x5F, 0x4D, 0x5F, 0x4D,
    0x5F, 0x4D, 0x5F, 0x4D, 0x5F, 0x4D, 0x7F, 0x11, 0xAA, 0x0A, 0x00, 0xFF, 0xA1, 0xED, 0xFB, 0x57,
    0xFB, 0x16, 0xFB, 0x36, 0xFB, 0x36, 0xFB, 0x36, 0xFB, 0x36, 0xFB, 0x36, 0xFB, 0x36, 0xFB, 0x36,
    0xFB, 0x36, 0xFB, 0x36, 0xFB, 0x36, 0xFB, 0x36, 0xFB, 0x36, 0xFB, 0x36, 0xFB, 0x36, 0xFB, 0x36,
    0xFB, 0x36, 0xFB, 0x36, 0xFB, 0x36, 0xFB, 0x36, 0xFB, 0x36, 0xFB, 0x36, 0xFB, 0x36, 0xFB, 0x36,
    0xFB, 0x36, 0xFB, 0x36, 0xFB, 0x36, 0xFB, 0x36, 0xFB, 0x36, 0xFB, 0x36, 0xFB, 0x36, 0xFB, 0x36,
    0xFB, 0x36, 0xFB, 0x36, 0xFB, 0x36, 0xFB, 0x36, 0xFB, 0x36, 0xFB, 0x36, 0xFB, 0x36, 0xFB, 0x36,
    0xFB, 0x36, 0xFB, 0x36, 0xFB, 0x36, 0xFB, 0x36, 0xFB, 0x36, 0xFB, 0x36, 0xFB, 0x36, 0xFB, 0x36,
    0xFB, 0x36, 0xFB, 0x36, 0xFB, 0x16, 0xFB, 0x57, 0xA1, 0xED, 0x11, 0xAA, 0x4D, 0x9F, 0x4D, 0x5F,
    0x4D, 0x5F, 0x4D, 0x5F, 0x4D, 0x5F, 0x4D, 0x5F, 0x4D, 0x5F, 0x4D, 0x5F, 0xFF, 0x4D, 0x5F, 0x4D,
    0x5F, 0x4D, 0x5F, 0x4D, 0x5F, 0x4D, 0x5F, 0x4D, 0x5F, 0x4D, 0x5F, 0x4D, 0x5F, 0x4D, 0x5F, 0x4D,
    0x5F, 0x4D, 0x5F, 0x4D, 0x5F, 0x4D, 0x5F, 0x4D, 0x5F, 0x4D, 0x5F, 0x4D, 0x5F, 0x4D, 0x5F, 0x4D,
    0x5F, 0x4D, 0x5F, 0x4D, 0x5F, 0x4D, 0x5F, 0x4D, 0x5F, 0x4D, 0x5F, 0x4D, 0x5F, 0x4D, 0x5F, 0x4D,
    0x5F, 0x4D, 0x5F, 0x4D, 0x5F, 0x4D, 0x5F, 0x4D, 0x5F, 0x4D, 0x5F, 0x4D, 0x5F, 0x4D, 0x5F, 0x4D,
    0x5F, 0x4D, 0x5F, 0x4D, 0x5F, 0x4D, 0x5F, 0x4D, 0x5F, 0x4D, 0x5F, 0x4D, 0x5F, 0x4D, 0x5F, 0x4D,
    0x5F, 0x4D, 0x5F, 0x4D, 0x5F, 0x4D, 0x5F, 0x4D, 0x5F, 0x4D, 0x5F, 0x4D, 0x5F, 0x4D, 0x5F, 0x4D,
    0x5F, 0x4D, 0x5F, 0x4D, 0x5F, 0x4D, 0x5F, 0x4D, 0x5F, 0x4D, 0x5F, 0x4D, 0x5F, 0x4D, 0x5F, 0x4D,
    0x5F, 0x4D, 0x5F, 0x4D, 0x5F, 0x4D, 0x5F, 0x4D, 0x5F, 0x4D, 0x5F, 0x4D, 0x5F, 0xFF, 0x4D, 0x5F,
    0x4D, 0x5F, 0x4D, 0x5F, 0x4D, 0x5F, 0x4D, 0x5F, 0x4D, 0x5F, 0x4D, 0x5F, 0x4D, 0x5F, 0x4D, 0x5F,
    0x4D, 0x5F, 0x4D, 0x5F, 0x4D, 0x5F, 0x4D, 0x5F, 0x4D, 0x5F, 0x4D, 0x5F, 0x4D, 0x5F, 0x4D, 0x5F,
    0x4D, 0x5F, 0x4D, 0x5F, 0x4D, 0x5F, 0x4D, 0x5F, 0x4D, 0x5F, 0x4D, 0x5F, 0x4D, 0x5F, 0x4D, 0x5F,
    0x4D, 0x5F, 0x4D, 0x5F, 0x4D, 0x5F, 0x4D, 0x5F, 0x4D, 0x5F, 0x4D, 0x5F, 0x4D, 0x5F, 0x4D, 0x5F,
    0x4D, 0x5F, 0x4D, 0x5F, 0x4D, 0x5F, 0x4D, 0x5F, 0x4D, 0x5F, 0x4D, 0x5F, 0x4D, 0x5F, 0x4D, 0x5F,
    0x4D, 0x5F, 0x4D, 0x5F, 0x4D, 0x5F, 0x4D, 0x5F, 0x4D, 0x5F, 0x4D, 0x5F, 0x4D, 0x5F, 0x4D, 0x5F,
    0x4D, 0x5F, 0x4D, 0x5F, 0x4D, 0x5F, 0x4D, 0x5F, 0x4D, 0x5F, 0x4D, 0x5F, 0x4D, 0x5F, 0x4D, 0x5F,
    0x4D, 0x5F, 0x4D, 0x5F, 0x4D, 0x5F, 0x4D, 0x5F, 0x4D, 0x5F, 0x4D, 0x5F, 0x4D, 0x5F, 0xD5, 0x4D,
    0x5F, 0x4D, 0x5F, 0x4D, 0x5F, 0x4D, 0x5F, 0x4D, 0x5F, 0x4D, 0x5F, 0x4D, 0x5F, 0x4D, 0x5F, 0x4D,
    0x5F, 0x4D, 0x5F, 0x4D, 0x5F, 0x4D, 0x5F, 0x4D, 0x5F, 0x4D, 0x5F, 0x4D, 0x5F, 0x4D, 0x5F, 0x4D,
    0x5F, 0x4D, 0x5F, 0x4D, 0x5F, 0x4D, 0x5F, 0x4D, 0x5F, 0x4D, 0x5F, 0x4D, 0x5F, 0x4D, 0x5F, 0x4D,
    0x5F, 0x4D, 0x5F, 0x4D, 0x5F, 0x4D, 0x5F, 0x4D, 0x5F, 0x4D, 0x5F, 0x4D, 0x5F, 0x4D, 0x5F, 0x4D,
    0x5F, 0x4D, 0x5F, 0x4D, 0x5F, 0x4D, 0x5F, 0x4D, 0x5F, 0x4D, 0x5F, 0x4D, 0x5F, 0x4D, 0x5F, 0x4D,
    0x5F, 0x4D, 0x7F, 0x1A, 0x2C, 0x0A, 0x00, 0xFF, 0xA1, 0xED, 0xFB, 0x57, 0xFB, 0x16, 0xFB, 0x36,
    0xFB, 0x36, 0xFB, 0x36, 0xFB, 0x36, 0xFB, 0x36, 0xFB, 0x36, 0xFB, 0x36, 0xFB, 0x36, 0xFB, 0x36,
    0xFB, 0x36, 0xFB, 0x36, 0xFB, 0x36, 0xFB, 0x36, 0xFB, 0x36, 0xFB, 0x36, 0xFB, 0x36, 0xFB, 0x36,
    0xFB, 0x36, 0xFB, 0x36, 0xFB, 0x36, 0xFB, 0x36, 0xFB, 0x36, 0xFB, 0x36, 0xFB, 0x36, 0xFB, 0x36,
    0xFB, 0x36, 0xFB, 0x36, 0xFB, 0x36, 0xFB, 0x36, 0xFB, 0x36, 0xFB, 0x36, 0xFB, 0x36, 0xFB, 0x36,
    0xFB, 0x36, 0xFB, 0x36, 0xFB, 0x36, 0xFB, 0x36, 0xFB, 0x36, 0xFB, 0x36, 0xFB, 0x36, 0xFB, 0x36,
    0xFB, 0x36, 0xFB, 0x36, 0xFB, 0x36, 0xFB, 0x36, 0xFB, 0x36, 0xFB, 0x36, 0xFB, 0x36, 0xFB, 0x36,
    0xFB, 0x16, 0xFB, 0x57, 0xA1, 0xED, 0x11, 0xAA, 0x4D, 0x9F, 0x4D, 0x5F, 0x4D, 0x5F, 0x4D, 0x5F,
    0x4D, 0x5F, 0x4D, 0x5F, 0x4D, 0x5F, 0x4D, 0x5F, 0xFF, 0x4D, 0x5F, 0x4D, 0x5F, 0x4D, 0x5F, 0x4D,
    0x5F, 0x4D, 0x5F, 0x4D, 0x5F, 0x4D, 0x5F, 0x4D, 0x5F, 0x4D, 0x5F, 0x4D, 0x5F, 0x4D, 0x5F, 0x4D,
    0x5F, 0x4D, 0x5F, 0x4D, 0x5F, 0x4D, 0x5F, 0x4D, 0x5F, 0x4D, 0x5F, 0x4D, 0x5F, 0x4D, 0x5F, 0x4D,
    0x5F, 0x4D, 0x5F, 0x4D, 0x5F, 0x4D, 0x5F, 0x4D, 0x5F, 0x4D, 0x5F, 0x4D, 0x5F, 0x4D, 0x5F, 0x4D,
    0x5F, 0x4D, 0x5F, 0x4D, 0x5F, 0x4D, 0x5F, 0x4D, 0x5F, 0x4D, 0x5F, 0x4D, 0x5F, 0x4D, 0x5F, 0x4D,
    0x5F, 0x4D, 0x5F, 0x4D, 0x5F, 0x4D, 0x5F, 0x4D, 0x5F, 0x4D, 0x5F, 0x4D, 0x5F, 0x4D, 0x5F, 0x4D,
    0x5F, 0x4D, 0x5F, 0x4D, 0x5F, 0x4D, 0x5F, 0x4D, 0x5F, 0x4D, 0x5F, 0x4D, 0x5F, 0x4D, 0x5F, 0x4D,
    0x5F, 0x4D, 0x5F, 0x4D, 0x5F, 0x4D, 0x5F, 0x4D, 0x5F, 0x4D, 0x5F, 0x4D, 0x5F, 0x4D, 0x5F, 0x4D,
    0x5F, 0x4D, 0x5F, 0x4D, 0x5F, 0x4D, 0x5F, 0x4D, 0x5F, 0xFF, 0x4D, 0x5F, 0x4D, 0x5F, 0x4D, 0x5F,
    0x4D, 0x5F, 0x4D, 0x5F, 0x4D, 0x5F, 0x4D, 0x5F, 0x4D, 0x5F, 0x4D, 0x5F, 0x4D, 0x5F, 0x4D, 0x5F,
    0x4D, 0x5F, 0x4D, 0x5F, 0x4D, 0x5F, 0x4D, 0x5F, 0x4D, 0x5F, 0x4D, 0x5F, 0x4D, 0x5F, 0x4D, 0x5F,
    0x4D, 0x5F, 0x4D, 0x5F, 0x4D, 0x5F, 0x4D, 0x5F, 0x4D, 0x5F, 0x4D, 0x5F, 0x4D, 0x5F, 0x4D, 0x5F,
    0x4D, 0x5F, 0x4D, 0x5F, 0x4D, 0x5F, 0x4D, 0x5F, 0x4D, 0x5F, 0x4D, 0x5F, 0x4D, 0x5F, 0x4D, 0x5F,
    0x4D, 0x5F, 0x4D, 0x5F, 0x4D, 0x5F, 0x4D, 0x5F, 0x4D, 0x5F, 0x4D, 0x5F, 0x4D, 0x5F, 0x4D, 0x5F,
    0x4D, 0x5F, 0x4D, 0x5F, 0x4D, 0x5F, 0x4D, 0x5F, 0x4D, 0x5F, 0x4D, 0x5F, 0x4D, 0x5F, 0x4D, 0x5F,
    0x4D, 0x5F, 0x4D, 0x5F, 0x4D, 0x5F, 0x4D, 0x5F, 0x4D, 0x5F, 0x4D, 0x5F, 0x4D, 0x5F, 0x4D, 0x5F,
    0x4D, 0x5F, 0x4D, 0x5F, 0x4D, 0x5F, 0x4D, 0x5F, 0x4D, 0x5F, 0xD5, 0x4D, 0x5F, 0x4D, 0x5F, 0x4D,
    0x5F, 0x4D, 0x5F, 0x4D, 0x5F, 0x4D, 0x5F, 0x4D, 0x5F, 0x4D, 0x5F, 0x4D, 0x5F, 0x4D, 0x5F, 0x4D,
    0x5F, 0x4D, 0x5F, 0x4D, 0x5F, 0x4D, 0x5F, 0x4D, 0x5F, 0x4D, 0x5F, 0x4D, 0x5F, 0x4D, 0x5F, 0x4D,
    0x5F, 0x4D, 0x5F, 0x4D, 0x5F, 0x4D, 0x5F, 0x4D, 0x5F, 0x4D, 0x5F, 0x4D, 0x5F, 0x4D, 0x5F, 0x4D,
    0x5F, 0x4D, 0x5F, 0x4D, 0x5F, 0x4D, 0x5F, 0x4D, 0x5F, 0x4D, 0x5F, 0x4D, 0x5F, 0x4D, 0x5F, 0x4D,
    0x5F, 0x4D, 0x5F, 0x4D, 0x5F, 0x4D, 0x5F, 0x4D, 0x5F, 0x4D, 0x5F, 0x4D, 0x5F, 0x4D, 0x9F, 0x22,
    0x6E, 0x0A, 0x00, 0xFF, 0x89, 0xCC, 0xFB, 0x57, 0xFB, 0x16, 0xFB, 0x36, 0xFB, 0x36, 0xFB, 0x36,
    0xFB, 0x36, 0xFB, 0x36, 0xFB, 0x36, 0xFB, 0x36, 0xFB, 0x36, 0xFB, 0x36, 0xFB, 0x36, 0xFB, 0x36,
    0xFB, 0x36, 0xFB, 0x36, 0xFB, 0x36, 0xFB, 0x36, 0xFB, 0x36, 0xFB, 0x36, 0xFB, 0x36, 0xFB, 0x36,
    0xFB, 0x36, 0xFB, 0x36, 0xFB, 0x36, 0xFB, 0x36, 0xFB, 0x36, 0xFB, 0x36, 0xFB, 0x36, 0xFB, 0x36,
    0xFB, 0x36, 0xFB, 0x36, 0xFB, 0x36, 0xFB, 0x36, 0xFB, 0x36, 0xFB, 0x36, 0xFB, 0x36, 0xFB, 0x36,
    0xFB, 0x36, 0xFB, 0x36, 0xFB, 0x36, 0xFB, 0x36, 0xFB, 0x36, 0xFB, 0x36, 0xFB, 0x36, 0xFB, 0x36,
    0xFB, 0x36, 0xFB, 0x36, 0xFB, 0x36, 0xFB, 0x36, 0xFB, 0x36, 0xFB, 0x36, 0xFB, 0x16, 0xFB, 0x57,
    0xA1, 0xED, 0x11, 0xAA, 0x4D, 0x9F, 0x4D, 0x5F, 0x4D, 0x5F, 0x4D, 0x5F, 0x4D, 0x5F, 0x4D, 0x5F,
    0x4D, 0x5F, 0x4D, 0x5F, 0xFF, 0x4D, 0x5F, 0x4D, 0x5F, 0x4D, 0x5F, 0x4D, 0x5F, 0x4D, 0x5F, 0x4D,
    0x5F, 0x4D, 0x5F, 0x4D, 0x5F, 0x4D, 0x5F, 0x4D, 0x5F, 0x4D, 0x5F, 0x4D, 0x5F, 0x4D, 0x5F, 0x4D,
    0x5F, 0x4D, 0x5F, 0x4D, 0x5F, 0x4D, 0x5F, 0x4D, 0x5F, 0x4D, 0x5F, 0x4D, 0x5F, 0x4D, 0x5F, 0x4D,
    0x5F, 0x4D, 0x5F, 0x4D, 0x5F, 0x4D, 0x5F, 0x4D, 0x5F, 0x4D, 0x5F, 0x4D, 0x5F, 0x4D, 0x5F, 0x4D,
    0x5F, 0x4D, 0x5F, 0x4D, 0x5F, 0x4D, 0x5F, 0x4D, 0x5F, 0x4D, 0x5F, 0x4D, 0x5F, 0x4D, 0x5F, 0x4D,
    0x5F, 0x4D, 0x5F, 0x4D, 0x5F, 0x4D, 0x5F, 0x4D, 0x5F, 0x4D, 0x5F, 0x4D, 0x5F, 0x4D, 0x5F, 0x4D,
    0x5F, 0x4D, 0x5F, 0x4D, 0x5F, 0x4D, 0x5F, 0x4D, 0x5F, 0x4D, 0x5F, 0x4D, 0x5F, 0x4D, 0x5F, 0x4D,
    0x5F, 0x4D, 0x5F, 0x4D, 0x5F, 0x4D, 0x5F, 0x4D, 0x5F, 0x4D, 0x5F, 0x4D, 0x5F, 0x4D, 0x5F, 0x4D,
    0x5F, 0x4D, 0x5F, 0x4D, 0x5F, 0xFF, 0x4D, 0x5F, 0x4D, 0x5F, 0x4D, 0x5F, 0x4D, 0x5F, 0x4D, 0x5F,
    0x4D, 0x5F, 0x4D, 0x5F, 0x4D, 0x5F, 0x4D, 0x5F, 0x4D, 0x5F, 0x4D, 0x5F, 0x4D, 0x5F, 0x4D, 0x5F,
    0x4D, 0x5F, 0x4D, 0x5F, 0x4D, 0x5F, 0x4D, 0x5F, 0x4D, 0x5F, 0x4D, 0x5F, 0x4D, 0x5F, 0x4D, 0x5F,
    0x4D, 0x5F, 0x4D, 0x5F, 0x4D, 0x5F, 0x4D, 0x5F, 0x4D, 0x5F, 0x4D, 0x5F, 0x4D, 0x5F, 0x4D, 0x5F,
    0x4D, 0x5F, 0x4D, 0x5F, 0x4D, 0x5F, 0x4D, 0x5F, 0x4D, 0x5F, 0x4D, 0x5F, 0x4D, 0x5F, 0x4D, 0x5F,
    0x4D, 0x5F, 0x4D, 0x5F, 0x4D, 0x5F, 0x4D, 0x5F, 0x4D, 0x5F, 0x4D, 0x5F, 0x4D, 0x5F, 0x4D, 0x5F,
    0x4D, 0x5F, 0x4D, 0x5F, 0x4D, 0x5F, 0x4D, 0x5F, 0x4D, 0x5F, 0x4D, 0x5F, 0x4D, 0x5F, 0x4D, 0x5F,
    0x4D, 0x5F, 0x4D, 0x5F, 0x4D, 0x5F, 0x4D, 0x5F, 0x4D, 0x5F, 0x4D, 0x5F, 0x4D, 0x5F, 0x4D, 0x5F,
    0x4D, 0x5F, 0x4D, 0x5F, 0x4D, 0x5F, 0xD5, 0x4D, 0x5F, 0x4D, 0x5F, 0x4D, 0x5F, 0x4D, 0x5F, 0x4D,
    0x5F, 0x4D, 0x5F, 0x4D, 0x5F, 0x4D, 0x5F, 0x4D, 0x5F, 0x4D, 0x5F, 0x4D, 0x5F, 0x4D, 0x5F, 0x4D,
    0x5F, 0x4D, 0x5F, 0x4D, 0x5F, 0x4D, 0x5F, 0x4D, 0x5F, 0x4D, 0x5F, 0x4D, 0x5F, 0x4D, 0x5F, 0x4D,
    0x5F, 0x4D, 0x5F, 0x4D, 0x5F, 0x4D, 0x5F, 0x4D, 0x5F, 0x4D, 0x5F, 0x4D, 0x5F, 0x4D, 0x5F, 0x4D,
    0x5F, 0x4D, 0x5F, 0x4D, 0x5F, 0x4D, 0x5F, 0x4D, 0x5F, 0x4D, 0x5F, 0x4D, 0x5F, 0x4D, 0x5F, 0x4D,
    0x5F, 0x4D, 0x5F, 0x4D, 0x5F, 0x4D, 0x5F, 0x4D, 0x5F, 0x4D, 0x9F, 0x22, 0x6E, 0x0A, 0x00, 0xFF,
    0x69, 0x49, 0xFB, 0x57, 0xFB, 0x16, 0xFB, 0x36, 0xFB, 0x36, 0xFB, 0x36, 0xFB, 0x36, 0xFB, 0x36,
    0xFB, 0x36, 0xFB, 0x36, 0xFB, 0x36, 0xFB, 0x36, 0xFB, 0x36, 0xFB, 0x36, 0xFB, 0x36, 0xFB, 0x36,
    0xFB, 0x36, 0xFB, 0x36, 0xFB, 0x36, 0xFB, 0x36, 0xFB, 0x36, 0xFB, 0x36, 0xFB, 0x36, 0xFB, 0x36,
    0xFB, 0x36, 0xFB, 0x36, 0xFB, 0x36, 0xFB, 0x36, 0xFB, 0x36, 0xFB, 0x36, 0xFB, 0x36, 0xFB, 0x36,
    0xFB, 0x36, 0xFB, 0x36, 0xFB, 0x36, 0xFB, 0x36, 0xFB, 0x36, 0xFB, 0x36, 0xFB, 0x36, 0xFB, 0x36,
    0xFB, 0x36, 0xFB, 0x36, 0xFB, 0x36, 0xFB, 0x36, 0xFB, 0x36, 0xFB, 0x36, 0xFB, 0x36, 0xFB, 0x36,
    0xFB, 0x36, 0xFB, 0x36, 0xFB, 0x36, 0xFB, 0x36, 0xFB, 0x16, 0xFB, 0x37, 0xA1, 0xED, 0x11, 0xAA,
    0x4D, 0x9F, 0x4D, 0x5F, 0x4D, 0x5F, 0x4D, 0x5F, 0x4D, 0x5F, 0x4D, 0x5F, 0x4D, 0x5F, 0x4D, 0x5F,
    0xFF, 0x4D, 0x5F, 0x4D, 0x5F, 0x4D, 0x5F, 0x4D, 0x5F, 0x4D, 0x5F, 0x4D, 0x5F, 0x4D, 0x5F, 0x4D,
    0x5F, 0x4D, 0x5F, 0x4D, 0x5F, 0x4D, 0x5F, 0x4D, 0x5F, 0x4D, 0x5F, 0x4D, 0x5F, 0x4D, 0x5F, 0x4D,
    0x5F, 0x4D, 0x5F, 0x4D, 0x5F, 0x4D, 0x5F, 0x4D, 0x5F, 0x4D, 0x5F, 0x4D, 0x5F, 0x4D, 0x5F, 0x4D,
    0x5F, 0x4D, 0x5F, 0x4D, 0x5F, 0x4D, 0x5F, 0x4D, 0x5F, 0x4D, 0x5F, 0x4D, 0x5F, 0x4D, 0x5F, 0x4D,
    0x5F, 0x4D, 0x5F, 0x4D, 0x5F, 0x4D, 0x5F, 0x4D, 0x5F, 0x4D, 0x5F, 0x4D, 0x5F, 0x4D, 0x5F, 0x4D,
    0x5F, 0x4D, 0x5F, 0x4D, 0x5F, 0x4D, 0x5F, 0x4D, 0x5F, 0x4D, 0x5F, 0x4D, 0x5F, 0x4D, 0x5F, 0x4D,
    0x5F, 0x4D, 0x5F, 0x4D, 0x5F, 0x4D, 0x5F, 0x4D, 0x5F, 0x4D, 0x5F, 0x4D, 0x5F, 0x4D, 0x5F, 0x4D,
    0x5F, 0x4D, 0x5F, 0x4D, 0x5F, 0x4D, 0x5F, 0x4D, 0x5F, 0x4D, 0x5F, 0x4D, 0x5F, 0x4D, 0x5F, 0x4D,
    0x5F, 0xFF, 0x4D, 0x5F, 0x4D, 0x5F, 0x4D, 0x5F, 0x4D, 0x5F, 0x4D, 0x5F, 0x4D, 0x5F, 0x4D, 0x5F,
    0x4D, 0x5F, 0x4D, 0x5F, 0x4D, 0x5F, 0x4D, 0x5F, 0x4D, 0x5F, 0x4D, 0x5F, 0x4D, 0x5F, 0x4D, 0x5F,
    0x4D, 0x5F, 0x4D, 0x5F, 0x4D, 0x5F, 0x4D, 0x5F, 0x4D, 0x5F, 0x4D, 0x5F, 0x4D, 0x5F, 0x4D, 0x5F,
    0x4D, 0x5F, 0x4D, 0x5F, 0x4D, 0x5F, 0x4D, 0x5F, 0x4D, 0x5F, 0x4D, 0x5F, 0x4D, 0x5F, 0x4D, 0x5F,
    0x4D, 0x5F, 0x4D, 0x5F, 0x4D, 0x5F, 0x4D, 0x5F, 0x4D, 0x5F, 0x4D, 0x5F, 0x4D, 0x5F, 0x4D, 0x5F,
    0x4D, 0x5F, 0x4D, 0x5F, 0x4D, 0x5F, 0x4D, 0x5F, 0x4D, 0x5F, 0x4D, 0x5F, 0x4D, 0x5F, 0x4D, 0x5F,
    0x4D, 0x5F, 0x4D, 0x5F, 0x4D, 0x5F, 0x4D, 0x5F, 0x4D, 0x5F, 0x4D, 0x5F, 0x4D, 0x5F, 0x4D, 0x5F,
    0x4D, 0x5F, 0x4D, 0x5F, 0x4D, 0x5F, 0x4D, 0x5F, 0x4D, 0x5F, 0x4D, 0x5F, 0x4D, 0x5F, 0x4D, 0x5F,
    0x4D, 0x5F, 0xD5, 0x4D, 0x5F, 0x4D, 0x5F, 0x4D, 0x5F, 0x4D, 0x5F, 0x4D, 0x5F, 0x4D, 0x5F, 0x4D,
    0x5F, 0x4D, 0x5F, 0x4D, 0x5F, 0x4D, 0x5F, 0x4D, 0x5F, 0x4D, 0x5F, 0x4D, 0x5F, 0x4D, 0x5F, 0x4D,
    0x5F, 0x4D, 0x5F, 0x4D, 0x5F, 0x4D, 0x5F, 0x4D, 0x5F, 0x4D, 0x5F, 0x4D, 0x5F, 0x4D, 0x5F, 0x4D,
    0x5F, 0x4D, 0x5F, 0x4D, 0x5F, 0x4D, 0x5F, 0x4D, 0x5F, 0x4D, 0x5F, 0x4D, 0x5F, 0x4D, 0x5F, 0x4D,
    0x5F, 0x4D, 0x5F, 0x4D, 0x5F, 0x4D, 0x5F, 0x4D, 0x5F, 0x4D, 0x5F, 0x4D, 0x5F, 0x4D, 0x5F, 0x4D,
    0x5F, 0x4D, 0x5F, 0x4D, 0x5F, 0x4D, 0x9F, 0x22, 0x6E, 0x0A, 0x00, 0xFF, 0x69, 0x49, 0xFB, 0x37,
    0xFB, 0x16, 0xFB, 0x36, 0xFB, 0x36, 0xFB, 0x36, 0xFB, 0x36, 0xFB, 0x36, 0xFB, 0x36, 0xFB, 0x36,
    0xFB, 0x36, 0xFB, 0x36, 0xFB, 0x36, 0xFB, 0x36, 0xFB, 0x36, 0xFB, 0x36, 0xFB, 0x36, 0xFB, 0x36,
    0xFB, 0x36, 0xFB, 0x36, 0xFB, 0x36, 0xFB, 0x36, 0xFB, 0x36, 0xFB, 0x36, 0xFB, 0x36, 0xFB, 0x36,
    0xFB, 0x36, 0xFB, 0x36, 0xFB, 0x36, 0xFB, 0x36, 0xFB, 0x36, 0xFB, 0x36, 0xFB, 0x36, 0xFB, 0x36,
    0xFB, 0x36, 0xFB, 0x36, 0xFB, 0x36, 0xFB, 0x36, 0xFB, 0x36, 0xFB, 0x36, 0xFB, 0x36, 0xFB, 0x36,
    0xFB, 0x36, 0xFB, 0x36, 0xFB, 0x36, 0xFB, 0x36, 0xFB, 0x36, 0xFB, 0x36, 0xFB, 0x36, 0xFB, 0x36,
    0xFB, 0x36, 0xFB, 0x36, 0xFB, 0x16, 0xFB, 0x57, 0xA1, 0xED, 0x11, 0xAA, 0x4D, 0x9F, 0x4D, 0x5F,
    0x4D, 0x5F, 0x4D, 0x5F, 0x4D, 0x5F, 0x4D, 0x5F, 0x4D, 0x5F, 0x4D, 0x5F, 0xFF, 0x4D, 0x5F, 0x4D,
    0x5F, 0x4D, 0x5F, 0x4D, 0x5F, 0x4D, 0x5F, 0x4D, 0x5F, 0x4D, 0x5F, 0x4D, 0x5F, 0x4D, 0x5F, 0x4D,
    0x5F, 0x4D, 0x5F, 0x4D, 0x5F, 0x4D, 0x5F, 0x4D, 0x5F, 0x4D, 0x5F, 0x4D, 0x5F, 0x4D, 0x5F, 0x4D,
    0x5F, 0x4D, 0x5F, 0x4D, 0x5F, 0x4D, 0x5F, 0x4D, 0x5F, 0x4D, 0x5F, 0x4D, 0x5F, 0x4D, 0x5F, 0x4D,
    0x5F, 0x4D, 0x5F, 0x4D, 0x5F, 0x4D, 0x5F, 0x4D, 0x5F, 0x4D, 0x5F, 0x4D, 0x5F, 0x4D, 0x5F, 0x4D,
    0x5F, 0x4D, 0x5F, 0x4D, 0x5F, 0x4D, 0x5F, 0x4D, 0x5F, 0x4D, 0x5F, 0x4D, 0x5F, 0x4D, 0x5F, 0x4D,
    0x5F, 0x4D, 0x5F, 0x4D, 0x5F, 0x4D, 0x5F, 0x4D, 0x5F, 0x4D, 0x5F, 0x4D, 0x5F, 0x4D, 0x5F, 0x4D,
    0x5F, 0x4D, 0x5F, 0x4D, 0x5F, 0x4D, 0x5F, 0x4D, 0x5F, 0x4D, 0x5F, 0x4D, 0x5F, 0x4D, 0x5F, 0x4D,
    0x5F, 0x4D, 0x5F, 0x4D, 0x5F, 0x4D, 0x5F, 0x4D, 0x5F, 0x4D, 0x5F, 0x4D, 0x5F, 0xFF, 0x4D, 0x5F,
    0x4D, 0x5F, 0x4D, 0x5F, 0x4D, 0x5F, 0x4D, 0x5F, 0x4D, 0x5F, 0x4D, 0x5F, 0x4D, 0x5F, 0x4D, 0x5F,
    0x4D, 0x5F, 0x4D, 0x5F, 0x4D, 0x5F, 0x4D, 0x5F, 0x4D, 0x5F, 0x4D, 0x5F, 0x4D, 0x5F, 0x4D, 0x5F,
    0x4D, 0x5F, 0x4D, 0x5F, 0x4D, 0x5F, 0x4D, 0x5F, 0x4D, 0x5F, 0x4D, 0x5F, 0x4D, 0x5F, 0x4D, 0x5F,
    0x4D, 0x5F, 0x4D, 0x5F, 0x4D, 0x5F, 0x4D, 0x5F, 0x4D, 0x5F, 0x4D, 0x5F, 0x4D, 0x5F, 0x4D, 0x5F,
    0x4D, 0x5F, 0x4D, 0x5F, 0x4D, 0x5F, 0x4D, 0x5F, 0x4D, 0x5F, 0x4D, 0x5F, 0x4D, 0x5F, 0x4D, 0x5F,
    0x4D, 0x5F, 0x4D, 0x5F, 0x4D, 0x5F, 0x4D, 0x5F, 0x4D, 0x5F, 0x4D, 0x5F, 0x4D, 0x5F, 0x4D, 0x5F,
    0x4D, 0x5F, 0x4D, 0x5F, 0x4D, 0x5F, 0x4D, 0x5F, 0x4D, 0x5F, 0x4D, 0x5F, 0x4D, 0x5F, 0x4D, 0x5F,
    0x4D, 0x5F, 0x4D, 0x5F, 0x4D, 0x5F, 0x4D, 0x5F, 0x4D, 0x5F, 0x4D, 0x5F, 0x4D, 0x5F, 0xD5, 0x4D,
    0x5F, 0x4D, 0x5F, 0x4D, 0x5F, 0x4D, 0x5F, 0x4D, 0x5F, 0x4D, 0x5F, 0x4D, 0x5F, 0x4D, 0x5F, 0x4D,
    0x5F, 0x4D, 0x5F, 0x4D, 0x5F, 0x4D, 0x5F, 0x4D, 0x5F, 0x4D, 0x5F, 0x4D, 0x5F, 0x4D, 0x5F, 0x4D,
    0x5F, 0x4D, 0x5F, 0x4D, 0x5F, 0x4D, 0x5F, 0x4D, 0x5F, 0x4D, 0x5F, 0x4D, 0x5F, 0x4D, 0x5F, 0x4D,
    0x5F, 0x4D, 0x5F, 0x4D, 0x5F, 0x4D, 0x5F, 0x4D, 0x5F, 0x4D, 0x5F, 0x4D, 0x5F, 0x4D, 0x5F, 0x4D,
    0x5F, 0x4D, 0x5F, 0x4D, 0x5F, 0x4D, 0x5F, 0x4D, 0x5F, 0x4D, 0x5F, 0x4D, 0x5F, 0x4D, 0x5F, 0x4D,
    0x5F, 0x4D, 0x9F, 0x22, 0xD0, 0x0A, 0x00, 0xFF, 0x59, 0x07, 0xFB, 0x37, 0xFB, 0x16, 0xFB, 0x36,
    0xFB, 0x36, 0xFB, 0x36, 0xFB, 0x36, 0xFB, 0x36, 0xFB, 0x36, 0xFB, 0x36, 0xFB, 0x36, 0xFB, 0x36,
    0xFB, 0x36, 0xFB, 0x36, 0xFB, 0x36, 0xFB, 0x36, 0xFB, 0x36, 0xFB, 0x36, 0xFB, 0x36, 0xFB, 0x36,
    0xFB, 0x36, 0xFB, 0x36, 0xFB, 0x36, 0xFB, 0x36, 0xFB, 0x36, 0xFB, 0x36, 0xFB, 0x36, 0xFB, 0x36,
    0xFB, 0x36, 0xFB, 0x36, 0xFB, 0x36, 0xFB, 0x36, 0xFB, 0x36, 0xFB, 0x36, 0xFB, 0x36, 0xFB, 0x36,
    0xFB, 0x36, 0xFB, 0x36, 0xFB, 0x36, 0xFB, 0x36, 0xFB, 0x36, 0xFB, 0x36, 0xFB, 0x36, 0xFB, 0x36,
    0xFB, 0x36, 0xFB, 0x36, 0xFB, 0x36, 0xFB, 0x36, 0xFB, 0x36, 0xFB, 0x36, 0xFB, 0x36, 0xFB, 0x36,
    0xFB, 0x16, 0xFB, 0x57, 0xA1, 0xED, 0x11, 0xAA, 0x4D, 0x9F, 0x4D, 0x5F, 0x4D, 0x5F, 0x4D, 0x5F,
    0x4D, 0x5F, 0x4D, 0x5F, 0x4D, 0x5F, 0x4D, 0x5F, 0xFF, 0x4D, 0x5F, 0x4D, 0x5F, 0x4D, 0x5F, 0x4D,
    0x5F, 0x4D, 0x5F, 0x4D, 0x5F, 0x4D, 0x5F, 0x4D, 0x5F, 0x4D, 0x5F, 0x4D, 0x5F, 0x4D, 0x5F, 0x4D,
    0x5F, 0x4D, 0x5F, 0x4D, 0x5F, 0x4D, 0x5F, 0x4D, 0x5F, 0x4D, 0x5F, 0x4D, 0x5F, 0x4D, 0x5F, 0x4D,
    0x5F, 0x4D, 0x5F, 0x4D, 0x5F, 0x4D, 0x5F, 0x4D, 0x5F, 0x4D, 0x5F, 0x4D, 0x5F, 0x4D, 0x5F, 0x4D,
    0x5F, 0x4D, 0x5F, 0x4D, 0x5F, 0x4D, 0x5F, 0x4D, 0x5F, 0x4D, 0x5F, 0x4D, 0x5F, 0x4D, 0x5F, 0x4D,
    0x5F, 0x4D, 0x5F, 0x4D, 0x5F, 0x4D, 0x5F, 0x4D, 0x5F, 0x4D, 0x5F, 0x4D, 0x5F, 0x4D, 0x5F, 0x4D,
    0x5F, 0x4D, 0x5F, 0x4D, 0x5F, 0x4D, 0x5F, 0x4D, 0x5F, 0x4D, 0x5F, 0x4D, 0x5F, 0x4D, 0x5F, 0x4D,
    0x5F, 0x4D, 0x5F, 0x4D, 0x5F, 0x4D, 0x5F, 0x4D, 0x5F, 0x4D, 0x5F, 0x4D, 0x5F, 0x4D, 0x5F, 0x4D,
    0x5F, 0x4D, 0x5F, 0x4D, 0x5F, 0x4D, 0x5F, 0x4D, 0x5F, 0xFF, 0x4D, 0x5F, 0x4D, 0x5F, 0x4D, 0x5F,
    0x4D, 0x5F, 0x4D, 0x5F, 0x4D, 0x5F, 0x4D, 0x5F, 0x4D, 0x5F, 0x4D, 0x5F, 0x4D, 0x5F, 0x4D, 0x5F,
    0x4D, 0x5F, 0x4D, 0x5F, 0x4D, 0x5F, 0x4D, 0x5F, 0x4D, 0x5F, 0x4D, 0x5F, 0x4D, 0x5F, 0x4D, 0x5F,
    0x4D, 0x5F, 0x4D, 0x5F, 0x4D, 0x5F, 0x4D, 0x5F, 0x4D, 0x5F, 0x4D, 0x5F, 0x4D, 0x5F, 0x4D, 0x5F,
    0x4D, 0x5F, 0x4D, 0x5F, 0x4D, 0x5F, 0x4D, 0x5F, 0x4D, 0x5F, 0x4D, 0x5F, 0x4D, 0x5F, 0x4D, 0x5F,
    0x4D, 0x5F, 0x4D, 0x5F, 0x4D, 0x5F, 0x4D, 0x5F, 0x4D, 0x5F, 0x4D, 0x5F, 0x4D, 0x5F, 0x4D, 0x5F,
    0x4D, 0x5F, 0x4D, 0x5F, 0x4D, 0x5F, 0x4D, 0x5F, 0x4D, 0x5F, 0x4D, 0x5F, 0x4D, 0x5F, 0x4D, 0x5F,
    0x4D, 0x5F, 0x4D, 0x5F, 0x4D, 0x5F, 0x4D, 0x5F, 0x4D, 0x5F, 0x4D, 0x5F, 0x4D, 0x5F, 0x4D, 0x5F,
    0x4D, 0x5F, 0x4D, 0x5F, 0x4D, 0x5F, 0x4D, 0x5F, 0x4D, 0x5F, 0xD5, 0x4D, 0x5F, 0x4D, 0x5F, 0x4D,
    0x5F, 0x4D, 0x5F, 0x4D, 0x5F, 0x4D, 0x5F, 0x4D, 0x5F, 0x4D, 0x5F, 0x4D, 0x5F, 0x4D, 0x5F, 0x4D,
    0x5F, 0x4D, 0x5F, 0x4D, 0x5F, 0x4D, 0x5F, 0x4D, 0x5F, 0x4D, 0x5F, 0x4D, 0x5F, 0x4D, 0x5F, 0x4D,
    0x5F, 0x4D, 0x5F, 0x4D, 0x5F, 0x4D, 0x5F, 0x4D, 0x5F, 0x4D, 0x5F, 0x4D, 0x5F, 0x4D, 0x5F, 0x4D,
    0x5F, 0x4D, 0x5F, 0x4D, 0x5F, 0x4D, 0x5F, 0x4D, 0x5F, 0x4D, 0x5F, 0x4D, 0x5F, 0x4D, 0x5F, 0x4D,
    0x5F, 0x4D, 0x5F, 0x4D, 0x5F, 0x4D, 0x5F, 0x4D, 0x5F, 0x4D, 0x5F, 0x4D, 0x5F, 0x55, 0x9F, 0x22,
    0xD0, 0x0A, 0x00, 0xFF, 0x59, 0x07, 0xFB, 0x37, 0xFB, 0x16, 0xFB, 0x36, 0xFB, 0x36, 0xFB, 0x36,
    0xFB, 0x36, 0xFB, 0x36, 0xFB, 0x36, 0xFB, 0x36, 0xFB, 0x36, 0xFB, 0x36, 0xFB, 0x36, 0xFB, 0x36,
    0xFB, 0x36, 0xFB, 0x36, 0xFB, 0x36, 0xFB, 0x36, 0xFB, 0x36, 0xFB, 0x36, 0xFB, 0x36, 0xFB, 0x36,
    0xFB, 0x36, 0xFB, 0x36, 0xFB, 0x36, 0xFB, 0x36, 0xFB, 0x36, 0xFB, 0x36, 0xFB, 0x36, 0xFB, 0x36,
    0xFB, 0x36, 0xFB, 0x36, 0xFB, 0x36, 0xFB, 0x36, 0xFB, 0x36, 0xFB, 0x36, 0xFB, 0x36, 0xFB, 0x36,
    0xFB, 0x36, 0xFB, 0x36, 0xFB, 0x36, 0xFB, 0x36, 0xFB, 0x36, 0xFB, 0x36, 0xFB, 0x36, 0xFB, 0x36,
    0xFB, 0x36, 0xFB, 0x36, 0xFB, 0x36, 0xFB, 0x36, 0xFB, 0x36, 0xFB, 0x36, 0xFB, 0x16, 0xFB, 0x37,
    0xA1, 0xED, 0x11, 0xAA, 0x4D, 0x9F, 0x4D, 0x5F, 0x4D, 0x5F, 0x4D, 0x5F, 0x4D, 0x5F, 0x4D, 0x5F,
    0x4D, 0x5F, 0x4D, 0x5F, 0xFF, 0x4D, 0x5F, 0x4D, 0x5F, 0x4D, 0x5F, 0x4D, 0x5F, 0x4D, 0x5F, 0x4D,
    0x5F, 0x4D, 0x5F, 0x4D, 0x5F, 0x4D, 0x5F, 0x4D, 0x5F, 0x4D, 0x5F, 0x4D, 0x5F, 0x4D, 0x5F, 0x4D,
    0x5F, 0x4D, 0x5F, 0x4D, 0x5F, 0x4D, 0x5F, 0x4D, 0x5F, 0x4D, 0x5F, 0x4D, 0x5F, 0x4D, 0x5F, 0x4D,
    0x5F, 0x4D, 0x5F, 0x4D, 0x5F, 0x4D, 0x5F, 0x4D, 0x5F, 0x4D, 0x5F, 0x4D, 0x5F, 0x4D, 0x5F, 0x4D,
    0x5F, 0x4D, 0x5F, 0x4D, 0x5F, 0x4D, 0x5F, 0x4D, 0x5F, 0x4D, 0x5F, 0x4D, 0x5F, 0x4D, 0x5F, 0x4D,
    0x5F, 0x4D, 0x5F, 0x4D, 0x5F, 0x4D, 0x5F, 0x4D, 0x5F, 0x4D, 0x5F, 0x4D, 0x5F, 0x4D, 0x5F, 0x4D,
    0x5F, 0x4D, 0x5F, 0x4D, 0x5F, 0x4D, 0x5F, 0x4D, 0x5F, 0x4D, 0x5F, 0x4D, 0x5F, 0x4D, 0x5F, 0x4D,
    0x5F, 0x4D, 0x5F, 0x4D, 0x5F, 0x4D, 0x5F, 0x4D, 0x5F, 0x4D, 0x5F, 0x4D, 0x5F, 0x4D, 0x5F, 0x4D,
    0x5F, 0x4D, 0x5F, 0x4D, 0x5F, 0xFF, 0x4D, 0x5F, 0x4D, 0x5F, 0x4D, 0x5F, 0x4D, 0x5F, 0x4D, 0x5F,
    0x4D, 0x5F, 0x4D, 0x5F, 0x4D, 0x5F, 0x4D, 0x5F, 0x4D, 0x5F, 0x4D, 0x5F, 0x4D, 0x5F, 0x4D, 0x5F,
    0x4D, 0x5F, 0x4D, 0x5F, 0x4D, 0x5F, 0x4D, 0x5F, 0x4D, 0x5F, 0x4D, 0x5F, 0x4D, 0x5F, 0x4D, 0x5F,
    0x4D, 0x5F, 0x4D, 0x5F, 0x4D, 0x5F, 0x4D, 0x5F, 0x4D, 0x5F, 0x4D, 0x5F, 0x4D, 0x5F, 0x4D, 0x5F,
    0x4D, 0x5F, 0x4D, 0x5F, 0x4D, 0x5F, 0x4D, 0x5F, 0x4D, 0x5F, 0x4D, 0x5F, 0x4D, 0x5F, 0x4D, 0x5F,
    0x4D, 0x5F, 0x4D, 0x5F, 0x4D, 0x5F, 0x4D, 0x5F, 0x4D, 0x5F, 0x4D, 0x5F, 0x4D, 0x5F, 0x4D, 0x5F,
    0x4D, 0x5F, 0x4D, 0x5F, 0x4D, 0x5F, 0x4D, 0x5F, 0x4D, 0x5F, 0x4D, 0x5F, 0x4D, 0x5F, 0x4D, 0x5F,
    0x4D, 0x5F, 0x4D, 0x5F, 0x4D, 0x5F, 0x4D, 0x5F, 0x4D, 0x5F, 0x4D, 0x5F, 0x4D, 0x5F, 0x4D, 0x5F,
    0x4D, 0x5F, 0x4D, 0x5F, 0x4D, 0x5F, 0xD5, 0x4D, 0x5F, 0x4D, 0x5F, 0x4D, 0x5F, 0x4D, 0x5F, 0x4D,
    0x5F, 0x4D, 0x5F, 0x4D, 0x5F, 0x4D, 0x5F, 0x4D, 0x5F, 0x4D, 0x5F, 0x4D, 0x5F, 0x4D, 0x5F, 0x4D,
    0x5F, 0x4D, 0x5F, 0x4D, 0x5F, 0x4D, 0x5F, 0x4D, 0x5F, 0x4D, 0x5F, 0x4D, 0x5F, 0x4D, 0x5F, 0x4D,
    0x5F, 0x4D, 0x5F, 0x4D, 0x5F, 0x4D, 0x5F, 0x4D, 0x5F, 0x4D, 0x5F, 0x4D, 0x5F, 0x4D, 0x5F, 0x4D,
    0x5F, 0x4D, 0x5F, 0x4D, 0x5F, 0x4D, 0x5F, 0x4D, 0x5F, 0x4D, 0x5F, 0x4D, 0x5F, 0x4D, 0x5F, 0x4D,
    0x5F, 0x4D, 0x5F, 0x4D, 0x5F, 0x4D, 0x5F, 0x4D, 0x5F, 0x55, 0x9F, 0x22, 0xD0, 0x0A, 0x00, 0xFF,
    0x59, 0x07, 0xFB, 0x37, 0xFB, 0x16, 0xFB, 0x36, 0xFB, 0x36, 0xFB, 0x36, 0xFB, 0x36, 0xFB, 0x36,
    0xFB, 0x36, 0xFB, 0x36, 0xFB, 0x36, 0xFB, 0x36, 0xFB, 0x36, 0xFB, 0x36, 0xFB, 0x36, 0xFB, 0x36,
    0xFB, 0x36, 0xFB, 0x36, 0xFB, 0x36, 0xFB, 0x36, 0xFB, 0x36, 0xFB, 0x36, 0xFB, 0x36, 0xFB, 0x36,
    0xFB, 0x36, 0xFB, 0x36, 0xFB, 0x36, 0xFB, 0x36, 0xFB, 0x36, 0xFB, 0x36, 0xFB, 0x36, 0xFB, 0x36,
    0xFB, 0x36, 0xFB, 0x36, 0xFB, 0x36, 0xFB, 0x36, 0xFB, 0x36, 0xFB, 0x36, 0xFB, 0x36, 0xFB, 0x36,
    0xFB, 0x36, 0xFB, 0x36, 0xFB, 0x36, 0xFB, 0x36, 0xFB, 0x36, 0xFB, 0x36, 0xFB, 0x36, 0xFB, 0x36,
    0xFB, 0x36, 0xFB, 0x36, 0xFB, 0x36, 0xFB, 0x36, 0xFB, 0x16, 0xFB, 0x57, 0xA1, 0xED, 0x11, 0xAA,
    0x4D, 0x9F, 0x4D, 0x5F, 0x4D, 0x5F, 0x4D, 0x5F, 0x4D, 0x5F, 0x4D, 0x5F, 0x4D, 0x5F, 0x4D, 0x5F,
    0xFF, 0x4D, 0x5F, 0x4D, 0x5F, 0x4D, 0x5F, 0x4D, 0x5F, 0x4D, 0x5F, 0x4D, 0x5F, 0x4D, 0x5F, 0x4D,
    0x5F, 0x4D, 0x5F, 0x4D, 0x5F, 0x4D, 0x5F, 0x4D, 0x5F, 0x4D, 0x5F, 0x4D, 0x5F, 0x4D, 0x5F, 0x4D,
    0x5F, 0x4D, 0x5F, 0x4D, 0x5F, 0x4D, 0x5F, 0x4D, 0x5F, 0x4D, 0x5F, 0x4D, 0x5F, 0x4D, 0x5F, 0x4D,
    0x5F, 0x4D, 0x5F, 0x4D, 0x5F, 0x4D, 0x5F, 0x4D, 0x5F, 0x4D, 0x5F, 0x4D, 0x5F, 0x4D, 0x5F, 0x4D,
    0x5F, 0x4D, 0x5F, 0x4D, 0x5F, 0x4D, 0x5F, 0x4D, 0x5F, 0x4D, 0x5F, 0x4D, 0x5F, 0x4D, 0x5F, 0x4D,
    0x5F, 0x4D, 0x5F, 0x4D, 0x5F, 0x4D, 0x5F, 0x4D, 0x5F, 0x4D, 0x5F, 0x4D, 0x5F, 0x4D, 0x5F, 0x4D,
    0x5F, 0x4D, 0x5F, 0x4D, 0x5F, 0x4D, 0x5F, 0x4D, 0x5F, 0x4D, 0x5F, 0x4D, 0x5F, 0x4D, 0x5F, 0x4D,
    0x5F, 0x4D, 0x5F, 0x4D, 0x5F, 0x4D, 0x5F, 0x4D, 0x5F, 0x4D, 0x5F, 0x4D, 0x5F, 0x4D, 0x5F, 0x4D,
    0x5F, 0xFF, 0x4D, 0x5F, 0x4D, 0x5F, 0x4D, 0x5F, 0x4D, 0x5F, 0x4D, 0x5F, 0x4D, 0x5F, 0x4D, 0x5F,
    0x4D, 0x5F, 0x4D, 0x5F, 0x4D, 0x5F, 0x4D, 0x5F, 0x4D, 0x5F, 0x4D, 0x5F, 0x4D, 0x5F, 0x4D, 0x5F,
    0x4D, 0x5F, 0x4D, 0x5F, 0x4D, 0x5F, 0x4D, 0x5F, 0x4D, 0x5F, 0x4D, 0x5F, 0x4D, 0x5F, 0x4D, 0x5F,
    0x4D, 0x5F, 0x4D, 0x5F, 0x4D, 0x5F, 0x4D, 0x5F, 0x4D, 0x5F, 0x4D, 0x5F, 0x4D, 0x5F, 0x4D, 0x5F,
    0x4D, 0x5F, 0x4D, 0x5F, 0x4D, 0x5F, 0x4D, 0x5F, 0x4D, 0x5F, 0x4D, 0x5F, 0x4D, 0x5F, 0x4D, 0x5F,
    0x4D, 0x5F, 0x4D, 0x5F, 0x4D, 0x5F, 0x4D, 0x5F, 0x4D, 0x5F, 0x4D, 0x5F, 0x4D, 0x5F, 0x4D, 0x5F,
    0x4D, 0x5F, 0x4D, 0x5F, 0x4D, 0x5F, 0x4D, 0x5F, 0x4D, 0x5F, 0x4D, 0x5F, 0x4D, 0x5F, 0x4D, 0x5F,
    0x4D, 0x5F, 0x4D, 0x5F, 0x4D, 0x5F, 0x4D, 0x5F, 0x4D, 0x5F, 0x4D, 0x5F, 0x4D, 0x5F, 0x4D, 0x5F,
    0x4D, 0x5F, 0xD5, 0x4D, 0x5F, 0x4D, 0x5F, 0x4D, 0x5F, 0x4D, 0x5F, 0x4D, 0x5F, 0x4D, 0x5F, 0x4D,
    0x5F, 0x4D, 0x5F, 0x4D, 0x5F, 0x4D, 0x5F, 0x4D, 0x5F, 0x4D, 0x5F, 0x4D, 0x5F, 0x4D, 0x5F, 0x4D,
    0x5F, 0x4D, 0x5F, 0x4D, 0x5F, 0x4D, 0x5F, 0x4D, 0x5F, 0x4D, 0x5F, 0x4D, 0x5F, 0x4D, 0x5F, 0x4D,
    0x5F, 0x4D, 0x5F, 0x4D, 0x5F, 0x4D, 0x5F, 0x4D, 0x5F, 0x4D, 0x5F, 0x4D, 0x5F, 0x4D, 0x5F, 0x4D,
    0x5F, 0x4D, 0x5F, 0x4D, 0x5F, 0x4D, 0x5F, 0x4D, 0x5F, 0x4D, 0x5F, 0x4D, 0x5F, 0x4D, 0x5F, 0x4D,
    0x5F, 0x4D, 0x5F, 0x4D, 0x5F, 0x55, 0x9F, 0x22, 0xD0, 0x0A, 0x00, 0xFF, 0x48, 0xE6, 0xFB, 0x37,
    0xFB, 0x16, 0xFB, 0x36, 0xFB, 0x36, 0xFB, 0x36, 0xFB, 0x36, 0xFB, 0x36, 0xFB, 0x36, 0xFB, 0x36,
    0xFB, 0x36, 0xFB, 0x36, 0xFB, 0x36, 0xFB, 0x36, 0xFB, 0x36, 0xFB, 0x36, 0xFB, 0x36, 0xFB, 0x36,
    0xFB, 0x36, 0xFB, 0x36, 0xFB, 0x36, 0xFB, 0x16, 0xFB, 0x36, 0xFB, 0x36, 0xFB, 0x36, 0xFB, 0x36,
    0xFB, 0x36, 0xFB, 0x36, 0xFB, 0x36, 0xFB, 0x36, 0xFB, 0x36, 0xFB, 0x36, 0xFB, 0x36, 0xFB, 0x36,
    0xFB, 0x36, 0xFB, 0x36, 0xFB, 0x36, 0xFB, 0x36, 0xFB, 0x36, 0xFB, 0x36, 0xFB, 0x36, 0xFB, 0x36,
    0xFB, 0x36, 0xFB, 0x36, 0xFB, 0x36, 0xFB, 0x36, 0xFB, 0x36, 0xFB, 0x36, 0xFB, 0x36, 0xFB, 0x36,
    0xFB, 0x36, 0xFB, 0x36, 0xFB, 0x16, 0xFB, 0x57, 0xA1, 0xED, 0x11, 0xAA, 0x4D, 0x9F, 0x4D, 0x5F,
    0x4D, 0x5F, 0x4D, 0x5F, 0x4D, 0x5F, 0x4D, 0x5F, 0x4D, 0x5F, 0x4D, 0x5F, 0xFF, 0x4D, 0x5F, 0x4D,
    0x5F, 0x4D, 0x5F, 0x4D, 0x5F, 0x4D, 0x5F, 0x4D, 0x5F, 0x4D, 0x5F, 0x4D, 0x5F, 0x4D, 0x5F, 0x4D,
    0x5F, 0x4D, 0x5F, 0x4D, 0x5F, 0x4D, 0x5F, 0x4D, 0x5F, 0x4D, 0x5F, 0x4D, 0x5F, 0x4D, 0x5F, 0x4D,
    0x5F, 0x4D, 0x5F, 0x4D, 0x5F, 0x4D, 0x5F, 0x4D, 0x5F, 0x4D, 0x5F, 0x4D, 0x5F, 0x4D, 0x5F, 0x4D,
    0x5F, 0x4D, 0x5F, 0x4D, 0x5F, 0x4D, 0x5F, 0x4D, 0x5F, 0x4D, 0x5F, 0x4D, 0x5F, 0x4D, 0x5F, 0x4D,
    0x5F, 0x4D, 0x5F, 0x4D, 0x5F, 0x4D, 0x5F, 0x4D, 0x5F, 0x4D, 0x5F, 0x4D, 0x5F, 0x4D, 0x5F, 0x4D,
    0x5F, 0x4D, 0x5F, 0x4D, 0x5F, 0x4D, 0x5F, 0x4D, 0x5F, 0x4D, 0x5F, 0x4D, 0x5F, 0x4D, 0x5F, 0x4D,
    0x5F, 0x4D, 0x5F, 0x4D, 0x5F, 0x4D, 0x5F, 0x4D, 0x5F, 0x4D, 0x5F, 0x4D, 0x5F, 0x4D, 0x5F, 0x4D,
    0x5F, 0x4D, 0x5F, 0x4D, 0x5F, 0x4D, 0x5F, 0x4D, 0x5F, 0x4D, 0x5F, 0x4D, 0x5F, 0xFF, 0x4D, 0x5F,
    0x4D, 0x5F, 0x4D, 0x5F, 0x4D, 0x5F, 0x4D, 0x5F, 0x4D, 0x5F, 0x4D, 0x5F, 0x4D, 0x5F, 0x4D, 0x5F,
    0x4D, 0x5F, 0x4D, 0x5F, 0x4D, 0x5F, 0x4D, 0x5F, 0x4D, 0x5F, 0x4D, 0x5F, 0x4D, 0x5F, 0x4D, 0x5F,
    0x4D, 0x5F, 0x4D, 0x5F, 0x4D, 0x5F, 0x4D, 0x5F, 0x4D, 0x5F, 0x4D, 0x5F, 0x4D, 0x5F, 0x4D, 0x5F,
    0x4D, 0x5F, 0x4D, 0x5F, 0x4D, 0x5F, 0x4D, 0x5F, 0x4D, 0x5F, 0x4D, 0x5F, 0x4D, 0x5F, 0x4D, 0x5F,
    0x4D, 0x5F, 0x4D, 0x5F, 0x4D, 0x5F, 0x4D, 0x5F, 0x4D, 0x5F, 0x4D, 0x5F, 0x4D, 0x5F, 0x4D, 0x5F,
    0x4D, 0x5F, 0x4D, 0x5F, 0x4D, 0x5F, 0x4D, 0x5F, 0x4D, 0x5F, 0x4D, 0x5F, 0x4D, 0x5F, 0x4D, 0x5F,
    0x4D, 0x5F, 0x4D, 0x5F, 0x4D, 0x5F, 0x4D, 0x5F, 0x4D, 0x5F, 0x4D, 0x5F, 0x4D, 0x5F, 0x4D, 0x5F,
    0x4D, 0x5F, 0x4D, 0x5F, 0x4D, 0x5F, 0x4D, 0x5F, 0x4D, 0x5F, 0x4D, 0x5F, 0x4D, 0x5F, 0xD5, 0x4D,
    0x5F, 0x4D, 0x5F, 0x4D, 0x5F, 0x4D, 0x5F, 0x4D, 0x5F, 0x4D, 0x5F, 0x4D, 0x5F, 0x4D, 0x5F, 0x4D,
    0x5F, 0x4D, 0x5F, 0x4D, 0x5F, 0x4D, 0x5F, 0x4D, 0x5F, 0x4D, 0x5F, 0x4D, 0x5F, 0x4D, 0x5F, 0x4D,
    0x5F, 0x4D, 0x5F, 0x4D, 0x5F, 0x4D, 0x5F, 0x4D, 0x5F, 0x4D, 0x5F, 0x4D, 0x5F, 0x4D, 0x5F, 0x4D,
    0x5F, 0x4D, 0x5F, 0x4D, 0x5F, 0x4D, 0x5F, 0x4D, 0x5F, 0x4D, 0x5F, 0x4D, 0x5F, 0x4D, 0x5F, 0x4D,
    0x5F, 0x4D, 0x5F, 0x4D, 0x5F, 0x4D, 0x5F, 0x4D, 0x5F, 0x4D, 0x5F, 0x4D, 0x5F, 0x4D, 0x5F, 0x4D,
    0x5F, 0x4D, 0x9F, 0x22, 0xD0, 0x0A, 0x00, 0xFF, 0x48, 0xE6, 0xFB, 0x37, 0xFB, 0x36, 0xFB, 0x36,
    0xFB, 0x36, 0xFB, 0x36, 0xFB, 0x36, 0xFB, 0x36, 0xFB, 0x36, 0xFB, 0x36, 0xFB, 0x36, 0xFB, 0x36,
    0xFB, 0x36, 0xFB, 0x36, 0xFB, 0x36, 0xFB, 0x36, 0xFB, 0x36, 0xFB, 0x36, 0xFB, 0x36, 0xFB, 0x36,
    0xFB, 0x36, 0xFB, 0x57, 0xFB, 0x36, 0xFB, 0x16, 0xFB, 0x36, 0xFB, 0x36, 0xFB, 0x36, 0xFB, 0x36,
    0xFB, 0x36, 0xFB, 0x36, 0xFB, 0x36, 0xFB, 0x36, 0xFB, 0x36, 0xFB, 0x36, 0xFB, 0x36, 0xFB, 0x36,
    0xFB, 0x36, 0xFB, 0x36, 0xFB, 0x36, 0xFB, 0x36, 0xFB, 0x36, 0xFB, 0x36, 0xFB, 0x36, 0xFB, 0x36,
    0xFB, 0x36, 0xFB, 0x36, 0xFB, 0x36, 0xFB, 0x36, 0xFB, 0x36, 0xFB, 0x36, 0xFB, 0x36, 0xFB, 0x36,
    0xFB, 0x16, 0xFB, 0x57, 0xAA, 0x2F, 0x11, 0xAA, 0x4D, 0x9F, 0x4D, 0x5F, 0x4D, 0x5F, 0x4D, 0x5F,
    0x4D, 0x5F, 0x4D, 0x5F, 0x4D, 0x5F, 0x4D, 0x5F, 0xFF, 0x4D, 0x5F, 0x4D, 0x5F, 0x4D, 0x5F, 0x4D,
    0x5F, 0x4D, 0x5F, 0x4D, 0x5F, 0x4D, 0x5F, 0x4D, 0x5F, 0x4D, 0x5F, 0x4D, 0x5F, 0x4D, 0x5F, 0x4D,
    0x5F, 0x4D, 0x5F, 0x4D, 0x5F, 0x4D, 0x5F, 0x4D, 0x5F, 0x4D, 0x5F, 0x4D, 0x5F, 0x4D, 0x5F, 0x4D,
    0x5F, 0x4D, 0x5F, 0x4D, 0x5F, 0x4D, 0x5F, 0x4D, 0x5F, 0x4D, 0x5F, 0x4D, 0x5F, 0x4D, 0x5F, 0x4D,
    0x5F, 0x4D, 0x5F, 0x4D, 0x5F, 0x4D, 0x5F, 0x4D, 0x5F, 0x4D, 0x5F, 0x4D, 0x5F, 0x4D, 0x5F, 0x4D,
    0x5F, 0x4D, 0x5F, 0x4D, 0x5F, 0x4D, 0x5F, 0x4D, 0x5F, 0x4D, 0x5F, 0x4D, 0x5F, 0x4D, 0x5F, 0x4D,
    0x5F, 0x4D, 0x5F, 0x4D, 0x5F, 0x4D, 0x5F, 0x4D, 0x5F, 0x4D, 0x5F, 0x4D, 0x5F, 0x4D, 0x5F, 0x4D,
    0x5F, 0x4D, 0x5F, 0x4D, 0x5F, 0x4D, 0x5F, 0x4D, 0x5F, 0x4D, 0x5F, 0x4D, 0x5F, 0x4D, 0x5F, 0x4D,
    0x5F, 0x4D, 0x5F, 0x4D, 0x5F, 0x4D, 0x5F, 0x4D, 0x5F, 0xFF, 0x4D, 0x5F, 0x4D, 0x5F, 0x4D, 0x5F,
    0x4D, 0x5F, 0x4D, 0x5F, 0x4D, 0x5F, 0x4D, 0x5F, 0x4D, 0x5F, 0x4D, 0x5F, 0x4D, 0x5F, 0x4D, 0x5F,
    0x4D, 0x5F, 0x4D, 0x5F, 0x4D, 0x5F, 0x4D, 0x5F, 0x4D, 0x5F, 0x4D, 0x5F, 0x4D, 0x5F, 0x4D, 0x5F,
    0x4D, 0x5F, 0x4D, 0x5F, 0x4D, 0x5F, 0x4D, 0x5F, 0x4D, 0x5F, 0x4D, 0x5F, 0x4D, 0x5F, 0x4D, 0x5F,
    0x4D, 0x5F, 0x4D, 0x5F, 0x4D, 0x5F, 0x4D, 0x5F, 0x4D, 0x5F, 0x4D, 0x5F, 0x4D, 0x5F, 0x4D, 0x5F,
    0x4D, 0x5F, 0x4D, 0x5F, 0x4D, 0x5F, 0x4D, 0x5F, 0x4D, 0x5F, 0x4D, 0x5F, 0x4D, 0x5F, 0x4D, 0x5F,
    0x4D, 0x5F, 0x4D, 0x5F, 0x4D, 0x5F, 0x4D, 0x5F, 0x4D, 0x5F, 0x4D, 0x5F, 0x4D, 0x5F, 0x4D, 0x5F,
    0x4D, 0x5F, 0x4D, 0x5F, 0x4D, 0x5F, 0x4D, 0x5F, 0x4D, 0x5F, 0x4D, 0x5F, 0x4D, 0x5F, 0x4D, 0x5F,
    0x4D, 0x5F, 0x4D, 0x5F, 0x4D, 0x5F, 0x4D, 0x5F, 0x4D, 0x5F, 0xD5, 0x4D, 0x5F, 0x4D, 0x5F, 0x4D,
    0x5F, 0x4D, 0x5F, 0x4D, 0x5F, 0x4D, 0x5F, 0x4D, 0x5F, 0x4D, 0x5F, 0x4D, 0x5F, 0x4D, 0x5F, 0x4D,
    0x5F, 0x4D, 0x5F, 0x4D, 0x5F, 0x4D, 0x5F, 0x4D, 0x5F, 0x4D, 0x5F, 0x4D, 0x5F, 0x4D, 0x5F, 0x4D,
    0x5F, 0x4D, 0x5F, 0x4D, 0x5F, 0x4D, 0x5F, 0x4D, 0x5F, 0x4D, 0x5F, 0x4D, 0x5F, 0x4D, 0x5F, 0x4D,
    0x5F, 0x4D, 0x5F, 0x4D, 0x5F, 0x4D, 0x5F, 0x4D, 0x5F, 0x4D, 0x5F, 0x4D, 0x5F, 0x4D, 0x5F, 0x4D,
    0x5F, 0x4D, 0x5F, 0x4D, 0x5F, 0x4D, 0x5F, 0x4D, 0x5F, 0x4D, 0x5F, 0x4D, 0x5F, 0x4D, 0x9F, 0x22,
    0xD0, 0x0A, 0x00, 0xFF, 0x48, 0xE6, 0xFB, 0x37, 0xFB, 0x36, 0xFB, 0x36, 0xFB, 0x36, 0xFB, 0x36,
    0xFB, 0x36, 0xFB, 0x36, 0xFB, 0x36, 0xFB, 0x36, 0xFB, 0x36, 0xFB, 0x36, 0xFB, 0x36, 0xFB, 0x36,
    0xFB, 0x36, 0xFB, 0x36, 0xFB, 0x36, 0xFB, 0x36, 0xFB, 0x36, 0xFB, 0x36, 0xF2, 0xF5, 0xBA, 0x50,
    0xFB, 0x16, 0xFB, 0x37, 0xFB, 0x16, 0xFB, 0x36, 0xFB, 0x36, 0xFB, 0x36, 0xFB, 0x36, 0xFB, 0x36,
    0xFB, 0x36, 0xFB, 0x36, 0xFB, 0x36, 0xFB, 0x36, 0xFB, 0x36, 0xFB, 0x36, 0xFB, 0x36, 0xFB, 0x36,
    0xFB, 0x36, 0xFB, 0x36, 0xFB, 0x36, 0xFB, 0x36, 0xFB, 0x36, 0xFB, 0x36, 0xFB, 0x36, 0xFB, 0x36,
    0xFB, 0x36, 0xFB, 0x36, 0xFB, 0x36, 0xFB, 0x36, 0xFB, 0x36, 0xFB, 0x36, 0xFB, 0x16, 0xFB, 0x57,
    0xBA, 0x0F, 0x11, 0xAA, 0x4D, 0x9F, 0x4D, 0x5F, 0x4D, 0x5F, 0x4D, 0x5F, 0x4D, 0x5F, 0x4D, 0x5F,
    0x4D, 0x5F, 0x4D, 0x5F, 0xFF, 0x4D, 0x5F, 0x4D, 0x5F, 0x4D, 0x5F, 0x4D, 0x5F, 0x4D, 0x5F, 0x4D,
    0x5F, 0x4D, 0x5F, 0x4D, 0x5F, 0x4D, 0x5F, 0x4D, 0x5F, 0x4D, 0x5F, 0x4D, 0x5F, 0x4D, 0x5F, 0x4D,
    0x5F, 0x4D, 0x5F, 0x4D, 0x5F, 0x4D, 0x5F, 0x4D, 0x5F, 0x4D, 0x5F, 0x4D, 0x5F, 0x4D, 0x5F, 0x4D,
    0x5F, 0x4D, 0x5F, 0x4D, 0x5F, 0x4D, 0x5F, 0x4D, 0x5F, 0x4D, 0x5F, 0x4D, 0x5F, 0x4D, 0x5F, 0x4D,
    0x5F, 0x4D, 0x5F, 0x4D, 0x5F, 0x4D, 0x5F, 0x4D, 0x5F, 0x4D, 0x5F, 0x4D, 0x5F, 0x4D, 0x5F, 0x4D,
    0x5F, 0x4D, 0x5F, 0x4D, 0x5F, 0x4D, 0x5F, 0x4D, 0x5F, 0x4D, 0x5F, 0x4D, 0x5F, 0x4D, 0x5F, 0x4D,
    0x5F, 0x4D, 0x5F, 0x4D, 0x5F, 0x4D, 0x5F, 0x4D, 0x5F, 0x4D, 0x5F, 0x4D, 0x5F, 0x4D, 0x5F, 0x4D,
    0x5F, 0x4D, 0x5F, 0x4D, 0x5F, 0x4D, 0x5F, 0x4D, 0x5F, 0x4D, 0x5F, 0x4D, 0x5F, 0x4D, 0x5F, 0x4D,
    0x5F, 0x4D, 0x5F, 0x4D, 0x5F, 0xFF, 0x4D, 0x5F, 0x4D, 0x5F, 0x4D, 0x5F, 0x4D, 0x5F, 0x4D, 0x5F,
    0x4D, 0x5F, 0x4D, 0x5F, 0x4D, 0x5F, 0x4D, 0x5F, 0x4D, 0x5F, 0x4D, 0x5F, 0x4D, 0x5F, 0x4D, 0x5F,
    0x4D, 0x5F, 0x4D, 0x5F, 0x4D, 0x5F, 0x4D, 0x5F, 0x4D, 0x5F, 0x4D, 0x5F, 0x4D, 0x5F, 0x4D, 0x5F,
    0x4D, 0x5F, 0x4D, 0x5F, 0x4D, 0x5F, 0x4D, 0x5F, 0x4D, 0x5F, 0x4D, 0x5F, 0x4D, 0x5F, 0x4D, 0x5F,
    0x4D, 0x5F, 0x4D, 0x5F, 0x4D, 0x5F, 0x4D, 0x5F, 0x4D, 0x5F, 0x4D, 0x5F, 0x4D, 0x5F, 0x4D, 0x5F,
    0x4D, 0x5F, 0x4D, 0x5F, 0x4D, 0x5F, 0x4D, 0x5F, 0x4D, 0x5F, 0x4D, 0x5F, 0x4D, 0x5F, 0x4D, 0x5F,
    0x4D, 0x5F, 0x4D, 0x5F, 0x4D, 0x5F, 0x4D, 0x5F, 0x4D, 0x5F, 0x4D, 0x5F, 0x4D, 0x5F, 0x4D, 0x5F,
    0x4D, 0x5F, 0x4D, 0x5F, 0x4D, 0x5F, 0x4D, 0x5F, 0x4D, 0x5F, 0x4D, 0x5F, 0x4D, 0x5F, 0x4D, 0x5F,
    0x4D, 0x5F, 0x4D, 0x5F, 0x4D, 0x5F, 0xD5, 0x4D, 0x5F, 0x4D, 0x5F, 0x4D, 0x5F, 0x4D, 0x5F, 0x4D,
    0x5F, 0x4D, 0x5F, 0x4D, 0x5F, 0x4D, 0x5F, 0x4D, 0x5F, 0x4D, 0x5F, 0x4D, 0x5F, 0x4D, 0x5F, 0x4D,
    0x5F, 0x4D, 0x5F, 0x4D, 0x5F, 0x4D, 0x5F, 0x4D, 0x5F, 0x4D, 0x5F, 0x4D, 0x5F, 0x4D, 0x5F, 0x4D,
    0x5F, 0x4D, 0x5F, 0x4D, 0x5F, 0x4D, 0x5F, 0x4D, 0x5F, 0x4D, 0x5F, 0x4D, 0x5F, 0x4D, 0x5F, 0x4D,
    0x5F, 0x4D, 0x5F, 0x4D, 0x5F, 0x4D, 0x5F, 0x4D, 0x5F, 0x4D, 0x5F, 0x4D, 0x5F, 0x4D, 0x5F, 0x4D,
    0x5F, 0x4D, 0x5F, 0x4D, 0x5F, 0x4D, 0x5F, 0x4D, 0x5F, 0x4D, 0x9F, 0x22, 0x6E, 0x0A, 0x00, 0xA9,
    0x48, 0xE6, 0xFB, 0x37, 0xFB, 0x16, 0xFB, 0x36, 0xFB, 0x36, 0xFB, 0x36, 0xFB, 0x36, 0xFB, 0x36,
    0xFB, 0x36, 0xFB, 0x36, 0xFB, 0x36, 0xFB, 0x36, 0xFB, 0x36, 0xFB, 0x36, 0xFB, 0x36, 0xFB, 0x36,
    0xFB, 0x36, 0xFB, 0x36, 0xFB, 0x36, 0xFB, 0x36, 0x59, 0x07, 0x02, 0x00, 0xFF, 0x48, 0xE6, 0xE2,
    0xD4, 0xFB, 0x37, 0xFB, 0x16, 0xFB, 0x36, 0xFB, 0x36, 0xFB, 0x36, 0xFB, 0x36, 0xFB, 0x36, 0xFB,
    0x36, 0xFB, 0x36, 0xFB, 0x36, 0xFB, 0x36, 0xFB, 0x36, 0xFB, 0x36, 0xFB, 0x36, 0xFB, 0x36, 0xFB,
    0x36, 0xFB, 0x36, 0xFB, 0x36, 0xFB, 0x36, 0xFB, 0x36, 0xFB, 0x36, 0xFB, 0x36, 0xFB, 0x36, 0xFB,
    0x36, 0xFB, 0x36, 0xFB, 0x36, 0xFB, 0x36, 0xFB, 0x36, 0xFB, 0x16, 0xFB, 0x57, 0xAA, 0x2F, 0x11,
    0xAA, 0x4D, 0x9F, 0x4D, 0x5F, 0x4D, 0x5F, 0x4D, 0x5F, 0x4D, 0x5F, 0x4D, 0x5F, 0x4D, 0x5F, 0x4D,
    0x5F, 0x4D, 0x5F, 0x4D, 0x5F, 0x4D, 0x5F, 0x4D, 0x5F, 0x4D, 0x5F, 0x4D, 0x5F, 0x4D, 0x5F, 0x4D,
    0x5F, 0x4D, 0x5F, 0x4D, 0x5F, 0x4D, 0x5F, 0x4D, 0x5F, 0x4D, 0x5F, 0x4D, 0x5F, 0x4D, 0x5F, 0x4D,
    0x5F, 0x4D, 0x5F, 0x4D, 0x5F, 0x4D, 0x5F, 0x4D, 0x5F, 0x4D, 0x5F, 0x4D, 0x5F, 0xFF, 0x4D, 0x5F,
    0x4D, 0x5F, 0x4D, 0x5F, 0x4D, 0x5F, 0x4D, 0x5F, 0x4D, 0x5F, 0x4D, 0x5F, 0x4D, 0x5F, 0x4D, 0x5F,
    0x4D, 0x5F, 0x4D, 0x5F, 0x4D, 0x5F, 0x4D, 0x5F, 0x4D, 0x5F, 0x4D, 0x5F, 0x4D, 0x5F, 0x4D, 0x5F,
    0x4D, 0x5F, 0x4D, 0x5F, 0x4D, 0x5F, 0x4D, 0x5F, 0x4D, 0x5F, 0x4D, 0x5F, 0x4D, 0x5F, 0x4D, 0x5F,
    0x4D, 0x5F, 0x4D, 0x5F, 0x4D, 0x5F, 0x4D, 0x5F, 0x4D, 0x5F, 0x4D, 0x5F, 0x4D, 0x5F, 0x4D, 0x5F,
    0x4D, 0x5F, 0x4D, 0x5F, 0x4D, 0x5F, 0x4D, 0x5F, 0x4D, 0x5F, 0x4D, 0x5F, 0x4D, 0x5F, 0x4D, 0x5F,
    0x4D, 0x5F, 0x4D, 0x5F, 0x4D, 0x5F, 0x4D, 0x5F, 0x4D, 0x5F, 0x4D, 0x5F, 0x4D, 0x5F, 0x4D, 0x5F,
    0x4D, 0x5F, 0x4D, 0x5F, 0x4D, 0x5F, 0x4D, 0x5F, 0x4D, 0x5F, 0x4D, 0x5F, 0x4D, 0x5F, 0x4D, 0x5F,
    0x4D, 0x5F, 0x4D, 0x5F, 0x4D, 0x5F, 0x4D, 0x5F, 0x4D, 0x5F, 0x4D, 0x5F, 0x4D, 0x5F, 0xFF, 0x4D,
    0x5F, 0x4D, 0x5F, 0x4D, 0x5F, 0x4D, 0x5F, 0x4D, 0x5F, 0x4D, 0x5F, 0x4D, 0x5F, 0x4D, 0x5F, 0x4D,
    0x5F, 0x4D, 0x5F, 0x4D, 0x5F, 0x4D, 0x5F, 0x4D, 0x5F, 0x4D, 0x5F, 0x4D, 0x5F, 0x4D, 0x5F, 0x4D,
    0x5F, 0x4D, 0x5F, 0x4D, 0x5F, 0x4D, 0x5F, 0x4D, 0x5F, 0x4D, 0x5F, 0x4D, 0x5F, 0x4D, 0x5F, 0x4D,
    0x5F, 0x4D, 0x5F, 0x4D, 0x5F, 0x4D, 0x5F, 0x4D, 0x5F, 0x4D, 0x5F, 0x4D, 0x5F, 0x4D, 0x5F, 0x4D,
    0x5F, 0x4D, 0x5F, 0x4D, 0x5F, 0x4D, 0x5F, 0x4D, 0x5F, 0x4D, 0x5F, 0x4D, 0x5F, 0x4D, 0x5F, 0x4D,
    0x5F, 0x4D, 0x5F, 0x4D, 0x5F, 0x4D, 0x5F, 0x4D, 0x5F, 0x4D, 0x5F, 0x4D, 0x5F, 0x4D, 0x5F, 0x4D,
    0x5F, 0x4D, 0x5F, 0x4D, 0x5F, 0x4D, 0x5F, 0x4D, 0x5F, 0x4D, 0x5F, 0x4D, 0x5F, 0x4D, 0x5F, 0x4D,
    0x5F, 0x4D, 0x5F, 0x4D, 0x5F, 0x4D, 0x5F, 0x4D, 0x5F, 0x4D, 0x5F, 0x4D, 0x5F, 0x4D, 0x5F, 0xA9,
    0x4D, 0x5F, 0x4D, 0x5F, 0x4D, 0x5F, 0x4D, 0x5F, 0x4D, 0x5F, 0x4D, 0x5F, 0x4D, 0x5F, 0x4D, 0x5F,
    0x4D, 0x5F, 0x4D, 0x5F, 0x4D, 0x5F, 0x4D, 0x5F, 0x4D, 0x5F, 0x4D, 0x5F, 0x4D, 0x5F, 0x4D, 0x5F,
    0x4D, 0x5F, 0x4D, 0x5F, 0x4D, 0x5F, 0x4D, 0x9F, 0x22, 0x6E, 0x0A, 0x00, 0xAB, 0x48, 0xE6, 0xFB,
    0x37, 0xFB, 0x16, 0xFB, 0x36, 0xFB, 0x36, 0xFB, 0x36, 0xFB, 0x36, 0xFB, 0x36, 0xFB, 0x36, 0xFB,
    0x36, 0xFB, 0x36, 0xFB, 0x36, 0xFB, 0x36, 0xFB, 0x36, 0xFB, 0x36, 0xFB, 0x36, 0xFB, 0x36, 0xFB,
    0x36, 0xFB, 0x36, 0xF2, 0xF5, 0x30, 0xA5, 0x09, 0x06, 0x02, 0x00, 0xFF, 0x20, 0x63, 0xCA, 0x91,
    0xFB, 0x37, 0xFB, 0x16, 0xFB, 0x36, 0xFB, 0x36, 0xFB, 0x36, 0xFB, 0x36, 0xFB, 0x36, 0xFB, 0x36,
    0xFB, 0x36, 0xFB, 0x36, 0xFB, 0x36, 0xFB, 0x36, 0xFB, 0x36, 0xFB, 0x36, 0xFB, 0x36, 0xFB, 0x36,
    0xFB, 0x36, 0xFB, 0x36, 0xFB, 0x36, 0xFB, 0x36, 0xFB, 0x36, 0xFB, 0x36, 0xFB, 0x36, 0xFB, 0x36,
    0xFB, 0x36, 0xFB, 0x36, 0xFB, 0x36, 0xFB, 0x16, 0xFB, 0x57, 0xBA, 0x0F, 0x11, 0xAA, 0x4D, 0x9F,
    0x4D, 0x5F, 0x4D, 0x5F, 0x4D, 0x5F, 0x4D, 0x5F, 0x4D, 0x5F, 0x4D, 0x5F, 0x4D, 0x5F, 0x4D, 0x5F,
    0x4D, 0x5F, 0x4D, 0x5F, 0x4D, 0x5F, 0x4D, 0x5F, 0x4D, 0x5F, 0x4D, 0x5F, 0x4D, 0x5F, 0x4D, 0x5F,
    0x4D, 0x5F, 0x4D, 0x5F, 0x4D, 0x5F, 0x4D, 0x5F, 0x4D, 0x5F, 0x4D, 0x5F, 0x4D, 0x5F, 0x4D, 0x5F,
    0x4D, 0x5F, 0x4D, 0x5F, 0x4D, 0x5F, 0x4D, 0x5F, 0x4D, 0x5F, 0x4D, 0x5F, 0xFF, 0x4D, 0x5F, 0x4D,
    0x5F, 0x4D, 0x5F, 0x4D, 0x5F, 0x4D, 0x5F, 0x4D, 0x5F, 0x4D, 0x5F, 0x4D, 0x5F, 0x4D, 0x5F, 0x4D,
    0x5F, 0x4D, 0x5F, 0x4D, 0x5F, 0x4D, 0x5F, 0x4D, 0x5F, 0x4D, 0x5F, 0x4D, 0x5F, 0x4D, 0x5F, 0x4D,
    0x5F, 0x4D, 0x5F, 0x4D, 0x5F, 0x4D, 0x5F, 0x4D, 0x5F, 0x4D, 0x5F, 0x4D, 0x5F, 0x4D, 0x5F, 0x4D,
    0x5F, 0x4D, 0x5F, 0x4D, 0x5F, 0x4D, 0x5F, 0x4D, 0x5F, 0x4D, 0x5F, 0x4D, 0x5F, 0x4D, 0x5F, 0x4D,
    0x5F, 0x4D, 0x5F, 0x4D, 0x5F, 0x4D, 0x5F, 0x4D, 0x5F, 0x4D, 0x5F, 0x4D, 0x5F, 0x4D, 0x5F, 0x4D,
    0x5F, 0x4D, 0x5F, 0x4D, 0x5F, 0x4D, 0x5F, 0x4D, 0x5F, 0x4D, 0x5F, 0x4D, 0x5F, 0x4D, 0x5F, 0x4D,
    0x5F, 0x4D, 0x5F, 0x4D, 0x5F, 0x4D, 0x5F, 0x4D, 0x5F, 0x4D, 0x5F, 0x4D, 0x5F, 0x4D, 0x5F, 0x4D,
    0x5F, 0x4D, 0x5F, 0x4D, 0x5F, 0x4D, 0x5F, 0x4D, 0x5F, 0x4D, 0x5F, 0x4D, 0x5F, 0xFF, 0x4D, 0x5F,
    0x4D, 0x5F, 0x4D, 0x5F, 0x4D, 0x5F, 0x4D, 0x5F, 0x4D, 0x5F, 0x4D, 0x5F, 0x4D, 0x5F, 0x4D, 0x5F,
    0x4D, 0x5F, 0x4D, 0x5F, 0x4D, 0x5F, 0x4D, 0x5F, 0x4D, 0x5F, 0x4D, 0x5F, 0x4D, 0x5F, 0x4D, 0x5F,
    0x4D, 0x5F, 0x4D, 0x5F, 0x4D, 0x5F, 0x4D, 0x5F, 0x4D, 0x5F, 0x4D, 0x5F, 0x4D, 0x5F, 0x4D, 0x5F,
    0x4D, 0x5F, 0x4D, 0x5F, 0x4D, 0x5F, 0x4D, 0x5F, 0x4D, 0x5F, 0x4D, 0x5F, 0x4D, 0x5F, 0x4D, 0x5F,
    0x4D, 0x5F, 0x4D, 0x5F, 0x4D, 0x5F, 0x4D, 0x5F, 0x4D, 0x5F, 0x4D, 0x5F, 0x4D, 0x5F, 0x4D, 0x5F,
    0x4D, 0x5F, 0x4D, 0x5F, 0x4D, 0x5F, 0x4D, 0x5F, 0x4D, 0x5F, 0x4D, 0x5F, 0x4D, 0x5F, 0x4D, 0x5F,
    0x4D, 0x5F, 0x4D, 0x5F, 0x4D, 0x5F, 0x4D, 0x5F, 0x4D, 0x5F, 0x4D, 0x5F, 0x4D, 0x5F, 0x4D, 0x5F,
    0x4D, 0x5F, 0x4D, 0x5F, 0x4D, 0x5F, 0x4D, 0x5F, 0x4D, 0x5F, 0x4D, 0x5F, 0x4D, 0x5F, 0xA7, 0x4D,
    0x5F, 0x4D, 0x5F, 0x4D, 0x5F, 0x4D, 0x5F, 0x4D, 0x5F, 0x4D, 0x5F, 0x4D, 0x5F, 0x4D, 0x5F, 0x4D,
    0x5F, 0x4D, 0x5F, 0x4D, 0x5F, 0x4D, 0x5F, 0x4D, 0x5F, 0x4D, 0x5F, 0x4D, 0x5F, 0x4D, 0x5F, 0x4D,
    0x5F, 0x4D, 0x5F, 0x4D, 0x9F, 0x22, 0x6E, 0x0A, 0x00, 0xAD, 0x48, 0xE6, 0xFB, 0x37, 0xFB, 0x16,
    0xFB, 0x36, 0xFB, 0x36, 0xFB, 0x36, 0xFB, 0x36, 0xFB, 0x36, 0xFB, 0x36, 0xFB, 0x36, 0xFB, 0x36,
    0xFB, 0x36, 0xFB, 0x36, 0xFB, 0x36, 0xFB, 0x36, 0xFB, 0x36, 0xFB, 0x36, 0xFB, 0x36, 0xFB, 0x36,
    0xFB, 0x37, 0x48, 0xE6, 0x22, 0xD0, 0x09, 0x06, 0x02, 0x00, 0xFF, 0x10, 0x41, 0xD2, 0xB3, 0xFB,
    0x37, 0xFB, 0x16, 0xFB, 0x36, 0xFB, 0x36, 0xFB, 0x36, 0xFB, 0x36, 0xFB, 0x36, 0xFB, 0x36, 0xFB,
    0x36, 0xFB, 0x36, 0xFB, 0x36, 0xFB, 0x36, 0xFB, 0x36, 0xFB, 0x36, 0xFB, 0x36, 0xFB, 0x36, 0xFB,
    0x36, 0xFB, 0x36, 0xFB, 0x36, 0xFB, 0x36, 0xFB, 0x36, 0xFB, 0x36, 0xFB, 0x36, 0xFB, 0x36, 0xFB,
    0x36, 0xFB, 0x36, 0xFB, 0x16, 0xFB, 0x57, 0xBA, 0x0F, 0x11, 0x68, 0x4D, 0x9F, 0x4D, 0x5F, 0x4D,
    0x5F, 0x4D, 0x5F, 0x4D, 0x5F, 0x4D, 0x5F, 0x4D, 0x5F, 0x4D, 0x5F, 0x4D, 0x5F, 0x4D, 0x5F, 0x4D,
    0x5F, 0x4D, 0x5F, 0x4D, 0x5F, 0x4D, 0x5F, 0x4D, 0x5F, 0x4D, 0x5F, 0x4D, 0x5F, 0x4D, 0x5F, 0x4D,
    0x5F, 0x4D, 0x5F, 0x4D, 0x5F, 0x4D, 0x5F, 0x4D, 0x5F, 0x4D, 0x5F, 0x4D, 0x5F, 0x4D, 0x5F, 0x4D,
    0x5F, 0x4D, 0x5F, 0x4D, 0x5F, 0x4D, 0x5F, 0x4D, 0x5F, 0x4D, 0x5F, 0xFF, 0x4D, 0x5F, 0x4D, 0x5F,
    0x4D, 0x5F, 0x4D, 0x5F, 0x4D, 0x5F, 0x4D, 0x5F, 0x4D, 0x5F, 0x4D, 0x5F, 0x4D, 0x5F, 0x4D, 0x5F,
    0x4D, 0x5F, 0x4D, 0x5F, 0x4D, 0x5F, 0x4D, 0x5F, 0x4D, 0x5F, 0x4D, 0x5F, 0x4D, 0x5F, 0x4D, 0x5F,
    0x4D, 0x5F, 0x4D, 0x5F, 0x4D, 0x5F, 0x4D, 0x5F, 0x4D, 0x5F, 0x4D, 0x5F, 0x4D, 0x5F, 0x4D, 0x5F,
    0x4D, 0x5F, 0x4D, 0x5F, 0x4D, 0x5F, 0x4D, 0x5F, 0x4D, 0x5F, 0x4D, 0x5F, 0x4D, 0x5F, 0x4D, 0x5F,
    0x4D, 0x5F, 0x4D, 0x5F, 0x4D, 0x5F, 0x4D, 0x5F, 0x4D, 0x5F, 0x4D, 0x5F, 0x4D, 0x5F, 0x4D, 0x5F,
    0x4D, 0x5F, 0x4D, 0x5F, 0x4D, 0x5F, 0x4D, 0x5F, 0x4D, 0x5F, 0x4D, 0x5F, 0x4D, 0x5F, 0x4D, 0x5F,
    0x4D, 0x5F, 0x4D, 0x5F, 0x4D, 0x5F, 0x4D, 0x5F, 0x4D, 0x5F, 0x4D, 0x5F, 0x4D, 0x5F, 0x4D, 0x5F,
    0x4D, 0x5F, 0x4D, 0x5F, 0x4D, 0x5F, 0x4D, 0x5F, 0x4D, 0x5F, 0x4D, 0x5F, 0xFF, 0x4D, 0x5F, 0x4D,
    0x5F, 0x4D, 0x5F, 0x4D, 0x5F, 0x4D, 0x5F, 0x4D, 0x5F, 0x4D, 0x5F, 0x4D, 0x5F, 0x4D, 0x5F, 0x4D,
    0x5F, 0x4D, 0x5F, 0x4D, 0x5F, 0x4D, 0x5F, 0x4D, 0x5F, 0x4D, 0x5F, 0x4D, 0x5F, 0x4D, 0x5F, 0x4D,
    0x5F, 0x4D, 0x5F, 0x4D, 0x5F, 0x4D, 0x5F, 0x4D, 0x5F, 0x4D, 0x5F, 0x4D, 0x5F, 0x4D, 0x5F, 0x4D,
    0x5F, 0x4D, 0x5F, 0x4D, 0x5F, 0x4D, 0x5F, 0x4D, 0x5F, 0x4D, 0x5F, 0x4D, 0x5F, 0x4D, 0x5F, 0x4D,
    0x5F, 0x4D, 0x5F, 0x4D, 0x5F, 0x4D, 0x5F, 0x4D, 0x5F, 0x4D, 0x5F, 0x4D, 0x5F, 0x4D, 0x5F, 0x4D,
    0x5F, 0x4D, 0x5F, 0x4D, 0x5F, 0x4D, 0x5F, 0x4D, 0x5F, 0x4D, 0x5F, 0x4D, 0x5F, 0x4D, 0x5F, 0x4D,
    0x5F, 0x4D, 0x5F, 0x4D, 0x5F, 0x4D, 0x5F, 0x4D, 0x5F, 0x4D, 0x5F, 0x4D, 0x5F, 0x4D, 0x5F, 0x4D,
    0x5F, 0x4D, 0x5F, 0x4D, 0x5F, 0x4D, 0x5F, 0x4D, 0x5F, 0x4D, 0x5F, 0x4D, 0x5F, 0xA5, 0x4D, 0x5F,
    0x4D, 0x5F, 0x4D, 0x5F, 0x4D, 0x5F, 0x4D, 0x5F, 0x4D, 0x5F, 0x4D, 0x5F, 0x4D, 0x5F, 0x4D, 0x5F,
    0x4D, 0x5F, 0x4D, 0x5F, 0x4D, 0x5F, 0x4D, 0x5F, 0x4D, 0x5F, 0x4D, 0x5F, 0x4D, 0x5F, 0x4D, 0x5F,
    0x4D, 0x9F, 0x22, 0x6E, 0x0A, 0x00, 0xAF, 0x59, 0x07, 0xFB, 0x37, 0xFB, 0x16, 0xFB, 0x36, 0xFB,
    0x36, 0xFB, 0x36, 0xFB, 0x36, 0xFB, 0x36, 0xFB, 0x36, 0xFB, 0x36, 0xFB, 0x36, 0xFB, 0x36, 0xFB,
    0x36, 0xFB, 0x36, 0xFB, 0x36, 0xFB, 0x36, 0xFB, 0x36, 0xFB, 0x36, 0xFB, 0x16, 0xFB, 0x57, 0xA1,
    0xED, 0x11, 0x68, 0x3B, 0xF7, 0x00, 0x21, 0x02, 0x00, 0xFF, 0x30, 0xA5, 0xF2, 0xF5, 0xFB, 0x36,
    0xFB, 0x16, 0xFB, 0x36, 0xFB, 0x36, 0xFB, 0x36, 0xFB, 0x36, 0xFB, 0x36, 0xFB, 0x36, 0xFB, 0x36,
    0xFB, 0x36, 0xFB, 0x36, 0xFB, 0x36, 0xFB, 0x36, 0xFB, 0x36, 0xFB, 0x36, 0xFB, 0x36, 0xFB, 0x36,
    0xFB, 0x36, 0xFB, 0x36, 0xFB, 0x36, 0xFB, 0x36, 0xFB, 0x36, 0xFB, 0x36, 0xFB, 0x36, 0xFB, 0x36,
    0xFB, 0x16, 0xFB, 0x57, 0xBA, 0x0F, 0x11, 0x68, 0x4D, 0x9F, 0x4D, 0x5F, 0x4D, 0x5F, 0x4D, 0x5F,
    0x4D, 0x5F, 0x4D, 0x5F, 0x4D, 0x5F, 0x4D, 0x5F, 0x4D, 0x5F, 0x4D, 0x5F, 0x4D, 0x5F, 0x4D, 0x5F,
    0x4D, 0x5F, 0x4D, 0x5F, 0x4D, 0x5F, 0x4D, 0x5F, 0x4D, 0x5F, 0x4D, 0x5F, 0x4D, 0x5F, 0x4D, 0x5F,
    0x4D, 0x5F, 0x4D, 0x5F, 0x4D, 0x5F, 0x4D, 0x5F, 0x4D, 0x5F, 0x4D, 0x5F, 0x4D, 0x5F, 0x4D, 0x5F,
    0x4D, 0x5F, 0x4D, 0x5F, 0x4D, 0x5F, 0x4D, 0x5F, 0x4D, 0x5F, 0xFF, 0x4D, 0x5F, 0x4D, 0x5F, 0x4D,
    0x5F, 0x4D, 0x5F, 0x4D, 0x5F, 0x4D, 0x5F, 0x4D, 0x5F, 0x4D, 0x5F, 0x4D, 0x5F, 0x4D, 0x5F, 0x4D,
    0x5F, 0x4D, 0x5F, 0x4D, 0x5F, 0x4D, 0x5F, 0x4D, 0x5F, 0x4D, 0x5F, 0x4D, 0x5F, 0x4D, 0x5F, 0x4D,
    0x5F, 0x4D, 0x5F, 0x4D, 0x5F, 0x4D, 0x5F, 0x4D, 0x5F, 0x4D, 0x5F, 0x4D, 0x5F, 0x4D, 0x5F, 0x4D,
    0x5F, 0x4D, 0x5F, 0x4D, 0x5F, 0x4D, 0x5F, 0x4D, 0x5F, 0x4D, 0x5F, 0x4D, 0x5F, 0x4D, 0x5F, 0x4D,
    0x5F, 0x4D, 0x5F, 0x4D, 0x5F, 0x4D, 0x5F, 0x4D, 0x5F, 0x4D, 0x5F, 0x4D, 0x5F, 0x4D, 0x5F, 0x4D,
    0x5F, 0x4D, 0x5F, 0x4D, 0x5F, 0x4D, 0x5F, 0x4D, 0x5F, 0x4D, 0x5F, 0x4D, 0x5F, 0x4D, 0x5F, 0x4D,
    0x5F, 0x4D, 0x5F, 0x4D, 0x5F, 0x4D, 0x5F, 0x4D, 0x5F, 0x4D, 0x5F, 0x4D, 0x5F, 0x4D, 0x5F, 0x4D,
    0x5F, 0x4D, 0x5F, 0x4D, 0x5F, 0x4D, 0x5F, 0x4D, 0x5F, 0x4D, 0x5F, 0xFF, 0x4D, 0x5F, 0x4D, 0x5F,
    0x4D, 0x5F, 0x4D, 0x5F, 0x4D, 0x5F, 0x4D, 0x5F, 0x4D, 0x5F, 0x4D, 0x5F, 0x4D, 0x5F, 0x4D, 0x5F,
    0x4D, 0x5F, 0x4D, 0x5F, 0x4D, 0x5F, 0x4D, 0x5F, 0x4D, 0x5F, 0x4D, 0x5F, 0x4D, 0x5F, 0x4D, 0x5F,
    0x4D, 0x5F, 0x4D, 0x5F, 0x4D, 0x5F, 0x4D, 0x5F, 0x4D, 0x5F, 0x4D, 0x5F, 0x4D, 0x5F, 0x4D, 0x5F,
    0x4D, 0x5F, 0x4D, 0x5F, 0x4D, 0x5F, 0x4D, 0x5F, 0x4D, 0x5F, 0x4D, 0x5F, 0x4D, 0x5F, 0x4D, 0x5F,
    0x4D, 0x5F, 0x4D, 0x5F, 0x4D, 0x5F, 0x4D, 0x5F, 0x4D, 0x5F, 0x4D, 0x5F, 0x4D, 0x5F, 0x4D, 0x5F,
    0x4D, 0x5F, 0x4D, 0x5F, 0x4D, 0x5F, 0x4D, 0x5F, 0x4D, 0x5F, 0x4D, 0x5F, 0x4D, 0x5F, 0x4D, 0x5F,
    0x4D, 0x5F, 0x4D, 0x5F, 0x4D, 0x5F, 0x4D, 0x5F, 0x4D, 0x5F, 0x4D, 0x5F, 0x4D, 0x5F, 0x4D, 0x5F,
    0x4D, 0x5F, 0x4D, 0x5F, 0x4D, 0x5F, 0x4D, 0x5F, 0x4D, 0x5F, 0x4D, 0x5F, 0xA3, 0x4D, 0x5F, 0x4D,
    0x5F, 0x4D, 0x5F, 0x4D, 0x5F, 0x4D, 0x5F, 0x4D, 0x5F, 0x4D, 0x5F, 0x4D, 0x5F, 0x4D, 0x5F, 0x4D,
    0x5F, 0x4D, 0x5F, 0x4D, 0x5F, 0x4D, 0x5F, 0x4D, 0x5F, 0x4D, 0x5F, 0x4D, 0x5F, 0x4D, 0x9F, 0x1A,
    0x2C, 0x0A, 0x00, 0xAF, 0x59, 0x07, 0xFB, 0x37, 0xFB, 0x16, 0xFB, 0x36, 0xFB, 0x36, 0xFB, 0x36,
    0xFB, 0x36, 0xFB, 0x36, 0xFB, 0x36, 0xFB, 0x36, 0xFB, 0x36, 0xFB, 0x36, 0xFB, 0x36, 0xFB, 0x36,
    0xFB, 0x36, 0xFB, 0x36, 0xFB, 0x36, 0xFB, 0x36, 0xFB, 0x36, 0xFB, 0x36, 0xFB, 0x16, 0x20, 0x63,
    0x3B, 0xB5, 0x33, 0x32, 0x04, 0x00, 0xFF, 0x69, 0x49, 0xFB, 0x37, 0xFB, 0x16, 0xFB, 0x36, 0xFB,
    0x36, 0xFB, 0x36, 0xFB, 0x36, 0xFB, 0x36, 0xFB, 0x36, 0xFB, 0x36, 0xFB, 0x36, 0xFB, 0x36, 0xFB,
    0x36, 0xFB, 0x36, 0xFB, 0x36, 0xFB, 0x36, 0xFB, 0x36, 0xFB, 0x36, 0xFB, 0x36, 0xFB, 0x36, 0xFB,
    0x36, 0xFB, 0x36, 0xFB, 0x36, 0xFB, 0x36, 0xFB, 0x36, 0xFB, 0x36, 0xFB, 0x16, 0xFB, 0x57, 0xBA,
    0x0F, 0x11, 0x68, 0x4D, 0x7F, 0x4D, 0x5F, 0x4D, 0x5F, 0x4D, 0x5F, 0x4D, 0x5F, 0x4D, 0x5F, 0x4D,
    0x5F, 0x4D, 0x5F, 0x4D, 0x5F, 0x4D, 0x5F, 0x4D, 0x5F, 0x4D, 0x5F, 0x4D, 0x5F, 0x4D, 0x5F, 0x4D,
    0x5F, 0x4D, 0x5F, 0x4D, 0x5F, 0x4D, 0x5F, 0x4D, 0x5F, 0x4D, 0x5F, 0x4D, 0x5F, 0x4D, 0x5F, 0x4D,
    0x5F, 0x4D, 0x5F, 0x4D, 0x5F, 0x4D, 0x5F, 0x4D, 0x5F, 0x4D, 0x5F, 0x4D, 0x5F, 0x4D, 0x5F, 0x4D,
    0x5F, 0x4D, 0x5F, 0x4D, 0x5F, 0x4D, 0x5F, 0xFF, 0x4D, 0x5F, 0x4D, 0x5F, 0x4D, 0x5F, 0x4D, 0x5F,
    0x4D, 0x5F, 0x4D, 0x5F, 0x4D, 0x5F, 0x4D, 0x5F, 0x4D, 0x5F, 0x4D, 0x5F, 0x4D, 0x5F, 0x4D, 0x5F,
    0x4D, 0x5F, 0x4D, 0x5F, 0x4D, 0x5F, 0x4D, 0x5F, 0x4D, 0x5F, 0x4D, 0x5F, 0x4D, 0x5F, 0x4D, 0x5F,
    0x4D, 0x5F, 0x4D, 0x5F, 0x4D, 0x5F, 0x4D, 0x5F, 0x4D, 0x5F, 0x4D, 0x5F, 0x4D, 0x5F, 0x4D, 0x5F,
    0x4D, 0x5F, 0x4D, 0x5F, 0x4D, 0x5F, 0x4D, 0x5F, 0x4D, 0x5F, 0x4D, 0x5F, 0x4D, 0x5F, 0x4D, 0x5F,
    0x4D, 0x5F, 0x4D, 0x5F, 0x4D, 0x5F, 0x4D, 0x5F, 0x4D, 0x5F, 0x4D, 0x5F, 0x4D, 0x5F, 0x4D, 0x5F,
    0x4D, 0x5F, 0x4D, 0x5F, 0x4D, 0x5F, 0x4D, 0x5F, 0x4D, 0x5F, 0x4D, 0x5F, 0x4D, 0x5F, 0x4D, 0x5F,
    0x4D, 0x5F, 0x4D, 0x5F, 0x4D, 0x5F, 0x4D, 0x5F, 0x4D, 0x5F, 0x4D, 0x5F, 0x4D, 0x5F, 0x4D, 0x5F,
    0x4D, 0x5F, 0x4D, 0x5F, 0x4D, 0x5F, 0x4D, 0x5F, 0xFF, 0x4D, 0x5F, 0x4D, 0x5F, 0x4D, 0x5F, 0x4D,
    0x5F, 0x4D, 0x5F, 0x4D, 0x5F, 0x4D, 0x5F, 0x4D, 0x5F, 0x4D, 0x5F, 0x4D, 0x5F, 0x4D, 0x5F, 0x4D,
    0x5F, 0x4D, 0x5F, 0x4D, 0x5F, 0x4D, 0x5F, 0x4D, 0x5F, 0x4D, 0x5F, 0x4D, 0x5F, 0x4D, 0x5F, 0x4D,
    0x5F, 0x4D, 0x5F, 0x4D, 0x5F, 0x4D, 0x5F, 0x4D, 0x5F, 0x4D, 0x5F, 0x4D, 0x5F, 0x4D, 0x5F, 0x4D,
    0x5F, 0x4D, 0x5F, 0x4D, 0x5F, 0x4D, 0x5F, 0x4D, 0x5F, 0x4D, 0x5F, 0x4D, 0x5F, 0x4D, 0x5F, 0x4D,
    0x5F, 0x4D, 0x5F, 0x4D, 0x5F, 0x4D, 0x5F, 0x4D, 0x5F, 0x4D, 0x5F, 0x4D, 0x5F, 0x4D, 0x5F, 0x4D,
    0x5F, 0x4D, 0x5F, 0x4D, 0x5F, 0x4D, 0x5F, 0x4D, 0x5F, 0x4D, 0x5F, 0x4D, 0x5F, 0x4D, 0x5F, 0x4D,
    0x5F, 0x4D, 0x5F, 0x4D, 0x5F, 0x4D, 0x5F, 0x4D, 0x5F, 0x4D, 0x5F, 0x4D, 0x5F, 0x4D, 0x5F, 0x4D,
    0x5F, 0x4D, 0x5F, 0x4D, 0x5F, 0x4D, 0x5F, 0x4D, 0x5F, 0xA1, 0x4D, 0x5F, 0x4D, 0x5F, 0x4D, 0x5F,
    0x4D, 0x5F, 0x4D, 0x5F, 0x4D, 0x5F, 0x4D, 0x5F, 0x4D, 0x5F, 0x4D, 0x5F, 0x4D, 0x5F, 0x4D, 0x5F,
    0x4D, 0x5F, 0x4D, 0x5F, 0x4D, 0x5F, 0x4D, 0x5F, 0x4D, 0x7F, 0x1A, 0x2C, 0x0A, 0x00, 0xB1, 0x59,
    0x07, 0xFB, 0x37, 0xFB, 0x16, 0xFB, 0x36, 0xFB, 0x36, 0xFB, 0x36, 0xFB, 0x36, 0xFB, 0x36, 0xFB,
    0x36, 0xFB, 0x36, 0xFB, 0x36, 0xFB, 0x36, 0xFB, 0x36, 0xFB, 0x36, 0xFB, 0x36, 0xFB, 0x36, 0xFB,
    0x36, 0xFB, 0x36, 0xFB, 0x36, 0xFB, 0x16, 0xFB, 0x78, 0x89, 0xCC, 0x11, 0x68, 0x55, 0x9F, 0x1A,
    0x2C, 0x04, 0x00, 0xFF, 0xA1, 0xED, 0xFB, 0x57, 0xFB, 0x16, 0xFB, 0x36, 0xFB, 0x36, 0xFB, 0x36,
    0xFB, 0x36, 0xFB, 0x36, 0xFB, 0x36, 0xFB, 0x36, 0xFB, 0x36, 0xFB, 0x36, 0xFB, 0x36, 0xFB, 0x36,
    0xFB, 0x36, 0xFB, 0x36, 0xFB, 0x36, 0xFB, 0x36, 0xFB, 0x36, 0xFB, 0x36, 0xFB, 0x36, 0xFB, 0x36,
    0xFB, 0x36, 0xFB, 0x36, 0xFB, 0x36, 0xFB, 0x16, 0xFB, 0x57, 0xBA, 0x0F, 0x11, 0x68, 0x4D, 0x7F,
    0x4D, 0x5F, 0x4D, 0x5F, 0x4D, 0x5F, 0x4D, 0x5F, 0x4D, 0x5F, 0x4D, 0x5F, 0x4D, 0x5F, 0x4D, 0x5F,
    0x4D, 0x5F, 0x4D, 0x5F, 0x4D, 0x5F, 0x4D, 0x5F, 0x4D, 0x5F, 0x4D, 0x5F, 0x4D, 0x5F, 0x4D, 0x5F,
    0x4D, 0x5F, 0x4D, 0x5F, 0x4D, 0x5F, 0x4D, 0x5F, 0x4D, 0x5F, 0x4D, 0x5F, 0x4D, 0x5F, 0x4D, 0x5F,
    0x4D, 0x5F, 0x4D, 0x5F, 0x4D, 0x5F, 0x4D, 0x5F, 0x4D, 0x5F, 0x4D, 0x5F, 0x4D, 0x5F, 0x4D, 0x5F,
    0x4D, 0x5F, 0x4D, 0x5F, 0xFF, 0x4D, 0x5F, 0x4D, 0x5F, 0x4D, 0x5F, 0x4D, 0x5F, 0x4D, 0x5F, 0x4D,
    0x5F, 0x4D, 0x5F, 0x4D, 0x5F, 0x4D, 0x5F, 0x4D, 0x5F, 0x4D, 0x5F, 0x4D, 0x5F, 0x4D, 0x5F, 0x4D,
    0x5F, 0x4D, 0x5F, 0x4D, 0x5F, 0x4D, 0x5F, 0x4D, 0x5F, 0x4D, 0x5F, 0x4D, 0x5F, 0x4D, 0x5F, 0x4D,
    0x5F, 0x4D, 0x5F, 0x4D, 0x5F, 0x4D, 0x5F, 0x4D, 0x5F, 0x4D, 0x5F, 0x4D, 0x5F, 0x4D, 0x5F, 0x4D,
    0x5F, 0x4D, 0x5F, 0x4D, 0x5F, 0x4D, 0x5F, 0x4D, 0x5F, 0x4D, 0x5F, 0x4D, 0x5F, 0x4D, 0x5F, 0x4D,
    0x5F, 0x4D, 0x5F, 0x4D, 0x5F, 0x4D, 0x5F, 0x4D, 0x5F, 0x4D, 0x5F, 0x4D, 0x5F, 0x4D, 0x5F, 0x4D,
    0x5F, 0x4D, 0x5F, 0x4D, 0x5F, 0x4D, 0x5F, 0x4D, 0x5F, 0x4D, 0x5F, 0x4D, 0x5F, 0x4D, 0x5F, 0x4D,
    0x5F, 0x4D, 0x5F, 0x4D, 0x5F, 0x4D, 0x5F, 0x4D, 0x5F, 0x4D, 0x5F, 0x4D, 0x5F, 0x4D, 0x5F, 0x4D,
    0x5F, 0x4D, 0x5F, 0x4D, 0x5F, 0xFF, 0x4D, 0x5F, 0x4D, 0x5F, 0x4D, 0x5F, 0x4D, 0x5F, 0x4D, 0x5F,
    0x4D, 0x5F, 0x4D, 0x5F, 0x4D, 0x5F, 0x4D, 0x5F, 0x4D, 0x5F, 0x4D, 0x5F, 0x4D, 0x5F, 0x4D, 0x5F,
    0x4D, 0x5F, 0x4D, 0x5F, 0x4D, 0x5F, 0x4D, 0x5F, 0x4D, 0x5F, 0x4D, 0x5F, 0x4D, 0x5F, 0x4D, 0x5F,
    0x4D, 0x5F, 0x4D, 0x5F, 0x4D, 0x5F, 0x4D, 0x5F, 0x4D, 0x5F, 0x4D, 0x5F, 0x4D, 0x5F, 0x4D, 0x5F,
    0x4D, 0x5F, 0x4D, 0x5F, 0x4D, 0x5F, 0x4D, 0x5F, 0x4D, 0x5F, 0x4D, 0x5F, 0x4D, 0x5F, 0x4D, 0x5F,
    0x4D, 0x5F, 0x4D, 0x5F, 0x4D, 0x5F, 0x4D, 0x5F, 0x4D, 0x5F, 0x4D, 0x5F, 0x4D, 0x5F, 0x4D, 0x5F,
    0x4D, 0x5F, 0x4D, 0x5F, 0x4D, 0x5F, 0x4D, 0x5F, 0x4D, 0x5F, 0x4D, 0x5F, 0x4D, 0x5F, 0x4D, 0x5F,
    0x4D, 0x5F, 0x4D, 0x5F, 0x4D, 0x5F, 0x4D, 0x5F, 0x4D, 0x5F, 0x4D, 0x5F, 0x4D, 0x5F, 0x4D, 0x5F,
    0x4D, 0x5F, 0x4D, 0x5F, 0x4D, 0x5F, 0x9F, 0x4D, 0x5F, 0x4D, 0x5F, 0x4D, 0x5F, 0x4D, 0x5F, 0x4D,
    0x5F, 0x4D, 0x5F, 0x4D, 0x5F, 0x4D, 0x5F, 0x4D, 0x5F, 0x4D, 0x5F, 0x4D, 0x5F, 0x4D, 0x5F, 0x4D,
    0x5F, 0x4D, 0x5F, 0x4D, 0x7F, 0x1A, 0x2C, 0x0A, 0x00, 0xB3, 0x59, 0x07, 0xFB, 0x37, 0xFB, 0x16,
    0xFB, 0x36, 0xFB, 0x36, 0xFB, 0x36, 0xFB, 0x36, 0xFB, 0x36, 0xFB, 0x36, 0xFB, 0x36, 0xFB, 0x36,
    0xFB, 0x36, 0xFB, 0x36, 0xFB, 0x36, 0xFB, 0x36, 0xFB, 0x36, 0xFB, 0x36, 0xFB, 0x36, 0xFB, 0x36,
    0xFB, 0x36, 0xFB, 0x36, 0xFB, 0x16, 0x20, 0x63, 0x3B, 0xB5, 0x4D, 0x9F, 0x11, 0xAA, 0x03, 0x00,
    0xFF, 0x21, 0xCA, 0x91, 0xFB, 0x37, 0xFB, 0x16, 0xFB, 0x36, 0xFB, 0x36, 0xFB, 0x36, 0xFB, 0x36,
    0xFB, 0x36, 0xFB, 0x36, 0xFB, 0x36, 0xFB, 0x36, 0xFB, 0x36, 0xFB, 0x36, 0xFB, 0x36, 0xFB, 0x36,
    0xFB, 0x36, 0xFB, 0x36, 0xFB, 0x36, 0xFB, 0x36, 0xFB, 0x36, 0xFB, 0x36, 0xFB, 0x36, 0xFB, 0x36,
    0xFB, 0x36, 0xFB, 0x16, 0xFB, 0x57, 0xBA, 0x0F, 0x11, 0x68, 0x4D, 0x7F, 0x4D, 0x5F, 0x4D, 0x5F,
    0x4D, 0x5F, 0x4D, 0x5F, 0x4D, 0x5F, 0x4D, 0x5F, 0x4D, 0x5F, 0x4D, 0x5F, 0x4D, 0x5F, 0x4D, 0x5F,
    0x4D, 0x5F, 0x4D, 0x5F, 0x4D, 0x5F, 0x4D, 0x5F, 0x4D, 0x5F, 0x4D, 0x5F, 0x4D, 0x5F, 0x4D, 0x5F,
    0x4D, 0x5F, 0x4D, 0x5F, 0x4D, 0x5F, 0x4D, 0x5F, 0x4D, 0x5F, 0x4D, 0x5F, 0x4D, 0x5F, 0x4D, 0x5F,
    0x4D, 0x5F, 0x4D, 0x5F, 0x4D, 0x5F, 0x4D, 0x5F, 0x4D, 0x5F, 0x4D, 0x5F, 0x4D, 0x5F, 0x4D, 0x5F,
    0x4D, 0xFF, 0x5F, 0x4D, 0x5F, 0x4D, 0x5F, 0x4D, 0x5F, 0x4D, 0x5F, 0x4D, 0x5F, 0x4D, 0x5F, 0x4D,
    0x5F, 0x4D, 0x5F, 0x4D, 0x5F, 0x4D, 0x5F, 0x4D, 0x5F, 0x4D, 0x5F, 0x4D, 0x5F, 0x4D, 0x5F, 0x4D,
    0x5F, 0x4D, 0x5F, 0x4D, 0x5F, 0x4D, 0x5F, 0x4D, 0x5F, 0x4D, 0x5F, 0x4D, 0x5F, 0x4D, 0x5F, 0x4D,
    0x5F, 0x4D, 0x5F, 0x4D, 0x5F, 0x4D, 0x5F, 0x4D, 0x5F, 0x4D, 0x5F, 0x4D, 0x5F, 0x4D, 0x5F, 0x4D,
    0x5F, 0x4D, 0x5F, 0x4D, 0x5F, 0x4D, 0x5F, 0x4D, 0x5F, 0x4D, 0x5F, 0x4D, 0x5F, 0x4D, 0x5F, 0x4D,
    0x5F, 0x4D, 0x5F, 0x4D, 0x5F, 0x4D, 0x5F, 0x4D, 0x5F, 0x4D, 0x5F, 0x4D, 0x5F, 0x4D, 0x5F, 0x4D,
    0x5F, 0x4D, 0x5F, 0x4D, 0x5F, 0x4D, 0x5F, 0x4D, 0x5F, 0x4D, 0x5F, 0x4D, 0x5F, 0x4D, 0x5F, 0x4D,
    0x5F, 0x4D, 0x5F, 0x4D, 0x5F, 0x4D, 0x5F, 0x4D, 0x5F, 0x4D, 0x5F, 0x4D, 0x5F, 0x4D, 0x5F, 0x4D,
    0x5F, 0x4D, 0xFF, 0x5F, 0x4D, 0x5F, 0x4D, 0x5F, 0x4D, 0x5F, 0x4D, 0x5F, 0x4D, 0x5F, 0x4D, 0x5F,
    0x4D, 0x5F, 0x4D, 0x5F, 0x4D, 0x5F, 0x4D, 0x5F, 0x4D, 0x5F, 0x4D, 0x5F, 0x4D, 0x5F, 0x4D, 0x5F,
    0x4D, 0x5F, 0x4D, 0x5F, 0x4D, 0x5F, 0x4D, 0x5F, 0x4D, 0x5F, 0x4D, 0x5F, 0x4D, 0x5F, 0x4D, 0x5F,
    0x4D, 0x5F, 0x4D, 0x5F, 0x4D, 0x5F, 0x4D, 0x5F, 0x4D, 0x5F, 0x4D, 0x5F, 0x4D, 0x5F, 0x4D, 0x5F,
    0x4D, 0x5F, 0x4D, 0x5F, 0x4D, 0x5F, 0x4D, 0x5F, 0x4D, 0x5F, 0x4D, 0x5F, 0x4D, 0x5F, 0x4D, 0x5F,
    0x4D, 0x5F, 0x4D, 0x5F, 0x4D, 0x5F, 0x4D, 0x5F, 0x4D, 0x5F, 0x4D, 0x5F, 0x4D, 0x5F, 0x4D, 0x5F,
    0x4D, 0x5F, 0x4D, 0x5F, 0x4D, 0x5F, 0x4D, 0x5F, 0x4D, 0x5F, 0x4D, 0x5F, 0x4D, 0x5F, 0x4D, 0x5F,
    0x4D, 0x5F, 0x4D, 0x5F, 0x4D, 0x5F, 0x4D, 0x5F, 0x4D, 0x5F, 0x4D, 0x5F, 0x4D, 0x5F, 0x4D, 0x5F,
    0x4D, 0x5F, 0x4D, 0x9E, 0x5F, 0x4D, 0x5F, 0x4D, 0x5F, 0x4D, 0x5F, 0x4D, 0x5F, 0x4D, 0x5F, 0x4D,
    0x5F, 0x4D, 0x5F, 0x4D, 0x5F, 0x4D, 0x5F, 0x4D, 0x5F, 0x4D, 0x5F, 0x4D, 0x5F, 0x4D, 0x5F, 0x4D,
    0x9F, 0x22, 0x6E, 0x0A, 0x00, 0xB5, 0x59, 0x07, 0xFB, 0x37, 0xFB, 0x16, 0xFB, 0x36, 0xFB, 0x36,
    0xFB, 0x36, 0xFB, 0x36, 0xFB, 0x36, 0xFB, 0x36, 0xFB, 0x36, 0xFB, 0x36, 0xFB, 0x36, 0xFB, 0x36,
    0xFB, 0x36, 0xFB, 0x36, 0xFB, 0x36, 0xFB, 0x36, 0xFB, 0x36, 0xFB, 0x36, 0xFB, 0x36, 0xFB, 0x16,
    0xFB, 0x57, 0xBA, 0x0F, 0x08, 0x83, 0x4D, 0x3F, 0x4D, 0x3F, 0x11, 0x68, 0x02, 0x00, 0xFF, 0x20,
    0x63, 0xF2, 0xF5, 0xFB, 0x36, 0xFB, 0x16, 0xFB, 0x36, 0xFB, 0x36, 0xFB, 0x36, 0xFB, 0x36, 0xFB,
    0x36, 0xFB, 0x36, 0xFB, 0x36, 0xFB, 0x36, 0xFB, 0x36, 0xFB, 0x36, 0xFB, 0x36, 0xFB, 0x36, 0xFB,
    0x36, 0xFB, 0x36, 0xFB, 0x36, 0xFB, 0x36, 0xFB, 0x36, 0xFB, 0x36, 0xFB, 0x36, 0xFB, 0x36, 0xFB,
    0x16, 0xFB, 0x57, 0xBA, 0x0F, 0x11, 0x68, 0x4D, 0x7F, 0x4D, 0x5F, 0x4D, 0x5F, 0x4D, 0x5F, 0x4D,
    0x5F, 0x4D, 0x5F, 0x4D, 0x5F, 0x4D, 0x5F, 0x4D, 0x5F, 0x4D, 0x5F, 0x4D, 0x5F, 0x4D, 0x5F, 0x4D,
    0x5F, 0x4D, 0x5F, 0x4D, 0x5F, 0x4D, 0x5F, 0x4D, 0x5F, 0x4D, 0x5F, 0x4D, 0x5F, 0x4D, 0x5F, 0x4D,
    0x5F, 0x4D, 0x5F, 0x4D, 0x5F, 0x4D, 0x5F, 0x4D, 0x5F, 0x4D, 0x5F, 0x4D, 0x5F, 0x4D, 0x5F, 0x4D,
    0x5F, 0x4D, 0x5F, 0x4D, 0x5F, 0x4D, 0x5F, 0x4D, 0x5F, 0x4D, 0x5F, 0x4D, 0x5F, 0x4D, 0x5F, 0xFF,
    0x4D, 0x5F, 0x4D, 0x5F, 0x4D, 0x5F, 0x4D, 0x5F, 0x4D, 0x5F, 0x4D, 0x5F, 0x4D, 0x5F, 0x4D, 0x5F,
    0x4D, 0x5F, 0x4D, 0x5F, 0x4D, 0x5F, 0x4D, 0x5F, 0x4D, 0x5F, 0x4D, 0x5F, 0x4D, 0x5F, 0x4D, 0x5F,
    0x4D, 0x5F, 0x4D, 0x5F, 0x4D, 0x5F, 0x4D, 0x5F, 0x4D, 0x5F, 0x4D, 0x5F, 0x4D, 0x5F, 0x4D, 0x5F,
    0x4D, 0x5F, 0x4D, 0x5F, 0x4D, 0x5F, 0x4D, 0x5F, 0x4D, 0x5F, 0x4D, 0x5F, 0x4D, 0x5F, 0x4D, 0x5F,
    0x4D, 0x5F, 0x4D, 0x5F, 0x4D, 0x5F, 0x4D, 0x5F, 0x4D, 0x5F, 0x4D, 0x5F, 0x4D, 0x5F, 0x4D, 0x5F,
    0x4D, 0x5F, 0x4D, 0x5F, 0x4D, 0x5F, 0x4D, 0x5F, 0x4D, 0x5F, 0x4D, 0x5F, 0x4D, 0x5F, 0x4D, 0x5F,
    0x4D, 0x5F, 0x4D, 0x5F, 0x4D, 0x5F, 0x4D, 0x5F, 0x4D, 0x5F, 0x4D, 0x5F, 0x4D, 0x5F, 0x4D, 0x5F,
    0x4D, 0x5F, 0x4D, 0x5F, 0x4D, 0x5F, 0x4D, 0x5F, 0x4D, 0x5F, 0x4D, 0x5F, 0x4D, 0x5F, 0x4D, 0x5F,
    0xFF, 0x4D, 0x5F, 0x4D, 0x5F, 0x4D, 0x5F, 0x4D, 0x5F, 0x4D, 0x5F, 0x4D, 0x5F, 0x4D, 0x5F, 0x4D,
    0x5F, 0x4D, 0x5F, 0x4D, 0x5F, 0x4D, 0x5F, 0x4D, 0x5F, 0x4D, 0x5F, 0x4D, 0x5F, 0x4D, 0x5F, 0x4D,
    0x5F, 0x4D, 0x5F, 0x4D, 0x5F, 0x4D, 0x5F, 0x4D, 0x5F, 0x4D, 0x5F, 0x4D, 0x5F, 0x4D, 0x5F, 0x4D,
    0x5F, 0x4D, 0x5F, 0x4D, 0x5F, 0x4D, 0x5F, 0x4D, 0x5F, 0x4D, 0x5F, 0x4D, 0x5F, 0x4D, 0x5F, 0x4D,
    0x5F, 0x4D, 0x5F, 0x4D, 0x5F, 0x4D, 0x5F, 0x4D, 0x5F, 0x4D, 0x5F, 0x4D, 0x5F, 0x4D, 0x5F, 0x4D,
    0x5F, 0x4D, 0x5F, 0x4D, 0x5F, 0x4D, 0x5F, 0x4D, 0x5F, 0x4D, 0x5F, 0x4D, 0x5F, 0x4D, 0x5F, 0x4D,
    0x5F, 0x4D, 0x5F, 0x4D, 0x5F, 0x4D, 0x5F, 0x4D, 0x5F, 0x4D, 0x5F, 0x4D, 0x5F, 0x4D, 0x5F, 0x4D,
    0x5F, 0x4D, 0x5F, 0x4D, 0x5F, 0x4D, 0x5F, 0x4D, 0x5F, 0x4D, 0x5F, 0x4D, 0x5F, 0x4D, 0x5F, 0x4D,
    0x5F, 0x9D, 0x4D, 0x5F, 0x4D, 0x5F, 0x4D, 0x5F, 0x4D, 0x5F, 0x4D, 0x5F, 0x4D, 0x5F, 0x4D, 0x5F,
    0x4D, 0x5F, 0x4D, 0x5F, 0x4D, 0x5F, 0x4D, 0x5F, 0x4D, 0x5F, 0x4D, 0x5F, 0x55, 0x9F, 0x33, 0x32,
    0x0A, 0x00, 0xB7, 0x59, 0x07, 0xFB, 0x37, 0xFB, 0x16, 0xFB, 0x36, 0xFB, 0x36, 0xFB, 0x36, 0xFB,
    0x36, 0xFB, 0x36, 0xFB, 0x36, 0xFB, 0x36, 0xFB, 0x36, 0xFB, 0x36, 0xFB, 0x36, 0xFB, 0x36, 0xFB,
    0x36, 0xFB, 0x36, 0xFB, 0x36, 0xFB, 0x36, 0xFB, 0x36, 0xFB, 0x36, 0xFB, 0x36, 0xFB, 0x16, 0xFB,
    0x57, 0x59, 0x07, 0x22, 0x6E, 0x55, 0xFF, 0x44, 0x9B, 0x08, 0x83, 0x02, 0x00, 0xFF, 0x59, 0x07,
    0xFB, 0x37, 0xFB, 0x36, 0xFB, 0x36, 0xFB, 0x36, 0xFB, 0x36, 0xFB, 0x36, 0xFB, 0x36, 0xFB, 0x36,
    0xFB, 0x36, 0xFB, 0x36, 0xFB, 0x36, 0xFB, 0x36, 0xFB, 0x36, 0xFB, 0x36, 0xFB, 0x36, 0xFB, 0x36,
    0xFB, 0x36, 0xFB, 0x36, 0xFB, 0x36, 0xFB, 0x36, 0xFB, 0x36, 0xFB, 0x36, 0xFB, 0x16, 0xFB, 0x57,
    0xBA, 0x0F, 0x11, 0x68, 0x4D, 0x7F, 0x4D, 0x5F, 0x4D, 0x5F, 0x4D, 0x5F, 0x4D, 0x5F, 0x4D, 0x5F,
    0x4D, 0x5F, 0x4D, 0x5F, 0x4D, 0x5F, 0x4D, 0x5F, 0x4D, 0x5F, 0x4D, 0x5F, 0x4D, 0x5F, 0x4D, 0x5F,
    0x4D, 0x5F, 0x4D, 0x5F, 0x4D, 0x5F, 0x4D, 0x5F, 0x4D, 0x5F, 0x4D, 0x5F, 0x4D, 0x5F, 0x4D, 0x5F,
    0x4D, 0x5F, 0x4D, 0x5F, 0x4D, 0x5F, 0x4D, 0x5F, 0x4D, 0x5F, 0x4D, 0x5F, 0x4D, 0x5F, 0x4D, 0x5F,
    0x4D, 0x5F, 0x4D, 0x5F, 0x4D, 0x5F, 0x4D, 0x5F, 0x4D, 0x5F, 0x4D, 0x5F, 0x4D, 0x5F, 0xFF, 0x4D,
    0x5F, 0x4D, 0x5F, 0x4D, 0x5F, 0x4D, 0x5F, 0x4D, 0x5F, 0x4D, 0x5F, 0x4D, 0x5F, 0x4D, 0x5F, 0x4D,
    0x5F, 0x4D, 0x5F, 0x4D, 0x5F, 0x4D, 0x5F, 0x4D, 0x5F, 0x4D, 0x5F, 0x4D, 0x5F, 0x4D, 0x5F, 0x4D,
    0x5F, 0x4D, 0x5F, 0x4D, 0x5F, 0x4D, 0x5F, 0x4D, 0x5F, 0x4D, 0x5F, 0x4D, 0x5F, 0x4D, 0x5F, 0x4D,
    0x5F, 0x4D, 0x5F, 0x4D, 0x5F, 0x4D, 0x5F, 0x4D, 0x5F, 0x4D, 0x5F, 0x4D, 0x5F, 0x4D, 0x5F, 0x4D,
    0x5F, 0x4D, 0x5F, 0x4D, 0x5F, 0x4D, 0x5F, 0x4D, 0x5F, 0x4D, 0x5F, 0x4D, 0x5F, 0x4D, 0x5F, 0x4D,
    0x5F, 0x4D, 0x5F, 0x4D, 0x5F, 0x4D, 0x5F, 0x4D, 0x5F, 0x4D, 0x5F, 0x4D, 0x5F, 0x4D, 0x5F, 0x4D,
    0x5F, 0x4D, 0x5F, 0x4D, 0x5F, 0x4D, 0x5F, 0x4D, 0x5F, 0x4D, 0x5F, 0x4D, 0x5F, 0x4D, 0x5F, 0x4D,
    0x5F, 0x4D, 0x5F, 0x4D, 0x5F, 0x4D, 0x5F, 0x4D, 0x5F, 0x4D, 0x5F, 0x4D, 0x5F, 0x4D, 0x5F, 0xFF,
    0x4D, 0x5F, 0x4D, 0x5F, 0x4D, 0x5F, 0x4D, 0x5F, 0x4D, 0x5F, 0x4D, 0x5F, 0x4D, 0x5F, 0x4D, 0x5F,
    0x4D, 0x5F, 0x4D, 0x5F, 0x4D, 0x5F, 0x4D, 0x5F, 0x4D, 0x5F, 0x4D, 0x5F, 0x4D, 0x5F, 0x4D, 0x5F,
    0x4D, 0x5F, 0x4D, 0x5F, 0x4D, 0x5F, 0x4D, 0x5F, 0x4D, 0x5F, 0x4D, 0x5F, 0x4D, 0x5F, 0x4D, 0x5F,
    0x4D, 0x5F, 0x4D, 0x5F, 0x4D, 0x5F, 0x4D, 0x5F, 0x4D, 0x5F, 0x4D, 0x5F, 0x4D, 0x5F, 0x4D, 0x5F,
    0x4D, 0x5F, 0x4D, 0x5F, 0x4D, 0x5F, 0x4D, 0x5F, 0x4D, 0x5F, 0x4D, 0x5F, 0x4D, 0x5F, 0x4D, 0x5F,
    0x4D, 0x5F, 0x4D, 0x5F, 0x4D, 0x5F, 0x4D, 0x5F, 0x4D, 0x5F, 0x4D, 0x5F, 0x4D, 0x5F, 0x4D, 0x5F,
    0x4D, 0x5F, 0x4D, 0x5F, 0x4D, 0x5F, 0x4D, 0x5F, 0x4D, 0x5F, 0x4D, 0x5F, 0x4D, 0x5F, 0x4D, 0x5F,
    0x4D, 0x5F, 0x4D, 0x5F, 0x4D, 0x5F, 0x4D, 0x5F, 0x4D, 0x5F, 0x4D, 0x5F, 0x4D, 0x5F, 0x4D, 0x5F,
    0x9D, 0x4D, 0x5F, 0x4D, 0x5F, 0x4D, 0x5F, 0x4D, 0x5F, 0x4D, 0x5F, 0x4D, 0x5F, 0x4D, 0x5F, 0x4D,
    0x5F, 0x4D, 0x5F, 0x4D, 0x5F, 0x4D, 0x5F, 0x4D, 0x5F, 0x4D, 0x9F, 0x3B, 0xF7, 0x00, 0x21, 0x08,
    0x00, 0xB9, 0x59, 0x07, 0xFB, 0x37, 0xFB, 0x16, 0xFB, 0x36, 0xFB, 0x36, 0xFB, 0x36, 0xFB, 0x36,
    0xFB, 0x36, 0xFB, 0x36, 0xFB, 0x36, 0xFB, 0x36, 0xFB, 0x36, 0xFB, 0x36, 0xFB, 0x36, 0xFB, 0x36,
    0xFB, 0x36, 0xFB, 0x36, 0xFB, 0x36, 0xFB, 0x36, 0xFB, 0x36, 0xFB, 0x36, 0xFB, 0x16, 0xFB, 0x37,
    0xE2, 0xD4, 0x08, 0x83, 0x44, 0x9B, 0x55, 0x9F, 0x44, 0x58, 0x08, 0x83, 0x02, 0x00, 0xFF, 0x79,
    0x8A, 0xFB, 0x57, 0xFB, 0x16, 0xFB, 0x36, 0xFB, 0x36, 0xFB, 0x36, 0xFB, 0x36, 0xFB, 0x36, 0xFB,
    0x36, 0xFB, 0x36, 0xFB, 0x36, 0xFB, 0x36, 0xFB, 0x36, 0xFB, 0x36, 0xFB, 0x36, 0xFB, 0x36, 0xFB,
    0x36, 0xFB, 0x36, 0xFB, 0x36, 0xFB, 0x36, 0xFB, 0x36, 0xFB, 0x36, 0xFB, 0x16, 0xFB, 0x57, 0xBA,
    0x0F, 0x11, 0x68, 0x4D, 0x7F, 0x4D, 0x5F, 0x4D, 0x5F, 0x4D, 0x5F, 0x4D, 0x5F, 0x4D, 0x5F, 0x4D,
    0x5F, 0x4D, 0x5F, 0x4D, 0x5F, 0x4D, 0x5F, 0x4D, 0x5F, 0x4D, 0x5F, 0x4D, 0x5F, 0x4D, 0x5F, 0x4D,
    0x5F, 0x4D, 0x5F, 0x4D, 0x5F, 0x4D, 0x5F, 0x4D, 0x5F, 0x4D, 0x5F, 0x4D, 0x5F, 0x4D, 0x5F, 0x4D,
    0x5F, 0x4D, 0x5F, 0x4D, 0x5F, 0x4D, 0x5F, 0x4D, 0x5F, 0x4D, 0x5F, 0x4D, 0x5F, 0x4D, 0x5F, 0x4D,
    0x5F, 0x4D, 0x5F, 0x4D, 0x5F, 0x4D, 0x5F, 0x4D, 0x5F, 0x4D, 0x5F, 0x4D, 0x5F, 0x4D, 0x5F, 0xFF,
    0x4D, 0x5F, 0x4D, 0x5F, 0x4D, 0x5F, 0x4D, 0x5F, 0x4D, 0x5F, 0x4D, 0x5F, 0x4D, 0x5F, 0x4D, 0x5F,
    0x4D, 0x5F, 0x4D, 0x5F, 0x4D, 0x5F, 0x4D, 0x5F, 0x4D, 0x5F, 0x4D, 0x5F, 0x4D, 0x5F, 0x4D, 0x5F,
    0x4D, 0x5F, 0x4D, 0x5F, 0x4D, 0x5F, 0x4D, 0x5F, 0x4D, 0x5F, 0x4D, 0x5F, 0x4D, 0x5F, 0x4D, 0x5F,
    0x4D, 0x5F, 0x4D, 0x5F, 0x4D, 0x5F, 0x4D, 0x5F, 0x4D, 0x5F, 0x4D, 0x5F, 0x4D, 0x5F, 0x4D, 0x5F,
    0x4D, 0x5F, 0x4D, 0x5F, 0x4D, 0x5F, 0x4D, 0x5F, 0x4D, 0x5F, 0x4D, 0x5F, 0x4D, 0x5F, 0x4D, 0x5F,
    0x4D, 0x5F, 0x4D, 0x5F, 0x4D, 0x5F, 0x4D, 0x5F, 0x4D, 0x5F, 0x4D, 0x5F, 0x4D, 0x5F, 0x4D, 0x5F,
    0x4D, 0x5F, 0x4D, 0x5F, 0x4D, 0x5F, 0x4D, 0x5F, 0x4D, 0x5F, 0x4D, 0x5F, 0x4D, 0x5F, 0x4D, 0x5F,
    0x4D, 0x5F, 0x4D, 0x5F, 0x4D, 0x5F, 0x4D, 0x5F, 0x4D, 0x5F, 0x4D, 0x5F, 0x4D, 0x5F, 0x4D, 0x5F,
    0xFF, 0x4D, 0x5F, 0x4D, 0x5F, 0x4D, 0x5F, 0x4D, 0x5F, 0x4D, 0x5F, 0x4D, 0x5F, 0x4D, 0x5F, 0x4D,
    0x5F, 0x4D, 0x5F, 0x4D, 0x5F, 0x4D, 0x5F, 0x4D, 0x5F, 0x4D, 0x5F, 0x4D, 0x5F, 0x4D, 0x5F, 0x4D,
    0x5F, 0x4D, 0x5F, 0x4D, 0x5F, 0x4D, 0x5F, 0x4D, 0x5F, 0x4D, 0x5F, 0x4D, 0x5F, 0x4D, 0x5F, 0x4D,
    0x5F, 0x4D, 0x5F, 0x4D, 0x5F, 0x4D, 0x5F, 0x4D, 0x5F, 0x4D, 0x5F, 0x4D, 0x5F, 0x4D, 0x5F, 0x4D,
    0x5F, 0x4D, 0x5F, 0x4D, 0x5F, 0x4D, 0x5F, 0x4D, 0x5F, 0x4D, 0x5F, 0x4D, 0x5F, 0x4D, 0x5F, 0x4D,
    0x5F, 0x4D, 0x5F, 0x4D, 0x5F, 0x4D, 0x5F, 0x4D, 0x5F, 0x4D, 0x5F, 0x4D, 0x5F, 0x4D, 0x5F, 0x4D,
    0x5F, 0x4D, 0x5F, 0x4D, 0x5F, 0x4D, 0x5F, 0x4D, 0x5F, 0x4D, 0x5F, 0x4D, 0x5F, 0x4D, 0x5F, 0x4D,
    0x5F, 0x4D, 0x5F, 0x4D, 0x5F, 0x4D, 0x5F, 0x4D, 0x5F, 0x4D, 0x5F, 0x4D, 0x5F, 0x4D, 0x5F, 0x4D,
    0x5F, 0x9B, 0x4D, 0x5F, 0x4D, 0x5F, 0x4D, 0x5F, 0x4D, 0x5F, 0x4D, 0x5F, 0x4D, 0x5F, 0x4D, 0x5F,
    0x4D, 0x5F, 0x4D, 0x5F, 0x4D, 0x5F, 0x4D, 0x5F, 0x4D, 0x5F, 0x4D, 0x3F, 0x09, 0x06, 0x08, 0x00,
    0xBB, 0x59, 0x07, 0xFB, 0x37, 0xFB, 0x16, 0xFB, 0x36, 0xFB, 0x36, 0xFB, 0x36, 0xFB, 0x36, 0xFB,
    0x36, 0xFB, 0x36, 0xFB, 0x36, 0xFB, 0x36, 0xFB, 0x36, 0xFB, 0x36, 0xFB, 0x36, 0xFB, 0x36, 0xFB,
    0x36, 0xFB, 0x36, 0xFB, 0x36, 0xFB, 0x36, 0xFB, 0x36, 0xFB, 0x36, 0xFB, 0x36, 0xFB, 0x16, 0xFB,
    0x78, 0x69, 0x49, 0x22, 0x6E, 0x55, 0x9F, 0x4D, 0x9F, 0x3B, 0xF7, 0x08, 0x83, 0x02, 0x00, 0xFF,
    0x89, 0xCC, 0xFB, 0x57, 0xFB, 0x16, 0xFB, 0x36, 0xFB, 0x36, 0xFB, 0x36, 0xFB, 0x36, 0xFB, 0x36,
    0xFB, 0x36, 0xFB, 0x36, 0xFB, 0x36, 0xFB, 0x36, 0xFB, 0x36, 0xFB, 0x36, 0xFB, 0x36, 0xFB, 0x36,
    0xFB, 0x36, 0xFB, 0x36, 0xFB, 0x36, 0xFB, 0x36, 0xFB, 0x36, 0xFB, 0x16, 0xFB, 0x57, 0xBA, 0x0F,
    0x11, 0x68, 0x4D, 0x7F, 0x4D, 0x5F, 0x4D, 0x5F, 0x4D, 0x5F, 0x4D, 0x5F, 0x4D, 0x5F, 0x4D, 0x5F,
    0x4D, 0x5F, 0x4D, 0x5F, 0x4D, 0x5F, 0x4D, 0x5F, 0x4D, 0x5F, 0x4D, 0x5F, 0x4D, 0x5F, 0x4D, 0x5F,
    0x4D, 0x5F, 0x4D, 0x5F, 0x4D, 0x5F, 0x4D, 0x5F, 0x4D, 0x5F, 0x4D, 0x5F, 0x4D, 0x5F, 0x4D, 0x5F,
    0x4D, 0x5F, 0x4D, 0x5F, 0x4D, 0x5F, 0x4D, 0x5F, 0x4D, 0x5F, 0x4D, 0x5F, 0x4D, 0x5F, 0x4D, 0x5F,
    0x4D, 0x5F, 0x4D, 0x5F, 0x4D, 0x5F, 0x4D, 0x5F, 0x4D, 0x5F, 0x4D, 0x5F, 0x4D, 0x5F, 0x4D, 0x5F,
    0xFF, 0x4D, 0x5F, 0x4D, 0x5F, 0x4D, 0x5F, 0x4D, 0x5F, 0x4D, 0x5F, 0x4D, 0x5F, 0x4D, 0x5F, 0x4D,
    0x5F, 0x4D, 0x5F, 0x4D, 0x5F, 0x4D, 0x5F, 0x4D, 0x5F, 0x4D, 0x5F, 0x4D, 0x5F, 0x4D, 0x5F, 0x4D,
    0x5F, 0x4D, 0x5F, 0x4D, 0x5F, 0x4D, 0x5F, 0x4D, 0x5F, 0x4D, 0x5F, 0x4D, 0x5F, 0x4D, 0x5F, 0x4D,
    0x5F, 0x4D, 0x5F, 0x4D, 0x5F, 0x4D, 0x5F, 0x4D, 0x5F, 0x4D, 0x5F, 0x4D, 0x5F, 0x4D, 0x5F, 0x4D,
    0x5F, 0x4D, 0x5F, 0x4D, 0x5F, 0x4D, 0x5F, 0x4D, 0x5F, 0x4D, 0x5F, 0x4D, 0x5F, 0x4D, 0x5F, 0x4D,
    0x5F, 0x4D, 0x5F, 0x4D, 0x5F, 0x4D, 0x5F, 0x4D, 0x5F, 0x4D, 0x5F, 0x4D, 0x5F, 0x4D, 0x5F, 0x4D,
    0x5F, 0x4D, 0x5F, 0x4D, 0x5F, 0x4D, 0x5F, 0x4D, 0x5F, 0x4D, 0x5F, 0x4D, 0x5F, 0x4D, 0x5F, 0x4D,
    0x5F, 0x4D, 0x5F, 0x4D, 0x5F, 0x4D, 0x5F, 0x4D, 0x5F, 0x4D, 0x5F, 0x4D, 0x5F, 0x4D, 0x5F, 0x4D,
    0x5F, 0xFF, 0x4D, 0x5F, 0x4D, 0x5F, 0x4D, 0x5F, 0x4D, 0x5F, 0x4D, 0x5F, 0x4D, 0x5F, 0x4D, 0x5F,
    0x4D, 0x5F, 0x4D, 0x5F, 0x4D, 0x5F, 0x4D, 0x5F, 0x4D, 0x5F, 0x4D, 0x5F, 0x4D, 0x5F, 0x4D, 0x5F,
    0x4D, 0x5F, 0x4D, 0x5F, 0x4D, 0x5F, 0x4D, 0x5F, 0x4D, 0x5F, 0x4D, 0x5F, 0x4D, 0x5F, 0x4D, 0x5F,
    0x4D, 0x5F, 0x4D, 0x5F, 0x4D, 0x5F, 0x4D, 0x5F, 0x4D, 0x5F, 0x4D, 0x5F, 0x4D, 0x5F, 0x4D, 0x5F,
    0x4D, 0x5F, 0x4D, 0x5F, 0x4D, 0x5F, 0x4D, 0x5F, 0x4D, 0x5F, 0x4D, 0x5F, 0x4D, 0x5F, 0x4D, 0x5F,
    0x4D, 0x5F, 0x4D, 0x5F, 0x4D, 0x5F, 0x4D, 0x5F, 0x4D, 0x5F, 0x4D, 0x5F, 0x4D, 0x5F, 0x4D, 0x5F,
    0x4D, 0x5F, 0x4D, 0x5F, 0x4D, 0x5F, 0x4D, 0x5F, 0x4D, 0x5F, 0x4D, 0x5F, 0x4D, 0x5F, 0x4D, 0x5F,
    0x4D, 0x5F, 0x4D, 0x5F, 0x4D, 0x5F, 0x4D, 0x5F, 0x4D, 0x5F, 0x4D, 0x5F, 0x4D, 0x5F, 0x4D, 0x5F,
    0x4D, 0x5F, 0x9B, 0x4D, 0x5F, 0x4D, 0x5F, 0x4D, 0x5F, 0x4D, 0x5F, 0x4D, 0x5F, 0x4D, 0x5F, 0x4D,
    0x5F, 0x4D, 0x5F, 0x4D, 0x5F, 0x4D, 0x5F, 0x4D, 0x5F, 0x4D, 0x9F, 0x3B, 0xF7, 0x00, 0x21, 0x06,
    0x00, 0xBD, 0x59, 0x07, 0xFB, 0x37, 0xFB, 0x16, 0xFB, 0x36, 0xFB, 0x36, 0xFB, 0x36, 0xFB, 0x36,
    0xFB, 0x36, 0xFB, 0x36, 0xFB, 0x36, 0xFB, 0x36, 0xFB, 0x36, 0xFB, 0x36, 0xFB, 0x36, 0xFB, 0x36,
    0xFB, 0x36, 0xFB, 0x36, 0xFB, 0x36, 0xFB, 0x36, 0xFB, 0x36, 0xFB, 0x36, 0xFB, 0x36, 0xFB, 0x16,
    0xFB, 0x37, 0xCA, 0x91, 0x09, 0x06, 0x4D, 0x3F, 0x4D, 0x5F, 0x4D, 0x9F, 0x44, 0x58, 0x09, 0x06,
    0x02, 0x00, 0xFF, 0xBA, 0x50, 0xFB, 0x57, 0xFB, 0x16, 0xFB, 0x36, 0xFB, 0x36, 0xFB, 0x36, 0xFB,
    0x36, 0xFB, 0x36, 0xFB, 0x36, 0xFB, 0x36, 0xFB, 0x36, 0xFB, 0x36, 0xFB, 0x36, 0xFB, 0x36, 0xFB,
    0x36, 0xFB, 0x36, 0xFB, 0x36, 0xFB, 0x36, 0xFB, 0x36, 0xFB, 0x36, 0xFB, 0x16, 0xFB, 0x57, 0xBA,
    0x0F, 0x11, 0x68, 0x4D, 0x7F, 0x4D, 0x5F, 0x4D, 0x5F, 0x4D, 0x5F, 0x4D, 0x5F, 0x4D, 0x5F, 0x4D,
    0x5F, 0x4D, 0x5F, 0x4D, 0x5F, 0x4D, 0x5F, 0x4D, 0x5F, 0x4D, 0x5F, 0x4D, 0x5F, 0x4D, 0x5F, 0x4D,
    0x5F, 0x4D, 0x5F, 0x4D, 0x5F, 0x4D, 0x5F, 0x4D, 0x5F, 0x4D, 0x5F, 0x4D, 0x5F, 0x4D, 0x5F, 0x4D,
    0x5F, 0x4D, 0x5F, 0x4D, 0x5F, 0x4D, 0x5F, 0x4D, 0x5F, 0x4D, 0x5F, 0x4D, 0x5F, 0x4D, 0x5F, 0x4D,
    0x5F, 0x4D, 0x5F, 0x4D, 0x5F, 0x4D, 0x5F, 0x4D, 0x5F, 0x4D, 0x5F, 0x4D, 0x5F, 0x4D, 0x5F, 0x4D,
    0x5F, 0x4D, 0x5F, 0xFF, 0x4D, 0x5F, 0x4D, 0x5F, 0x4D, 0x5F, 0x4D, 0x5F, 0x4D, 0x5F, 0x4D, 0x5F,
    0x4D, 0x5F, 0x4D, 0x5F, 0x4D, 0x5F, 0x4D, 0x5F, 0x4D, 0x5F, 0x4D, 0x5F, 0x4D, 0x5F, 0x4D, 0x5F,
    0x4D, 0x5F, 0x4D, 0x5F, 0x4D, 0x5F, 0x4D, 0x5F, 0x4D, 0x5F, 0x4D, 0x5F, 0x4D, 0x5F, 0x4D, 0x5F,
    0x4D, 0x5F, 0x4D, 0x5F, 0x4D, 0x5F, 0x4D, 0x5F, 0x4D, 0x5F, 0x4D, 0x5F, 0x4D, 0x5F, 0x4D, 0x5F,
    0x4D, 0x5F, 0x4D, 0x5F, 0x4D, 0x5F, 0x4D, 0x5F, 0x4D, 0x5F, 0x4D, 0x5F, 0x4D, 0x5F, 0x4D, 0x5F,
    0x4D, 0x5F, 0x4D, 0x5F, 0x4D, 0x5F, 0x4D, 0x5F, 0x4D, 0x5F, 0x4D, 0x5F, 0x4D, 0x5F, 0x4D, 0x5F,
    0x4D, 0x5F, 0x4D, 0x5F, 0x4D, 0x5F, 0x4D, 0x5F, 0x4D, 0x5F, 0x4D, 0x5F, 0x4D, 0x5F, 0x4D, 0x5F,
    0x4D, 0x5F, 0x4D, 0x5F, 0x4D, 0x5F, 0x4D, 0x5F, 0x4D, 0x5F, 0x4D, 0x5F, 0x4D, 0x5F, 0x4D, 0x5F,
    0x4D, 0x5F, 0x4D, 0x5F, 0xFF, 0x4D, 0x5F, 0x4D, 0x5F, 0x4D, 0x5F, 0x4D, 0x5F, 0x4D, 0x5F, 0x4D,
    0x5F, 0x4D, 0x5F, 0x4D, 0x5F, 0x4D, 0x5F, 0x4D, 0x5F, 0x4D, 0x5F, 0x4D, 0x5F, 0x4D, 0x5F, 0x4D,
    0x5F, 0x4D, 0x5F, 0x4D, 0x5F, 0x4D, 0x5F, 0x4D, 0x5F, 0x4D, 0x5F, 0x4D, 0x5F, 0x4D, 0x5F, 0x4D,
    0x5F, 0x4D, 0x5F, 0x4D, 0x5F, 0x4D, 0x5F, 0x4D, 0x5F, 0x4D, 0x5F, 0x4D, 0x5F, 0x4D, 0x5F, 0x4D,
    0x5F, 0x4D, 0x5F, 0x4D, 0x5F, 0x4D, 0x5F, 0x4D, 0x5F, 0x4D, 0x5F, 0x4D, 0x5F, 0x4D, 0x5F, 0x4D,
    0x5F, 0x4D, 0x5F, 0x4D, 0x5F, 0x4D, 0x5F, 0x4D, 0x5F, 0x4D, 0x5F, 0x4D, 0x5F, 0x4D, 0x5F, 0x4D,
    0x5F, 0x4D, 0x5F, 0x4D, 0x5F, 0x4D, 0x5F, 0x4D, 0x5F, 0x4D, 0x5F, 0x4D, 0x5F, 0x4D, 0x5F, 0x4D,
    0x5F, 0x4D, 0x5F, 0x4D, 0x5F, 0x4D, 0x5F, 0x4D, 0x5F, 0x4D, 0x5F, 0x4D, 0x5F, 0x4D, 0x5F, 0x4D,
    0x5F, 0x4D, 0x5F, 0x4D, 0x5F, 0xFF, 0x4D, 0x5F, 0x4D, 0x5F, 0x4D, 0x5F, 0x4D, 0x5F, 0x4D, 0x5F,
    0x4D, 0x5F, 0x4D, 0x5F, 0x4D, 0x5F, 0x4D, 0x5F, 0x4D, 0x5F, 0x4D, 0x5F, 0x4D, 0x9F, 0x3B, 0xF7,
    0x11, 0x68, 0x09, 0x06, 0x08, 0x83, 0x48, 0xE6, 0xFB, 0x37, 0xFB, 0x16, 0xFB, 0x36, 0xFB, 0x36,
    0xFB, 0x36, 0xFB, 0x36, 0xFB, 0x36, 0xFB, 0x36, 0xFB, 0x36, 0xFB, 0x36, 0xFB, 0x36, 0xFB, 0x36,
    0xFB, 0x36, 0xFB, 0x36, 0xFB, 0x36, 0xFB, 0x36, 0xFB, 0x36, 0xFB, 0x36, 0xFB, 0x36, 0xFB, 0x36,
    0xFB, 0x36, 0xFB, 0x36, 0xFB, 0x36, 0xFB, 0x36, 0x30, 0xA5, 0x3B, 0xF7, 0x4D, 0x9F, 0x4D, 0x3F,
    0x4D, 0x7F, 0x4D, 0x1D, 0x22, 0x6E, 0x10, 0x41, 0xD2, 0xB3, 0xFB, 0x57, 0xFB, 0x16, 0xFB, 0x36,
    0xFB, 0x36, 0xFB, 0x36, 0xFB, 0x36, 0xFB, 0x36, 0xFB, 0x36, 0xFB, 0x36, 0xFB, 0x36, 0xFB, 0x36,
    0xFB, 0x36, 0xFB, 0x36, 0xFB, 0x36, 0xFF, 0xFB, 0x36, 0xFB, 0x36, 0xFB, 0x36, 0xFB, 0x36, 0xFB,
    0x16, 0xFB, 0x57, 0xBA, 0x0F, 0x11, 0x68, 0x4D, 0x9F, 0x4D, 0x5F, 0x4D, 0x5F, 0x4D, 0x5F, 0x4D,
    0x5F, 0x4D, 0x5F, 0x4D, 0x5F, 0x4D, 0x5F, 0x4D, 0x5F, 0x4D, 0x5F, 0x4D, 0x5F, 0x4D, 0x5F, 0x4D,
    0x5F, 0x4D, 0x5F, 0x4D, 0x5F, 0x4D, 0x5F, 0x4D, 0x5F, 0x4D, 0x5F, 0x4D, 0x5F, 0x4D, 0x5F, 0x4D,
    0x5F, 0x4D, 0x5F, 0x4D, 0x5F, 0x4D, 0x5F, 0x4D, 0x5F, 0x4D, 0x5F, 0x4D, 0x5F, 0x4D, 0x5F, 0x4D,
    0x5F, 0x4D, 0x5F, 0x4D, 0x5F, 0x4D, 0x5F, 0x4D, 0x5F, 0x4D, 0x5F, 0x4D, 0x5F, 0x4D, 0x5F, 0x4D,
    0x5F, 0x4D, 0x5F, 0x4D, 0x5F, 0x4D, 0x5F, 0x4D, 0x5F, 0x4D, 0x5F, 0x4D, 0x5F, 0x4D, 0x5F, 0x4D,
    0x5F, 0x4D, 0x5F, 0x4D, 0x5F, 0x4D, 0x5F, 0x4D, 0x5F, 0x4D, 0x5F, 0x4D, 0x5F, 0x4D, 0x5F, 0x4D,
    0x5F, 0x4D, 0x5F, 0x4D, 0x5F, 0x4D, 0x5F, 0xFF, 0x4D, 0x5F, 0x4D, 0x5F, 0x4D, 0x5F, 0x4D, 0x5F,
    0x4D, 0x5F, 0x4D, 0x5F, 0x4D, 0x5F, 0x4D, 0x5F, 0x4D, 0x5F, 0x4D, 0x5F, 0x4D, 0x5F, 0x4D, 0x5F,
    0x4D, 0x5F, 0x4D, 0x5F, 0x4D, 0x5F, 0x4D, 0x5F, 0x4D, 0x5F, 0x4D, 0x5F, 0x4D, 0x5F, 0x4D, 0x5F,
    0x4D, 0x5F, 0x4D, 0x5F, 0x4D, 0x5F, 0x4D, 0x5F, 0x4D, 0x5F, 0x4D, 0x5F, 0x4D, 0x5F, 0x4D, 0x5F,
    0x4D, 0x5F, 0x4D, 0x5F, 0x4D, 0x5F, 0x4D, 0x5F, 0x4D, 0x5F, 0x4D, 0x5F, 0x4D, 0x5F, 0x4D, 0x5F,
    0x4D, 0x5F, 0x4D, 0x5F, 0x4D, 0x5F, 0x4D, 0x5F, 0x4D, 0x5F, 0x4D, 0x5F, 0x4D, 0x5F, 0x4D, 0x5F,
    0x4D, 0x5F, 0x4D, 0x5F, 0x4D, 0x5F, 0x4D, 0x5F, 0x4D, 0x5F, 0x4D, 0x5F, 0x4D, 0x5F, 0x4D, 0x5F,
    0x4D, 0x5F, 0x4D, 0x5F, 0x4D, 0x5F, 0x4D, 0x5F, 0x4D, 0x5F, 0x4D, 0x5F, 0x4D, 0x5F, 0x4D, 0x5F,
    0x4D, 0x5F, 0x4D, 0x5F, 0x4D, 0x5F, 0x4D, 0x5F, 0xFF, 0x4D, 0x5F, 0x4D, 0x5F, 0x4D, 0x5F, 0x4D,
    0x5F, 0x4D, 0x5F, 0x4D, 0x5F, 0x4D, 0x5F, 0x4D, 0x5F, 0x4D, 0x5F, 0x4D, 0x5F, 0x4D, 0x5F, 0x4D,
    0x5F, 0x4D, 0x5F, 0x4D, 0x5F, 0x4D, 0x5F, 0x4D, 0x5F, 0x4D, 0x5F, 0x4D, 0x5F, 0x4D, 0x5F, 0x4D,
    0x5F, 0x4D, 0x5F, 0x4D, 0x5F, 0x4D, 0x5F, 0x4D, 0x5F, 0x4D, 0x5F, 0x4D, 0x5F, 0x4D, 0x5F, 0x4D,
    0x5F, 0x4D, 0x5F, 0x4D, 0x5F, 0x4D, 0x5F, 0x4D, 0x5F, 0x4D, 0x5F, 0x4D, 0x5F, 0x4D, 0x5F, 0x4D,
    0x5F, 0x4D, 0x5F, 0x4D, 0x5F, 0x4D, 0x5F, 0x4D, 0x5F, 0x4D, 0x5F, 0x4D, 0x5F, 0x4D, 0x5F, 0x4D,
    0x5F, 0x4D, 0x5F, 0x4D, 0x5F, 0x4D, 0x5F, 0x4D, 0x5F, 0x4D, 0x5F, 0x4D, 0x5F, 0x4D, 0x5F, 0x4D,
    0x5F, 0x4D, 0x5F, 0x4D, 0x5F, 0x4D, 0x5F, 0x4D, 0x5F, 0x4D, 0x5F, 0x4D, 0x5F, 0x4D, 0x5F, 0x4D,
    0x5F, 0x4D, 0x9F, 0x4D, 0x5F, 0x4D, 0x5F, 0x3B, 0xF7, 0xFF, 0x20, 0x63, 0xF2, 0xF5, 0xFB, 0x36,
    0xFB, 0x36, 0xFB, 0x36, 0xFB, 0x36, 0xFB, 0x36, 0xFB, 0x36, 0xFB, 0x36, 0xFB, 0x36, 0xFB, 0x36,
    0xFB, 0x36, 0xFB, 0x36, 0xFB, 0x36, 0xFB, 0x36, 0xFB, 0x36, 0xFB, 0x36, 0xFB, 0x36, 0xFB, 0x36,
    0xFB, 0x36, 0xFB, 0x36, 0xFB, 0x36, 0xFB, 0x36, 0xFB, 0x16, 0xFB, 0x57, 0x59, 0x07, 0x33, 0x32,
    0x55, 0xFF, 0x4D, 0x9F, 0x4D, 0x9F, 0x55, 0x9F, 0x55, 0xFF, 0x33, 0x32, 0x20, 0x63, 0xE2, 0xD4,
    0xFB, 0x57, 0xFB, 0x16, 0xFB, 0x36, 0xFB, 0x36, 0xFB, 0x36, 0xFB, 0x36, 0xFB, 0x36, 0xFB, 0x36,
    0xFB, 0x36, 0xFB, 0x36, 0xFB, 0x36, 0xFB, 0x36, 0xFB, 0x36, 0xFB, 0x36, 0xFB, 0x36, 0xFB, 0x36,
    0xFB, 0x36, 0xFB, 0x16, 0xFB, 0x78, 0x79, 0x8A, 0x1A, 0x2C, 0x55, 0x9F, 0x4D, 0x5F, 0x4D, 0x5F,
    0x4D, 0x5F, 0x4D, 0x5F, 0x4D, 0x5F, 0x4D, 0x5F, 0x4D, 0x5F, 0xFF, 0x4D, 0x5F, 0x4D, 0x5F, 0x4D,
    0x5F, 0x4D, 0x5F, 0x4D, 0x5F, 0x4D, 0x5F, 0x4D, 0x5F, 0x4D, 0x5F, 0x4D, 0x5F, 0x4D, 0x5F, 0x4D,
    0x5F, 0x4D, 0x5F, 0x4D, 0x5F, 0x4D, 0x5F, 0x4D, 0x5F, 0x4D, 0x5F, 0x4D, 0x5F, 0x4D, 0x5F, 0x4D,
    0x5F, 0x4D, 0x5F, 0x4D, 0x5F, 0x4D, 0x5F, 0x4D, 0x5F, 0x4D, 0x5F, 0x4D, 0x5F, 0x4D, 0x5F, 0x4D,
    0x5F, 0x4D, 0x5F, 0x4D, 0x5F, 0x4D, 0x5F, 0x4D, 0x5F, 0x4D, 0x5F, 0x4D, 0x5F, 0x4D, 0x5F, 0x4D,
    0x5F, 0x4D, 0x5F, 0x4D, 0x5F, 0x4D, 0x5F, 0x4D, 0x5F, 0x4D, 0x5F, 0x4D, 0x5F, 0x4D, 0x5F, 0x4D,
    0x5F, 0x4D, 0x5F, 0x4D, 0x5F, 0x4D, 0x5F, 0x4D, 0x5F, 0x4D, 0x5F, 0x4D, 0x5F, 0x4D, 0x5F, 0x4D,
    0x5F, 0x4D, 0x5F, 0x4D, 0x5F, 0x4D, 0x5F, 0x4D, 0x5F, 0x4D, 0x5F, 0x4D, 0x5F, 0x4D, 0x5F, 0x4D,
    0x5F, 0x4D, 0x5F, 0x4D, 0x5F, 0x4D, 0x5F, 0x4D, 0x5F, 0x4D, 0x5F, 0xFF, 0x4D, 0x5F, 0x4D, 0x5F,
    0x4D, 0x5F, 0x4D, 0x5F, 0x4D, 0x5F, 0x4D, 0x5F, 0x4D, 0x5F, 0x4D, 0x5F, 0x4D, 0x5F, 0x4D, 0x5F,
    0x4D, 0x5F, 0x4D, 0x5F, 0x4D, 0x5F, 0x4D, 0x5F, 0x4D, 0x5F, 0x4D, 0x5F, 0x4D, 0x5F, 0x4D, 0x5F,
    0x4D, 0x5F, 0x4D, 0x5F, 0x4D, 0x5F, 0x4D, 0x5F, 0x4D, 0x5F, 0x4D, 0x5F, 0x4D, 0x5F, 0x4D, 0x5F,
    0x4D, 0x5F, 0x4D, 0x5F, 0x4D, 0x5F, 0x4D, 0x5F, 0x4D, 0x5F, 0x4D, 0x5F, 0x4D, 0x5F, 0x4D, 0x5F,
    0x4D, 0x5F, 0x4D, 0x5F, 0x4D, 0x5F, 0x4D, 0x5F, 0x4D, 0x5F, 0x4D, 0x5F, 0x4D, 0x5F, 0x4D, 0x5F,
    0x4D, 0x5F, 0x4D, 0x5F, 0x4D, 0x5F, 0x4D, 0x5F, 0x4D, 0x5F, 0x4D, 0x5F, 0x4D, 0x5F, 0x4D, 0x5F,
    0x4D, 0x5F, 0x4D, 0x5F, 0x4D, 0x5F, 0x4D, 0x5F, 0x4D, 0x5F, 0x4D, 0x5F, 0x4D, 0x5F, 0x4D, 0x5F,
    0x4D, 0x5F, 0x4D, 0x5F, 0x4D, 0x5F, 0x4D, 0x5F, 0x4D, 0x5F, 0x4D, 0x5F, 0xFF, 0x4D, 0x5F, 0x4D,
    0x5F, 0x4D, 0x5F, 0x4D, 0x5F, 0x4D, 0x5F, 0x4D, 0x5F, 0x4D, 0x5F, 0x4D, 0x5F, 0x4D, 0x5F, 0x4D,
    0x5F, 0x4D, 0x5F, 0x4D, 0x5F, 0x4D, 0x5F, 0x4D, 0x5F, 0x4D, 0x5F, 0x4D, 0x5F, 0x4D, 0x5F, 0x4D,
    0x5F, 0x4D, 0x5F, 0x4D, 0x5F, 0x4D, 0x5F, 0x4D, 0x5F, 0x4D, 0x5F, 0x4D, 0x5F, 0x4D, 0x5F, 0x4D,
    0x5F, 0x4D, 0x5F, 0x4D, 0x5F, 0x4D, 0x5F, 0x4D, 0x5F, 0x4D, 0x5F, 0x4D, 0x5F, 0x4D, 0x5F, 0x4D,
    0x5F, 0x4D, 0x5F, 0x4D, 0x5F, 0x4D, 0x5F, 0x4D, 0x5F, 0x4D, 0x5F, 0x4D, 0x5F, 0x4D, 0x5F, 0x4D,
    0x5F, 0x4D, 0x5F, 0x4D, 0x5F, 0x4D, 0x5F, 0x4D, 0x3F, 0x4D, 0x9F, 0x4D, 0x9F, 0x09, 0x06, 0xBA,
    0x0F, 0xFB, 0x78, 0xFB, 0x16, 0xFB, 0x16, 0xFB, 0x16, 0xFB, 0x16, 0xFB, 0x16, 0xFB, 0x16, 0xFB,
    0x16, 0xFB, 0x16, 0xFB, 0x16, 0xFB, 0x16, 0xFB, 0x36, 0xFB, 0x36, 0xFB, 0x16, 0xFF, 0xFB, 0x16,
    0xFB, 0x16, 0xFB, 0x16, 0xFB, 0x16, 0xFB, 0x16, 0xFB, 0x16, 0xFB, 0x16, 0xFB, 0x16, 0xFB, 0x78,
    0x79, 0x8A, 0x09, 0x06, 0x22, 0xD0, 0x22, 0x6E, 0x22, 0xD0, 0x22, 0xD0, 0x33, 0x32, 0x3B, 0xF7,
    0x11, 0x68, 0x20, 0x63, 0xE2, 0xD4, 0xFB, 0x57, 0xFB, 0x16, 0xFB, 0x16, 0xFB, 0x16, 0xFB, 0x36,
    0xFB, 0x36, 0xFB, 0x36, 0xFB, 0x36, 0xFB, 0x36, 0xFB, 0x36, 0xFB, 0x36, 0xFB, 0x16, 0xFB, 0x16,
    0xFB, 0x16, 0xFB, 0x16, 0xFB, 0x16, 0xFB, 0x37, 0xF2, 0xF5, 0x20, 0x63, 0x3B, 0xF7, 0x4D, 0x9F,
    0x4D, 0x5F, 0x4D, 0x5F, 0x4D, 0x5F, 0x4D, 0x5F, 0x4D, 0x5F, 0x4D, 0x5F, 0x4D, 0x5F, 0x4D, 0x5F,
    0x4D, 0x5F, 0x4D, 0x5F, 0x4D, 0x5F, 0x4D, 0x5F, 0x4D, 0x5F, 0x4D, 0x5F, 0x4D, 0x5F, 0x4D, 0x5F,
    0x4D, 0x5F, 0x4D, 0x5F, 0x4D, 0x5F, 0x4D, 0x5F, 0x4D, 0x5F, 0x4D, 0x5F, 0x4D, 0x5F, 0xFF, 0x4D,
    0x5F, 0x4D, 0x5F, 0x4D, 0x5F, 0x4D, 0x5F, 0x4D, 0x5F, 0x4D, 0x5F, 0x4D, 0x5F, 0x4D, 0x5F, 0x4D,
    0x5F, 0x4D, 0x5F, 0x4D, 0x5F, 0x4D, 0x5F, 0x4D, 0x5F, 0x4D, 0x5F, 0x4D, 0x5F, 0x4D, 0x5F, 0x4D,
    0x5F, 0x4D, 0x5F, 0x4D, 0x5F, 0x4D, 0x5F, 0x4D, 0x5F, 0x4D, 0x5F, 0x4D, 0x5F, 0x4D, 0x5F, 0x4D,
    0x5F, 0x4D, 0x5F, 0x4D, 0x5F, 0x4D, 0x5F, 0x4D, 0x5F, 0x4D, 0x5F, 0x4D, 0x5F, 0x4D, 0x5F, 0x4D,
    0x5F, 0x4D, 0x5F, 0x4D, 0x5F, 0x4D, 0x5F, 0x4D, 0x5F, 0x4D, 0x5F, 0x4D, 0x5F, 0x4D, 0x5F, 0x4D,
    0x5F, 0x4D, 0x5F, 0x4D, 0x5F, 0x4D, 0x5F, 0x4D, 0x5F, 0x4D, 0x5F, 0x4D, 0x5F, 0x4D, 0x5F, 0x4D,
    0x5F, 0x4D, 0x5F, 0x4D, 0x5F, 0x4D, 0x5F, 0x4D, 0x5F, 0x4D, 0x5F, 0x4D, 0x5F, 0x4D, 0x5F, 0x4D,
    0x5F, 0x4D, 0x5F, 0x4D, 0x5F, 0x4D, 0x5F, 0x4D, 0x5F, 0x4D, 0x5F, 0x4D, 0x5F, 0x4D, 0x5F, 0xFF,
    0x4D, 0x5F, 0x4D, 0x5F, 0x4D, 0x5F, 0x4D, 0x5F, 0x4D, 0x5F, 0x4D, 0x5F, 0x4D, 0x5F, 0x4D, 0x5F,
    0x4D, 0x5F, 0x4D, 0x5F, 0x4D, 0x5F, 0x4D, 0x5F, 0x4D, 0x5F, 0x4D, 0x5F, 0x4D, 0x5F, 0x4D, 0x5F,
    0x4D, 0x5F, 0x4D, 0x5F, 0x4D, 0x5F, 0x4D, 0x5F, 0x4D, 0x5F, 0x4D, 0x5F, 0x4D, 0x5F, 0x4D, 0x5F,
    0x4D, 0x5F, 0x4D, 0x5F, 0x4D, 0x5F, 0x4D, 0x5F, 0x4D, 0x5F, 0x4D, 0x5F, 0x4D, 0x5F, 0x4D, 0x5F,
    0x4D, 0x5F, 0x4D, 0x5F, 0x4D, 0x5F, 0x4D, 0x5F, 0x4D, 0x5F, 0x4D, 0x5F, 0x4D, 0x5F, 0x4D, 0x5F,
    0x4D, 0x5F, 0x4D, 0x5F, 0x4D, 0x5F, 0x4D, 0x5F, 0x4D, 0x5F, 0x4D, 0x5F, 0x4D, 0x5F, 0x4D, 0x5F,
    0x4D, 0x5F, 0x4D, 0x5F, 0x4D, 0x5F, 0x4D, 0x5F, 0x4D, 0x5F, 0x4D, 0x5F, 0x4D, 0x5F, 0x4D, 0x5F,
    0x4D, 0x5F, 0x4D, 0x5F, 0x4D, 0x5F, 0x4D, 0x5F, 0x4D, 0x5F, 0x4D, 0x5F, 0x4D, 0x5F, 0x4D, 0x5F,
    0xF3, 0x4D, 0x5F, 0x4D, 0x5F, 0x4D, 0x5F, 0x4D, 0x5F, 0x4D, 0x5F, 0x4D, 0x5F, 0x4D, 0x5F, 0x4D,
    0x5F, 0x4D, 0x5F, 0x4D, 0x5F, 0x4D, 0x5F, 0x4D, 0x5F, 0x4D, 0x5F, 0x4D, 0x5F, 0x4D, 0x5F, 0x4D,
    0x5F, 0x4D, 0x5F, 0x4D, 0x5F, 0x4D, 0x5F, 0x4D, 0x5F, 0x4D, 0x5F, 0x4D, 0x5F, 0x4D, 0x5F, 0x4D,
    0x5F, 0x4D, 0x5F, 0x4D, 0x5F, 0x4D, 0x5F, 0x4D, 0x5F, 0x4D, 0x5F, 0x4D, 0x9F, 0x44, 0x9B, 0x1A,
    0x2C, 0x00, 0x21, 0x30, 0xA5, 0xF2, 0xF5, 0xFB, 0x57, 0xFB, 0x57, 0xFB, 0x57, 0xFB, 0x57, 0xFB,
    0x57, 0xFB, 0x57, 0xFB, 0x57, 0xFB, 0x37, 0xFB, 0x37, 0xFB, 0x37, 0xFB, 0x36, 0xFB, 0x36, 0xFB,
    0x36, 0xFB, 0x37, 0xFB, 0x36, 0xFB, 0x37, 0xFB, 0x37, 0xFB, 0x37, 0xFB, 0x37, 0xFB, 0x37, 0xFB,
    0x57, 0xFB, 0x16, 0x30, 0xA5, 0x0F, 0x00, 0x80, 0x21, 0x02, 0x00, 0xFF, 0x10, 0x41, 0xBA, 0x50,
    0xFB, 0x37, 0xFB, 0x57, 0xFB, 0x37, 0xFB, 0x36, 0xFB, 0x16, 0xFB, 0x16, 0xFB, 0x16, 0xFB, 0x36,
    0xFB, 0x36, 0xFB, 0x36, 0xFB, 0x37, 0xFB, 0x57, 0xFB, 0x57, 0xFB, 0x78, 0xFB, 0x78, 0xFB, 0x16,
    0x30, 0xA5, 0x1A, 0x2C, 0x4D, 0x9F, 0x4D, 0x5F, 0x4D, 0x5F, 0x4D, 0x5F, 0x4D, 0x5F, 0x4D, 0x5F,
    0x4D, 0x5F, 0x4D, 0x5F, 0x4D, 0x5F, 0x4D, 0x5F, 0x4D, 0x5F, 0x4D, 0x5F, 0x4D, 0x5F, 0x4D, 0x5F,
    0x4D, 0x5F, 0x4D, 0x5F, 0x4D, 0x5F, 0x4D, 0x5F, 0x4D, 0x5F, 0x4D, 0x5F, 0x4D, 0x5F, 0x4D, 0x5F,
    0x4D, 0x5F, 0x4D, 0x5F, 0x4D, 0x5F, 0x4D, 0x5F, 0x4D, 0x5F, 0x4D, 0x5F, 0x4D, 0x5F, 0x4D, 0x5F,
    0x4D, 0x5F, 0x4D, 0x5F, 0x4D, 0x5F, 0x4D, 0x5F, 0x4D, 0x5F, 0x4D, 0x5F, 0x4D, 0x5F, 0x4D, 0x5F,
    0x4D, 0x5F, 0x4D, 0x5F, 0x4D, 0x5F, 0x4D, 0x5F, 0x4D, 0x5F, 0x4D, 0x5F, 0xFF, 0x4D, 0x5F, 0x4D,
    0x5F, 0x4D, 0x5F, 0x4D, 0x5F, 0x4D, 0x5F, 0x4D, 0x5F, 0x4D, 0x5F, 0x4D, 0x5F, 0x4D, 0x5F, 0x4D,
    0x5F, 0x4D, 0x5F, 0x4D, 0x5F, 0x4D, 0x5F, 0x4D, 0x5F, 0x4D, 0x5F, 0x4D, 0x5F, 0x4D, 0x5F, 0x4D,
    0x5F, 0x4D, 0x5F, 0x4D, 0x5F, 0x4D, 0x5F, 0x4D, 0x5F, 0x4D, 0x5F, 0x4D, 0x5F, 0x4D, 0x5F, 0x4D,
    0x5F, 0x4D, 0x5F, 0x4D, 0x5F, 0x4D, 0x5F, 0x4D, 0x5F, 0x4D, 0x5F, 0x4D, 0x5F, 0x4D, 0x5F, 0x4D,
    0x5F, 0x4D, 0x5F, 0x4D, 0x5F, 0x4D, 0x5F, 0x4D, 0x5F, 0x4D, 0x5F, 0x4D, 0x5F, 0x4D, 0x5F, 0x4D,
    0x5F, 0x4D, 0x5F, 0x4D, 0x5F, 0x4D, 0x5F, 0x4D, 0x5F, 0x4D, 0x5F, 0x4D, 0x5F, 0x4D, 0x5F, 0x4D,
    0x5F, 0x4D, 0x5F, 0x4D, 0x5F, 0x4D, 0x5F, 0x4D, 0x5F, 0x4D, 0x5F, 0x4D, 0x5F, 0x4D, 0x5F, 0x4D,
    0x5F, 0x4D, 0x5F, 0x4D, 0x5F, 0x4D, 0x5F, 0x4D, 0x5F, 0x4D, 0x5F, 0x4D, 0x5F, 0xFF, 0x4D, 0x5F,
    0x4D, 0x5F, 0x4D, 0x5F, 0x4D, 0x5F, 0x4D, 0x5F, 0x4D, 0x5F, 0x4D, 0x5F, 0x4D, 0x5F, 0x4D, 0x5F,
    0x4D, 0x5F, 0x4D, 0x5F, 0x4D, 0x5F, 0x4D, 0x5F, 0x4D, 0x5F, 0x4D, 0x5F, 0x4D, 0x5F, 0x4D, 0x5F,
    0x4D, 0x5F, 0x4D, 0x5F, 0x4D, 0x5F, 0x4D, 0x5F, 0x4D, 0x5F, 0x4D, 0x5F, 0x4D, 0x5F, 0x4D, 0x5F,
    0x4D, 0x5F, 0x4D, 0x5F, 0x4D, 0x5F, 0x4D, 0x5F, 0x4D, 0x5F, 0x4D, 0x5F, 0x4D, 0x5F, 0x4D, 0x5F,
    0x4D, 0x5F, 0x4D, 0x5F, 0x4D, 0x5F, 0x4D, 0x5F, 0x4D, 0x5F, 0x4D, 0x5F, 0x4D, 0x5F, 0x4D, 0x5F,
    0x4D, 0x5F, 0x4D, 0x5F, 0x4D, 0x5F, 0x4D, 0x5F, 0x4D, 0x5F, 0x4D, 0x5F, 0x4D, 0x5F, 0x4D, 0x5F,
    0x4D, 0x5F, 0x4D, 0x5F, 0x4D, 0x5F, 0x4D, 0x5F, 0x4D, 0x5F, 0x4D, 0x5F, 0x4D, 0x5F, 0x4D, 0x5F,
    0x4D, 0x5F, 0x4D, 0x5F, 0x4D, 0x5F, 0x4D, 0x5F, 0x4D, 0x5F, 0x4D, 0x5F, 0x4D, 0x5F, 0x97, 0x4D,
    0x5F, 0x4D, 0x5F, 0x4D, 0x5F, 0x4D, 0x5F, 0x4D, 0x5F, 0x4D, 0x5F, 0x4D, 0x5F, 0x4D, 0x5F, 0x4D,
    0x5F, 0x4D, 0x9F, 0x3B, 0xB5, 0x00, 0x21, 0x06, 0x00, 0xAD, 0x20, 0x63, 0x69, 0x49, 0x79, 0x8A,
    0x79, 0x8A, 0x89, 0xCC, 0x89, 0xCC, 0xAA, 0x2F, 0xBA, 0x50, 0xCA, 0x91, 0xD2, 0xB3, 0xE2, 0xD4,
    0xE2, 0xD4, 0xE2, 0xD4, 0xE2, 0xD4, 0xE2, 0xD4, 0xE2, 0xD4, 0xE2, 0xD4, 0xE2, 0xD4, 0xD2, 0xB3,
    0xD2, 0xB3, 0xCA, 0x91, 0xA1, 0xED, 0x30, 0xA5, 0x18, 0x00, 0xFF, 0x48, 0xE6, 0x89, 0xCC, 0xCA,
    0x91, 0xF2, 0xF5, 0xFB, 0x37, 0xFB, 0x57, 0xFB, 0x37, 0xFB, 0x16, 0xF2, 0xF5, 0xE2, 0xD4, 0xD2,
    0xB3, 0xBA, 0x50, 0xA1, 0xED, 0x89, 0xCC, 0x79, 0x8A, 0x20, 0x63, 0x1A, 0x2C, 0x4D, 0x5F, 0x4D,
    0x5F, 0x4D, 0x5F, 0x4D, 0x5F, 0x4D, 0x5F, 0x4D, 0x5F, 0x4D, 0x5F, 0x4D, 0x5F, 0x4D, 0x5F, 0x4D,
    0x5F, 0x4D, 0x5F, 0x4D, 0x5F, 0x4D, 0x5F, 0x4D, 0x5F, 0x4D, 0x5F, 0x4D, 0x5F, 0x4D, 0x5F, 0x4D,
    0x5F, 0x4D, 0x5F, 0x4D, 0x5F, 0x4D, 0x5F, 0x4D, 0x5F, 0x4D, 0x5F, 0x4D, 0x5F, 0x4D, 0x5F, 0x4D,
    0x5F, 0x4D, 0x5F, 0x4D, 0x5F, 0x4D, 0x5F, 0x4D, 0x5F, 0x4D, 0x5F, 0x4D, 0x5F, 0x4D, 0x5F, 0x4D,
    0x5F, 0x4D, 0x5F, 0x4D, 0x5F, 0x4D, 0x5F, 0x4D, 0x5F, 0x4D, 0x5F, 0x4D, 0x5F, 0x4D, 0x5F, 0x4D,
    0x5F, 0x4D, 0x5F, 0x4D, 0x5F, 0x4D, 0x5F, 0x4D, 0x5F, 0x4D, 0x5F, 0xFF, 0x4D, 0x5F, 0x4D, 0x5F,
    0x4D, 0x5F, 0x4D, 0x5F, 0x4D, 0x5F, 0x4D, 0x5F, 0x4D, 0x5F, 0x4D, 0x5F, 0x4D, 0x5F, 0x4D, 0x5F,
    0x4D, 0x5F, 0x4D, 0x5F, 0x4D, 0x5F, 0x4D, 0x5F, 0x4D, 0x5F, 0x4D, 0x5F, 0x4D, 0x5F, 0x4D, 0x5F,
    0x4D, 0x5F, 0x4D, 0x5F, 0x4D, 0x5F, 0x4D, 0x5F, 0x4D, 0x5F, 0x4D, 0x5F, 0x4D, 0x5F, 0x4D, 0x5F,
    0x4D, 0x5F, 0x4D, 0x5F, 0x4D, 0x5F, 0x4D, 0x5F, 0x4D, 0x5F, 0x4D, 0x5F, 0x4D, 0x5F, 0x4D, 0x5F,
    0x4D, 0x5F, 0x4D, 0x5F, 0x4D, 0x5F, 0x4D, 0x5F, 0x4D, 0x5F, 0x4D, 0x5F, 0x4D, 0x5F, 0x4D, 0x5F,
    0x4D, 0x5F, 0x4D, 0x5F, 0x4D, 0x5F, 0x4D, 0x5F, 0x4D, 0x5F, 0x4D, 0x5F, 0x4D, 0x5F, 0x4D, 0x5F,
    0x4D, 0x5F, 0x4D, 0x5F, 0x4D, 0x5F, 0x4D, 0x5F, 0x4D, 0x5F, 0x4D, 0x5F, 0x4D, 0x5F, 0x4D, 0x5F,
    0x4D, 0x5F, 0x4D, 0x5F, 0x4D, 0x5F, 0x4D, 0x5F, 0x4D, 0x5F, 0x4D, 0x5F, 0xFF, 0x4D, 0x5F, 0x4D,
    0x5F, 0x4D, 0x5F, 0x4D, 0x5F, 0x4D, 0x5F, 0x4D, 0x5F, 0x4D, 0x5F, 0x4D, 0x5F, 0x4D, 0x5F, 0x4D,
    0x5F, 0x4D, 0x5F, 0x4D, 0x5F, 0x4D, 0x5F, 0x4D, 0x5F, 0x4D, 0x5F, 0x4D, 0x5F, 0x4D, 0x5F, 0x4D,
    0x5F, 0x4D, 0x5F, 0x4D, 0x5F, 0x4D, 0x5F, 0x4D, 0x5F, 0x4D, 0x5F, 0x4D, 0x5F, 0x4D, 0x5F, 0x4D,
    0x5F, 0x4D, 0x5F, 0x4D, 0x5F, 0x4D, 0x5F, 0x4D, 0x5F, 0x4D, 0x5F, 0x4D, 0x5F, 0x4D, 0x5F, 0x4D,
    0x5F, 0x4D, 0x5F, 0x4D, 0x5F, 0x4D, 0x5F, 0x4D, 0x5F, 0x4D, 0x5F, 0x4D, 0x5F, 0x4D, 0x5F, 0x4D,
    0x5F, 0x4D, 0x5F, 0x4D, 0x5F, 0x4D, 0x5F, 0x4D, 0x5F, 0x4D, 0x5F, 0x4D, 0x5F, 0x4D, 0x5F, 0x4D,
    0x5F, 0x4D, 0x5F, 0x4D, 0x5F, 0x4D, 0x5F, 0x4D, 0x5F, 0x4D, 0x5F, 0x4D, 0x5F, 0x4D, 0x5F, 0x4D,
    0x5F, 0x4D, 0x5F, 0x4D, 0x5F, 0x4D, 0x5F, 0x4D, 0x5F, 0x4D, 0x5F, 0x4D, 0x5F, 0x8F, 0x4D, 0x5F,
    0x4D, 0x5F, 0x4D, 0x5F, 0x4D, 0x5F, 0x4D, 0x5F, 0x4D, 0x5F, 0x4D, 0x9F, 0x3B, 0xB5, 0x1F, 0x00,
    0x90, 0x21, 0x00, 0x21, 0x00, 0x21, 0x00, 0x21, 0x00, 0x21, 0x00, 0x21, 0x00, 0x21, 0x00, 0x21,
    0x00, 0x21, 0x26, 0x00, 0x8D, 0x20, 0x63, 0x48, 0xE6, 0x59, 0x07, 0x48, 0xE6, 0x30, 0xA5, 0x10,
    0x41, 0x00, 0x21, 0x02, 0x00, 0xFF, 0x09, 0x06, 0x11, 0x68, 0x11, 0x68, 0x1A, 0x2C, 0x3B, 0xF7,
    0x4D, 0x9F, 0x4D, 0x5F, 0x4D, 0x5F, 0x4D, 0x5F, 0x4D, 0x5F, 0x4D, 0x5F, 0x4D, 0x5F, 0x4D, 0x5F,
    0x4D, 0x5F, 0x4D, 0x5F, 0x4D, 0x5F, 0x4D, 0x5F, 0x4D, 0x5F, 0x4D, 0x5F, 0x4D, 0x5F, 0x4D, 0x5F,
    0x4D, 0x5F, 0x4D, 0x5F, 0x4D, 0x5F, 0x4D, 0x5F, 0x4D, 0x5F, 0x4D, 0x5F, 0x4D, 0x5F, 0x4D, 0x5F,
    0x4D, 0x5F, 0x4D, 0x5F, 0x4D, 0x5F, 0x4D, 0x5F, 0x4D, 0x5F, 0x4D, 0x5F, 0x4D, 0x5F, 0x4D, 0x5F,
    0x4D, 0x5F, 0x4D, 0x5F, 0x4D, 0x5F, 0x4D, 0x5F, 0x4D, 0x5F, 0x4D, 0x5F, 0x4D, 0x5F, 0x4D, 0x5F,
    0x4D, 0x5F, 0x4D, 0x5F, 0x4D, 0x5F, 0x4D, 0x5F, 0x4D, 0x5F, 0x4D, 0x5F, 0x4D, 0x5F, 0x4D, 0x5F,
    0x4D, 0x5F, 0x4D, 0x5F, 0x4D, 0x5F, 0x4D, 0x5F, 0x4D, 0x5F, 0x4D, 0x5F, 0x4D, 0x5F, 0x4D, 0x5F,
    0x4D, 0x5F, 0x4D, 0x5F, 0x4D, 0x5F, 0xFF, 0x4D, 0x5F, 0x4D, 0x5F, 0x4D, 0x5F, 0x4D, 0x5F, 0x4D,
    0x5F, 0x4D, 0x5F, 0x4D, 0x5F, 0x4D, 0x5F, 0x4D, 0x5F, 0x4D, 0x5F, 0x4D, 0x5F, 0x4D, 0x5F, 0x4D,
    0x5F, 0x4D, 0x5F, 0x4D, 0x5F, 0x4D, 0x5F, 0x4D, 0x5F, 0x4D, 0x5F, 0x4D, 0x5F, 0x4D, 0x5F, 0x4D,
    0x5F, 0x4D, 0x5F, 0x4D, 0x5F, 0x4D, 0x5F, 0x4D, 0x5F, 0x4D, 0x5F, 0x4D, 0x5F, 0x4D, 0x5F, 0x4D,
    0x5F, 0x4D, 0x5F, 0x4D, 0x5F, 0x4D, 0x5F, 0x4D, 0x5F, 0x4D, 0x5F, 0x4D, 0x5F, 0x4D, 0x5F, 0x4D,
    0x5F, 0x4D, 0x5F, 0x4D, 0x5F, 0x4D, 0x5F, 0x4D, 0x5F, 0x4D, 0x5F, 0x4D, 0x5F, 0x4D, 0x5F, 0x4D,
    0x5F, 0x4D, 0x5F, 0x4D, 0x5F, 0x4D, 0x5F, 0x4D, 0x5F, 0x4D, 0x5F, 0x4D, 0x5F, 0x4D, 0x5F, 0x4D,
    0x5F, 0x4D, 0x5F, 0x4D, 0x5F, 0x4D, 0x5F, 0x4D, 0x5F, 0x4D, 0x5F, 0x4D, 0x5F, 0x4D, 0x5F, 0x4D,
    0x5F, 0x4D, 0x5F, 0x4D, 0x5F, 0x4D, 0x5F, 0xF9, 0x4D, 0x5F, 0x4D, 0x5F, 0x4D, 0x5F, 0x4D, 0x5F,
    0x4D, 0x5F, 0x4D, 0x5F, 0x4D, 0x5F, 0x4D, 0x5F, 0x4D, 0x5F, 0x4D, 0x5F, 0x4D, 0x5F, 0x4D, 0x5F,
    0x4D, 0x5F, 0x4D, 0x5F, 0x4D, 0x5F, 0x4D, 0x5F, 0x4D, 0x5F, 0x4D, 0x5F, 0x4D, 0x5F, 0x4D, 0x5F,
    0x4D, 0x5F, 0x4D, 0x5F, 0x4D, 0x5F, 0x4D, 0x5F, 0x4D, 0x5F, 0x4D, 0x5F, 0x4D, 0x5F, 0x4D, 0x5F,
    0x4D, 0x5F, 0x4D, 0x5F, 0x4D, 0x5F, 0x4D, 0x5F, 0x4D, 0x5F, 0x4D, 0x5F, 0x4D, 0x5F, 0x4D, 0x5F,
    0x4D, 0x5F, 0x4D, 0x5F, 0x4D, 0x5F, 0x4D, 0x5F, 0x4D, 0x5F, 0x4D, 0x5F, 0x4D, 0x5F, 0x4D, 0x5F,
    0x4D, 0x5F, 0x4D, 0x5F, 0x4D, 0x5F, 0x4D, 0x5F, 0x4D, 0x5F, 0x4D, 0x5F, 0x4D, 0x5F, 0x4D, 0x5F,
    0x4D, 0x5F, 0x4D, 0x5F, 0x4D, 0x5F, 0x4D, 0x5F, 0x4D, 0x5F, 0x4D, 0x5F, 0x4D, 0x9F, 0x44, 0x9B,
    0x00, 0x21, 0x66, 0x00, 0xFF, 0x09, 0x06, 0x4D, 0x1D, 0x55, 0x9F, 0x55, 0x9F, 0x55, 0x9F, 0x4D,
    0x5F, 0x4D, 0x5F, 0x4D, 0x5F, 0x4D, 0x5F, 0x4D, 0x5F, 0x4D, 0x5F, 0x4D, 0x5F, 0x4D, 0x5F, 0x4D,
    0x5F, 0x4D, 0x5F, 0x4D, 0x5F, 0x4D, 0x5F, 0x4D, 0x5F, 0x4D, 0x5F, 0x4D, 0x5F, 0x4D, 0x5F, 0x4D,
    0x5F, 0x4D, 0x5F, 0x4D, 0x5F, 0x4D, 0x5F, 0x4D, 0x5F, 0x4D, 0x5F, 0x4D, 0x5F, 0x4D, 0x5F, 0x4D,
    0x5F, 0x4D, 0x5F, 0x4D, 0x5F, 0x4D, 0x5F, 0x4D, 0x5F, 0x4D, 0x5F, 0x4D, 0x5F, 0x4D, 0x5F, 0x4D,
    0x5F, 0x4D, 0x5F, 0x4D, 0x5F, 0x4D, 0x5F, 0x4D, 0x5F, 0x4D, 0x5F, 0x4D, 0x5F, 0x4D, 0x5F, 0x4D,
    0x5F, 0x4D, 0x5F, 0x4D, 0x5F, 0x4D, 0x5F, 0x4D, 0x5F, 0x4D, 0x5F, 0x4D, 0x5F, 0x4D, 0x5F, 0x4D,
    0x5F, 0x4D, 0x5F, 0x4D, 0x5F, 0x4D, 0x5F, 0x4D, 0x5F, 0x4D, 0x5F, 0x4D, 0x5F, 0x4D, 0x5F, 0x4D,
    0x5F, 0x4D, 0x5F, 0x4D, 0x5F, 0xFF, 0x4D, 0x5F, 0x4D, 0x5F, 0x4D, 0x5F, 0x4D, 0x5F, 0x4D, 0x5F,
    0x4D, 0x5F, 0x4D, 0x5F, 0x4D, 0x5F, 0x4D, 0x5F, 0x4D, 0x5F, 0x4D, 0x5F, 0x4D, 0x5F, 0x4D, 0x5F,
    0x4D, 0x5F, 0x4D, 0x5F, 0x4D, 0x5F, 0x4D, 0x5F, 0x4D, 0x5F, 0x4D, 0x5F, 0x4D, 0x5F, 0x4D, 0x5F,
    0x4D, 0x5F, 0x4D, 0x5F, 0x4D, 0x5F, 0x4D, 0x5F, 0x4D, 0x5F, 0x4D, 0x5F, 0x4D, 0x5F, 0x4D, 0x5F,
    0x4D, 0x5F, 0x4D, 0x5F, 0x4D, 0x5F, 0x4D, 0x5F, 0x4D, 0x5F, 0x4D, 0x5F, 0x4D, 0x5F, 0x4D, 0x5F,
    0x4D, 0x5F, 0x4D, 0x5F, 0x4D, 0x5F, 0x4D, 0x5F, 0x4D, 0x5F, 0x4D, 0x5F, 0x4D, 0x5F, 0x4D, 0x5F,
    0x4D, 0x5F, 0x4D, 0x5F, 0x4D, 0x5F, 0x4D, 0x5F, 0x4D, 0x5F, 0x4D, 0x5F, 0x4D, 0x5F, 0x4D, 0x5F,
    0x4D, 0x5F, 0x4D, 0x5F, 0x4D, 0x5F, 0x4D, 0x5F, 0x4D, 0x5F, 0x4D, 0x5F, 0x4D, 0x5F, 0x4D, 0x5F,
    0x4D, 0x5F, 0x4D, 0x5F, 0x4D, 0x5F, 0xF7, 0x4D, 0x5F, 0x4D, 0x5F, 0x4D, 0x5F, 0x4D, 0x5F, 0x4D,
    0x5F, 0x4D, 0x5F, 0x4D, 0x5F, 0x4D, 0x5F, 0x4D, 0x5F, 0x4D, 0x5F, 0x4D, 0x5F, 0x4D, 0x5F, 0x4D,
    0x5F, 0x4D, 0x5F, 0x4D, 0x5F, 0x4D, 0x5F, 0x4D, 0x5F, 0x4D, 0x5F, 0x4D, 0x5F, 0x4D, 0x5F, 0x4D,
    0x5F, 0x4D, 0x5F, 0x4D, 0x5F, 0x4D, 0x5F, 0x4D, 0x5F, 0x4D, 0x5F, 0x4D, 0x5F, 0x4D, 0x5F, 0x4D,
    0x5F, 0x4D, 0x5F, 0x4D, 0x5F, 0x4D, 0x5F, 0x4D, 0x5F, 0x4D, 0x5F, 0x4D, 0x5F, 0x4D, 0x5F, 0x4D,
    0x5F, 0x4D, 0x5F, 0x4D, 0x5F, 0x4D, 0x5F, 0x4D, 0x5F, 0x4D, 0x5F, 0x4D, 0x5F, 0x4D, 0x5F, 0x4D,
    0x5F, 0x4D, 0x5F, 0x4D, 0x5F, 0x4D, 0x5F, 0x4D, 0x5F, 0x4D, 0x5F, 0x4D, 0x5F, 0x4D, 0x5F, 0x4D,
    0x5F, 0x4D, 0x5F, 0x4D, 0x5F, 0x4D, 0x5F, 0x4D, 0x5F, 0x4D, 0x5F, 0x4D, 0x7F, 0x1A, 0x2C, 0x3F,
    0x00, 0x80, 0x21, 0x05, 0x00, 0x88, 0x21, 0x10, 0x41, 0x10, 0x41, 0x10, 0x41, 0x00, 0x21, 0x1C,
    0x00, 0xFF, 0x11, 0xAA, 0x4D, 0x9F, 0x4D, 0x7F, 0x4D, 0x3F, 0x4D, 0x5F, 0x4D, 0x5F, 0x4D, 0x5F,
    0x4D, 0x5F, 0x4D, 0x5F, 0x4D, 0x5F, 0x4D, 0x5F, 0x4D, 0x5F, 0x4D, 0x5F, 0x4D, 0x5F, 0x4D, 0x5F,
    0x4D, 0x5F, 0x4D, 0x5F, 0x4D, 0x5F, 0x4D, 0x5F, 0x4D, 0x5F, 0x4D, 0x5F, 0x4D, 0x5F, 0x4D, 0x5F,
    0x4D, 0x5F, 0x4D, 0x5F, 0x4D, 0x5F, 0x4D, 0x5F, 0x4D, 0x5F, 0x4D, 0x5F, 0x4D, 0x5F, 0x4D, 0x5F,
    0x4D, 0x5F, 0x4D, 0x5F, 0x4D, 0x5F, 0x4D, 0x5F, 0x4D, 0x5F, 0x4D, 0x5F, 0x4D, 0x5F, 0x4D, 0x5F,
    0x4D, 0x5F, 0x4D, 0x5F, 0x4D, 0x5F, 0x4D, 0x5F, 0x4D, 0x5F, 0x4D, 0x5F, 0x4D, 0x5F, 0x4D, 0x5F,
    0x4D, 0x5F, 0x4D, 0x5F, 0x4D, 0x5F, 0x4D, 0x5F, 0x4D, 0x5F, 0x4D, 0x5F, 0x4D, 0x5F, 0x4D, 0x5F,
    0x4D, 0x5F, 0x4D, 0x5F, 0x4D, 0x5F, 0x4D, 0x5F, 0x4D, 0x5F, 0x4D, 0x5F, 0x4D, 0x5F, 0x4D, 0x5F,
    0x4D, 0x5F, 0xFF, 0x4D, 0x5F, 0x4D, 0x5F, 0x4D, 0x5F, 0x4D, 0x5F, 0x4D, 0x5F, 0x4D, 0x5F, 0x4D,
    0x5F, 0x4D, 0x5F, 0x4D, 0x5F, 0x4D, 0x5F, 0x4D, 0x5F, 0x4D, 0x5F, 0x4D, 0x5F, 0x4D, 0x5F, 0x4D,
    0x5F, 0x4D, 0x5F, 0x4D, 0x5F, 0x4D, 0x5F, 0x4D, 0x5F, 0x4D, 0x5F, 0x4D, 0x5F, 0x4D, 0x5F, 0x4D,
    0x5F, 0x4D, 0x5F, 0x4D, 0x5F, 0x4D, 0x5F, 0x4D, 0x5F, 0x4D, 0x5F, 0x4D, 0x5F, 0x4D, 0x5F, 0x4D,
    0x5F, 0x4D, 0x5F, 0x4D, 0x5F, 0x4D, 0x5F, 0x4D, 0x5F, 0x4D, 0x5F, 0x4D, 0x5F, 0x4D, 0x5F, 0x4D,
    0x5F, 0x4D, 0x5F, 0x4D, 0x5F, 0x4D, 0x5F, 0x4D, 0x5F, 0x4D, 0x5F, 0x4D, 0x5F, 0x4D, 0x5F, 0x4D,
    0x5F, 0x4D, 0x5F, 0x4D, 0x5F, 0x4D, 0x5F, 0x4D, 0x5F, 0x4D, 0x5F, 0x4D, 0x5F, 0x4D, 0x5F, 0x4D,
    0x5F, 0x4D, 0x5F, 0x4D, 0x5F, 0x4D, 0x5F, 0x4D, 0x5F, 0x4D, 0x5F, 0x4D, 0x5F, 0x4D, 0x5F, 0x4D,
    0x5F, 0x4D, 0x5F, 0xF5, 0x4D, 0x5F, 0x4D, 0x5F, 0x4D, 0x5F, 0x4D, 0x5F, 0x4D, 0x5F, 0x4D, 0x5F,
    0x4D, 0x5F, 0x4D, 0x5F, 0x4D, 0x5F, 0x4D, 0x5F, 0x4D, 0x5F, 0x4D, 0x5F, 0x4D, 0x5F, 0x4D, 0x5F,
    0x4D, 0x5F, 0x4D, 0x5F, 0x4D, 0x5F, 0x4D, 0x5F, 0x4D, 0x5F, 0x4D, 0x5F, 0x4D, 0x5F, 0x4D, 0x5F,
    0x4D, 0x5F, 0x4D, 0x5F, 0x4D, 0x5F, 0x4D, 0x5F, 0x4D, 0x5F, 0x4D, 0x5F, 0x4D, 0x5F, 0x4D, 0x5F,
    0x4D, 0x5F, 0x4D, 0x5F, 0x4D, 0x5F, 0x4D, 0x5F, 0x4D, 0x5F, 0x4D, 0x5F, 0x4D, 0x5F, 0x4D, 0x5F,
    0x4D, 0x5F, 0x4D, 0x5F, 0x4D, 0x5F, 0x4D, 0x5F, 0x4D, 0x5F, 0x4D, 0x5F, 0x4D, 0x5F, 0x4D, 0x5F,
    0x4D, 0x5F, 0x4D, 0x5F, 0x4D, 0x5F, 0x4D, 0x5F, 0x4D, 0x5F, 0x4D, 0x5F, 0x4D, 0x5F, 0x4D, 0x5F,
    0x4D, 0x5F, 0x4D, 0x5F, 0x4D, 0x7F, 0x44, 0x9B, 0x08, 0x83, 0x12, 0x00, 0xD7, 0x48, 0xE6, 0xA1,
    0xED, 0xBA, 0x50, 0xBA, 0x50, 0xBA, 0x50, 0xBA, 0x50, 0xBA, 0x50, 0xBA, 0x50, 0xBA, 0x50, 0xBA,
    0x50, 0xBA, 0x50, 0xBA, 0x50, 0xBA, 0x50, 0xBA, 0x50, 0xBA, 0x50, 0xCA, 0x91, 0xCA, 0x91, 0xCA,
    0x91, 0xCA, 0x91, 0xCA, 0x91, 0xCA, 0x91, 0xCA, 0x91, 0xCA, 0x91, 0xCA, 0x91, 0xD2, 0xB3, 0xD2,
    0xB3, 0xE2, 0xD4, 0xE2, 0xD4, 0xE2, 0xD4, 0xD2, 0xB3, 0xCA, 0x91, 0xCA, 0x91, 0xBA, 0x50, 0xBA,
    0x50, 0xAA, 0x2F, 0xA1, 0xED, 0x89, 0xCC, 0x89, 0xCC, 0x79, 0x8A, 0x69, 0x49, 0x59, 0x07, 0x59,
    0x07, 0x48, 0xE6, 0x10, 0x41, 0x02, 0x00, 0xFF, 0x22, 0x6E, 0x4D, 0x1D, 0x55, 0x9F, 0x4D, 0x5F,
    0x4D, 0x5F, 0x4D, 0x5F, 0x4D, 0x5F, 0x4D, 0x5F, 0x4D, 0x5F, 0x4D, 0x5F, 0x4D, 0x5F, 0x4D, 0x5F,
    0x4D, 0x5F, 0x4D, 0x5F, 0x4D, 0x5F, 0x4D, 0x5F, 0x4D, 0x5F, 0x4D, 0x5F, 0x4D, 0x5F, 0x4D, 0x5F,
    0x4D, 0x5F, 0x4D, 0x5F, 0x4D, 0x5F, 0x4D, 0x5F, 0x4D, 0x5F, 0x4D, 0x5F, 0x4D, 0x5F, 0x4D, 0x5F,
    0x4D, 0x5F, 0x4D, 0x5F, 0x4D, 0x5F, 0x4D, 0x5F, 0x4D, 0x5F, 0x4D, 0x5F, 0x4D, 0x5F, 0x4D, 0x5F,
    0x4D, 0x5F, 0x4D, 0x5F, 0x4D, 0x5F, 0x4D, 0x5F, 0x4D, 0x5F, 0x4D, 0x5F, 0x4D, 0x5F, 0x4D, 0x5F,
    0x4D, 0x5F, 0x4D, 0x5F, 0x4D, 0x5F, 0x4D, 0x5F, 0x4D, 0x5F, 0x4D, 0x5F, 0x4D, 0x5F, 0x4D, 0x5F,
    0x4D, 0x5F, 0x4D, 0x5F, 0x4D, 0x5F, 0x4D, 0x5F, 0x4D, 0x5F, 0x4D, 0x5F, 0x4D, 0x5F, 0x4D, 0x5F,
    0x4D, 0x5F, 0x4D, 0x5F, 0x4D, 0x5F, 0x4D, 0x5F, 0xFF, 0x4D, 0x5F, 0x4D, 0x5F, 0x4D, 0x5F, 0x4D,
    0x5F, 0x4D, 0x5F, 0x4D, 0x5F, 0x4D, 0x5F, 0x4D, 0x5F, 0x4D, 0x5F, 0x4D, 0x5F, 0x4D, 0x5F, 0x4D,
    0x5F, 0x4D, 0x5F, 0x4D, 0x5F, 0x4D, 0x5F, 0x4D, 0x5F, 0x4D, 0x5F, 0x4D, 0x5F, 0x4D, 0x5F, 0x4D,
    0x5F, 0x4D, 0x5F, 0x4D, 0x5F, 0x4D, 0x5F, 0x4D, 0x5F, 0x4D, 0x5F, 0x4D, 0x5F, 0x4D, 0x5F, 0x4D,
    0x5F, 0x4D, 0x5F, 0x4D, 0x5F, 0x4D, 0x5F, 0x4D, 0x5F, 0x4D, 0x5F, 0x4D, 0x5F, 0x4D, 0x5F, 0x4D,
    0x5F, 0x4D, 0x5F, 0x4D, 0x5F, 0x4D, 0x5F, 0x4D, 0x5F, 0x4D, 0x5F, 0x4D, 0x5F, 0x4D, 0x5F, 0x4D,
    0x5F, 0x4D, 0x5F, 0x4D, 0x5F, 0x4D, 0x5F, 0x4D, 0x5F, 0x4D, 0x5F, 0x4D, 0x5F, 0x4D, 0x5F, 0x4D,
    0x5F, 0x4D, 0x5F, 0x4D, 0x5F, 0x4D, 0x5F, 0x4D, 0x5F, 0x4D, 0x5F, 0x4D, 0x5F, 0x4D, 0x5F, 0x4D,
    0x5F, 0x4D, 0x5F, 0x4D, 0x5F, 0x4D, 0x5F, 0x4D, 0x5F, 0xF1, 0x4D, 0x5F, 0x4D, 0x5F, 0x4D, 0x5F,
    0x4D, 0x5F, 0x4D, 0x5F, 0x4D, 0x5F, 0x4D, 0x5F, 0x4D, 0x5F, 0x4D, 0x5F, 0x4D, 0x5F, 0x4D, 0x5F,
    0x4D, 0x5F, 0x4D, 0x5F, 0x4D, 0x5F, 0x4D, 0x5F, 0x4D, 0x5F, 0x4D, 0x5F, 0x4D, 0x5F, 0x4D, 0x5F,
    0x4D, 0x5F, 0x4D, 0x5F, 0x4D, 0x5F, 0x4D, 0x5F, 0x4D, 0x5F, 0x4D, 0x5F, 0x4D, 0x5F, 0x4D, 0x5F,
    0x4D, 0x5F, 0x4D, 0x5F, 0x4D, 0x5F, 0x4D, 0x5F, 0x4D, 0x5F, 0x4D, 0x5F, 0x4D, 0x5F, 0x4D, 0x5F,
    0x4D, 0x5F, 0x4D, 0x5F, 0x4D, 0x5F, 0x4D, 0x5F, 0x4D, 0x5F, 0x4D, 0x5F, 0x4D, 0x5F, 0x4D, 0x5F,
    0x4D, 0x5F, 0x4D, 0x5F, 0x4D, 0x5F, 0x4D, 0x5F, 0x4D, 0x5F, 0x4D, 0x5F, 0x4D, 0x5F, 0x4D, 0x5F,
    0x4D, 0x5F, 0x4D, 0x5F, 0x4D, 0x5F, 0x4D, 0x5F, 0x55, 0x9F, 0x3B, 0xB5, 0x10, 0x00, 0xFF, 0x20,
    0x63, 0xBA, 0x50, 0xFB, 0x37, 0xFB, 0x57, 0xFB, 0x57, 0xFB, 0x57, 0xFB, 0x57, 0xFB, 0x57, 0xFB,
    0x57, 0xFB, 0x57, 0xFB, 0x57, 0xFB, 0x57, 0xFB, 0x57, 0xFB, 0x57, 0xFB, 0x57, 0xFB, 0x57, 0xFB,
    0x57, 0xFB, 0x37, 0xFB, 0x57, 0xFB, 0x37, 0xFB, 0x37, 0xFB, 0x37, 0xFB, 0x37, 0xFB, 0x37, 0xFB,
    0x37, 0xFB, 0x37, 0xFB, 0x37, 0xFB, 0x37, 0xFB, 0x36, 0xFB, 0x36, 0xFB, 0x36, 0xFB, 0x37, 0xFB,
    0x37, 0xFB, 0x37, 0xFB, 0x57, 0xFB, 0x57, 0xFB, 0x57, 0xFB, 0x57, 0xFB, 0x57, 0xFB, 0x57, 0xFB,
    0x57, 0xFB, 0x57, 0xFB, 0x57, 0xFB, 0x37, 0xFB, 0x36, 0xF2, 0xF5, 0xBA, 0x50, 0x48, 0xE6, 0x08,
    0x83, 0x22, 0xD0, 0x4D, 0x9F, 0x4D, 0x7F, 0x4D, 0x5F, 0x4D, 0x5F, 0x4D, 0x5F, 0x4D, 0x5F, 0x4D,
    0x5F, 0x4D, 0x5F, 0x4D, 0x5F, 0x4D, 0x5F, 0x4D, 0x5F, 0x4D, 0x5F, 0x4D, 0x5F, 0x4D, 0x5F, 0xFF,
    0x4D, 0x5F, 0x4D, 0x5F, 0x4D, 0x5F, 0x4D, 0x5F, 0x4D, 0x5F, 0x4D, 0x5F, 0x4D, 0x5F, 0x4D, 0x5F,
    0x4D, 0x5F, 0x4D, 0x5F, 0x4D, 0x5F, 0x4D, 0x5F, 0x4D, 0x5F, 0x4D, 0x5F, 0x4D, 0x5F, 0x4D, 0x5F,
    0x4D, 0x5F, 0x4D, 0x5F, 0x4D, 0x5F, 0x4D, 0x5F, 0x4D, 0x5F, 0x4D, 0x5F, 0x4D, 0x5F, 0x4D, 0x5F,
    0x4D, 0x5F, 0x4D, 0x5F, 0x4D, 0x5F, 0x4D, 0x5F, 0x4D, 0x5F, 0x4D, 0x5F, 0x4D, 0x5F, 0x4D, 0x5F,
    0x4D, 0x5F, 0x4D, 0x5F, 0x4D, 0x5F, 0x4D, 0x5F, 0x4D, 0x5F, 0x4D, 0x5F, 0x4D, 0x5F, 0x4D, 0x5F,
    0x4D, 0x5F, 0x4D, 0x5F, 0x4D, 0x5F, 0x4D, 0x5F, 0x4D, 0x5F, 0x4D, 0x5F, 0x4D, 0x5F, 0x4D, 0x5F,
    0x4D, 0x5F, 0x4D, 0x5F, 0x4D, 0x5F, 0x4D, 0x5F, 0x4D, 0x5F, 0x4D, 0x5F, 0x4D, 0x5F, 0x4D, 0x5F,
    0x4D, 0x5F, 0x4D, 0x5F, 0x4D, 0x5F, 0x4D, 0x5F, 0x4D, 0x5F, 0x4D, 0x5F, 0x4D, 0x5F, 0x4D, 0x5F,
    0xFF, 0x4D, 0x5F, 0x4D, 0x5F, 0x4D, 0x5F, 0x4D, 0x5F, 0x4D, 0x5F, 0x4D, 0x5F, 0x4D, 0x5F, 0x4D,
    0x5F, 0x4D, 0x5F, 0x4D, 0x5F, 0x4D, 0x5F, 0x4D, 0x5F, 0x4D, 0x5F, 0x4D, 0x5F, 0x4D, 0x5F, 0x4D,
    0x5F, 0x4D, 0x5F, 0x4D, 0x5F, 0x4D, 0x5F, 0x4D, 0x5F, 0x4D, 0x5F, 0x4D, 0x5F, 0x4D, 0x5F, 0x4D,
    0x5F, 0x4D, 0x5F, 0x4D, 0x5F, 0x4D, 0x5F, 0x4D, 0x5F, 0x4D, 0x5F, 0x4D, 0x5F, 0x4D, 0x5F, 0x4D,
    0x5F, 0x4D, 0x5F, 0x4D, 0x5F, 0x4D, 0x5F, 0x4D, 0x5F, 0x4D, 0x5F, 0x4D, 0x5F, 0x4D, 0x5F, 0x4D,
    0x5F, 0x4D, 0x5F, 0x4D, 0x5F, 0x4D, 0x5F, 0x4D, 0x5F, 0x4D, 0x5F, 0x4D, 0x5F, 0x4D, 0x5F, 0x4D,
    0x5F, 0x4D, 0x5F, 0x4D, 0x5F, 0x4D, 0x5F, 0x4D, 0x5F, 0x4D, 0x5F, 0x4D, 0x5F, 0x4D, 0x5F, 0x4D,
    0x5F, 0x4D, 0x5F, 0x4D, 0x5F, 0x4D, 0x5F, 0x4D, 0x5F, 0x4D, 0x5F, 0x4D, 0x5F, 0x4D, 0x5F, 0x4D,
    0x5F, 0xCF, 0x4D, 0x5F, 0x4D, 0x5F, 0x4D, 0x5F, 0x4D, 0x5F, 0x4D, 0x5F, 0x4D, 0x5F, 0x4D, 0x5F,
    0x4D, 0x5F, 0x4D, 0x5F, 0x4D, 0x5F, 0x4D, 0x5F, 0x4D, 0x5F, 0x4D, 0x5F, 0x4D, 0x5F, 0x4D, 0x5F,
    0x4D, 0x5F, 0x4D, 0x5F, 0x4D, 0x5F, 0x4D, 0x5F, 0x4D, 0x5F, 0x4D, 0x5F, 0x4D, 0x5F, 0x4D, 0x5F,
    0x4D, 0x5F, 0x4D, 0x5F, 0x4D, 0x5F, 0x4D, 0x5F, 0x4D, 0x5F, 0x4D, 0x5F, 0x4D, 0x5F, 0x4D, 0x5F,
    0x4D, 0x5F, 0x4D, 0x5F, 0x4D, 0x5F, 0x4D, 0x5F, 0x4D, 0x5F, 0x4D, 0x5F, 0x4D, 0x5F, 0x55, 0x9F,
    0x22, 0xD0, 0x0E, 0x00, 0xFF, 0x30, 0xA5, 0xF2, 0xF5, 0xFB, 0x57, 0xFB, 0x16, 0xFB, 0x16, 0xFB,
    0x16, 0xFB, 0x16, 0xFB, 0x16, 0xFB, 0x16, 0xFB, 0x16, 0xFB, 0x16, 0xFB, 0x16, 0xFB, 0x16, 0xFB,
    0x16, 0xFB, 0x16, 0xFB, 0x16, 0xFB, 0x16, 0xFB, 0x16, 0xFB, 0x16, 0xFB, 0x16, 0xFB, 0x16, 0xFB,
    0x16, 0xFB, 0x16, 0xFB, 0x16, 0xFB, 0x16, 0xFB, 0x16, 0xFB, 0x16, 0xFB, 0x16, 0xFB, 0x16, 0xFB,
    0x16, 0xFB, 0x36, 0xFB, 0x36, 0xFB, 0x16, 0xFB, 0x16, 0xFB, 0x16, 0xFB, 0x16, 0xFB, 0x16, 0xFB,
    0x16, 0xFB, 0x16, 0xFB, 0x16, 0xFB, 0x16, 0xFB, 0x16, 0xFB, 0x16, 0xFB, 0x16, 0xFB, 0x16, 0xFB,
    0x36, 0xFB, 0x36, 0xFB, 0x57, 0xFB, 0x78, 0xCA, 0x91, 0x20, 0x63, 0x11, 0xAA, 0x4D, 0x5F, 0x4D,
    0x5F, 0x4D, 0x5F, 0x4D, 0x5F, 0x4D, 0x5F, 0x4D, 0x5F, 0x4D, 0x5F, 0x4D, 0x5F, 0x4D, 0x5F, 0x4D,
    0x5F, 0x4D, 0x5F, 0x4D, 0x5F, 0xFF, 0x4D, 0x5F, 0x4D, 0x5F, 0x4D, 0x5F, 0x4D, 0x5F, 0x4D, 0x5F,
    0x4D, 0x5F, 0x4D, 0x5F, 0x4D, 0x5F, 0x4D, 0x5F, 0x4D, 0x5F, 0x4D, 0x5F, 0x4D, 0x5F, 0x4D, 0x5F,
    0x4D, 0x5F, 0x4D, 0x5F, 0x4D, 0x5F, 0x4D, 0x5F, 0x4D, 0x5F, 0x4D, 0x5F, 0x4D, 0x5F, 0x4D, 0x5F,
    0x4D, 0x5F, 0x4D, 0x5F, 0x4D, 0x5F, 0x4D, 0x5F, 0x4D, 0x5F, 0x4D, 0x5F, 0x4D, 0x5F, 0x4D, 0x5F,
    0x4D, 0x5F, 0x4D, 0x5F, 0x4D, 0x5F, 0x4D, 0x5F, 0x4D, 0x5F, 0x4D, 0x5F, 0x4D, 0x5F, 0x4D, 0x5F,
    0x4D, 0x5F, 0x4D, 0x5F, 0x4D, 0x5F, 0x4D, 0x5F, 0x4D, 0x5F, 0x4D, 0x5F, 0x4D, 0x5F, 0x4D, 0x5F,
    0x4D, 0x5F, 0x4D, 0x5F, 0x4D, 0x5F, 0x4D, 0x5F, 0x4D, 0x5F, 0x4D, 0x5F, 0x4D, 0x5F, 0x4D, 0x5F,
    0x4D, 0x5F, 0x4D, 0x5F, 0x4D, 0x5F, 0x4D, 0x5F, 0x4D, 0x5F, 0x4D, 0x5F, 0x4D, 0x5F, 0x4D, 0x5F,
    0x4D, 0x5F, 0x4D, 0x5F, 0x4D, 0x5F, 0xFF, 0x4D, 0x5F, 0x4D, 0x5F, 0x4D, 0x5F, 0x4D, 0x5F, 0x4D,
    0x5F, 0x4D, 0x5F, 0x4D, 0x5F, 0x4D, 0x5F, 0x4D, 0x5F, 0x4D, 0x5F, 0x4D, 0x5F, 0x4D, 0x5F, 0x4D,
    0x5F, 0x4D, 0x5F, 0x4D, 0x5F, 0x4D, 0x5F, 0x4D, 0x5F, 0x4D, 0x5F, 0x4D, 0x5F, 0x4D, 0x5F, 0x4D,
    0x5F, 0x4D, 0x5F, 0x4D, 0x5F, 0x4D, 0x5F, 0x4D, 0x5F, 0x4D, 0x5F, 0x4D, 0x5F, 0x4D, 0x5F, 0x4D,
    0x5F, 0x4D, 0x5F, 0x4D, 0x5F, 0x4D, 0x5F, 0x4D, 0x5F, 0x4D, 0x5F, 0x4D, 0x5F, 0x4D, 0x5F, 0x4D,
    0x5F, 0x4D, 0x5F, 0x4D, 0x5F, 0x4D, 0x5F, 0x4D, 0x5F, 0x4D, 0x5F, 0x4D, 0x5F, 0x4D, 0x5F, 0x4D,
    0x5F, 0x4D, 0x5F, 0x4D, 0x5F, 0x4D, 0x5F, 0x4D, 0x5F, 0x4D, 0x5F, 0x4D, 0x5F, 0x4D, 0x5F, 0x4D,
    0x5F, 0x4D, 0x5F, 0x4D, 0x5F, 0x4D, 0x5F, 0x4D, 0x5F, 0x4D, 0x5F, 0x4D, 0x5F, 0x4D, 0x5F, 0x4D,
    0x5F, 0x4D, 0x5F, 0x4D, 0x5F, 0x4D, 0x5F, 0xD1, 0x4D, 0x5F, 0x4D, 0x5F, 0x4D, 0x5F, 0x4D, 0x5F,
    0x4D, 0x5F, 0x4D, 0x5F, 0x4D, 0x5F, 0x4D, 0x5F, 0x4D, 0x5F, 0x4D, 0x5F, 0x4D, 0x5F, 0x4D, 0x5F,
    0x4D, 0x5F, 0x4D, 0x5F, 0x4D, 0x5F, 0x4D, 0x5F, 0x4D, 0x5F, 0x4D, 0x5F, 0x4D, 0x5F, 0x4D, 0x5F,
    0x4D, 0x5F, 0x4D, 0x5F, 0x4D, 0x5F, 0x4D, 0x5F, 0x4D, 0x5F, 0x4D, 0x5F, 0x4D, 0x5F, 0x4D, 0x5F,
    0x4D, 0x5F, 0x4D, 0x5F, 0x4D, 0x5F, 0x4D, 0x5F, 0x4D, 0x5F, 0x4D, 0x5F, 0x4D, 0x5F, 0x4D, 0x5F,
    0x4D, 0x5F, 0x4D, 0x5F, 0x4D, 0x5F, 0x4D, 0x9F, 0x22, 0x6E, 0x0C, 0x00, 0xFF, 0x10, 0x41, 0xE2,
    0xD4, 0xFB, 0x37, 0xFB, 0x16, 0xFB, 0x36, 0xFB, 0x36, 0xFB, 0x36, 0xFB, 0x36, 0xFB, 0x36, 0xFB,
    0x36, 0xFB, 0x36, 0xFB, 0x36, 0xFB, 0x36, 0xFB, 0x36, 0xFB, 0x36, 0xFB, 0x36, 0xFB, 0x36, 0xFB,
    0x36, 0xFB, 0x36, 0xFB, 0x36, 0xFB, 0x36, 0xFB, 0x36, 0xFB, 0x36, 0xFB, 0x36, 0xFB, 0x36, 0xFB,
    0x36, 0xFB, 0x36, 0xFB, 0x36, 0xFB, 0x36, 0xFB, 0x36, 0xFB, 0x36, 0xFB, 0x36, 0xFB, 0x36, 0xFB,
    0x36, 0xFB, 0x36, 0xFB, 0x36, 0xFB, 0x36, 0xFB, 0x36, 0xFB, 0x36, 0xFB, 0x36, 0xFB, 0x36, 0xFB,
    0x36, 0xFB, 0x36, 0xFB, 0x36, 0xFB, 0x36, 0xFB, 0x36, 0xFB, 0x36, 0xFB, 0x36, 0xFB, 0x16, 0xFB,
    0x16, 0xFB, 0x57, 0xFB, 0x36, 0x30, 0xA5, 0x1A, 0x2C, 0x4D, 0x9F, 0x4D, 0x5F, 0x4D, 0x5F, 0x4D,
    0x5F, 0x4D, 0x5F, 0x4D, 0x5F, 0x4D, 0x5F, 0x4D, 0x5F, 0x4D, 0x5F, 0x4D, 0x5F, 0xFF, 0x4D, 0x5F,
    0x4D, 0x5F, 0x4D, 0x5F, 0x4D, 0x5F, 0x4D, 0x5F, 0x4D, 0x5F, 0x4D, 0x5F, 0x4D, 0x5F, 0x4D, 0x5F,
    0x4D, 0x5F, 0x4D, 0x5F, 0x4D, 0x5F, 0x4D, 0x5F, 0x4D, 0x5F, 0x4D, 0x5F, 0x4D, 0x5F, 0x4D, 0x5F,
    0x4D, 0x5F, 0x4D, 0x5F, 0x4D, 0x5F, 0x4D, 0x5F, 0x4D, 0x5F, 0x4D, 0x5F, 0x4D, 0x5F, 0x4D, 0x5F,
    0x4D, 0x5F, 0x4D, 0x5F, 0x4D, 0x5F, 0x4D, 0x5F, 0x4D, 0x5F, 0x4D, 0x5F, 0x4D, 0x5F, 0x4D, 0x5F,
    0x4D, 0x5F, 0x4D, 0x5F, 0x4D, 0x5F, 0x4D, 0x5F, 0x4D, 0x5F, 0x4D, 0x5F, 0x4D, 0x5F, 0x4D, 0x5F,
    0x4D, 0x5F, 0x4D, 0x5F, 0x4D, 0x5F, 0x4D, 0x5F, 0x4D, 0x5F, 0x4D, 0x5F, 0x4D, 0x5F, 0x4D, 0x5F,
    0x4D, 0x5F, 0x4D, 0x5F, 0x4D, 0x5F, 0x4D, 0x5F, 0x4D, 0x5F, 0x4D, 0x5F, 0x4D, 0x5F, 0x4D, 0x5F,
    0x4D, 0x5F, 0x4D, 0x5F, 0x4D, 0x5F, 0x4D, 0x5F, 0x4D, 0x5F, 0x4D, 0x5F, 0x4D, 0x5F, 0xFF, 0x4D,
    0x5F, 0x4D, 0x5F, 0x4D, 0x5F, 0x4D, 0x5F, 0x4D, 0x5F, 0x4D, 0x5F, 0x4D, 0x5F, 0x4D, 0x5F, 0x4D,
    0x5F, 0x4D, 0x5F, 0x4D, 0x5F, 0x4D, 0x5F, 0x4D, 0x5F, 0x4D, 0x5F, 0x4D, 0x5F, 0x4D, 0x5F, 0x4D,
    0x5F, 0x4D, 0x5F, 0x4D, 0x5F, 0x4D, 0x5F, 0x4D, 0x5F, 0x4D, 0x5F, 0x4D, 0x5F, 0x4D, 0x5F, 0x4D,
    0x5F, 0x4D, 0x5F, 0x4D, 0x5F, 0x4D, 0x5F, 0x4D, 0x5F, 0x4D, 0x5F, 0x4D, 0x5F, 0x4D, 0x5F, 0x4D,
    0x5F, 0x4D, 0x5F, 0x4D, 0x5F, 0x4D, 0x5F, 0x4D, 0x5F, 0x4D, 0x5F, 0x4D, 0x5F, 0x4D, 0x5F, 0x4D,
    0x5F, 0x4D, 0x5F, 0x4D, 0x5F, 0x4D, 0x5F, 0x4D, 0x5F, 0x4D, 0x5F, 0x4D, 0x5F, 0x4D, 0x5F, 0x4D,
    0x5F, 0x4D, 0x5F, 0x4D, 0x5F, 0x4D, 0x5F, 0x4D, 0x5F, 0x4D, 0x5F, 0x4D, 0x5F, 0x4D, 0x5F, 0x4D,
    0x5F, 0x4D, 0x5F, 0x4D, 0x5F, 0x4D, 0x5F, 0x4D, 0x5F, 0x4D, 0x5F, 0x4D, 0x5F, 0x4D, 0x5F, 0xD3,
    0x4D, 0x5F, 0x4D, 0x5F, 0x4D, 0x5F, 0x4D, 0x5F, 0x4D, 0x5F, 0x4D, 0x5F, 0x4D, 0x5F, 0x4D, 0x5F,
    0x4D, 0x5F, 0x4D, 0x5F, 0x4D, 0x5F, 0x4D, 0x5F, 0x4D, 0x5F, 0x4D, 0x5F, 0x4D, 0x5F, 0x4D, 0x5F,
    0x4D, 0x5F, 0x4D, 0x5F, 0x4D, 0x5F, 0x4D, 0x5F, 0x4D, 0x5F, 0x4D, 0x5F, 0x4D, 0x5F, 0x4D, 0x5F,
    0x4D, 0x5F, 0x4D, 0x5F, 0x4D, 0x5F, 0x4D, 0x5F, 0x4D, 0x5F, 0x4D, 0x5F, 0x4D, 0x5F, 0x4D, 0x5F,
    0x4D, 0x5F, 0x4D, 0x5F, 0x4D, 0x5F, 0x4D, 0x5F, 0x4D, 0x5F, 0x4D, 0x5F, 0x4D, 0x5F, 0x4D, 0x5F,
    0x4D, 0x9F, 0x22, 0x6E, 0x0C, 0x00, 0xFF, 0x89, 0xCC, 0xFB, 0x57, 0xFB, 0x16, 0xFB, 0x36, 0xFB,
    0x36, 0xFB, 0x36, 0xFB, 0x36, 0xFB, 0x36, 0xFB, 0x36, 0xFB, 0x36, 0xFB, 0x36, 0xFB, 0x36, 0xFB,
    0x36, 0xFB, 0x36, 0xFB, 0x36, 0xFB, 0x36, 0xFB, 0x36, 0xFB, 0x36, 0xFB, 0x36, 0xFB, 0x36, 0xFB,
    0x36, 0xFB, 0x36, 0xFB, 0x36, 0xFB, 0x36, 0xFB, 0x36, 0xFB, 0x36, 0xFB, 0x36, 0xFB, 0x36, 0xFB,
    0x36, 0xFB, 0x36, 0xFB, 0x36, 0xFB, 0x36, 0xFB, 0x36, 0xFB, 0x36, 0xFB, 0x36, 0xFB, 0x36, 0xFB,
    0x36, 0xFB, 0x36, 0xFB, 0x36, 0xFB, 0x36, 0xFB, 0x36, 0xFB, 0x36, 0xFB, 0x36, 0xFB, 0x36, 0xFB,
    0x36, 0xFB, 0x36, 0xFB, 0x36, 0xFB, 0x36, 0xFB, 0x36, 0xFB, 0x36, 0xFB, 0x16, 0xFB, 0x37, 0xE2,
    0xD4, 0x10, 0x41, 0x3B, 0xF7, 0x4D, 0x9F, 0x4D, 0x5F, 0x4D, 0x5F, 0x4D, 0x5F, 0x4D, 0x5F, 0x4D,
    0x5F, 0x4D, 0x5F, 0x4D, 0x5F, 0x4D, 0x5F, 0xFF, 0x4D, 0x5F, 0x4D, 0x5F, 0x4D, 0x5F, 0x4D, 0x5F,
    0x4D, 0x5F, 0x4D, 0x5F, 0x4D, 0x5F, 0x4D, 0x5F, 0x4D, 0x5F, 0x4D, 0x5F, 0x4D, 0x5F, 0x4D, 0x5F,
    0x4D, 0x5F, 0x4D, 0x5F, 0x4D, 0x5F, 0x4D, 0x5F, 0x4D, 0x5F, 0x4D, 0x5F, 0x4D, 0x5F, 0x4D, 0x5F,
    0x4D, 0x5F, 0x4D, 0x5F, 0x4D, 0x5F, 0x4D, 0x5F, 0x4D, 0x5F, 0x4D, 0x5F, 0x4D, 0x5F, 0x4D, 0x5F,
    0x4D, 0x5F, 0x4D, 0x5F, 0x4D, 0x5F, 0x4D, 0x5F, 0x4D, 0x5F, 0x4D, 0x5F, 0x4D, 0x5F, 0x4D, 0x5F,
    0x4D, 0x5F, 0x4D, 0x5F, 0x4D, 0x5F, 0x4D, 0x5F, 0x4D, 0x5F, 0x4D, 0x5F, 0x4D, 0x5F, 0x4D, 0x5F,
    0x4D, 0x5F, 0x4D, 0x5F, 0x4D, 0x5F, 0x4D, 0x5F, 0x4D, 0x5F, 0x4D, 0x5F, 0x4D, 0x5F, 0x4D, 0x5F,
    0x4D, 0x5F, 0x4D, 0x5F, 0x4D, 0x5F, 0x4D, 0x5F, 0x4D, 0x5F, 0x4D, 0x5F, 0x4D, 0x5F, 0x4D, 0x5F,
    0x4D, 0x5F, 0x4D, 0x5F, 0x4D, 0x5F, 0x4D, 0x5F, 0xFF, 0x4D, 0x5F, 0x4D, 0x5F, 0x4D, 0x5F, 0x4D,
    0x5F, 0x4D, 0x5F, 0x4D, 0x5F, 0x4D, 0x5F, 0x4D, 0x5F, 0x4D, 0x5F, 0x4D, 0x5F, 0x4D, 0x5F, 0x4D,
    0x5F, 0x4D, 0x5F, 0x4D, 0x5F, 0x4D, 0x5F, 0x4D, 0x5F, 0x4D, 0x5F, 0x4D, 0x5F, 0x4D, 0x5F, 0x4D,
    0x5F, 0x4D, 0x5F, 0x4D, 0x5F, 0x4D, 0x5F, 0x4D, 0x5F, 0x4D, 0x5F, 0x4D, 0x5F, 0x4D, 0x5F, 0x4D,
    0x5F, 0x4D, 0x5F, 0x4D, 0x5F, 0x4D, 0x5F, 0x4D, 0x5F, 0x4D, 0x5F, 0x4D, 0x5F, 0x4D, 0x5F, 0x4D,
    0x5F, 0x4D, 0x5F, 0x4D, 0x5F, 0x4D, 0x5F, 0x4D, 0x5F, 0x4D, 0x5F, 0x4D, 0x5F, 0x4D, 0x5F, 0x4D,
    0x5F, 0x4D, 0x5F, 0x4D, 0x5F, 0x4D, 0x5F, 0x4D, 0x5F, 0x4D, 0x5F, 0x4D, 0x5F, 0x4D, 0x5F, 0x4D,
    0x5F, 0x4D, 0x5F, 0x4D, 0x5F, 0x4D, 0x5F, 0x4D, 0x5F, 0x4D, 0x5F, 0x4D, 0x5F, 0x4D, 0x5F, 0x4D,
    0x5F, 0x4D, 0x5F, 0x4D, 0x5F, 0x4D, 0x5F, 0x4D, 0x5F, 0xD3, 0x4D, 0x5F, 0x4D, 0x5F, 0x4D, 0x5F,
    0x4D, 0x5F, 0x4D, 0x5F, 0x4D, 0x5F, 0x4D, 0x5F, 0x4D, 0x5F, 0x4D, 0x5F, 0x4D, 0x5F, 0x4D, 0x5F,
    0x4D, 0x5F, 0x4D, 0x5F, 0x4D, 0x5F, 0x4D, 0x5F, 0x4D, 0x5F, 0x4D, 0x5F, 0x4D, 0x5F, 0x4D, 0x5F,
    0x4D, 0x5F, 0x4D, 0x5F, 0x4D, 0x5F, 0x4D, 0x5F, 0x4D, 0x5F, 0x4D, 0x5F, 0x4D, 0x5F, 0x4D, 0x5F,
    0x4D, 0x5F, 0x4D, 0x5F, 0x4D, 0x5F, 0x4D, 0x5F, 0x4D, 0x5F, 0x4D, 0x5F, 0x4D, 0x5F, 0x4D, 0x5F,
    0x4D, 0x5F, 0x4D, 0x5F, 0x4D, 0x5F, 0x4D, 0x5F, 0x4D, 0x5F, 0x4D, 0x9F, 0x1A, 0x2C, 0x0A, 0x00,
    0xFF, 0x10, 0x41, 0xE2, 0xD4, 0xFB, 0x37, 0xFB, 0x36, 0xFB, 0x36, 0xFB, 0x36, 0xFB, 0x36, 0xFB,
    0x36, 0xFB, 0x36, 0xFB, 0x36, 0xFB, 0x36, 0xFB, 0x36, 0xFB, 0x36, 0xFB, 0x36, 0xFB, 0x36, 0xFB,
    0x36, 0xFB, 0x36, 0xFB, 0x36, 0xFB, 0x36, 0xFB, 0x36, 0xFB, 0x36, 0xFB, 0x36, 0xFB, 0x36, 0xFB,
    0x36, 0xFB, 0x36, 0xFB, 0x36, 0xFB, 0x36, 0xFB, 0x36, 0xFB, 0x36, 0xFB, 0x36, 0xFB, 0x36, 0xFB,
    0x36, 0xFB, 0x36, 0xFB, 0x36, 0xFB, 0x36, 0xFB, 0x36, 0xFB, 0x36, 0xFB, 0x36, 0xFB, 0x36, 0xFB,
    0x36, 0xFB, 0x36, 0xFB, 0x36, 0xFB, 0x36, 0xFB, 0x36, 0xFB, 0x36, 0xFB, 0x36, 0xFB, 0x36, 0xFB,
    0x36, 0xFB, 0x36, 0xFB, 0x36, 0xFB, 0x36, 0xFB, 0x36, 0xFB, 0x16, 0xFB, 0x78, 0x79, 0x8A, 0x1A,
    0x2C, 0x55, 0x9F, 0x4D, 0x5F, 0x4D, 0x5F, 0x4D, 0x5F, 0x4D, 0x5F, 0x4D, 0x5F, 0x4D, 0x5F, 0x4D,
    0x5F, 0xFF, 0x4D, 0x5F, 0x4D, 0x5F, 0x4D, 0x5F, 0x4D, 0x5F, 0x4D, 0x5F, 0x4D, 0x5F, 0x4D, 0x5F,
    0x4D, 0x5F, 0x4D, 0x5F, 0x4D, 0x5F, 0x4D, 0x5F, 0x4D, 0x5F, 0x4D, 0x5F, 0x4D, 0x5F, 0x4D, 0x5F,
    0x4D, 0x5F, 0x4D, 0x5F, 0x4D, 0x5F, 0x4D, 0x5F, 0x4D, 0x5F, 0x4D, 0x5F, 0x4D, 0x5F, 0x4D, 0x5F,
    0x4D, 0x5F, 0x4D, 0x5F, 0x4D, 0x5F, 0x4D, 0x5F, 0x4D, 0x5F, 0x4D, 0x5F, 0x4D, 0x5F, 0x4D, 0x5F,
    0x4D, 0x5F, 0x4D, 0x5F, 0x4D, 0x5F, 0x4D, 0x5F, 0x4D, 0x5F, 0x4D, 0x5F, 0x4D, 0x5F, 0x4D, 0x5F,
    0x4D, 0x5F, 0x4D, 0x5F, 0x4D, 0x5F, 0x4D, 0x5F, 0x4D, 0x5F, 0x4D, 0x5F, 0x4D, 0x5F, 0x4D, 0x5F,
    0x4D, 0x5F, 0x4D, 0x5F, 0x4D, 0x5F, 0x4D, 0x5F, 0x4D, 0x5F, 0x4D, 0x5F, 0x4D, 0x5F, 0x4D, 0x5F,
    0x4D, 0x5F, 0x4D, 0x5F, 0x4D, 0x5F, 0x4D, 0x5F, 0x4D, 0x5F, 0x4D, 0x5F, 0x4D, 0x5F, 0x4D, 0x5F,
    0x4D, 0x5F, 0xFF, 0x4D, 0x5F, 0x4D, 0x5F, 0x4D, 0x5F, 0x4D, 0x5F, 0x4D, 0x5F, 0x4D, 0x5F, 0x4D,
    0x5F, 0x4D, 0x5F, 0x4D, 0x5F, 0x4D, 0x5F, 0x4D, 0x5F, 0x4D, 0x5F, 0x4D, 0x5F, 0x4D, 0x5F, 0x4D,
    0x5F, 0x4D, 0x5F, 0x4D, 0x5F, 0x4D, 0x5F, 0x4D, 0x5F, 0x4D, 0x5F, 0x4D, 0x5F, 0x4D, 0x5F, 0x4D,
    0x5F, 0x4D, 0x5F, 0x4D, 0x5F, 0x4D, 0x5F, 0x4D, 0x5F, 0x4D, 0x5F, 0x4D, 0x5F, 0x4D, 0x5F, 0x4D,
    0x5F, 0x4D, 0x5F, 0x4D, 0x5F, 0x4D, 0x5F, 0x4D, 0x5F, 0x4D, 0x5F, 0x4D, 0x5F, 0x4D, 0x5F, 0x4D,
    0x5F, 0x4D, 0x5F, 0x4D, 0x5F, 0x4D, 0x5F, 0x4D, 0x5F, 0x4D, 0x5F, 0x4D, 0x5F, 0x4D, 0x5F, 0x4D,
    0x5F, 0x4D, 0x5F, 0x4D, 0x5F, 0x4D, 0x5F, 0x4D, 0x5F, 0x4D, 0x5F, 0x4D, 0x5F, 0x4D, 0x5F, 0x4D,
    0x5F, 0x4D, 0x5F, 0x4D, 0x5F, 0x4D, 0x5F, 0x4D, 0x5F, 0x4D, 0x5F, 0x4D, 0x5F, 0x4D, 0x5F, 0x4D,
    0x5F, 0x4D, 0x5F, 0xD5, 0x4D, 0x5F, 0x4D, 0x5F, 0x4D, 0x5F, 0x4D, 0x5F, 0x4D, 0x5F, 0x4D, 0x5F,
    0x4D, 0x5F, 0x4D, 0x5F, 0x4D, 0x5F, 0x4D, 0x5F, 0x4D, 0x5F, 0x4D, 0x5F, 0x4D, 0x5F, 0x4D, 0x5F,
    0x4D, 0x5F, 0x4D, 0x5F, 0x4D, 0x5F, 0x4D, 0x5F, 0x4D, 0x5F, 0x4D, 0x5F, 0x4D, 0x5F, 0x4D, 0x5F,
    0x4D, 0x5F, 0x4D, 0x5F, 0x4D, 0x5F, 0x4D, 0x5F, 0x4D, 0x5F, 0x4D, 0x5F, 0x4D, 0x5F, 0x4D, 0x5F,
    0x4D, 0x5F, 0x4D, 0x5F, 0x4D, 0x5F, 0x4D, 0x5F, 0x4D, 0x5F, 0x4D, 0x5F, 0x4D, 0x5F, 0x4D, 0x5F,
    0x4D, 0x5F, 0x4D, 0x5F, 0x4D, 0x5F, 0x4D, 0x7F, 0x11, 0xAA, 0x0A, 0x00, 0xFF, 0x30, 0xA5, 0xFB,
    0x36, 0xFB, 0x36, 0xFB, 0x36, 0xFB, 0x36, 0xFB, 0x36, 0xFB, 0x36, 0xFB, 0x36, 0xFB, 0x36, 0xFB,
    0x36, 0xFB, 0x36, 0xFB, 0x36, 0xFB, 0x36, 0xFB, 0x36, 0xFB, 0x36, 0xFB, 0x36, 0xFB, 0x36, 0xFB,
    0x36, 0xFB, 0x36, 0xFB, 0x36, 0xFB, 0x36, 0xFB, 0x36, 0xFB, 0x36, 0xFB, 0x36, 0xFB, 0x36, 0xFB,
    0x36, 0xFB, 0x36, 0xFB, 0x36, 0xFB, 0x36, 0xFB, 0x36, 0xFB, 0x36, 0xFB, 0x36, 0xFB, 0x36, 0xFB,
    0x36, 0xFB, 0x36, 0xFB, 0x36, 0xFB, 0x36, 0xFB, 0x36, 0xFB, 0x36, 0xFB, 0x36, 0xFB, 0x36, 0xFB,
    0x36, 0xFB, 0x36, 0xFB, 0x36, 0xFB, 0x36, 0xFB, 0x36, 0xFB, 0x36, 0xFB, 0x36, 0xFB, 0x36, 0xFB,
    0x36, 0xFB, 0x36, 0xFB, 0x36, 0xFB, 0x16, 0xFB, 0x57, 0xBA, 0x0F, 0x11, 0x68, 0x4D, 0x9F, 0x4D,
    0x5F, 0x4D, 0x5F, 0x4D, 0x5F, 0x4D, 0x5F, 0x4D, 0x5F, 0x4D, 0x5F, 0x4D, 0x5F, 0xFF, 0x4D, 0x5F,
    0x4D, 0x5F, 0x4D, 0x5F, 0x4D, 0x5F, 0x4D, 0x5F, 0x4D, 0x5F, 0x4D, 0x5F, 0x4D, 0x5F, 0x4D, 0x5F,
    0x4D, 0x5F, 0x4D, 0x5F, 0x4D, 0x5F, 0x4D, 0x5F, 0x4D, 0x5F, 0x4D, 0x5F, 0x4D, 0x5F, 0x4D, 0x5F,
    0x4D, 0x5F, 0x4D, 0x5F, 0x4D, 0x5F, 0x4D, 0x5F, 0x4D, 0x5F, 0x4D, 0x5F, 0x4D, 0x5F, 0x4D, 0x5F,
    0x4D, 0x5F, 0x4D, 0x5F, 0x4D, 0x5F, 0x4D, 0x5F, 0x4D, 0x5F, 0x4D, 0x5F, 0x4D, 0x5F, 0x4D, 0x5F,
    0x4D, 0x5F, 0x4D, 0x5F, 0x4D, 0x5F, 0x4D, 0x5F, 0x4D, 0x5F, 0x4D, 0x5F, 0x4D, 0x5F, 0x4D, 0x5F,
    0x4D, 0x5F, 0x4D, 0x5F, 0x4D, 0x5F, 0x4D, 0x5F, 0x4D, 0x5F, 0x4D, 0x5F, 0x4D, 0x5F, 0x4D, 0x5F,
    0x4D, 0x5F, 0x4D, 0x5F, 0x4D, 0x5F, 0x4D, 0x5F, 0x4D, 0x5F, 0x4D, 0x5F, 0x4D, 0x5F, 0x4D, 0x5F,
    0x4D, 0x5F, 0x4D, 0x5F, 0x4D, 0x5F, 0x4D, 0x5F, 0x4D, 0x5F, 0x4D, 0x5F, 0x4D, 0x5F, 0xFF, 0x4D,
    0x5F, 0x4D, 0x5F, 0x4D, 0x5F, 0x4D, 0x5F, 0x4D, 0x5F, 0x4D, 0x5F, 0x4D, 0x5F, 0x4D, 0x5F, 0x4D,
    0x5F, 0x4D, 0x5F, 0x4D, 0x5F, 0x4D, 0x5F, 0x4D, 0x5F, 0x4D, 0x5F, 0x4D, 0x5F, 0x4D, 0x5F, 0x4D,
    0x5F, 0x4D, 0x5F, 0x4D, 0x5F, 0x4D, 0x5F, 0x4D, 0x5F, 0x4D, 0x5F, 0x4D, 0x5F, 0x4D, 0x5F, 0x4D,
    0x5F, 0x4D, 0x5F, 0x4D, 0x5F, 0x4D, 0x5F, 0x4D, 0x5F, 0x4D, 0x5F, 0x4D, 0x5F, 0x4D, 0x5F, 0x4D,
    0x5F, 0x4D, 0x5F, 0x4D, 0x5F, 0x4D, 0x5F, 0x4D, 0x5F, 0x4D, 0x5F, 0x4D, 0x5F, 0x4D, 0x5F, 0x4D,
    0x5F, 0x4D, 0x5F, 0x4D, 0x5F, 0x4D, 0x5F, 0x4D, 0x5F, 0x4D, 0x5F, 0x4D, 0x5F, 0x4D, 0x5F, 0x4D,
    0x5F, 0x4D, 0x5F, 0x4D, 0x5F, 0x4D, 0x5F, 0x4D, 0x5F, 0x4D, 0x5F, 0x4D, 0x5F, 0x4D, 0x5F, 0x4D,
    0x5F, 0x4D, 0x5F, 0x4D, 0x5F, 0x4D, 0x5F, 0x4D, 0x5F, 0x4D, 0x5F, 0x4D, 0x5F, 0x4D, 0x5F, 0xD5,
    0x4D, 0x5F, 0x4D, 0x5F, 0x4D, 0x5F, 0x4D, 0x5F, 0x4D, 0x5F, 0x4D, 0x5F, 0x4D, 0x5F, 0x4D, 0x5F,
    0x4D, 0x5F, 0x4D, 0x5F, 0x4D, 0x5F, 0x4D, 0x5F, 0x4D, 0x5F, 0x4D, 0x5F, 0x4D, 0x5F, 0x4D, 0x5F,
    0x4D, 0x5F, 0x4D, 0x5F, 0x4D, 0x5F, 0x4D, 0x5F, 0x4D, 0x5F, 0x4D, 0x5F, 0x4D, 0x5F, 0x4D, 0x5F,
    0x4D, 0x5F, 0x4D, 0x5F, 0x4D, 0x5F, 0x4D, 0x5F, 0x4D, 0x5F, 0x4D, 0x5F, 0x4D, 0x5F, 0x4D, 0x5F,
    0x4D, 0x5F, 0x4D, 0x5F, 0x4D, 0x5F, 0x4D, 0x5F, 0x4D, 0x5F, 0x4D, 0x5F, 0x4D, 0x5F, 0x4D, 0x5F,
    0x4D, 0x5F, 0x4D, 0x5F, 0x11, 0x68, 0x0A, 0x00, 0xFF, 0x48, 0xE6, 0xFB, 0x37, 0xFB, 0x36, 0xFB,
    0x36, 0xFB, 0x36, 0xFB, 0x36, 0xFB, 0x36, 0xFB, 0x36, 0xFB, 0x36, 0xFB, 0x36, 0xFB, 0x36, 0xFB,
    0x36, 0xFB, 0x36, 0xFB, 0x36, 0xFB, 0x36, 0xFB, 0x36, 0xFB, 0x36, 0xFB, 0x36, 0xFB, 0x36, 0xFB,
    0x36, 0xFB, 0x36, 0xFB, 0x36, 0xFB, 0x36, 0xFB, 0x36, 0xFB, 0x36, 0xFB, 0x36, 0xFB, 0x36, 0xFB,
    0x36, 0xFB, 0x36, 0xFB, 0x36, 0xFB, 0x36, 0xFB, 0x36, 0xFB, 0x36, 0xFB, 0x36, 0xFB, 0x36, 0xFB,
    0x36, 0xFB, 0x36, 0xFB, 0x36, 0xFB, 0x36, 0xFB, 0x36, 0xFB, 0x36, 0xFB, 0x36, 0xFB, 0x36, 0xFB,
    0x36, 0xFB, 0x36, 0xFB, 0x36, 0xFB, 0x36, 0xFB, 0x36, 0xFB, 0x36, 0xFB, 0x36, 0xFB, 0x36, 0xFB,
    0x36, 0xFB, 0x16, 0xFB, 0x57, 0xBA, 0x0F, 0x11, 0x68, 0x4D, 0x7F, 0x4D, 0x5F, 0x4D, 0x5F, 0x4D,
    0x5F, 0x4D, 0x5F, 0x4D, 0x5F, 0x4D, 0x5F, 0x4D, 0x5F, 0xFF, 0x4D, 0x5F, 0x4D, 0x5F, 0x4D, 0x5F,
    0x4D, 0x5F, 0x4D, 0x5F, 0x4D, 0x5F, 0x4D, 0x5F, 0x4D, 0x5F, 0x4D, 0x5F, 0x4D, 0x5F, 0x4D, 0x5F,
    0x4D, 0x5F, 0x4D, 0x5F, 0x4D, 0x5F, 0x4D, 0x5F, 0x4D, 0x5F, 0x4D, 0x5F, 0x4D, 0x5F, 0x4D, 0x5F,
    0x4D, 0x5F, 0x4D, 0x5F, 0x4D, 0x5F, 0x4D, 0x5F, 0x4D, 0x5F, 0x4D, 0x5F, 0x4D, 0x5F, 0x4D, 0x5F,
    0x4D, 0x5F, 0x4D, 0x5F, 0x4D, 0x5F, 0x4D, 0x5F, 0x4D, 0x5F, 0x4D, 0x5F, 0x4D, 0x5F, 0x4D, 0x5F,
    0x4D, 0x5F, 0x4D, 0x5F, 0x4D, 0x5F, 0x4D, 0x5F, 0x4D, 0x5F, 0x4D, 0x5F, 0x4D, 0x5F, 0x4D, 0x5F,
    0x4D, 0x5F, 0x4D, 0x5F, 0x4D, 0x5F, 0x4D, 0x5F, 0x4D, 0x5F, 0x4D, 0x5F, 0x4D, 0x5F, 0x4D, 0x5F,
    0x4D, 0x5F, 0x4D, 0x5F, 0x4D, 0x5F, 0x4D, 0x5F, 0x4D, 0x5F, 0x4D, 0x5F, 0x4D, 0x5F, 0x4D, 0x5F,
    0x4D, 0x5F, 0x4D, 0x5F, 0x4D, 0x5F, 0x4D, 0x5F, 0x4D, 0x5F, 0xFF, 0x4D, 0x5F, 0x4D, 0x5F, 0x4D,
    0x5F, 0x4D, 0x5F, 0x4D, 0x5F, 0x4D, 0x5F, 0x4D, 0x5F, 0x4D, 0x5F, 0x4D, 0x5F, 0x4D, 0x5F, 0x4D,
    0x5F, 0x4D, 0x5F, 0x4D, 0x5F, 0x4D, 0x5F, 0x4D, 0x5F, 0x4D, 0x5F, 0x4D, 0x5F, 0x4D, 0x5F, 0x4D,
    0x5F, 0x4D, 0x5F, 0x4D, 0x5F, 0x4D, 0x5F, 0x4D, 0x5F, 0x4D, 0x5F, 0x4D, 0x5F, 0x4D, 0x5F, 0x4D,
    0x5F, 0x4D, 0x5F, 0x4D, 0x5F, 0x4D, 0x5F, 0x4D, 0x5F, 0x4D, 0x5F, 0x4D, 0x5F, 0x4D, 0x5F, 0x4D,
    0x5F, 0x4D, 0x5F, 0x4D, 0x5F, 0x4D, 0x5F, 0x4D, 0x5F, 0x4D, 0x5F, 0x4D, 0x5F, 0x4D, 0x5F, 0x4D,
    0x5F, 0x4D, 0x5F, 0x4D, 0x5F, 0x4D, 0x5F, 0x4D, 0x5F, 0x4D, 0x5F, 0x4D, 0x5F, 0x4D, 0x5F, 0x4D,
    0x5F, 0x4D, 0x5F, 0x4D, 0x5F, 0x4D, 0x5F, 0x4D, 0x5F, 0x4D, 0x5F, 0x4D, 0x5F, 0x4D, 0x5F, 0x4D,
    0x5F, 0x4D, 0x5F, 0x4D, 0x5F, 0x4D, 0x5F, 0x4D, 0x5F, 0x4D, 0x5F, 0xD5, 0x4D, 0x5F, 0x4D, 0x5F,
    0x4D, 0x5F, 0x4D, 0x5F, 0x4D, 0x5F, 0x4D, 0x5F, 0x4D, 0x5F, 0x4D, 0x5F, 0x4D, 0x5F, 0x4D, 0x5F,
    0x4D, 0x5F, 0x4D, 0x5F, 0x4D, 0x5F, 0x4D, 0x5F, 0x4D, 0x5F, 0x4D, 0x5F, 0x4D, 0x5F, 0x4D, 0x5F,
    0x4D, 0x5F, 0x4D, 0x5F, 0x4D, 0x5F, 0x4D, 0x5F, 0x4D, 0x5F, 0x4D, 0x5F, 0x4D, 0x5F, 0x4D, 0x5F,
    0x4D, 0x5F, 0x4D, 0x5F, 0x4D, 0x5F, 0x4D, 0x5F, 0x4D, 0x5F, 0x4D, 0x5F, 0x4D, 0x5F, 0x4D, 0x5F,
    0x4D, 0x5F, 0x4D, 0x5F, 0x4D, 0x5F, 0x4D, 0x5F, 0x4D, 0x5F, 0x4D, 0x5F, 0x4D, 0x5F, 0x4D, 0x5F,
    0x11, 0x68, 0x0A, 0x00, 0xFF, 0x48, 0xE6, 0xFB, 0x37, 0xFB, 0x16, 0xFB, 0x36, 0xFB, 0x36, 0xFB,
    0x36, 0xFB, 0x36, 0xFB, 0x36, 0xFB, 0x36, 0xFB, 0x36, 0xFB, 0x36, 0xFB, 0x36, 0xFB, 0x36, 0xFB,
    0x36, 0xFB, 0x36, 0xFB, 0x36, 0xFB, 0x36, 0xFB, 0x36, 0xFB, 0x36, 0xFB, 0x36, 0xFB, 0x36, 0xFB,
    0x36, 0xFB, 0x36, 0xFB, 0x36, 0xFB, 0x36, 0xFB, 0x36, 0xFB, 0x36, 0xFB, 0x36, 0xFB, 0x36, 0xFB,
    0x36, 0xFB, 0x36, 0xFB, 0x36, 0xFB, 0x36, 0xFB, 0x36, 0xFB, 0x36, 0xFB, 0x36, 0xFB, 0x36, 0xFB,
    0x36, 0xFB, 0x36, 0xFB, 0x36, 0xFB, 0x36, 0xFB, 0x36, 0xFB, 0x36, 0xFB, 0x36, 0xFB, 0x36, 0xFB,
    0x36, 0xFB, 0x36, 0xFB, 0x36, 0xFB, 0x36, 0xFB, 0x36, 0xFB, 0x36, 0xFB, 0x36, 0xFB, 0x16, 0xFB,
    0x57, 0xBA, 0x0F, 0x11, 0x68, 0x4D, 0x7F, 0x4D, 0x5F, 0x4D, 0x5F, 0x4D, 0x5F, 0x4D, 0x5F, 0x4D,
    0x5F, 0x4D, 0x5F, 0x4D, 0x5F, 0xFF, 0x4D, 0x5F, 0x4D, 0x5F, 0x4D, 0x5F, 0x4D, 0x5F, 0x4D, 0x5F,
    0x4D, 0x5F, 0x4D, 0x5F, 0x4D, 0x5F, 0x4D, 0x5F, 0x4D, 0x5F, 0x4D, 0x5F, 0x4D, 0x5F, 0x4D, 0x5F,
    0x4D, 0x5F, 0x4D, 0x5F, 0x4D, 0x5F, 0x4D, 0x5F, 0x4D, 0x5F, 0x4D, 0x5F, 0x4D, 0x5F, 0x4D, 0x5F,
    0x4D, 0x5F, 0x4D, 0x5F, 0x4D, 0x5F, 0x4D, 0x5F, 0x4D, 0x5F, 0x4D, 0x5F, 0x4D, 0x5F, 0x4D, 0x5F,
    0x4D, 0x5F, 0x4D, 0x5F, 0x4D, 0x5F, 0x4D, 0x5F, 0x4D, 0x5F, 0x4D, 0x5F, 0x4D, 0x5F, 0x4D, 0x5F,
    0x4D, 0x5F, 0x4D, 0x5F, 0x4D, 0x5F, 0x4D, 0x5F, 0x4D, 0x5F, 0x4D, 0x5F, 0x4D, 0x5F, 0x4D, 0x5F,
    0x4D, 0x5F, 0x4D, 0x5F, 0x4D, 0x5F, 0x4D, 0x5F, 0x4D, 0x5F, 0x4D, 0x5F, 0x4D, 0x5F, 0x4D, 0x5F,
    0x4D, 0x5F, 0x4D, 0x5F, 0x4D, 0x5F, 0x4D, 0x5F, 0x4D, 0x5F, 0x4D, 0x5F, 0x4D, 0x5F, 0x4D, 0x5F,
    0x4D, 0x5F, 0x4D, 0x5F, 0x4D, 0x5F, 0xFF, 0x4D, 0x5F, 0x4D, 0x5F, 0x4D, 0x5F, 0x4D, 0x5F, 0x4D,
    0x5F, 0x4D, 0x5F, 0x4D, 0x5F, 0x4D, 0x5F, 0x4D, 0x5F, 0x4D, 0x5F, 0x4D, 0x5F, 0x4D, 0x5F, 0x4D,
    0x5F, 0x4D, 0x5F, 0x4D, 0x5F, 0x4D, 0x5F, 0x4D, 0x5F, 0x4D, 0x5F, 0x4D, 0x5F, 0x4D, 0x5F, 0x4D,
    0x5F, 0x4D, 0x5F, 0x4D, 0x5F, 0x4D, 0x5F, 0x4D, 0x5F, 0x4D, 0x5F, 0x4D, 0x5F, 0x4D, 0x5F, 0x4D,
    0x5F, 0x4D, 0x5F, 0x4D, 0x5F, 0x4D, 0x5F, 0x4D, 0x5F, 0x4D, 0x5F, 0x4D, 0x5F, 0x4D, 0x5F, 0x4D,
    0x5F, 0x4D, 0x5F, 0x4D, 0x5F, 0x4D, 0x5F, 0x4D, 0x5F, 0x4D, 0x5F, 0x4D, 0x5F, 0x4D, 0x5F, 0x4D,
    0x5F, 0x4D, 0x5F, 0x4D, 0x5F, 0x4D, 0x5F, 0x4D, 0x5F, 0x4D, 0x5F, 0x4D, 0x5F, 0x4D, 0x5F, 0x4D,
    0x5F, 0x4D, 0x5F, 0x4D, 0x5F, 0x4D, 0x5F, 0x4D, 0x5F, 0x4D, 0x5F, 0x4D, 0x5F, 0x4D, 0x5F, 0x4D,
    0x5F, 0x4D, 0x5F, 0x4D, 0x5F, 0x4D, 0x5F, 0xD5, 0x4D, 0x5F, 0x4D, 0x5F, 0x4D, 0x5F, 0x4D, 0x5F,
    0x4D, 0x5F, 0x4D, 0x5F, 0x4D, 0x5F, 0x4D, 0x5F, 0x4D, 0x5F, 0x4D, 0x5F, 0x4D, 0x5F, 0x4D, 0x5F,
    0x4D, 0x5F, 0x4D, 0x5F, 0x4D, 0x5F, 0x4D, 0x5F, 0x4D, 0x5F, 0x4D, 0x5F, 0x4D, 0x5F, 0x4D, 0x5F,
    0x4D, 0x5F, 0x4D, 0x5F, 0x4D, 0x5F, 0x4D, 0x5F, 0x4D, 0x5F, 0x4D, 0x5F, 0x4D, 0x5F, 0x4D, 0x5F,
    0x4D, 0x5F, 0x4D, 0x5F, 0x4D, 0x5F, 0x4D, 0x5F, 0x4D, 0x5F, 0x4D, 0x5F, 0x4D, 0x5F, 0x4D, 0x5F,
    0x4D, 0x5F, 0x4D, 0x5F, 0x4D, 0x5F, 0x4D, 0x5F, 0x4D, 0x5F, 0x4D, 0x5F, 0x11, 0x68, 0x0A, 0x00,
    0xFF, 0x59, 0x07, 0xFB, 0x37, 0xFB, 0x16, 0xFB, 0x36, 0xFB, 0x36, 0xFB, 0x36, 0xFB, 0x36, 0xFB,
    0x36, 0xFB, 0x36, 0xFB, 0x36, 0xFB, 0x36, 0xFB, 0x36, 0xFB, 0x36, 0xFB, 0x36, 0xFB, 0x36, 0xFB,
    0x36, 0xFB, 0x36, 0xFB, 0x36, 0xFB, 0x36, 0xFB, 0x36, 0xFB, 0x36, 0xFB, 0x36, 0xFB, 0x36, 0xFB,
    0x36, 0xFB, 0x36, 0xFB, 0x36, 0xFB, 0x36, 0xFB, 0x36, 0xFB, 0x36, 0xFB, 0x36, 0xFB, 0x36, 0xFB,
    0x36, 0xFB, 0x36, 0xFB, 0x36, 0xFB, 0x36, 0xFB, 0x36, 0xFB, 0x36, 0xFB, 0x36, 0xFB, 0x36, 0xFB,
    0x36, 0xFB, 0x36, 0xFB, 0x36, 0xFB, 0x36, 0xFB, 0x36, 0xFB, 0x36, 0xFB, 0x36, 0xFB, 0x36, 0xFB,
    0x36, 0xFB, 0x36, 0xFB, 0x36, 0xFB, 0x36, 0xFB, 0x36, 0xFB, 0x16, 0xFB, 0x57, 0xBA, 0x50, 0x11,
    0x68, 0x4D, 0x5F, 0x4D, 0x5F, 0x4D, 0x5F, 0x4D, 0x5F, 0x4D, 0x5F, 0x4D, 0x5F, 0x4D, 0x5F, 0x4D,
    0x5F, 0xFF, 0x4D, 0x5F, 0x4D, 0x5F, 0x4D, 0x5F, 0x4D, 0x5F, 0x4D, 0x5F, 0x4D, 0x5F, 0x4D, 0x5F,
    0x4D, 0x5F, 0x4D, 0x5F, 0x4D, 0x5F, 0x4D, 0x5F, 0x4D, 0x5F, 0x4D, 0x5F, 0x4D, 0x5F, 0x4D, 0x5F,
    0x4D, 0x5F, 0x4D, 0x5F, 0x4D, 0x5F, 0x4D, 0x5F, 0x4D, 0x5F, 0x4D, 0x5F, 0x4D, 0x5F, 0x4D, 0x5F,
    0x4D, 0x5F, 0x4D, 0x5F, 0x4D, 0x5F, 0x4D, 0x5F, 0x4D, 0x5F, 0x4D, 0x5F, 0x4D, 0x5F, 0x4D, 0x5F,
    0x4D, 0x5F, 0x4D, 0x5F, 0x4D, 0x5F, 0x4D, 0x5F, 0x4D, 0x5F, 0x4D, 0x5F, 0x4D, 0x5F, 0x4D, 0x5F,
    0x4D, 0x5F, 0x4D, 0x5F, 0x4D, 0x5F, 0x4D, 0x5F, 0x4D, 0x5F, 0x4D, 0x5F, 0x4D, 0x5F, 0x4D, 0x5F,
    0x4D, 0x5F, 0x4D, 0x5F, 0x4D, 0x5F, 0x4D, 0x5F, 0x4D, 0x5F, 0x4D, 0x5F, 0x4D, 0x5F, 0x4D, 0x5F,
    0x4D, 0x5F, 0x4D, 0x5F, 0x4D, 0x5F, 0x4D, 0x5F, 0x4D, 0x5F, 0x4D, 0x5F, 0x4D, 0x5F, 0x4D, 0x5F,
    0x4D, 0x5F, 0xFF, 0x4D, 0x5F, 0x4D, 0x5F, 0x4D, 0x5F, 0x4D, 0x5F, 0x4D, 0x5F, 0x4D, 0x5F, 0x4D,
    0x5F, 0x4D, 0x5F, 0x4D, 0x5F, 0x4D, 0x5F, 0x4D, 0x5F, 0x4D, 0x5F, 0x4D, 0x5F, 0x4D, 0x5F, 0x4D,
    0x5F, 0x4D, 0x5F, 0x4D, 0x5F, 0x4D, 0x5F, 0x4D, 0x5F, 0x4D, 0x5F, 0x4D, 0x5F, 0x4D, 0x5F, 0x4D,
    0x5F, 0x4D, 0x5F, 0x4D, 0x5F, 0x4D, 0x5F, 0x4D, 0x5F, 0x4D, 0x5F, 0x4D, 0x5F, 0x4D, 0x5F, 0x4D,
    0x5F, 0x4D, 0x5F, 0x4D, 0x5F, 0x4D, 0x5F, 0x4D, 0x5F, 0x4D, 0x5F, 0x4D, 0x5F, 0x4D, 0x5F, 0x4D,
    0x5F, 0x4D, 0x5F, 0x4D, 0x5F, 0x4D, 0x5F, 0x4D, 0x5F, 0x4D, 0x5F, 0x4D, 0x5F, 0x4D, 0x5F, 0x4D,
    0x5F, 0x4D, 0x5F, 0x4D, 0x5F, 0x4D, 0x5F, 0x4D, 0x5F, 0x4D, 0x5F, 0x4D, 0x5F, 0x4D, 0x5F, 0x4D,
    0x5F, 0x4D, 0x5F, 0x4D, 0x5F, 0x4D, 0x5F, 0x4D, 0x5F, 0x4D, 0x5F, 0x4D, 0x5F, 0x4D, 0x5F, 0x4D,
    0x5F, 0x4D, 0x5F, 0xD5, 0x4D, 0x5F, 0x4D, 0x5F, 0x4D, 0x5F, 0x4D, 0x5F, 0x4D, 0x5F, 0x4D, 0x5F,
    0x4D, 0x5F, 0x4D, 0x5F, 0x4D, 0x5F, 0x4D, 0x5F, 0x4D, 0x5F, 0x4D, 0x5F, 0x4D, 0x5F, 0x4D, 0x5F,
    0x4D, 0x5F, 0x4D, 0x5F, 0x4D, 0x5F, 0x4D, 0x5F, 0x4D, 0x5F, 0x4D, 0x5F, 0x4D, 0x5F, 0x4D, 0x5F,
    0x4D, 0x5F, 0x4D, 0x5F, 0x4D, 0x5F, 0x4D, 0x5F, 0x4D, 0x5F, 0x4D, 0x5F, 0x4D, 0x5F, 0x4D, 0x5F,
    0x4D, 0x5F, 0x4D, 0x5F, 0x4D, 0x5F, 0x4D, 0x5F, 0x4D, 0x5F, 0x4D, 0x5F, 0x4D, 0x5F, 0x4D, 0x5F,
    0x4D, 0x5F, 0x4D, 0x5F, 0x4D, 0x5F, 0x4D, 0x5F, 0x11, 0x68, 0x0A, 0x00, 0xFF, 0x59, 0x07, 0xFB,
    0x37, 0xFB, 0x16, 0xFB, 0x36, 0xFB, 0x36, 0xFB, 0x36, 0xFB, 0x36, 0xFB, 0x36, 0xFB, 0x36, 0xFB,
    0x36, 0xFB, 0x36, 0xFB, 0x36, 0xFB, 0x36, 0xFB, 0x36, 0xFB, 0x36, 0xFB, 0x36, 0xFB, 0x36, 0xFB,
    0x36, 0xFB, 0x36, 0xFB, 0x36, 0xFB, 0x36, 0xFB, 0x36, 0xFB, 0x36, 0xFB, 0x36, 0xFB, 0x36, 0xFB,
    0x36, 0xFB, 0x36, 0xFB, 0x36, 0xFB, 0x36, 0xFB, 0x36, 0xFB, 0x36, 0xFB, 0x36, 0xFB, 0x36, 0xFB,
    0x36, 0xFB, 0x36, 0xFB, 0x36, 0xFB, 0x36, 0xFB, 0x36, 0xFB, 0x36, 0xFB, 0x36, 0xFB, 0x36, 0xFB,
    0x36, 0xFB, 0x36, 0xFB, 0x36, 0xFB, 0x36, 0xFB, 0x36, 0xFB, 0x36, 0xFB, 0x36, 0xFB, 0x36, 0xFB,
    0x36, 0xFB, 0x36, 0xFB, 0x36, 0xFB, 0x16, 0xFB, 0x57, 0xBA, 0x50, 0x09, 0x06, 0x4D, 0x3F, 0x4D,
    0x5F, 0x4D, 0x5F, 0x4D, 0x5F, 0x4D, 0x5F, 0x4D, 0x5F, 0x4D, 0x5F, 0x4D, 0x5F, 0xFF, 0x4D, 0x5F,
    0x4D, 0x5F, 0x4D, 0x5F, 0x4D, 0x5F, 0x4D, 0x5F, 0x4D, 0x5F, 0x4D, 0x5F, 0x4D, 0x5F, 0x4D, 0x5F,
    0x4D, 0x5F, 0x4D, 0x5F, 0x4D, 0x5F, 0x4D, 0x5F, 0x4D, 0x5F, 0x4D, 0x5F, 0x4D, 0x5F, 0x4D, 0x5F,
    0x4D, 0x5F, 0x4D, 0x5F, 0x4D, 0x5F, 0x4D, 0x5F, 0x4D, 0x5F, 0x4D, 0x5F, 0x4D, 0x5F, 0x4D, 0x5F,
    0x4D, 0x5F, 0x4D, 0x5F, 0x4D, 0x5F, 0x4D, 0x5F, 0x4D, 0x5F, 0x4D, 0x5F, 0x4D, 0x5F, 0x4D, 0x5F,
    0x4D, 0x5F, 0x4D, 0x5F, 0x4D, 0x5F, 0x4D, 0x5F, 0x4D, 0x5F, 0x4D, 0x5F, 0x4D, 0x5F, 0x4D, 0x5F,
    0x4D, 0x5F, 0x4D, 0x5F, 0x4D, 0x5F, 0x4D, 0x5F, 0x4D, 0x5F, 0x4D, 0x5F, 0x4D, 0x5F, 0x4D, 0x5F,
    0x4D, 0x5F, 0x4D, 0x5F, 0x4D, 0x5F, 0x4D, 0x5F, 0x4D, 0x5F, 0x4D, 0x5F, 0x4D, 0x5F, 0x4D, 0x5F,
    0x4D, 0x5F, 0x4D, 0x5F, 0x4D, 0x5F, 0x4D, 0x5F, 0x4D, 0x5F, 0x4D, 0x5F, 0x4D, 0x5F, 0xFF, 0x4D,
    0x5F, 0x4D, 0x5F, 0x4D, 0x5F, 0x4D, 0x5F, 0x4D, 0x5F, 0x4D, 0x5F, 0x4D, 0x5F, 0x4D, 0x5F, 0x4D,
    0x5F, 0x4D, 0x5F, 0x4D, 0x5F, 0x4D, 0x5F, 0x4D, 0x5F, 0x4D, 0x5F, 0x4D, 0x5F, 0x4D, 0x5F, 0x4D,
    0x5F, 0x4D, 0x5F, 0x4D, 0x5F, 0x4D, 0x5F, 0x4D, 0x5F, 0x4D, 0x5F, 0x4D, 0x5F, 0x4D, 0x5F, 0x4D,
    0x5F, 0x4D, 0x5F, 0x4D, 0x5F, 0x4D, 0x5F, 0x4D, 0x5F, 0x4D, 0x5F, 0x4D, 0x5F, 0x4D, 0x5F, 0x4D,
    0x5F, 0x4D, 0x5F, 0x4D, 0x5F, 0x4D, 0x5F, 0x4D, 0x5F, 0x4D, 0x5F, 0x4D, 0x5F, 0x4D, 0x5F, 0x4D,
    0x5F, 0x4D, 0x5F, 0x4D, 0x5F, 0x4D, 0x5F, 0x4D, 0x5F, 0x4D, 0x5F, 0x4D, 0x5F, 0x4D, 0x5F, 0x4D,
    0x5F, 0x4D, 0x5F, 0x4D, 0x5F, 0x4D, 0x5F, 0x4D, 0x5F, 0x4D, 0x5F, 0x4D, 0x5F, 0x4D, 0x5F, 0x4D,
    0x5F, 0x4D, 0x5F, 0x4D, 0x5F, 0x4D, 0x5F, 0x4D, 0x5F, 0x4D, 0x5F, 0x4D, 0x5F, 0x4D, 0x5F, 0xD5,
    0x4D, 0x5F, 0x4D, 0x5F, 0x4D, 0x5F, 0x4D, 0x5F, 0x4D, 0x5F, 0x4D, 0x5F, 0x4D, 0x5F, 0x4D, 0x5F,
    0x4D, 0x5F, 0x4D, 0x5F, 0x4D, 0x5F, 0x4D, 0x5F, 0x4D, 0x5F, 0x4D, 0x5F, 0x4D, 0x5F, 0x4D, 0x5F,
    0x4D, 0x5F, 0x4D, 0x5F, 0x4D, 0x5F, 0x4D, 0x5F, 0x4D, 0x5F, 0x4D, 0x5F, 0x4D, 0x5F, 0x4D, 0x5F,
    0x4D, 0x5F, 0x4D, 0x5F, 0x4D, 0x5F, 0x4D, 0x5F, 0x4D, 0x5F, 0x4D, 0x5F, 0x4D, 0x5F, 0x4D, 0x5F,
    0x4D, 0x5F, 0x4D, 0x5F, 0x4D, 0x5F, 0x4D, 0x5F, 0x4D, 0x5F, 0x4D, 0x5F, 0x4D, 0x5F, 0x4D, 0x5F,
    0x4D, 0x5F, 0x4D, 0x5F, 0x11, 0x68, 0x0A, 0x00, 0xFF, 0x59, 0x07, 0xFB, 0x37, 0xFB, 0x16, 0xFB,
    0x36, 0xFB, 0x36, 0xFB, 0x36, 0xFB, 0x36, 0xFB, 0x36, 0xFB, 0x36, 0xFB, 0x36, 0xFB, 0x36, 0xFB,
    0x36, 0xFB, 0x36, 0xFB, 0x36, 0xFB, 0x36, 0xFB, 0x36, 0xFB, 0x36, 0xFB, 0x36, 0xFB, 0x36, 0xFB,
    0x36, 0xFB, 0x36, 0xFB, 0x36, 0xFB, 0x36, 0xFB, 0x36, 0xFB, 0x36, 0xFB, 0x36, 0xFB, 0x36, 0xFB,
    0x36, 0xFB, 0x36, 0xFB, 0x36, 0xFB, 0x36, 0xFB, 0x36, 0xFB, 0x36, 0xFB, 0x36, 0xFB, 0x36, 0xFB,
    0x36, 0xFB, 0x36, 0xFB, 0x36, 0xFB, 0x36, 0xFB, 0x36, 0xFB, 0x36, 0xFB, 0x36, 0xFB, 0x36, 0xFB,
    0x36, 0xFB, 0x36, 0xFB, 0x36, 0xFB, 0x36, 0xFB, 0x36, 0xFB, 0x36, 0xFB, 0x36, 0xFB, 0x36, 0xFB,
    0x36, 0xFB, 0x16, 0xFB, 0x57, 0xCA, 0x91, 0x09, 0x06, 0x4D, 0x3F, 0x4D, 0x7F, 0x4D, 0x5F, 0x4D,
    0x5F, 0x4D, 0x5F, 0x4D, 0x5F, 0x4D, 0x5F, 0x4D, 0x5F, 0xFF, 0x4D, 0x5F, 0x4D, 0x5F, 0x4D, 0x5F,
    0x4D, 0x5F, 0x4D, 0x5F, 0x4D, 0x5F, 0x4D, 0x5F, 0x4D, 0x5F, 0x4D, 0x5F, 0x4D, 0x5F, 0x4D, 0x5F,
    0x4D, 0x5F, 0x4D, 0x5F, 0x4D, 0x5F, 0x4D, 0x5F, 0x4D, 0x5F, 0x4D, 0x5F, 0x4D, 0x5F, 0x4D, 0x5F,
    0x4D, 0x5F, 0x4D, 0x5F, 0x4D, 0x5F, 0x4D, 0x5F, 0x4D, 0x5F, 0x4D, 0x5F, 0x4D, 0x5F, 0x4D, 0x5F,
    0x4D, 0x5F, 0x4D, 0x5F, 0x4D, 0x5F, 0x4D, 0x5F, 0x4D, 0x5F, 0x4D, 0x5F, 0x4D, 0x5F, 0x4D, 0x5F,
    0x4D, 0x5F, 0x4D, 0x5F, 0x4D, 0x5F, 0x4D, 0x5F, 0x4D, 0x5F, 0x4D, 0x5F, 0x4D, 0x5F, 0x4D, 0x5F,
    0x4D, 0x5F, 0x4D, 0x5F, 0x4D, 0x5F, 0x4D, 0x5F, 0x4D, 0x5F, 0x4D, 0x5F, 0x4D, 0x5F, 0x4D, 0x5F,
    0x4D, 0x5F, 0x4D, 0x5F, 0x4D, 0x5F, 0x4D, 0x5F, 0x4D, 0x5F, 0x4D, 0x5F, 0x4D, 0x5F, 0x4D, 0x5F,
    0x4D, 0x5F, 0x4D, 0x5F, 0x4D, 0x5F, 0x4D, 0x5F, 0x4D, 0x5F, 0xFF, 0x4D, 0x5F, 0x4D, 0x5F, 0x4D,
    0x5F, 0x4D, 0x5F, 0x4D, 0x5F, 0x4D, 0x5F, 0x4D, 0x5F, 0x4D, 0x5F, 0x4D, 0x5F, 0x4D, 0x5F, 0x4D,
    0x5F, 0x4D, 0x5F, 0x4D, 0x5F, 0x4D, 0x5F, 0x4D, 0x5F, 0x4D, 0x5F, 0x4D, 0x5F, 0x4D, 0x5F, 0x4D,
    0x5F, 0x4D, 0x5F, 0x4D, 0x5F, 0x4D, 0x5F, 0x4D, 0x5F, 0x4D, 0x5F, 0x4D, 0x5F, 0x4D, 0x5F, 0x4D,
    0x5F, 0x4D, 0x5F, 0x4D, 0x5F, 0x4D, 0x5F, 0x4D, 0x5F, 0x4D, 0x5F, 0x4D, 0x5F, 0x4D, 0x5F, 0x4D,
    0x5F, 0x4D, 0x5F, 0x4D, 0x5F, 0x4D, 0x5F, 0x4D, 0x5F, 0x4D, 0x5F, 0x4D, 0x5F, 0x4D, 0x5F, 0x4D,
    0x5F, 0x4D, 0x5F, 0x4D, 0x5F, 0x4D, 0x5F, 0x4D, 0x5F, 0x4D, 0x5F, 0x4D, 0x5F, 0x4D, 0x5F, 0x4D,
    0x5F, 0x4D, 0x5F, 0x4D, 0x5F, 0x4D, 0x5F, 0x4D, 0x5F, 0x4D, 0x5F, 0x4D, 0x5F, 0x4D, 0x5F, 0x4D,
    0x5F, 0x4D, 0x5F, 0x4D, 0x5F, 0x4D, 0x5F, 0x4D, 0x5F, 0x4D, 0x5F, 0xD5, 0x4D, 0x5F, 0x4D, 0x5F,
    0x4D, 0x5F, 0x4D, 0x5F, 0x4D, 0x5F, 0x4D, 0x5F, 0x4D, 0x5F, 0x4D, 0x5F, 0x4D, 0x5F, 0x4D, 0x5F,
    0x4D, 0x5F, 0x4D, 0x5F, 0x4D, 0x5F, 0x4D, 0x5F, 0x4D, 0x5F, 0x4D, 0x5F, 0x4D, 0x5F, 0x4D, 0x5F,
    0x4D, 0x5F, 0x4D, 0x5F, 0x4D, 0x5F, 0x4D, 0x5F, 0x4D, 0x5F, 0x4D, 0x5F, 0x4D, 0x5F, 0x4D, 0x5F,
    0x4D, 0x5F, 0x4D, 0x5F, 0x4D, 0x5F, 0x4D, 0x5F, 0x4D, 0x5F, 0x4D, 0x5F, 0x4D, 0x5F, 0x4D, 0x5F,
    0x4D, 0x5F, 0x4D, 0x5F, 0x4D, 0x5F, 0x4D, 0x5F, 0x4D, 0x5F, 0x4D, 0x5F, 0x4D, 0x5F, 0x4D, 0x5F,
    0x11, 0x68, 0x0A, 0x00, 0xFF, 0x69, 0x49, 0xFB, 0x37, 0xFB, 0x16, 0xFB, 0x36, 0xFB, 0x36, 0xFB,
    0x36, 0xFB, 0x36, 0xFB, 0x36, 0xFB, 0x36, 0xFB, 0x36, 0xFB, 0x36, 0xFB, 0x36, 0xFB, 0x36, 0xFB,
    0x36, 0xFB, 0x36, 0xFB, 0x36, 0xFB, 0x36, 0xFB, 0x36, 0xFB, 0x36, 0xFB, 0x36, 0xFB, 0x36, 0xFB,
    0x36, 0xFB, 0x36, 0xFB, 0x36, 0xFB, 0x36, 0xFB, 0x36, 0xFB, 0x36, 0xFB, 0x36, 0xFB, 0x36, 0xFB,
    0x36, 0xFB, 0x36, 0xFB, 0x36, 0xFB, 0x36, 0xFB, 0x36, 0xFB, 0x36, 0xFB, 0x36, 0xFB, 0x36, 0xFB,
    0x36, 0xFB, 0x36, 0xFB, 0x36, 0xFB, 0x36, 0xFB, 0x36, 0xFB, 0x36, 0xFB, 0x36, 0xFB, 0x36, 0xFB,
    0x36, 0xFB, 0x36, 0xFB, 0x36, 0xFB, 0x36, 0xFB, 0x36, 0xFB, 0x36, 0xFB, 0x36, 0xFB, 0x16, 0xFB,
    0x37, 0xD2, 0xB3, 0x09, 0x06, 0x4D, 0x1D, 0x4D, 0x7F, 0x4D, 0x5F, 0x4D, 0x5F, 0x4D, 0x5F, 0x4D,
    0x5F, 0x4D, 0x5F, 0x4D, 0x5F, 0xFF, 0x4D, 0x5F, 0x4D, 0x5F, 0x4D, 0x5F, 0x4D, 0x5F, 0x4D, 0x5F,
    0x4D, 0x5F, 0x4D, 0x5F, 0x4D, 0x5F, 0x4D, 0x5F, 0x4D, 0x5F, 0x4D, 0x5F, 0x4D, 0x5F, 0x4D, 0x5F,
    0x4D, 0x5F, 0x4D, 0x5F, 0x4D, 0x5F, 0x4D, 0x5F, 0x4D, 0x5F, 0x4D, 0x5F, 0x4D, 0x5F, 0x4D, 0x5F,
    0x4D, 0x5F, 0x4D, 0x5F, 0x4D, 0x5F, 0x4D, 0x5F, 0x4D, 0x5F, 0x4D, 0x5F, 0x4D, 0x5F, 0x4D, 0x5F,
    0x4D, 0x5F, 0x4D, 0x5F, 0x4D, 0x5F, 0x4D, 0x5F, 0x4D, 0x5F, 0x4D, 0x5F, 0x4D, 0x5F, 0x4D, 0x5F,
    0x4D, 0x5F, 0x4D, 0x5F, 0x4D, 0x5F, 0x4D, 0x5F, 0x4D, 0x5F, 0x4D, 0x5F, 0x4D, 0x5F, 0x4D, 0x5F,
    0x4D, 0x5F, 0x4D, 0x5F, 0x4D, 0x5F, 0x4D, 0x5F, 0x4D, 0x5F, 0x4D, 0x5F, 0x4D, 0x5F, 0x4D, 0x5F,
    0x4D, 0x5F, 0x4D, 0x5F, 0x4D, 0x5F, 0x4D, 0x5F, 0x4D, 0x5F, 0x4D, 0x5F, 0x4D, 0x5F, 0x4D, 0x5F,
    0x4D, 0x5F, 0x4D, 0x5F, 0x4D, 0x5F, 0xFF, 0x4D, 0x5F, 0x4D, 0x5F, 0x4D, 0x5F, 0x4D, 0x5F, 0x4D,
    0x5F, 0x4D, 0x5F, 0x4D, 0x5F, 0x4D, 0x5F, 0x4D, 0x5F, 0x4D, 0x5F, 0x4D, 0x5F, 0x4D, 0x5F, 0x4D,
    0x5F, 0x4D, 0x5F, 0x4D, 0x5F, 0x4D, 0x5F, 0x4D, 0x5F, 0x4D, 0x5F, 0x4D, 0x5F, 0x4D, 0x5F, 0x4D,
    0x5F, 0x4D, 0x5F, 0x4D, 0x5F, 0x4D, 0x5F, 0x4D, 0x5F, 0x4D, 0x5F, 0x4D, 0x5F, 0x4D, 0x5F, 0x4D,
    0x5F, 0x4D, 0x5F, 0x4D, 0x5F, 0x4D, 0x5F, 0x4D, 0x5F, 0x4D, 0x5F, 0x4D, 0x5F, 0x4D, 0x5F, 0x4D,
    0x5F, 0x4D, 0x5F, 0x4D, 0x5F, 0x4D, 0x5F, 0x4D, 0x5F, 0x4D, 0x5F, 0x4D, 0x5F, 0x4D, 0x5F, 0x4D,
    0x5F, 0x4D, 0x5F, 0x4D, 0x5F, 0x4D, 0x5F, 0x4D, 0x5F, 0x4D, 0x5F, 0x4D, 0x5F, 0x4D, 0x5F, 0x4D,
    0x5F, 0x4D, 0x5F, 0x4D, 0x5F, 0x4D, 0x5F, 0x4D, 0x5F, 0x4D, 0x5F, 0x4D, 0x5F, 0x4D, 0x5F, 0x4D,
    0x5F, 0x4D, 0x5F, 0x4D, 0x5F, 0x4D, 0x5F, 0xD5, 0x4D, 0x5F, 0x4D, 0x5F, 0x4D, 0x5F, 0x4D, 0x5F,
    0x4D, 0x5F, 0x4D, 0x5F, 0x4D, 0x5F, 0x4D, 0x5F, 0x4D, 0x5F, 0x4D, 0x5F, 0x4D, 0x5F, 0x4D, 0x5F,
    0x4D, 0x5F, 0x4D, 0x5F, 0x4D, 0x5F, 0x4D, 0x5F, 0x4D, 0x5F, 0x4D, 0x5F, 0x4D, 0x5F, 0x4D, 0x5F,
    0x4D, 0x5F, 0x4D, 0x5F, 0x4D, 0x5F, 0x4D, 0x5F, 0x4D, 0x5F, 0x4D, 0x5F, 0x4D, 0x5F, 0x4D, 0x5F,
    0x4D, 0x5F, 0x4D, 0x5F, 0x4D, 0x5F, 0x4D, 0x5F, 0x4D, 0x5F, 0x4D, 0x5F, 0x4D, 0x5F, 0x4D, 0x5F,
    0x4D, 0x5F, 0x4D, 0x5F, 0x4D, 0x5F, 0x4D, 0x5F, 0x4D, 0x5F, 0x4D, 0x7F, 0x11, 0xAA, 0x0A, 0x00,
    0xFF, 0x69, 0x49, 0xFB, 0x57, 0xFB, 0x16, 0xFB, 0x36, 0xFB, 0x36, 0xFB, 0x36, 0xFB, 0x36, 0xFB,
    0x36, 0xFB, 0x36, 0xFB, 0x36, 0xFB, 0x36, 0xFB, 0x36, 0xFB, 0x36, 0xFB, 0x36, 0xFB, 0x36, 0xFB,
    0x36, 0xFB, 0x36, 0xFB, 0x36, 0xFB, 0x36, 0xFB, 0x36, 0xFB, 0x36, 0xFB, 0x36, 0xFB, 0x36, 0xFB,
    0x36, 0xFB, 0x36, 0xFB, 0x36, 0xFB, 0x36, 0xFB, 0x36, 0xFB, 0x36, 0xFB, 0x36, 0xFB, 0x36, 0xFB,
    0x36, 0xFB, 0x36, 0xFB, 0x36, 0xFB, 0x36, 0xFB, 0x36, 0xFB, 0x36, 0xFB, 0x36, 0xFB, 0x36, 0xFB,
    0x36, 0xFB, 0x36, 0xFB, 0x36, 0xFB, 0x36, 0xFB, 0x36, 0xFB, 0x36, 0xFB, 0x36, 0xFB, 0x36, 0xFB,
    0x36, 0xFB, 0x36, 0xFB, 0x36, 0xFB, 0x36, 0xFB, 0x36, 0xFB, 0x16, 0xFB, 0x37, 0xD2, 0xB3, 0x08,
    0x83, 0x44, 0x9B, 0x4D, 0x7F, 0x4D, 0x5F, 0x4D, 0x5F, 0x4D, 0x5F, 0x4D, 0x5F, 0x4D, 0x5F, 0x4D,
    0x5F, 0xFF, 0x4D, 0x5F, 0x4D, 0x5F, 0x4D, 0x5F, 0x4D, 0x5F, 0x4D, 0x5F, 0x4D, 0x5F, 0x4D, 0x5F,
    0x4D, 0x5F, 0x4D, 0x5F, 0x4D, 0x5F, 0x4D, 0x5F, 0x4D, 0x5F, 0x4D, 0x5F, 0x4D, 0x5F, 0x4D, 0x5F,
    0x4D, 0x5F, 0x4D, 0x5F, 0x4D, 0x5F, 0x4D, 0x5F, 0x4D, 0x5F, 0x4D, 0x5F, 0x4D, 0x5F, 0x4D, 0x5F,
    0x4D, 0x5F, 0x4D, 0x5F, 0x4D, 0x5F, 0x4D, 0x5F, 0x4D, 0x5F, 0x4D, 0x5F, 0x4D, 0x5F, 0x4D, 0x5F,
    0x4D, 0x5F, 0x4D, 0x5F, 0x4D, 0x5F, 0x4D, 0x5F, 0x4D, 0x5F, 0x4D, 0x5F, 0x4D, 0x5F, 0x4D, 0x5F,
    0x4D, 0x5F, 0x4D, 0x5F, 0x4D, 0x5F, 0x4D, 0x5F, 0x4D, 0x5F, 0x4D, 0x5F, 0x4D, 0x5F, 0x4D, 0x5F,
    0x4D, 0x5F, 0x4D, 0x5F, 0x4D, 0x5F, 0x4D, 0x5F, 0x4D, 0x5F, 0x4D, 0x5F, 0x4D, 0x5F, 0x4D, 0x5F,
    0x4D, 0x5F, 0x4D, 0x5F, 0x4D, 0x5F, 0x4D, 0x5F, 0x4D, 0x5F, 0x4D, 0x5F, 0x4D, 0x5F, 0x4D, 0x5F,
    0x4D, 0x5F, 0xFF, 0x4D, 0x5F, 0x4D, 0x5F, 0x4D, 0x5F, 0x4D, 0x5F, 0x4D, 0x5F, 0x4D, 0x5F, 0x4D,
    0x5F, 0x4D, 0x5F, 0x4D, 0x5F, 0x4D, 0x5F, 0x4D, 0x5F, 0x4D, 0x5F, 0x4D, 0x5F, 0x4D, 0x5F, 0x4D,
    0x5F, 0x4D, 0x5F, 0x4D, 0x5F, 0x4D, 0x5F, 0x4D, 0x5F, 0x4D, 0x5F, 0x4D, 0x5F, 0x4D, 0x5F, 0x4D,
    0x5F, 0x4D, 0x5F, 0x4D, 0x5F, 0x4D, 0x5F, 0x4D, 0x5F, 0x4D, 0x5F, 0x4D, 0x5F, 0x4D, 0x5F, 0x4D,
    0x5F, 0x4D, 0x5F, 0x4D, 0x5F, 0x4D, 0x5F, 0x4D, 0x5F, 0x4D, 0x5F, 0x4D, 0x5F, 0x4D, 0x5F, 0x4D,
    0x5F, 0x4D, 0x5F, 0x4D, 0x5F, 0x4D, 0x5F, 0x4D, 0x5F, 0x4D, 0x5F, 0x4D, 0x5F, 0x4D, 0x5F, 0x4D,
    0x5F, 0x4D, 0x5F, 0x4D, 0x5F, 0x4D, 0x5F, 0x4D, 0x5F, 0x4D, 0x5F, 0x4D, 0x5F, 0x4D, 0x5F, 0x4D,
    0x5F, 0x4D, 0x5F, 0x4D, 0x5F, 0x4D, 0x5F, 0x4D, 0x5F, 0x4D, 0x5F, 0x4D, 0x5F, 0x4D, 0x5F, 0x4D,
    0x5F, 0x4D, 0x5F, 0xD5, 0x4D, 0x5F, 0x4D, 0x5F, 0x4D, 0x5F, 0x4D, 0x5F, 0x4D, 0x5F, 0x4D, 0x5F,
    0x4D, 0x5F, 0x4D, 0x5F, 0x4D, 0x5F, 0x4D, 0x5F, 0x4D, 0x5F, 0x4D, 0x5F, 0x4D, 0x5F, 0x4D, 0x5F,
    0x4D, 0x5F, 0x4D, 0x5F, 0x4D, 0x5F, 0x4D, 0x5F, 0x4D, 0x5F, 0x4D, 0x5F, 0x4D, 0x5F, 0x4D, 0x5F,
    0x4D, 0x5F, 0x4D, 0x5F, 0x4D, 0x5F, 0x4D, 0x5F, 0x4D, 0x5F, 0x4D, 0x5F, 0x4D, 0x5F, 0x4D, 0x5F,
    0x4D, 0x5F, 0x4D, 0x5F, 0x4D, 0x5F, 0x4D, 0x5F, 0x4D, 0x5F, 0x4D, 0x5F, 0x4D, 0x5F, 0x4D, 0x5F,
    0x4D, 0x5F, 0x4D, 0x5F, 0x4D, 0x5F, 0x4D, 0x7F, 0x1A, 0x2C, 0x0A, 0x00, 0xFF, 0x69, 0x49, 0xFB,
    0x57, 0xFB, 0x16, 0xFB, 0x36, 0xFB, 0x36, 0xFB, 0x36, 0xFB, 0x36, 0xFB, 0x36, 0xFB, 0x36, 0xFB,
    0x36, 0xFB, 0x36, 0xFB, 0x36, 0xFB, 0x36, 0xFB, 0x36, 0xFB, 0x36, 0xFB, 0x36, 0xFB, 0x36, 0xFB,
    0x36, 0xFB, 0x36, 0xFB, 0x36, 0xFB, 0x36, 0xFB, 0x36, 0xFB, 0x36, 0xFB, 0x36, 0xFB, 0x36, 0xFB,
    0x36, 0xFB, 0x36, 0xFB, 0x36, 0xFB, 0x36, 0xFB, 0x36, 0xFB, 0x36, 0xFB, 0x36, 0xFB, 0x36, 0xFB,
    0x36, 0xFB, 0x36, 0xFB, 0x36, 0xFB, 0x36, 0xFB, 0x36, 0xFB, 0x36, 0xFB, 0x36, 0xFB, 0x36, 0xFB,
    0x36, 0xFB, 0x36, 0xFB, 0x36, 0xFB, 0x36, 0xFB, 0x36, 0xFB, 0x36, 0xFB, 0x36, 0xFB, 0x36, 0xFB,
    0x36, 0xFB, 0x36, 0xFB, 0x36, 0xFB, 0x36, 0xFB, 0x37, 0xE2, 0xD4, 0x20, 0x63, 0x44, 0x9B, 0x4D,
    0x9F, 0x4D, 0x5F, 0x4D, 0x5F, 0x4D, 0x5F, 0x4D, 0x5F, 0x4D, 0x5F, 0x4D, 0x5F, 0xFF, 0x4D, 0x5F,
    0x4D, 0x5F, 0x4D, 0x5F, 0x4D, 0x5F, 0x4D, 0x5F, 0x4D, 0x5F, 0x4D, 0x5F, 0x4D, 0x5F, 0x4D, 0x5F,
    0x4D, 0x5F, 0x4D, 0x5F, 0x4D, 0x5F, 0x4D, 0x5F, 0x4D, 0x5F, 0x4D, 0x5F, 0x4D, 0x5F, 0x4D, 0x5F,
    0x4D, 0x5F, 0x4D, 0x5F, 0x4D, 0x5F, 0x4D, 0x5F, 0x4D, 0x5F, 0x4D, 0x5F, 0x4D, 0x5F, 0x4D, 0x5F,
    0x4D, 0x5F, 0x4D, 0x5F, 0x4D, 0x5F, 0x4D, 0x5F, 0x4D, 0x5F, 0x4D, 0x5F, 0x4D, 0x5F, 0x4D, 0x5F,
    0x4D, 0x5F, 0x4D, 0x5F, 0x4D, 0x5F, 0x4D, 0x5F, 0x4D, 0x5F, 0x4D, 0x5F, 0x4D, 0x5F, 0x4D, 0x5F,
    0x4D, 0x5F, 0x4D, 0x5F, 0x4D, 0x5F, 0x4D, 0x5F, 0x4D, 0x5F, 0x4D, 0x5F, 0x4D, 0x5F, 0x4D, 0x5F,
    0x4D, 0x5F, 0x4D, 0x5F, 0x4D, 0x5F, 0x4D, 0x5F, 0x4D, 0x5F, 0x4D, 0x5F, 0x4D, 0x5F, 0x4D, 0x5F,
    0x4D, 0x5F, 0x4D, 0x5F, 0x4D, 0x5F, 0x4D, 0x5F, 0x4D, 0x5F, 0x4D, 0x5F, 0x4D, 0x5F, 0xFF, 0x4D,
    0x5F, 0x4D, 0x5F, 0x4D, 0x5F, 0x4D, 0x5F, 0x4D, 0x5F, 0x4D, 0x5F, 0x4D, 0x5F, 0x4D, 0x5F, 0x4D,
    0x5F, 0x4D, 0x5F, 0x4D, 0x5F, 0x4D, 0x5F, 0x4D, 0x5F, 0x4D, 0x5F, 0x4D, 0x5F, 0x4D, 0x5F, 0x4D,
    0x5F, 0x4D, 0x5F, 0x4D, 0x5F, 0x4D, 0x5F, 0x4D, 0x5F, 0x4D, 0x5F, 0x4D, 0x5F, 0x4D, 0x5F, 0x4D,
    0x5F, 0x4D, 0x5F, 0x4D, 0x5F, 0x4D, 0x5F, 0x4D, 0x5F, 0x4D, 0x5F, 0x4D, 0x5F, 0x4D, 0x5F, 0x4D,
    0x5F, 0x4D, 0x5F, 0x4D, 0x5F, 0x4D, 0x5F, 0x4D, 0x5F, 0x4D, 0x5F, 0x4D, 0x5F, 0x4D, 0x5F, 0x4D,
    0x5F, 0x4D, 0x5F, 0x4D, 0x5F, 0x4D, 0x5F, 0x4D, 0x5F, 0x4D, 0x5F, 0x4D, 0x5F, 0x4D, 0x5F, 0x4D,
    0x5F, 0x4D, 0x5F, 0x4D, 0x5F, 0x4D, 0x5F, 0x4D, 0x5F, 0x4D, 0x5F, 0x4D, 0x5F, 0x4D, 0x5F, 0x4D,
    0x5F, 0x4D, 0x5F, 0x4D, 0x5F, 0x4D, 0x5F, 0x4D, 0x5F, 0x4D, 0x5F, 0x4D, 0x5F, 0x4D, 0x5F, 0xD5,
    0x4D, 0x5F, 0x4D, 0x5F, 0x4D, 0x5F, 0x4D, 0x5F, 0x4D, 0x5F, 0x4D, 0x5F, 0x4D, 0x5F, 0x4D, 0x5F,
    0x4D, 0x5F, 0x4D, 0x5F, 0x4D, 0x5F, 0x4D, 0x5F, 0x4D, 0x5F, 0x4D, 0x5F, 0x4D, 0x5F, 0x4D, 0x5F,
    0x4D, 0x5F, 0x4D, 0x5F, 0x4D, 0x5F, 0x4D, 0x5F, 0x4D, 0x5F, 0x4D, 0x5F, 0x4D, 0x5F, 0x4D, 0x5F,
    0x4D, 0x5F, 0x4D, 0x5F, 0x4D, 0x5F, 0x4D, 0x5F, 0x4D, 0x5F, 0x4D, 0x5F, 0x4D, 0x5F, 0x4D, 0x5F,
    0x4D, 0x5F, 0x4D, 0x5F, 0x4D, 0x5F, 0x4D, 0x5F, 0x4D, 0x5F, 0x4D, 0x5F, 0x4D, 0x5F, 0x4D, 0x5F,
    0x4D, 0x5F, 0x4D, 0x9F, 0x1A, 0x2C, 0x09, 0x00, 0xFF, 0x21, 0x69, 0x49, 0xFB, 0x57, 0xFB, 0x16,
    0xFB, 0x36, 0xFB, 0x36, 0xFB, 0x36, 0xFB, 0x36, 0xFB, 0x36, 0xFB, 0x36, 0xFB, 0x36, 0xFB, 0x36,
    0xFB, 0x36, 0xFB, 0x36, 0xFB, 0x36, 0xFB, 0x36, 0xFB, 0x36, 0xFB, 0x36, 0xFB, 0x36, 0xFB, 0x36,
    0xFB, 0x16, 0xFB, 0x16, 0xFB, 0x16, 0xFB, 0x16, 0xFB, 0x16, 0xFB, 0x16, 0xFB, 0x16, 0xFB, 0x16,
    0xFB, 0x16, 0xFB, 0x16, 0xFB, 0x16, 0xFB, 0x16, 0xFB, 0x16, 0xFB, 0x16, 0xFB, 0x16, 0xFB, 0x16,
    0xFB, 0x36, 0xFB, 0x36, 0xFB, 0x36, 0xFB, 0x36, 0xFB, 0x36, 0xFB, 0x36, 0xFB, 0x36, 0xFB, 0x36,
    0xFB, 0x36, 0xFB, 0x36, 0xFB, 0x36, 0xFB, 0x36, 0xFB, 0x36, 0xFB, 0x36, 0xFB, 0x36, 0xFB, 0x36,
    0xFB, 0x36, 0xFB, 0x36, 0xFB, 0x36, 0xF2, 0xF5, 0x30, 0xA5, 0x44, 0x9B, 0x4D, 0x9F, 0x4D, 0x5F,
    0x4D, 0x5F, 0x4D, 0x5F, 0x4D, 0x5F, 0x4D, 0x5F, 0x4D, 0xFF, 0x5F, 0x4D, 0x5F, 0x4D, 0x5F, 0x4D,
    0x5F, 0x4D, 0x5F, 0x4D, 0x5F, 0x4D, 0x5F, 0x4D, 0x5F, 0x4D, 0x5F, 0x4D, 0x5F, 0x4D, 0x5F, 0x4D,
    0x5F, 0x4D, 0x5F, 0x4D, 0x5F, 0x4D, 0x5F, 0x4D, 0x5F, 0x4D, 0x5F, 0x4D, 0x5F, 0x4D, 0x5F, 0x4D,
    0x5F, 0x4D, 0x5F, 0x4D, 0x5F, 0x4D, 0x5F, 0x4D, 0x5F, 0x4D, 0x5F, 0x4D, 0x5F, 0x4D, 0x5F, 0x4D,
    0x5F, 0x4D, 0x5F, 0x4D, 0x5F, 0x4D, 0x5F, 0x4D, 0x5F, 0x4D, 0x5F, 0x4D, 0x5F, 0x4D, 0x5F, 0x4D,
    0x5F, 0x4D, 0x5F, 0x4D, 0x5F, 0x4D, 0x5F, 0x4D, 0x5F, 0x4D, 0x5F, 0x4D, 0x5F, 0x4D, 0x5F, 0x4D,
    0x5F, 0x4D, 0x5F, 0x4D, 0x5F, 0x4D, 0x5F, 0x4D, 0x5F, 0x4D, 0x5F, 0x4D, 0x5F, 0x4D, 0x5F, 0x4D,
    0x5F, 0x4D, 0x5F, 0x4D, 0x5F, 0x4D, 0x5F, 0x4D, 0x5F, 0x4D, 0x5F, 0x4D, 0x5F, 0x4D, 0x5F, 0x4D,
    0x5F, 0x4D, 0x5F, 0x4D, 0x5F, 0x4D, 0x5F, 0x4D, 0x5F, 0x4D, 0xFF, 0x5F, 0x4D, 0x5F, 0x4D, 0x5F,
    0x4D, 0x5F, 0x4D, 0x5F, 0x4D, 0x5F, 0x4D, 0x5F, 0x4D, 0x5F, 0x4D, 0x5F, 0x4D, 0x5F, 0x4D, 0x5F,
    0x4D, 0x5F, 0x4D, 0x5F, 0x4D, 0x5F, 0x4D, 0x5F, 0x4D, 0x5F, 0x4D, 0x5F, 0x4D, 0x5F, 0x4D, 0x5F,
    0x4D, 0x5F, 0x4D, 0x5F, 0x4D, 0x5F, 0x4D, 0x5F, 0x4D, 0x5F, 0x4D, 0x5F, 0x4D, 0x5F, 0x4D, 0x5F,
    0x4D, 0x5F, 0x4D, 0x5F, 0x4D, 0x5F, 0x4D, 0x5F, 0x4D, 0x5F, 0x4D, 0x5F, 0x4D, 0x5F, 0x4D, 0x5F,
    0x4D, 0x5F, 0x4D, 0x5F, 0x4D, 0x5F, 0x4D, 0x5F, 0x4D, 0x5F, 0x4D, 0x5F, 0x4D, 0x5F, 0x4D, 0x5F,
    0x4D, 0x5F, 0x4D, 0x5F, 0x4D, 0x5F, 0x4D, 0x5F, 0x4D, 0x5F, 0x4D, 0x5F, 0x4D, 0x5F, 0x4D, 0x5F,
    0x4D, 0x5F, 0x4D, 0x5F, 0x4D, 0x5F, 0x4D, 0x5F, 0x4D, 0x5F, 0x4D, 0x5F, 0x4D, 0x5F, 0x4D, 0x5F,
    0x4D, 0x5F, 0x4D, 0x5F, 0x4D, 0x5F, 0x4D, 0x5F, 0x4D, 0x5F, 0x4D, 0xD6, 0x5F, 0x4D, 0x5F, 0x4D,
    0x5F, 0x4D, 0x5F, 0x4D, 0x5F, 0x4D, 0x5F, 0x4D, 0x5F, 0x4D, 0x5F, 0x4D, 0x5F, 0x4D, 0x5F, 0x4D,
    0x5F, 0x4D, 0x5F, 0x4D, 0x5F, 0x4D, 0x5F, 0x4D, 0x5F, 0x4D, 0x5F, 0x4D, 0x5F, 0x4D, 0x5F, 0x4D,
    0x5F, 0x4D, 0x5F, 0x4D, 0x5F, 0x4D, 0x5F, 0x4D, 0x5F, 0x4D, 0x5F, 0x4D, 0x5F, 0x4D, 0x5F, 0x4D,
    0x5F, 0x4D, 0x5F, 0x4D, 0x5F, 0x4D, 0x5F, 0x4D, 0x5F, 0x4D, 0x5F, 0x4D, 0x5F, 0x4D, 0x5F, 0x4D,
    0x5F, 0x4D, 0x5F, 0x4D, 0x5F, 0x4D, 0x5F, 0x4D, 0x5F, 0x4D, 0x5F, 0x4D, 0x5F, 0x4D, 0x5F, 0x4D,
    0x9F, 0x22, 0x6E, 0x0A, 0x00, 0xFF, 0x69, 0x49, 0xFB, 0x57, 0xFB, 0x16, 0xFB, 0x36, 0xFB, 0x36,
    0xFB, 0x36, 0xFB, 0x36, 0xFB, 0x36, 0xFB, 0x36, 0xFB, 0x36, 0xFB, 0x36, 0xFB, 0x36, 0xFB, 0x36,
    0xFB, 0x36, 0xFB, 0x36, 0xFB, 0x36, 0xFB, 0x36, 0xFB, 0x36, 0xFB, 0x36, 0xFB, 0x37, 0xFB, 0x57,
    0xFB, 0x57, 0xFB, 0x57, 0xFB, 0x57, 0xFB, 0x57, 0xFB, 0x57, 0xFB, 0x57, 0xFB, 0x57, 0xFB, 0x37,
    0xFB, 0x37, 0xFB, 0x57, 0xFB, 0x57, 0xFB, 0x57, 0xFB, 0x57, 0xFB, 0x37, 0xFB, 0x36, 0xFB, 0x36,
    0xFB, 0x36, 0xFB, 0x36, 0xFB, 0x36, 0xFB, 0x36, 0xFB, 0x36, 0xFB, 0x36, 0xFB, 0x36, 0xFB, 0x36,
    0xFB, 0x36, 0xFB, 0x36, 0xFB, 0x36, 0xFB, 0x36, 0xFB, 0x36, 0xFB, 0x36, 0xFB, 0x36, 0xFB, 0x36,
    0xFB, 0x36, 0xFB, 0x16, 0x30, 0xA5, 0x44, 0x9B, 0x4D, 0x9F, 0x4D, 0x5F, 0x4D, 0x5F, 0x4D, 0x5F,
    0x4D, 0x5F, 0x4D, 0x5F, 0x4D, 0x5F, 0xFF, 0x4D, 0x5F, 0x4D, 0x5F, 0x4D, 0x5F, 0x4D, 0x5F, 0x4D,
    0x5F, 0x4D, 0x5F, 0x4D, 0x5F, 0x4D, 0x5F, 0x4D, 0x5F, 0x4D, 0x5F, 0x4D, 0x5F, 0x4D, 0x5F, 0x4D,
    0x5F, 0x4D, 0x5F, 0x4D, 0x5F, 0x4D, 0x5F, 0x4D, 0x5F, 0x4D, 0x5F, 0x4D, 0x5F, 0x4D, 0x5F, 0x4D,
    0x5F, 0x4D, 0x5F, 0x4D, 0x5F, 0x4D, 0x5F, 0x4D, 0x5F, 0x4D, 0x5F, 0x4D, 0x5F, 0x4D, 0x5F, 0x4D,
    0x5F, 0x4D, 0x5F, 0x4D, 0x5F, 0x4D, 0x5F, 0x4D, 0x5F, 0x4D, 0x5F, 0x4D, 0x5F, 0x4D, 0x5F, 0x4D,
    0x5F, 0x4D, 0x5F, 0x4D, 0x5F, 0x4D, 0x5F, 0x4D, 0x5F, 0x4D, 0x5F, 0x4D, 0x5F, 0x4D, 0x5F, 0x4D,
    0x5F, 0x4D, 0x5F, 0x4D, 0x5F, 0x4D, 0x5F, 0x4D, 0x5F, 0x4D, 0x5F, 0x4D, 0x5F, 0x4D, 0x5F, 0x4D,
    0x5F, 0x4D, 0x5F, 0x4D, 0x5F, 0x4D, 0x5F, 0x4D, 0x5F, 0x4D, 0x5F, 0x4D, 0x5F, 0x4D, 0x5F, 0x4D,
    0x5F, 0x4D, 0x5F, 0x4D, 0x5F, 0x4D, 0x5F, 0xFF, 0x4D, 0x5F, 0x4D, 0x5F, 0x4D, 0x5F, 0x4D, 0x5F,
    0x4D, 0x5F, 0x4D, 0x5F, 0x4D, 0x5F, 0x4D, 0x5F, 0x4D, 0x5F, 0x4D, 0x5F, 0x4D, 0x5F, 0x4D, 0x5F,
    0x4D, 0x5F, 0x4D, 0x5F, 0x4D, 0x5F, 0x4D, 0x5F, 0x4D, 0x5F, 0x4D, 0x5F, 0x4D, 0x5F, 0x4D, 0x5F,
    0x4D, 0x5F, 0x4D, 0x5F, 0x4D, 0x5F, 0x4D, 0x5F, 0x4D, 0x5F, 0x4D, 0x5F, 0x4D, 0x5F, 0x4D, 0x5F,
    0x4D, 0x5F, 0x4D, 0x5F, 0x4D, 0x5F, 0x4D, 0x5F, 0x4D, 0x5F, 0x4D, 0x5F, 0x4D, 0x5F, 0x4D, 0x5F,
    0x4D, 0x5F, 0x4D, 0x5F, 0x4D, 0x5F, 0x4D, 0x5F, 0x4D, 0x5F, 0x4D, 0x5F, 0x4D, 0x5F, 0x4D, 0x5F,
    0x4D, 0x5F, 0x4D, 0x5F, 0x4D, 0x5F, 0x4D, 0x5F, 0x4D, 0x5F, 0x4D, 0x5F, 0x4D, 0x5F, 0x4D, 0x5F,
    0x4D, 0x5F, 0x4D, 0x5F, 0x4D, 0x5F, 0x4D, 0x5F, 0x4D, 0x5F, 0x4D, 0x5F, 0x4D, 0x5F, 0x4D, 0x5F,
    0x4D, 0x5F, 0x4D, 0x5F, 0x4D, 0x5F, 0x4D, 0x5F, 0xD5, 0x4D, 0x5F, 0x4D, 0x5F, 0x4D, 0x5F, 0x4D,
    0x5F, 0x4D, 0x5F, 0x4D, 0x5F, 0x4D, 0x5F, 0x4D, 0x5F, 0x4D, 0x5F, 0x4D, 0x5F, 0x4D, 0x5F, 0x4D,
    0x5F, 0x4D, 0x5F, 0x4D, 0x5F, 0x4D, 0x5F, 0x4D, 0x5F, 0x4D, 0x5F, 0x4D, 0x5F, 0x4D, 0x5F, 0x4D,
    0x5F, 0x4D, 0x5F, 0x4D, 0x5F, 0x4D, 0x5F, 0x4D, 0x5F, 0x4D, 0x5F, 0x4D, 0x5F, 0x4D, 0x5F, 0x4D,
    0x5F, 0x4D, 0x5F, 0x4D, 0x5F, 0x4D, 0x5F, 0x4D, 0x5F, 0x4D, 0x5F, 0x4D, 0x5F, 0x4D, 0x5F, 0x4D,
    0x5F, 0x4D, 0x5F, 0x4D, 0x5F, 0x4D, 0x5F, 0x4D, 0x5F, 0x4D, 0x5F, 0x4D, 0x9F, 0x22, 0xD0, 0x09,
    0x00, 0xFF, 0x21, 0x69, 0x49, 0xFB, 0x57, 0xFB, 0x16, 0xFB, 0x36, 0xFB, 0x36, 0xFB, 0x36, 0xFB,
    0x36, 0xFB, 0x36, 0xFB, 0x36, 0xFB, 0x36, 0xFB, 0x36, 0xFB, 0x36, 0xFB, 0x36, 0xFB, 0x36, 0xFB,
    0x36, 0xFB, 0x36, 0xFB, 0x36, 0xFB, 0x36, 0xFB, 0x37, 0xD2, 0xB3, 0x89, 0xCC, 0x89, 0xCC, 0x89,
    0xCC, 0x89, 0xCC, 0x79, 0x8A, 0x79, 0x8A, 0x69, 0x49, 0x69, 0x49, 0x48, 0xE6, 0x59, 0x07, 0x69,
    0x49, 0x79, 0x8A, 0x79, 0x8A, 0x89, 0xCC, 0xD2, 0xB3, 0xFB, 0x36, 0xFB, 0x36, 0xFB, 0x36, 0xFB,
    0x36, 0xFB, 0x36, 0xFB, 0x36, 0xFB, 0x36, 0xFB, 0x36, 0xFB, 0x36, 0xFB, 0x36, 0xFB, 0x36, 0xFB,
    0x36, 0xFB, 0x36, 0xFB, 0x36, 0xFB, 0x36, 0xFB, 0x36, 0xFB, 0x36, 0xFB, 0x36, 0xFB, 0x36, 0xFB,
    0x16, 0x30, 0xA5, 0x44, 0x58, 0x4D, 0x9F, 0x4D, 0x5F, 0x4D, 0x5F, 0x4D, 0x5F, 0x4D, 0x5F, 0x4D,
    0x5F, 0x4D, 0xFF, 0x5F, 0x4D, 0x5F, 0x4D, 0x5F, 0x4D, 0x5F, 0x4D, 0x5F, 0x4D, 0x5F, 0x4D, 0x5F,
    0x4D, 0x5F, 0x4D, 0x5F, 0x4D, 0x5F, 0x4D, 0x5F, 0x4D, 0x5F, 0x4D, 0x5F, 0x4D, 0x5F, 0x4D, 0x5F,
    0x4D, 0x5F, 0x4D, 0x5F, 0x4D, 0x5F, 0x4D, 0x5F, 0x4D, 0x5F, 0x4D, 0x5F, 0x4D, 0x5F, 0x4D, 0x5F,
    0x4D, 0x5F, 0x4D, 0x5F, 0x4D, 0x5F, 0x4D, 0x5F, 0x4D, 0x5F, 0x4D, 0x5F, 0x4D, 0x5F, 0x4D, 0x5F,
    0x4D, 0x5F, 0x4D, 0x5F, 0x4D, 0x5F, 0x4D, 0x5F, 0x4D, 0x5F, 0x4D, 0x5F, 0x4D, 0x5F, 0x4D, 0x5F,
    0x4D, 0x5F, 0x4D, 0x5F, 0x4D, 0x5F, 0x4D, 0x5F, 0x4D, 0x5F, 0x4D, 0x5F, 0x4D, 0x5F, 0x4D, 0x5F,
    0x4D, 0x5F, 0x4D, 0x5F, 0x4D, 0x5F, 0x4D, 0x5F, 0x4D, 0x5F, 0x4D, 0x5F, 0x4D, 0x5F, 0x4D, 0x5F,
    0x4D, 0x5F, 0x4D, 0x5F, 0x4D, 0x5F, 0x4D, 0x5F, 0x4D, 0x5F, 0x4D, 0x5F, 0x4D, 0x5F, 0x4D, 0x5F,
    0x4D, 0x5F, 0x4D, 0xFF, 0x5F, 0x4D, 0x5F, 0x4D, 0x5F, 0x4D, 0x5F, 0x4D, 0x5F, 0x4D, 0x5F, 0x4D,
    0x5F, 0x4D, 0x5F, 0x4D, 0x5F, 0x4D, 0x5F, 0x4D, 0x5F, 0x4D, 0x5F, 0x4D, 0x5F, 0x4D, 0x5F, 0x4D,
    0x5F, 0x4D, 0x5F, 0x4D, 0x5F, 0x4D, 0x5F, 0x4D, 0x5F, 0x4D, 0x5F, 0x4D, 0x5F, 0x4D, 0x5F, 0x4D,
    0x5F, 0x4D, 0x5F, 0x4D, 0x5F, 0x4D, 0x5F, 0x4D, 0x5F, 0x4D, 0x5F, 0x4D, 0x5F, 0x4D, 0x5F, 0x4D,
    0x5F, 0x4D, 0x5F, 0x4D, 0x5F, 0x4D, 0x5F, 0x4D, 0x5F, 0x4D, 0x5F, 0x4D, 0x5F, 0x4D, 0x5F, 0x4D,
    0x5F, 0x4D, 0x5F, 0x4D, 0x5F, 0x4D, 0x5F, 0x4D, 0x5F, 0x4D, 0x5F, 0x4D, 0x5F, 0x4D, 0x5F, 0x4D,
    0x5F, 0x4D, 0x5F, 0x4D, 0x5F, 0x4D, 0x5F, 0x4D, 0x5F, 0x4D, 0x5F, 0x4D, 0x5F, 0x4D, 0x5F, 0x4D,
    0x5F, 0x4D, 0x5F, 0x4D, 0x5F, 0x4D, 0x5F, 0x4D, 0x5F, 0x4D, 0x5F, 0x4D, 0x5F, 0x4D, 0x5F, 0x4D,
    0x5F, 0x4D, 0x5F, 0x4D, 0xD6, 0x5F, 0x4D, 0x5F, 0x4D, 0x5F, 0x4D, 0x5F, 0x4D, 0x5F, 0x4D, 0x5F,
    0x4D, 0x5F, 0x4D, 0x5F, 0x4D, 0x5F, 0x4D, 0x5F, 0x4D, 0x5F, 0x4D, 0x5F, 0x4D, 0x5F, 0x4D, 0x5F,
    0x4D, 0x5F, 0x4D, 0x5F, 0x4D, 0x5F, 0x4D, 0x5F, 0x4D, 0x5F, 0x4D, 0x5F, 0x4D, 0x5F, 0x4D, 0x5F,
    0x4D, 0x5F, 0x4D, 0x5F, 0x4D, 0x5F, 0x4D, 0x5F, 0x4D, 0x5F, 0x4D, 0x5F, 0x4D, 0x5F, 0x4D, 0x5F,
    0x4D, 0x5F, 0x4D, 0x5F, 0x4D, 0x5F, 0x4D, 0x5F, 0x4D, 0x5F, 0x4D, 0x5F, 0x4D, 0x5F, 0x4D, 0x5F,
    0x4D, 0x5F, 0x4D, 0x5F, 0x4D, 0x5F, 0x4D, 0x5F, 0x4D, 0x9F, 0x22, 0x6E, 0x0A, 0x00, 0xA7, 0x69,
    0x49, 0xFB, 0x57, 0xFB, 0x16, 0xFB, 0x36, 0xFB, 0x36, 0xFB, 0x36, 0xFB, 0x36, 0xFB, 0x36, 0xFB,
    0x36, 0xFB, 0x36, 0xFB, 0x36, 0xFB, 0x36, 0xFB, 0x36, 0xFB, 0x36, 0xFB, 0x36, 0xFB, 0x36, 0xFB,
    0x36, 0xFB, 0x36, 0xFB, 0x16, 0x30, 0xA5, 0x1C, 0x00, 0xFF, 0x20, 0x63, 0xF2, 0xF5, 0xFB, 0x36,
    0xFB, 0x36, 0xFB, 0x36, 0xFB, 0x36, 0xFB, 0x36, 0xFB, 0x36, 0xFB, 0x36, 0xFB, 0x36, 0xFB, 0x36,
    0xFB, 0x36, 0xFB, 0x36, 0xFB, 0x36, 0xFB, 0x36, 0xFB, 0x36, 0xFB, 0x36, 0xFB, 0x36, 0xFB, 0x36,
    0xFB, 0x36, 0xFB, 0x36, 0x30, 0xA5, 0x44, 0x58, 0x4D, 0x9F, 0x4D, 0x5F, 0x4D, 0x5F, 0x4D, 0x5F,
    0x4D, 0x5F, 0x4D, 0x5F, 0x4D, 0x5F, 0x4D, 0x5F, 0x4D, 0x5F, 0x4D, 0x5F, 0x4D, 0x5F, 0x4D, 0x5F,
    0x4D, 0x5F, 0x4D, 0x5F, 0x4D, 0x5F, 0x4D, 0x5F, 0x4D, 0x5F, 0x4D, 0x5F, 0x4D, 0x5F, 0x4D, 0x5F,
    0x4D, 0x5F, 0x4D, 0x5F, 0x4D, 0x5F, 0x4D, 0x5F, 0x4D, 0x5F, 0x4D, 0x5F, 0x4D, 0x5F, 0x4D, 0x5F,
    0x4D, 0x5F, 0x4D, 0x5F, 0x4D, 0x5F, 0x4D, 0x5F, 0x4D, 0x5F, 0x4D, 0x5F, 0x4D, 0x5F, 0x4D, 0x5F,
    0x4D, 0x5F, 0x4D, 0x5F, 0x4D, 0x5F, 0x4D, 0x5F, 0x4D, 0x5F, 0xFF, 0x4D, 0x5F, 0x4D, 0x5F, 0x4D,
    0x5F, 0x4D, 0x5F, 0x4D, 0x5F, 0x4D, 0x5F, 0x4D, 0x5F, 0x4D, 0x5F, 0x4D, 0x5F, 0x4D, 0x5F, 0x4D,
    0x5F, 0x4D, 0x5F, 0x4D, 0x5F, 0x4D, 0x5F, 0x4D, 0x5F, 0x4D, 0x5F, 0x4D, 0x5F, 0x4D, 0x5F, 0x4D,
    0x5F, 0x4D, 0x5F, 0x4D, 0x5F, 0x4D, 0x5F, 0x4D, 0x5F, 0x4D, 0x5F, 0x4D, 0x5F, 0x4D, 0x5F, 0x4D,
    0x5F, 0x4D, 0x5F, 0x4D, 0x5F, 0x4D, 0x5F, 0x4D, 0x5F, 0x4D, 0x5F, 0x4D, 0x5F, 0x4D, 0x5F, 0x4D,
    0x5F, 0x4D, 0x5F, 0x4D, 0x5F, 0x4D, 0x5F, 0x4D, 0x5F, 0x4D, 0x5F, 0x4D, 0x5F, 0x4D, 0x5F, 0x4D,
    0x5F, 0x4D, 0x5F, 0x4D, 0x5F, 0x4D, 0x5F, 0x4D, 0x5F, 0x4D, 0x5F, 0x4D, 0x5F, 0x4D, 0x5F, 0x4D,
    0x5F, 0x4D, 0x5F, 0x4D, 0x5F, 0x4D, 0x5F, 0x4D, 0x5F, 0x4D, 0x5F, 0x4D, 0x5F, 0x4D, 0x5F, 0x4D,
    0x5F, 0x4D, 0x5F, 0x4D, 0x5F, 0x4D, 0x5F, 0x4D, 0x5F, 0x4D, 0x5F, 0xFF, 0x4D, 0x5F, 0x4D, 0x5F,
    0x4D, 0x5F, 0x4D, 0x5F, 0x4D, 0x5F, 0x4D, 0x5F, 0x4D, 0x5F, 0x4D, 0x5F, 0x4D, 0x5F, 0x4D, 0x5F,
    0x4D, 0x5F, 0x4D, 0x5F, 0x4D, 0x5F, 0x4D, 0x5F, 0x4D, 0x5F, 0x4D, 0x5F, 0x4D, 0x5F, 0x4D, 0x5F,
    0x4D, 0x5F, 0x4D, 0x5F, 0x4D, 0x5F, 0x4D, 0x5F, 0x4D, 0x5F, 0x4D, 0x5F, 0x4D, 0x5F, 0x4D, 0x5F,
    0x4D, 0x5F, 0x4D, 0x5F, 0x4D, 0x5F, 0x4D, 0x5F, 0x4D, 0x5F, 0x4D, 0x5F, 0x4D, 0x5F, 0x4D, 0x5F,
    0x4D, 0x5F, 0x4D, 0x5F, 0x4D, 0x5F, 0x4D, 0x5F, 0x4D, 0x5F, 0x4D, 0x5F, 0x4D, 0x5F, 0x4D, 0x5F,
    0x4D, 0x5F, 0x4D, 0x5F, 0x4D, 0x5F, 0x4D, 0x5F, 0x4D, 0x5F, 0x4D, 0x5F, 0x4D, 0x5F, 0x4D, 0x5F,
    0x4D, 0x5F, 0x4D, 0x5F, 0x4D, 0x5F, 0x4D, 0x5F, 0x4D, 0x5F, 0x4D, 0x5F, 0x4D, 0x5F, 0x4D, 0x5F,
    0x4D, 0x5F, 0x4D, 0x5F, 0x4D, 0x5F, 0x4D, 0x5F, 0x4D, 0x5F, 0x4D, 0x5F, 0x91, 0x4D, 0x5F, 0x4D,
    0x5F, 0x4D, 0x5F, 0x4D, 0x5F, 0x4D, 0x5F, 0x4D, 0x5F, 0x4D, 0x5F, 0x4D, 0x9F, 0x22, 0x6E, 0x0A,
    0x00, 0xA7, 0x59, 0x07, 0xFB, 0x37, 0xFB, 0x16, 0xFB, 0x36, 0xFB, 0x36, 0xFB, 0x36, 0xFB, 0x36,
    0xFB, 0x36, 0xFB, 0x36, 0xFB, 0x36, 0xFB, 0x36, 0xFB, 0x36, 0xFB, 0x36, 0xFB, 0x36, 0xFB, 0x36,
    0xFB, 0x36, 0xFB, 0x36, 0xFB, 0x36, 0xE2, 0xD4, 0x10, 0x41, 0x1C, 0x00, 0xFF, 0x10, 0x41, 0xE2,
    0xD4, 0xFB, 0x36, 0xFB, 0x36, 0xFB, 0x36, 0xFB, 0x36, 0xFB, 0x36, 0xFB, 0x36, 0xFB, 0x36, 0xFB,
    0x36, 0xFB, 0x36, 0xFB, 0x36, 0xFB, 0x36, 0xFB, 0x36, 0xFB, 0x36, 0xFB, 0x36, 0xFB, 0x36, 0xFB,
    0x36, 0xFB, 0x36, 0xFB, 0x36, 0xFB, 0x16, 0x30, 0xA5, 0x44, 0x58, 0x4D, 0x9F, 0x4D, 0x5F, 0x4D,
    0x5F, 0x4D, 0x5F, 0x4D, 0x5F, 0x4D, 0x5F, 0x4D, 0x5F, 0x4D, 0x5F, 0x4D, 0x5F, 0x4D, 0x5F, 0x4D,
    0x5F, 0x4D, 0x5F, 0x4D, 0x5F, 0x4D, 0x5F, 0x4D, 0x5F, 0x4D, 0x5F, 0x4D, 0x5F, 0x4D, 0x5F, 0x4D,
    0x5F, 0x4D, 0x5F, 0x4D, 0x5F, 0x4D, 0x5F, 0x4D, 0x5F, 0x4D, 0x5F, 0x4D, 0x5F, 0x4D, 0x5F, 0x4D,
    0x5F, 0x4D, 0x5F, 0x4D, 0x5F, 0x4D, 0x5F, 0x4D, 0x5F, 0x4D, 0x5F, 0x4D, 0x5F, 0x4D, 0x5F, 0x4D,
    0x5F, 0x4D, 0x5F, 0x4D, 0x5F, 0x4D, 0x5F, 0x4D, 0x5F, 0x4D, 0x5F, 0x4D, 0x5F, 0xFF, 0x4D, 0x5F,
    0x4D, 0x5F, 0x4D, 0x5F, 0x4D, 0x5F, 0x4D, 0x5F, 0x4D, 0x5F, 0x4D, 0x5F, 0x4D, 0x5F, 0x4D, 0x5F,
    0x4D, 0x5F, 0x4D, 0x5F, 0x4D, 0x5F, 0x4D, 0x5F, 0x4D, 0x5F, 0x4D, 0x5F, 0x4D, 0x5F, 0x4D, 0x5F,
    0x4D, 0x5F, 0x4D, 0x5F, 0x4D, 0x5F, 0x4D, 0x5F, 0x4D, 0x5F, 0x4D, 0x5F, 0x4D, 0x5F, 0x4D, 0x5F,
    0x4D, 0x5F, 0x4D, 0x5F, 0x4D, 0x5F, 0x4D, 0x5F, 0x4D, 0x5F, 0x4D, 0x5F, 0x4D, 0x5F, 0x4D, 0x5F,
    0x4D, 0x5F, 0x4D, 0x5F, 0x4D, 0x5F, 0x4D, 0x5F, 0x4D, 0x5F, 0x4D, 0x5F, 0x4D, 0x5F, 0x4D, 0x5F,
    0x4D, 0x5F, 0x4D, 0x5F, 0x4D, 0x5F, 0x4D, 0x5F, 0x4D, 0x5F, 0x4D, 0x5F, 0x4D, 0x5F, 0x4D, 0x5F,
    0x4D, 0x5F, 0x4D, 0x5F, 0x4D, 0x5F, 0x4D, 0x5F, 0x4D, 0x5F, 0x4D, 0x5F, 0x4D, 0x5F, 0x4D, 0x5F,
    0x4D, 0x5F, 0x4D, 0x5F, 0x4D, 0x5F, 0x4D, 0x5F, 0x4D, 0x5F, 0x4D, 0x5F, 0x4D, 0x5F, 0xFF, 0x4D,
    0x5F, 0x4D, 0x5F, 0x4D, 0x5F, 0x4D, 0x5F, 0x4D, 0x5F, 0x4D, 0x5F, 0x4D, 0x5F, 0x4D, 0x5F, 0x4D,
    0x5F, 0x4D, 0x5F, 0x4D, 0x5F, 0x4D, 0x5F, 0x4D, 0x5F, 0x4D, 0x5F, 0x4D, 0x5F, 0x4D, 0x5F, 0x4D,
    0x5F, 0x4D, 0x5F, 0x4D, 0x5F, 0x4D, 0x5F, 0x4D, 0x5F, 0x4D, 0x5F, 0x4D, 0x5F, 0x4D, 0x5F, 0x4D,
    0x5F, 0x4D, 0x5F, 0x4D, 0x5F, 0x4D, 0x5F, 0x4D, 0x5F, 0x4D, 0x5F, 0x4D, 0x5F, 0x4D, 0x5F, 0x4D,
    0x5F, 0x4D, 0x5F, 0x4D, 0x5F, 0x4D, 0x5F, 0x4D, 0x5F, 0x4D, 0x5F, 0x4D, 0x5F, 0x4D, 0x5F, 0x4D,
    0x5F, 0x4D, 0x5F, 0x4D, 0x5F, 0x4D, 0x5F, 0x4D, 0x5F, 0x4D, 0x5F, 0x4D, 0x5F, 0x4D, 0x5F, 0x4D,
    0x5F, 0x4D, 0x5F, 0x4D, 0x5F, 0x4D, 0x5F, 0x4D, 0x5F, 0x4D, 0x5F, 0x4D, 0x5F, 0x4D, 0x5F, 0x4D,
    0x5F, 0x4D, 0x5F, 0x4D, 0x5F, 0x4D, 0x5F, 0x4D, 0x5F, 0x4D, 0x5F, 0x4D, 0x5F, 0x4D, 0x5F, 0x91,
    0x4D, 0x5F, 0x4D, 0x5F, 0x4D, 0x5F, 0x4D, 0x5F, 0x4D, 0x5F, 0x4D, 0x5F, 0x4D, 0x5F, 0x4D, 0x9F,
    0x1A, 0x2C, 0x0A, 0x00, 0xBB, 0x59, 0x07, 0xFB, 0x37, 0xFB, 0x16, 0xFB, 0x36, 0xFB, 0x36, 0xFB,
    0x36, 0xFB, 0x36, 0xFB, 0x36, 0xFB, 0x36, 0xFB, 0x36, 0xFB, 0x36, 0xFB, 0x36, 0xFB, 0x36, 0xFB,
    0x36, 0xFB, 0x36, 0xFB, 0x36, 0xFB, 0x36, 0xFB, 0x36, 0xFB, 0x36, 0x89, 0xCC, 0x20, 0x63, 0x10,
    0x41, 0x10, 0x41, 0x10, 0x41, 0x10, 0x41, 0x10, 0x41, 0x00, 0x21, 0x00, 0x21, 0x00, 0x21, 0x00,
    0x21, 0x05, 0x00, 0xFF, 0x21, 0x00, 0x21, 0x59, 0x07, 0xFB, 0x36, 0xFB, 0x36, 0xFB, 0x36, 0xFB,
    0x36, 0xFB, 0x36, 0xFB, 0x36, 0xFB, 0x36, 0xFB, 0x36, 0xFB, 0x36, 0xFB, 0x36, 0xFB, 0x36, 0xFB,
    0x36, 0xFB, 0x36, 0xFB, 0x36, 0xFB, 0x36, 0xFB, 0x36, 0xFB, 0x36, 0xFB, 0x36, 0xFB, 0x36, 0xFB,
    0x16, 0x30, 0xA5, 0x44, 0x58, 0x4D, 0x9F, 0x4D, 0x5F, 0x4D, 0x5F, 0x4D, 0x5F, 0x4D, 0x5F, 0x4D,
    0x5F, 0x4D, 0x5F, 0x4D, 0x5F, 0x4D, 0x5F, 0x4D, 0x5F, 0x4D, 0x5F, 0x4D, 0x5F, 0x4D, 0x5F, 0x4D,
    0x5F, 0x4D, 0x5F, 0x4D, 0x5F, 0x4D, 0x5F, 0x4D, 0x5F, 0x4D, 0x5F, 0x4D, 0x5F, 0x4D, 0x5F, 0x4D,
    0x5F, 0x4D, 0x5F, 0x4D, 0x5F, 0x4D, 0x5F, 0x4D, 0x5F, 0x4D, 0x5F, 0x4D, 0x5F, 0x4D, 0x5F, 0x4D,
    0x5F, 0x4D, 0x5F, 0x4D, 0x5F, 0x4D, 0x5F, 0x4D, 0x5F, 0x4D, 0x5F, 0x4D, 0x5F, 0x4D, 0x5F, 0x4D,
    0x5F, 0x4D, 0x5F, 0x4D, 0xFF, 0x5F, 0x4D, 0x5F, 0x4D, 0x5F, 0x4D, 0x5F, 0x4D, 0x5F, 0x4D, 0x5F,
    0x4D, 0x5F, 0x4D, 0x5F, 0x4D, 0x5F, 0x4D, 0x5F, 0x4D, 0x5F, 0x4D, 0x5F, 0x4D, 0x5F, 0x4D, 0x5F,
    0x4D, 0x5F, 0x4D, 0x5F, 0x4D, 0x5F, 0x4D, 0x5F, 0x4D, 0x5F, 0x4D, 0x5F, 0x4D, 0x5F, 0x4D, 0x5F,
    0x4D, 0x5F, 0x4D, 0x5F, 0x4D, 0x5F, 0x4D, 0x5F, 0x4D, 0x5F, 0x4D, 0x5F, 0x4D, 0x5F, 0x4D, 0x5F,
    0x4D, 0x5F, 0x4D, 0x5F, 0x4D, 0x5F, 0x4D, 0x5F, 0x4D, 0x5F, 0x4D, 0x5F, 0x4D, 0x5F, 0x4D, 0x5F,
    0x4D, 0x5F, 0x4D, 0x5F, 0x4D, 0x5F, 0x4D, 0x5F, 0x4D, 0x5F, 0x4D, 0x5F, 0x4D, 0x5F, 0x4D, 0x5F,
    0x4D, 0x5F, 0x4D, 0x5F, 0x4D, 0x5F, 0x4D, 0x5F, 0x4D, 0x5F, 0x4D, 0x5F, 0x4D, 0x5F, 0x4D, 0x5F,
    0x4D, 0x5F, 0x4D, 0x5F, 0x4D, 0x5F, 0x4D, 0x5F, 0x4D, 0x5F, 0x4D, 0x5F, 0x4D, 0x5F, 0x4D, 0x5F,
    0x4D, 0x5F, 0x4D, 0x5F, 0x4D, 0xFF, 0x5F, 0x4D, 0x5F, 0x4D, 0x5F, 0x4D, 0x5F, 0x4D, 0x5F, 0x4D,
    0x5F, 0x4D, 0x5F, 0x4D, 0x5F, 0x4D, 0x5F, 0x4D, 0x5F, 0x4D, 0x5F, 0x4D, 0x5F, 0x4D, 0x5F, 0x4D,
    0x5F, 0x4D, 0x5F, 0x4D, 0x5F, 0x4D, 0x5F, 0x4D, 0x5F, 0x4D, 0x5F, 0x4D, 0x5F, 0x4D, 0x5F, 0x4D,
    0x5F, 0x4D, 0x5F, 0x4D, 0x5F, 0x4D, 0x5F, 0x4D, 0x5F, 0x4D, 0x5F, 0x4D, 0x5F, 0x4D, 0x5F, 0x4D,
    0x5F, 0x4D, 0x5F, 0x4D, 0x5F, 0x4D, 0x5F, 0x4D, 0x5F, 0x4D, 0x5F, 0x4D, 0x5F, 0x4D, 0x5F, 0x4D,
    0x5F, 0x4D, 0x5F, 0x4D, 0x5F, 0x4D, 0x5F, 0x4D, 0x5F, 0x4D, 0x5F, 0x4D, 0x5F, 0x4D, 0x5F, 0x4D,
    0x5F, 0x4D, 0x5F, 0x4D, 0x5F, 0x4D, 0x5F, 0x4D, 0x5F, 0x4D, 0x5F, 0x4D, 0x5F, 0x4D, 0x5F, 0x4D,
    0x5F, 0x4D, 0x5F, 0x4D, 0x5F, 0x4D, 0x5F, 0x4D, 0x5F, 0x4D, 0x5F, 0x4D, 0x5F, 0x4D, 0x5F, 0x4D,
    0x5F, 0x4D, 0x5F, 0x4D, 0x5F, 0x4D, 0x94, 0x5F, 0x4D, 0x5F, 0x4D, 0x5F, 0x4D, 0x5F, 0x4D, 0x5F,
    0x4D, 0x5F, 0x4D, 0x5F, 0x4D, 0x5F, 0x4D, 0x5F, 0x4D, 0x7F, 0x1A, 0x2C, 0x0A, 0x00, 0xFF, 0x48,
    0xE6, 0xFB, 0x37, 0xFB, 0x16, 0xFB, 0x36, 0xFB, 0x36, 0xFB, 0x36, 0xFB, 0x36, 0xFB, 0x36, 0xFB,
    0x36, 0xFB, 0x36, 0xFB, 0x36, 0xFB, 0x36, 0xFB, 0x36, 0xFB, 0x36, 0xFB, 0x36, 0xFB, 0x36, 0xFB,
    0x36, 0xFB, 0x36, 0xFB, 0x36, 0xFB, 0x37, 0xFB, 0x16, 0xE2, 0xD4, 0xE2, 0xD4, 0xE2, 0xD4, 0xE2,
    0xD4, 0xE2, 0xD4, 0xE2, 0xD4, 0xE2, 0xD4, 0xD2, 0xB3, 0xD2, 0xB3, 0xD2, 0xB3, 0xD2, 0xB3, 0xD2,
    0xB3, 0xD2, 0xB3, 0xFB, 0x36, 0xFB, 0x36, 0xFB, 0x36, 0xFB, 0x36, 0xFB, 0x36, 0xFB, 0x36, 0xFB,
    0x36, 0xFB, 0x36, 0xFB, 0x36, 0xFB, 0x36, 0xFB, 0x36, 0xFB, 0x36, 0xFB, 0x36, 0xFB, 0x36, 0xFB,
    0x36, 0xFB, 0x36, 0xFB, 0x36, 0xFB, 0x36, 0xFB, 0x36, 0xFB, 0x36, 0xFB, 0x16, 0x30, 0xA5, 0x44,
    0x9B, 0x4D, 0x9F, 0x4D, 0x5F, 0x4D, 0x5F, 0x4D, 0x5F, 0x4D, 0x5F, 0x4D, 0x5F, 0x4D, 0x5F, 0xFF,
    0x4D, 0x5F, 0x4D, 0x5F, 0x4D, 0x5F, 0x4D, 0x5F, 0x4D, 0x5F, 0x4D, 0x5F, 0x4D, 0x5F, 0x4D, 0x5F,
    0x4D, 0x5F, 0x4D, 0x5F, 0x4D, 0x5F, 0x4D, 0x5F, 0x4D, 0x5F, 0x4D, 0x5F, 0x4D, 0x5F, 0x4D, 0x5F,
    0x4D, 0x5F, 0x4D, 0x5F, 0x4D, 0x5F, 0x4D, 0x5F, 0x4D, 0x5F, 0x4D, 0x5F, 0x4D, 0x5F, 0x4D, 0x5F,
    0x4D, 0x5F, 0x4D, 0x5F, 0x4D, 0x5F, 0x4D, 0x5F, 0x4D, 0x5F, 0x4D, 0x5F, 0x4D, 0x5F, 0x4D, 0x5F,
    0x4D, 0x5F, 0x4D, 0x5F, 0x4D, 0x5F, 0x4D, 0x5F, 0x4D, 0x5F, 0x4D, 0x5F, 0x4D, 0x5F, 0x4D, 0x5F,
    0x4D, 0x5F, 0x4D, 0x5F, 0x4D, 0x5F, 0x4D, 0x5F, 0x4D, 0x5F, 0x4D, 0x5F, 0x4D, 0x5F, 0x4D, 0x5F,
    0x4D, 0x5F, 0x4D, 0x5F, 0x4D, 0x5F, 0x4D, 0x5F, 0x4D, 0x5F, 0x4D, 0x5F, 0x4D, 0x5F, 0x4D, 0x5F,
    0x4D, 0x5F, 0x4D, 0x5F, 0x4D, 0x5F, 0x4D, 0x5F, 0x4D, 0x5F, 0x4D, 0x5F, 0x4D, 0x5F, 0x4D, 0x5F,
    0xFF, 0x4D, 0x5F, 0x4D, 0x5F, 0x4D, 0x5F, 0x4D, 0x5F, 0x4D, 0x5F, 0x4D, 0x5F, 0x4D, 0x5F, 0x4D,
    0x5F, 0x4D, 0x5F, 0x4D, 0x5F, 0x4D, 0x5F, 0x4D, 0x5F, 0x4D, 0x5F, 0x4D, 0x5F, 0x4D, 0x5F, 0x4D,
    0x5F, 0x4D, 0x5F, 0x4D, 0x5F, 0x4D, 0x5F, 0x4D, 0x5F, 0x4D, 0x5F, 0x4D, 0x5F, 0x4D, 0x5F, 0x4D,
    0x5F, 0x4D, 0x5F, 0x4D, 0x5F, 0x4D, 0x5F, 0x4D, 0x5F, 0x4D, 0x5F, 0x4D, 0x5F, 0x4D, 0x5F, 0x4D,
    0x5F, 0x4D, 0x5F, 0x4D, 0x5F, 0x4D, 0x5F, 0x4D, 0x5F, 0x4D, 0x5F, 0x4D, 0x5F, 0x4D, 0x5F, 0x4D,
    0x5F, 0x4D, 0x5F, 0x4D, 0x5F, 0x4D, 0x5F, 0x4D, 0x5F, 0x4D, 0x5F, 0x4D, 0x5F, 0x4D, 0x5F, 0x4D,
    0x5F, 0x4D, 0x5F, 0x4D, 0x5F, 0x4D, 0x5F, 0x4D, 0x5F, 0x4D, 0x5F, 0x4D, 0x5F, 0x4D, 0x5F, 0x4D,
    0x5F, 0x4D, 0x5F, 0x4D, 0x5F, 0x4D, 0x5F, 0x4D, 0x5F, 0x4D, 0x5F, 0x4D, 0x5F, 0x4D, 0x5F, 0x4D,
    0x5F, 0xD5, 0x4D, 0x5F, 0x4D, 0x5F, 0x4D, 0x5F, 0x4D, 0x5F, 0x4D, 0x5F, 0x4D, 0x5F, 0x4D, 0x5F,
    0x4D, 0x5F, 0x4D, 0x5F, 0x4D, 0x5F, 0x4D, 0x5F, 0x4D, 0x5F, 0x4D, 0x5F, 0x4D, 0x5F, 0x4D, 0x5F,
    0x4D, 0x5F, 0x4D, 0x5F, 0x4D, 0x5F, 0x4D, 0x5F, 0x4D, 0x5F, 0x4D, 0x5F, 0x4D, 0x5F, 0x4D, 0x5F,
    0x4D, 0x5F, 0x4D, 0x5F, 0x4D, 0x5F, 0x4D, 0x5F, 0x4D, 0x5F, 0x4D, 0x5F, 0x4D, 0x5F, 0x4D, 0x5F,
    0x4D, 0x5F, 0x4D, 0x5F, 0x4D, 0x5F, 0x4D, 0x5F, 0x4D, 0x5F, 0x4D, 0x5F, 0x4D, 0x5F, 0x4D, 0x5F,
    0x4D, 0x5F, 0x4D, 0x5F, 0x4D, 0x7F, 0x1A, 0x2C, 0x0A, 0x00, 0xFF, 0x48, 0xE6, 0xFB, 0x37, 0xFB,
    0x16, 0xFB, 0x36, 0xFB, 0x36, 0xFB, 0x36, 0xFB, 0x36, 0xFB, 0x36, 0xFB, 0x36, 0xFB, 0x36, 0xFB,
    0x36, 0xFB, 0x36, 0xFB, 0x36, 0xFB, 0x36, 0xFB, 0x36, 0xFB, 0x36, 0xFB, 0x36, 0xFB, 0x36, 0xFB,
    0x36, 0xFB, 0x16, 0xFB, 0x36, 0xFB, 0x36, 0xFB, 0x36, 0xFB, 0x36, 0xFB, 0x36, 0xFB, 0x36, 0xFB,
    0x37, 0xFB, 0x37, 0xFB, 0x37, 0xFB, 0x37, 0xFB, 0x37, 0xFB, 0x37, 0xFB, 0x37, 0xFB, 0x37, 0xFB,
    0x36, 0xFB, 0x36, 0xFB, 0x36, 0xFB, 0x36, 0xFB, 0x36, 0xFB, 0x36, 0xFB, 0x36, 0xFB, 0x36, 0xFB,
    0x36, 0xFB, 0x36, 0xFB, 0x36, 0xFB, 0x36, 0xFB, 0x36, 0xFB, 0x36, 0xFB, 0x36, 0xFB, 0x36, 0xFB,
    0x36, 0xFB, 0x36, 0xFB, 0x36, 0xFB, 0x36, 0xF2, 0xF5, 0x30, 0xA5, 0x44, 0x9B, 0x4D, 0x9F, 0x4D,
    0x5F, 0x4D, 0x5F, 0x4D, 0x5F, 0x4D, 0x5F, 0x4D, 0x5F, 0x4D, 0x5F, 0xFF, 0x4D, 0x5F, 0x4D, 0x5F,
    0x4D, 0x5F, 0x4D, 0x5F, 0x4D, 0x5F, 0x4D, 0x5F, 0x4D, 0x5F, 0x4D, 0x5F, 0x4D, 0x5F, 0x4D, 0x5F,
    0x4D, 0x5F, 0x4D, 0x5F, 0x4D, 0x5F, 0x4D, 0x5F, 0x4D, 0x5F, 0x4D, 0x5F, 0x4D, 0x5F, 0x4D, 0x5F,
    0x4D, 0x5F, 0x4D, 0x5F, 0x4D, 0x5F, 0x4D, 0x5F, 0x4D, 0x5F, 0x4D, 0x5F, 0x4D, 0x5F, 0x4D, 0x5F,
    0x4D, 0x5F, 0x4D, 0x5F, 0x4D, 0x5F, 0x4D, 0x5F, 0x4D, 0x5F, 0x4D, 0x5F, 0x4D, 0x5F, 0x4D, 0x5F,
    0x4D, 0x5F, 0x4D, 0x5F, 0x4D, 0x5F, 0x4D, 0x5F, 0x4D, 0x5F, 0x4D, 0x5F, 0x4D, 0x5F, 0x4D, 0x5F,
    0x4D, 0x5F, 0x4D, 0x5F, 0x4D, 0x5F, 0x4D, 0x5F, 0x4D, 0x5F, 0x4D, 0x5F, 0x4D, 0x5F, 0x4D, 0x5F,
    0x4D, 0x5F, 0x4D, 0x5F, 0x4D, 0x5F, 0x4D, 0x5F, 0x4D, 0x5F, 0x4D, 0x5F, 0x4D, 0x5F, 0x4D, 0x5F,
    0x4D, 0x5F, 0x4D, 0x5F, 0x4D, 0x5F, 0x4D, 0x5F, 0x4D, 0x5F, 0x4D, 0x5F, 0xFF, 0x4D, 0x5F, 0x4D,
    0x5F, 0x4D, 0x5F, 0x4D, 0x5F, 0x4D, 0x5F, 0x4D, 0x5F, 0x4D, 0x5F, 0x4D, 0x5F, 0x4D, 0x5F, 0x4D,
    0x5F, 0x4D, 0x5F, 0x4D, 0x5F, 0x4D, 0x5F, 0x4D, 0x5F, 0x4D, 0x5F, 0x4D, 0x5F, 0x4D, 0x5F, 0x4D,
    0x5F, 0x4D, 0x5F, 0x4D, 0x5F, 0x4D, 0x5F, 0x4D, 0x5F, 0x4D, 0x5F, 0x4D, 0x5F, 0x4D, 0x5F, 0x4D,
    0x5F, 0x4D, 0x5F, 0x4D, 0x5F, 0x4D, 0x5F, 0x4D, 0x5F, 0x4D, 0x5F, 0x4D, 0x5F, 0x4D, 0x5F, 0x4D,
    0x5F, 0x4D, 0x5F, 0x4D, 0x5F, 0x4D, 0x5F, 0x4D, 0x5F, 0x4D, 0x5F, 0x4D, 0x5F, 0x4D, 0x5F, 0x4D,
    0x5F, 0x4D, 0x5F, 0x4D, 0x5F, 0x4D, 0x5F, 0x4D, 0x5F, 0x4D, 0x5F, 0x4D, 0x5F, 0x4D, 0x5F, 0x4D,
    0x5F, 0x4D, 0x5F, 0x4D, 0x5F, 0x4D, 0x5F, 0x4D, 0x5F, 0x4D, 0x5F, 0x4D, 0x5F, 0x4D, 0x5F, 0x4D,
    0x5F, 0x4D, 0x5F, 0x4D, 0x5F, 0x4D, 0x5F, 0x4D, 0x5F, 0x4D, 0x5F, 0x4D, 0x5F, 0xD5, 0x4D, 0x5F,
    0x4D, 0x5F, 0x4D, 0x5F, 0x4D, 0x5F, 0x4D, 0x5F, 0x4D, 0x5F, 0x4D, 0x5F, 0x4D, 0x5F, 0x4D, 0x5F,
    0x4D, 0x5F, 0x4D, 0x5F, 0x4D, 0x5F, 0x4D, 0x5F, 0x4D, 0x5F, 0x4D, 0x5F, 0x4D, 0x5F, 0x4D, 0x5F,
    0x4D, 0x5F, 0x4D, 0x5F, 0x4D, 0x5F, 0x4D, 0x5F, 0x4D, 0x5F, 0x4D, 0x5F, 0x4D, 0x5F, 0x4D, 0x5F,
    0x4D, 0x5F, 0x4D, 0x5F, 0x4D, 0x5F, 0x4D, 0x5F, 0x4D, 0x5F, 0x4D, 0x5F, 0x4D, 0x5F, 0x4D, 0x5F,
    0x4D, 0x5F, 0x4D, 0x5F, 0x4D, 0x5F, 0x4D, 0x5F, 0x4D, 0x5F, 0x4D, 0x5F, 0x4D, 0x7F, 0x4D, 0x7F,
    0x4D, 0x7F, 0x1A, 0x2C, 0x0A, 0x00, 0xFF, 0x59, 0x07, 0xFB, 0x37, 0xFB, 0x16, 0xFB, 0x36, 0xFB,
    0x36, 0xFB, 0x36, 0xFB, 0x36, 0xFB, 0x36, 0xFB, 0x36, 0xFB, 0x36, 0xFB, 0x36, 0xFB, 0x36, 0xFB,
    0x36, 0xFB, 0x36, 0xFB, 0x36, 0xFB, 0x36, 0xFB, 0x36, 0xFB, 0x36, 0xFB, 0x36, 0xFB, 0x36, 0xFB,
    0x36, 0xFB, 0x36, 0xFB, 0x36, 0xFB, 0x36, 0xFB, 0x36, 0xFB, 0x36, 0xFB, 0x16, 0xFB, 0x16, 0xFB,
    0x16, 0xFB, 0x16, 0xFB, 0x16, 0xFB, 0x16, 0xFB, 0x16, 0xFB, 0x16, 0xFB, 0x36, 0xFB, 0x36, 0xFB,
    0x36, 0xFB, 0x36, 0xFB, 0x36, 0xFB, 0x36, 0xFB, 0x36, 0xFB, 0x36, 0xFB, 0x36, 0xFB, 0x36, 0xFB,
    0x36, 0xFB, 0x36, 0xFB, 0x36, 0xFB, 0x36, 0xFB, 0x36, 0xFB, 0x36, 0xFB, 0x36, 0xFB, 0x36, 0xFB,
    0x36, 0xFB, 0x36, 0xF2, 0xF5, 0x30, 0xA5, 0x44, 0x9B, 0x4D, 0x9F, 0x4D, 0x5F, 0x4D, 0x5F, 0x4D,
    0x5F, 0x4D, 0x5F, 0x4D, 0x5F, 0x4D, 0x5F, 0xFF, 0x4D, 0x5F, 0x4D, 0x5F, 0x4D, 0x5F, 0x4D, 0x5F,
    0x4D, 0x5F, 0x4D, 0x5F, 0x4D, 0x5F, 0x4D, 0x5F, 0x4D, 0x5F, 0x4D, 0x5F, 0x4D, 0x5F, 0x4D, 0x5F,
    0x4D, 0x5F, 0x4D, 0x5F, 0x4D, 0x5F, 0x4D, 0x5F, 0x4D, 0x5F, 0x4D, 0x5F, 0x4D, 0x5F, 0x4D, 0x5F,
    0x4D, 0x5F, 0x4D, 0x5F, 0x4D, 0x5F, 0x4D, 0x5F, 0x4D, 0x5F, 0x4D, 0x5F, 0x4D, 0x5F, 0x4D, 0x5F,
    0x4D, 0x5F, 0x4D, 0x5F, 0x4D, 0x5F, 0x4D, 0x5F, 0x4D, 0x5F, 0x4D, 0x5F, 0x4D, 0x5F, 0x4D, 0x5F,
    0x4D, 0x5F, 0x4D, 0x5F, 0x4D, 0x5F, 0x4D, 0x5F, 0x4D, 0x5F, 0x4D, 0x5F, 0x4D, 0x5F, 0x4D, 0x5F,
    0x4D, 0x5F, 0x4D, 0x5F, 0x4D, 0x5F, 0x4D, 0x5F, 0x4D, 0x5F, 0x4D, 0x5F, 0x4D, 0x5F, 0x4D, 0x5F,
    0x4D, 0x5F, 0x4D, 0x5F, 0x4D, 0x5F, 0x4D, 0x5F, 0x4D, 0x5F, 0x4D, 0x5F, 0x4D, 0x5F, 0x4D, 0x5F,
    0x4D, 0x5F, 0x4D, 0x5F, 0x4D, 0x5F, 0x4D, 0x5F, 0xFF, 0x4D, 0x5F, 0x4D, 0x5F, 0x4D, 0x5F, 0x4D,
    0x5F, 0x4D, 0x5F, 0x4D, 0x5F, 0x4D, 0x5F, 0x4D, 0x5F, 0x4D, 0x5F, 0x4D, 0x5F, 0x4D, 0x5F, 0x4D,
    0x5F, 0x4D, 0x5F, 0x4D, 0x5F, 0x4D, 0x5F, 0x4D, 0x5F, 0x4D, 0x5F, 0x4D, 0x5F, 0x4D, 0x5F, 0x4D,
    0x5F, 0x4D, 0x5F, 0x4D, 0x5F, 0x4D, 0x5F, 0x4D, 0x5F, 0x4D, 0x5F, 0x4D, 0x5F, 0x4D, 0x5F, 0x4D,
    0x5F, 0x4D, 0x5F, 0x4D, 0x5F, 0x4D, 0x5F, 0x4D, 0x5F, 0x4D, 0x5F, 0x4D, 0x5F, 0x4D, 0x5F, 0x4D,
    0x5F, 0x4D, 0x5F, 0x4D, 0x5F, 0x4D, 0x5F, 0x4D, 0x5F, 0x4D, 0x5F, 0x4D, 0x5F, 0x4D, 0x5F, 0x4D,
    0x5F, 0x4D, 0x5F, 0x4D, 0x5F, 0x4D, 0x5F, 0x4D, 0x5F, 0x4D, 0x5F, 0x4D, 0x5F, 0x4D, 0x5F, 0x4D,
    0x5F, 0x4D, 0x5F, 0x4D, 0x5F, 0x4D, 0x5F, 0x4D, 0x5F, 0x4D, 0x5F, 0x4D, 0x5F, 0x4D, 0x5F, 0x4D,
    0x5F, 0x4D, 0x5F, 0x4D, 0x5F, 0x4D, 0x5F, 0x4D, 0x5F, 0xD5, 0x4D, 0x5F, 0x4D, 0x5F, 0x4D, 0x5F,
    0x4D, 0x5F, 0x4D, 0x5F, 0x4D, 0x5F, 0x4D, 0x5F, 0x4D, 0x5F, 0x4D, 0x5F, 0x4D, 0x5F, 0x4D, 0x5F,
    0x4D, 0x5F, 0x4D, 0x5F, 0x4D, 0x5F, 0x4D, 0x5F, 0x4D, 0x5F, 0x4D, 0x5F, 0x4D, 0x5F, 0x4D, 0x5F,
    0x4D, 0x5F, 0x4D, 0x5F, 0x4D, 0x5F, 0x4D, 0x5F, 0x4D, 0x5F, 0x4D, 0x5F, 0x4D, 0x5F, 0x4D, 0x5F,
    0x4D, 0x5F, 0x4D, 0x5F, 0x4D, 0x5F, 0x4D, 0x5F, 0x4D, 0x5F, 0x4D, 0x5F, 0x4D, 0x5F, 0x4D, 0x5F,
    0x4D, 0x5F, 0x4D, 0x5F, 0x4D, 0x5F, 0x4D, 0x7F, 0x44, 0x9B, 0x44, 0x58, 0x55, 0x9F, 0x1A, 0x2C,
    0x0A, 0x00, 0xFF, 0x59, 0x07, 0xFB, 0x37, 0xFB, 0x16, 0xFB, 0x36, 0xFB, 0x36, 0xFB, 0x36, 0xFB,
    0x36, 0xFB, 0x36, 0xFB, 0x36, 0xFB, 0x36, 0xFB, 0x36, 0xFB, 0x36, 0xFB, 0x36, 0xFB, 0x36, 0xFB,
    0x36, 0xFB, 0x36, 0xFB, 0x36, 0xFB, 0x36, 0xFB, 0x36, 0xFB, 0x36, 0xFB, 0x36, 0xFB, 0x36, 0xFB,
    0x36, 0xFB, 0x36, 0xFB, 0x36, 0xFB, 0x36, 0xFB, 0x36, 0xFB, 0x36, 0xFB, 0x36, 0xFB, 0x36, 0xFB,
    0x36, 0xFB, 0x36, 0xFB, 0x36, 0xFB, 0x36, 0xFB, 0x36, 0xFB, 0x36, 0xFB, 0x36, 0xFB, 0x36, 0xFB,
    0x36, 0xFB, 0x36, 0xFB, 0x36, 0xFB, 0x36, 0xFB, 0x36, 0xFB, 0x36, 0xFB, 0x36, 0xFB, 0x36, 0xFB,
    0x36, 0xFB, 0x36, 0xFB, 0x36, 0xFB, 0x36, 0xFB, 0x36, 0xFB, 0x36, 0xFB, 0x16, 0xFB, 0x37, 0xE2,
    0xD4, 0x20, 0x63, 0x44, 0x9B, 0x4D, 0x7F, 0x4D, 0x5F, 0x4D, 0x5F, 0x4D, 0x5F, 0x4D, 0x5F, 0x4D,
    0x5F, 0x4D, 0x5F, 0xFF, 0x4D, 0x5F, 0x4D, 0x5F, 0x4D, 0x5F, 0x4D, 0x5F, 0x4D, 0x5F, 0x4D, 0x5F,
    0x4D, 0x5F, 0x4D, 0x5F, 0x4D, 0x5F, 0x4D, 0x5F, 0x4D, 0x5F, 0x4D, 0x5F, 0x4D, 0x5F, 0x4D, 0x5F,
    0x4D, 0x5F, 0x4D, 0x5F, 0x4D, 0x5F, 0x4D, 0x5F, 0x4D, 0x5F, 0x4D, 0x5F, 0x4D, 0x5F, 0x4D, 0x5F,
    0x4D, 0x5F, 0x4D, 0x5F, 0x4D, 0x5F, 0x4D, 0x5F, 0x4D, 0x5F, 0x4D, 0x5F, 0x4D, 0x5F, 0x4D, 0x5F,
    0x4D, 0x5F, 0x4D, 0x5F, 0x4D, 0x5F, 0x4D, 0x5F, 0x4D, 0x5F, 0x4D, 0x5F, 0x4D, 0x5F, 0x4D, 0x5F,
    0x4D, 0x5F, 0x4D, 0x5F, 0x4D, 0x5F, 0x4D, 0x5F, 0x4D, 0x5F, 0x4D, 0x5F, 0x4D, 0x5F, 0x4D, 0x5F,
    0x4D, 0x5F, 0x4D, 0x5F, 0x4D, 0x5F, 0x4D, 0x5F, 0x4D, 0x5F, 0x4D, 0x5F, 0x4D, 0x5F, 0x4D, 0x5F,
    0x4D, 0x5F, 0x4D, 0x5F, 0x4D, 0x5F, 0x4D, 0x5F, 0x4D, 0x5F, 0x4D, 0x5F, 0x4D, 0x5F, 0x4D, 0x5F,
    0x4D, 0x5F, 0x4D, 0x5F, 0xFF, 0x4D, 0x5F, 0x4D, 0x5F, 0x4D, 0x5F, 0x4D, 0x5F, 0x4D, 0x5F, 0x4D,
    0x5F, 0x4D, 0x5F, 0x4D, 0x5F, 0x4D, 0x5F, 0x4D, 0x5F, 0x4D, 0x5F, 0x4D, 0x5F, 0x4D, 0x5F, 0x4D,
    0x5F, 0x4D, 0x5F, 0x4D, 0x5F, 0x4D, 0x5F, 0x4D, 0x5F, 0x4D, 0x5F, 0x4D, 0x5F, 0x4D, 0x5F, 0x4D,
    0x5F, 0x4D, 0x5F, 0x4D, 0x5F, 0x4D, 0x5F, 0x4D, 0x5F, 0x4D, 0x5F, 0x4D, 0x5F, 0x4D, 0x5F, 0x4D,
    0x5F, 0x4D, 0x5F, 0x4D, 0x5F, 0x4D, 0x5F, 0x4D, 0x5F, 0x4D, 0x5F, 0x4D, 0x5F, 0x4D, 0x5F, 0x4D,
    0x5F, 0x4D, 0x5F, 0x4D, 0x5F, 0x4D, 0x5F, 0x4D, 0x5F, 0x4D, 0x5F, 0x4D, 0x5F, 0x4D, 0x5F, 0x4D,
    0x5F, 0x4D, 0x5F, 0x4D, 0x5F, 0x4D, 0x5F, 0x4D, 0x5F, 0x4D, 0x5F, 0x4D, 0x5F, 0x4D, 0x5F, 0x4D,
    0x5F, 0x4D, 0x5F, 0x4D, 0x5F, 0x4D, 0x5F, 0x4D, 0x5F, 0x4D, 0x5F, 0x4D, 0x5F, 0x4D, 0x5F, 0x4D,
    0x5F, 0x4D, 0x5F, 0x4D, 0x5F, 0xD5, 0x4D, 0x5F, 0x4D, 0x5F, 0x4D, 0x5F, 0x4D, 0x5F, 0x4D, 0x5F,
    0x4D, 0x5F, 0x4D, 0x5F, 0x4D, 0x5F, 0x4D, 0x5F, 0x4D, 0x5F, 0x4D, 0x5F, 0x4D, 0x5F, 0x4D, 0x5F,
    0x4D, 0x5F, 0x4D, 0x5F, 0x4D, 0x5F, 0x4D, 0x5F, 0x4D, 0x5F, 0x4D, 0x5F, 0x4D, 0x5F, 0x4D, 0x5F,
    0x4D, 0x5F, 0x4D, 0x5F, 0x4D, 0x5F, 0x4D, 0x5F, 0x4D, 0x5F, 0x4D, 0x5F, 0x4D, 0x5F, 0x4D, 0x5F,
    0x4D, 0x5F, 0x4D, 0x5F, 0x4D, 0x5F, 0x4D, 0x5F, 0x4D, 0x5F, 0x4D, 0x5F, 0x4D, 0x5F, 0x4D, 0x5F,
    0x4D, 0x5F, 0x4D, 0x9F, 0x3B, 0xF7, 0x08, 0x83, 0x4D, 0x1D, 0x1A, 0x2C, 0x0A, 0x00, 0xFF, 0x59,
    0x07, 0xFB, 0x37, 0xFB, 0x16, 0xFB, 0x36, 0xFB, 0x36, 0xFB, 0x36, 0xFB, 0x36, 0xFB, 0x36, 0xFB,
    0x36, 0xFB, 0x36, 0xFB, 0x36, 0xFB, 0x36, 0xFB, 0x36, 0xFB, 0x36, 0xFB, 0x36, 0xFB, 0x36, 0xFB,
    0x36, 0xFB, 0x36, 0xFB, 0x36, 0xFB, 0x36, 0xFB, 0x36, 0xFB, 0x36, 0xFB, 0x36, 0xFB, 0x36, 0xFB,
    0x36, 0xFB, 0x36, 0xFB, 0x36, 0xFB, 0x36, 0xFB, 0x36, 0xFB, 0x36, 0xFB, 0x36, 0xFB, 0x36, 0xFB,
    0x36, 0xFB, 0x36, 0xFB, 0x36, 0xFB, 0x36, 0xFB, 0x36, 0xFB, 0x36, 0xFB, 0x36, 0xFB, 0x36, 0xFB,
    0x36, 0xFB, 0x36, 0xFB, 0x36, 0xFB, 0x36, 0xFB, 0x36, 0xFB, 0x36, 0xFB, 0x36, 0xFB, 0x36, 0xFB,
    0x36, 0xFB, 0x36, 0xFB, 0x36, 0xFB, 0x36, 0xFB, 0x16, 0xFB, 0x37, 0xD2, 0xB3, 0x08, 0x83, 0x4D,
    0x1D, 0x4D, 0x7F, 0x4D, 0x5F, 0x4D, 0x5F, 0x4D, 0x5F, 0x4D, 0x5F, 0x4D, 0x5F, 0x4D, 0x5F, 0xFF,
    0x4D, 0x5F, 0x4D, 0x5F, 0x4D, 0x5F, 0x4D, 0x5F, 0x4D, 0x5F, 0x4D, 0x5F, 0x4D, 0x5F, 0x4D, 0x5F,
    0x4D, 0x5F, 0x4D, 0x5F, 0x4D, 0x5F, 0x4D, 0x5F, 0x4D, 0x5F, 0x4D, 0x5F, 0x4D, 0x5F, 0x4D, 0x5F,
    0x4D, 0x5F, 0x4D, 0x5F, 0x4D, 0x5F, 0x4D, 0x5F, 0x4D, 0x5F, 0x4D, 0x5F, 0x4D, 0x5F, 0x4D, 0x5F,
    0x4D, 0x5F, 0x4D, 0x5F, 0x4D, 0x5F, 0x4D, 0x5F, 0x4D, 0x5F, 0x4D, 0x5F, 0x4D, 0x5F, 0x4D, 0x5F,
    0x4D, 0x5F, 0x4D, 0x5F, 0x4D, 0x5F, 0x4D, 0x5F, 0x4D, 0x5F, 0x4D, 0x5F, 0x4D, 0x5F, 0x4D, 0x5F,
    0x4D, 0x5F, 0x4D, 0x5F, 0x4D, 0x5F, 0x4D, 0x5F, 0x4D, 0x5F, 0x4D, 0x5F, 0x4D, 0x5F, 0x4D, 0x5F,
    0x4D, 0x5F, 0x4D, 0x5F, 0x4D, 0x5F, 0x4D, 0x5F, 0x4D, 0x5F, 0x4D, 0x5F, 0x4D, 0x5F, 0x4D, 0x5F,
    0x4D, 0x5F, 0x4D, 0x5F, 0x4D, 0x5F, 0x4D, 0x5F, 0x4D, 0x5F, 0x4D, 0x5F, 0x4D, 0x5F, 0x4D, 0x5F,
    0xFF, 0x4D, 0x5F, 0x4D, 0x5F, 0x4D, 0x5F, 0x4D, 0x5F, 0x4D, 0x5F, 0x4D, 0x5F, 0x4D, 0x5F, 0x4D,
    0x5F, 0x4D, 0x5F, 0x4D, 0x5F, 0x4D, 0x5F, 0x4D, 0x5F, 0x4D, 0x5F, 0x4D, 0x5F, 0x4D, 0x5F, 0x4D,
    0x5F, 0x4D, 0x5F, 0x4D, 0x5F, 0x4D, 0x5F, 0x4D, 0x5F, 0x4D, 0x5F, 0x4D, 0x5F, 0x4D, 0x5F, 0x4D,
    0x5F, 0x4D, 0x5F, 0x4D, 0x5F, 0x4D, 0x5F, 0x4D, 0x5F, 0x4D, 0x5F, 0x4D, 0x5F, 0x4D, 0x5F, 0x4D,
    0x5F, 0x4D, 0x5F, 0x4D, 0x5F, 0x4D, 0x5F, 0x4D, 0x5F, 0x4D, 0x5F, 0x4D, 0x5F, 0x4D, 0x5F, 0x4D,
    0x5F, 0x4D, 0x5F, 0x4D, 0x5F, 0x4D, 0x5F, 0x4D, 0x5F, 0x4D, 0x5F, 0x4D, 0x5F, 0x4D, 0x5F, 0x4D,
    0x5F, 0x4D, 0x5F, 0x4D, 0x5F, 0x4D, 0x5F, 0x4D, 0x5F, 0x4D, 0x5F, 0x4D, 0x5F, 0x4D, 0x5F, 0x4D,
    0x5F, 0x4D, 0x5F, 0x4D, 0x5F, 0x4D, 0x5F, 0x4D, 0x5F, 0x4D, 0x5F, 0x4D, 0x5F, 0x4D, 0x5F, 0x4D,
    0x5F, 0xD7, 0x4D, 0x5F, 0x4D, 0x5F, 0x4D, 0x5F, 0x4D, 0x5F, 0x4D, 0x5F, 0x4D, 0x5F, 0x4D, 0x5F,
    0x4D, 0x5F, 0x4D, 0x5F, 0x4D, 0x5F, 0x4D, 0x5F, 0x4D, 0x5F, 0x4D, 0x5F, 0x4D, 0x5F, 0x4D, 0x5F,
    0x4D, 0x5F, 0x4D, 0x5F, 0x4D, 0x5F, 0x4D, 0x5F, 0x4D, 0x5F, 0x4D, 0x5F, 0x4D, 0x5F, 0x4D, 0x5F,
    0x4D, 0x5F, 0x4D, 0x5F, 0x4D, 0x5F, 0x4D, 0x5F, 0x4D, 0x5F, 0x4D, 0x5F, 0x4D, 0x5F, 0x4D, 0x5F,
    0x4D, 0x5F, 0x4D, 0x5F, 0x4D, 0x5F, 0x4D, 0x5F, 0x4D, 0x5F, 0x4D, 0x5F, 0x4D, 0x5F, 0x4D, 0x7F,
    0x4D, 0x1D, 0x74, 0x0B, 0x73, 0x84, 0x08, 0x83, 0x00, 0x21, 0x08, 0x00, 0xFF, 0x59, 0x07, 0xFB,
    0x37, 0xFB, 0x16, 0xFB, 0x16, 0xFB, 0x36, 0xFB, 0x16, 0xFB, 0x36, 0xFB, 0x36, 0xFB, 0x36, 0xFB,
    0x36, 0xFB, 0x36, 0xFB, 0x36, 0xFB, 0x36, 0xFB, 0x36, 0xFB, 0x36, 0xFB, 0x36, 0xFB, 0x36, 0xFB,
    0x36, 0xFB, 0x36, 0xFB, 0x36, 0xFB, 0x36, 0xFB, 0x36, 0xFB, 0x36, 0xFB, 0x36, 0xFB, 0x36, 0xFB,
    0x36, 0xFB, 0x36, 0xFB, 0x36, 0xFB, 0x36, 0xFB, 0x36, 0xFB, 0x36, 0xFB, 0x36, 0xFB, 0x36, 0xFB,
    0x36, 0xFB, 0x36, 0xFB, 0x36, 0xFB, 0x36, 0xFB, 0x36, 0xFB, 0x36, 0xFB, 0x36, 0xFB, 0x36, 0xFB,
    0x36, 0xFB, 0x36, 0xFB, 0x36, 0xFB, 0x36, 0xFB, 0x36, 0xFB, 0x36, 0xFB, 0x36, 0xFB, 0x36, 0xFB,
    0x36, 0xFB, 0x36, 0xFB, 0x36, 0xFB, 0x16, 0xFB, 0x57, 0xCA, 0x91, 0x09, 0x06, 0x4D, 0x1D, 0x4D,
    0x7F, 0x4D, 0x5F, 0x4D, 0x5F, 0x4D, 0x5F, 0x4D, 0x5F, 0x4D, 0x5F, 0x4D, 0x5F, 0xFF, 0x4D, 0x5F,
    0x4D, 0x5F, 0x4D, 0x5F, 0x4D, 0x5F, 0x4D, 0x5F, 0x4D, 0x5F, 0x4D, 0x5F, 0x4D, 0x5F, 0x4D, 0x5F,
    0x4D, 0x5F, 0x4D, 0x5F, 0x4D, 0x5F, 0x4D, 0x5F, 0x4D, 0x5F, 0x4D, 0x5F, 0x4D, 0x5F, 0x4D, 0x5F,
    0x4D, 0x5F, 0x4D, 0x5F, 0x4D, 0x5F, 0x4D, 0x5F, 0x4D, 0x5F, 0x4D, 0x5F, 0x4D, 0x5F, 0x4D, 0x5F,
    0x4D, 0x5F, 0x4D, 0x5F, 0x4D, 0x5F, 0x4D, 0x5F, 0x4D, 0x5F, 0x4D, 0x5F, 0x4D, 0x5F, 0x4D, 0x5F,
    0x4D, 0x5F, 0x4D, 0x5F, 0x4D, 0x5F, 0x4D, 0x5F, 0x4D, 0x5F, 0x4D, 0x5F, 0x4D, 0x5F, 0x4D, 0x5F,
    0x4D, 0x5F, 0x4D, 0x5F, 0x4D, 0x5F, 0x4D, 0x5F, 0x4D, 0x5F, 0x4D, 0x5F, 0x4D, 0x5F, 0x4D, 0x5F,
    0x4D, 0x5F, 0x4D, 0x5F, 0x4D, 0x5F, 0x4D, 0x5F, 0x4D, 0x5F, 0x4D, 0x5F, 0x4D, 0x5F, 0x4D, 0x5F,
    0x4D, 0x5F, 0x4D, 0x5F, 0x4D, 0x5F, 0x4D, 0x5F, 0x4D, 0x5F, 0x4D, 0x5F, 0x4D, 0x5F, 0xFF, 0x4D,
    0x5F, 0x4D, 0x5F, 0x4D, 0x5F, 0x4D, 0x5F, 0x4D, 0x5F, 0x4D, 0x5F, 0x4D, 0x5F, 0x4D, 0x5F, 0x4D,
    0x5F, 0x4D, 0x5F, 0x4D, 0x5F, 0x4D, 0x5F, 0x4D, 0x5F, 0x4D, 0x5F, 0x4D, 0x5F, 0x4D, 0x5F, 0x4D,
    0x5F, 0x4D, 0x5F, 0x4D, 0x5F, 0x4D, 0x5F, 0x4D, 0x5F, 0x4D, 0x5F, 0x4D, 0x5F, 0x4D, 0x5F, 0x4D,
    0x5F, 0x4D, 0x5F, 0x4D, 0x5F, 0x4D, 0x5F, 0x4D, 0x5F, 0x4D, 0x5F, 0x4D, 0x5F, 0x4D, 0x5F, 0x4D,
    0x5F, 0x4D, 0x5F, 0x4D, 0x5F, 0x4D, 0x5F, 0x4D, 0x5F, 0x4D, 0x5F, 0x4D, 0x5F, 0x4D, 0x5F, 0x4D,
    0x5F, 0x4D, 0x5F, 0x4D, 0x5F, 0x4D, 0x5F, 0x4D, 0x5F, 0x4D, 0x5F, 0x4D, 0x5F, 0x4D, 0x5F, 0x4D,
    0x5F, 0x4D, 0x5F, 0x4D, 0x5F, 0x4D, 0x5F, 0x4D, 0x5F, 0x4D, 0x5F, 0x4D, 0x5F, 0x4D, 0x5F, 0x4D,
    0x5F, 0x4D, 0x5F, 0x4D, 0x5F, 0x4D, 0x5F, 0x4D, 0x5F, 0x4D, 0x5F, 0x4D, 0x5F, 0x4D, 0x5F, 0xD9,
    0x4D, 0x5F, 0x4D, 0x5F, 0x4D, 0x5F, 0x4D, 0x5F, 0x4D, 0x5F, 0x4D, 0x5F, 0x4D, 0x5F, 0x4D, 0x5F,
    0x4D, 0x5F, 0x4D, 0x5F, 0x4D, 0x5F, 0x4D, 0x5F, 0x4D, 0x5F, 0x4D, 0x5F, 0x4D, 0x5F, 0x4D, 0x5F,
    0x4D, 0x5F, 0x4D, 0x5F, 0x4D, 0x5F, 0x4D, 0x5F, 0x4D, 0x5F, 0x4D, 0x5F, 0x4D, 0x5F, 0x4D, 0x5F,
    0x4D, 0x5F, 0x4D, 0x5F, 0x4D, 0x5F, 0x4D, 0x5F, 0x4D, 0x5F, 0x4D, 0x5F, 0x4D, 0x5F, 0x4D, 0x5F,
    0x4D, 0x5F, 0x4D, 0x5F, 0x4D, 0x5F, 0x4D, 0x5F, 0x4D, 0x5F, 0x4D, 0x5F, 0x55, 0x9F, 0x3B, 0xB5,
    0x73, 0x84, 0xDE, 0xC5, 0x31, 0xA3, 0x21, 0x23, 0x00, 0x21, 0x06, 0x00, 0xFF, 0x69, 0x49, 0xFB,
    0x78, 0xFB, 0x36, 0xFB, 0x57, 0xFB, 0x36, 0xFB, 0x37, 0xFB, 0x36, 0xFB, 0x36, 0xFB, 0x36, 0xFB,
    0x36, 0xFB, 0x36, 0xFB, 0x36, 0xFB, 0x36, 0xFB, 0x36, 0xFB, 0x36, 0xFB, 0x36, 0xFB, 0x36, 0xFB,
    0x36, 0xFB, 0x36, 0xFB, 0x36, 0xFB, 0x36, 0xFB, 0x36, 0xFB, 0x36, 0xFB, 0x36, 0xFB, 0x36, 0xFB,
    0x36, 0xFB, 0x36, 0xFB, 0x36, 0xFB, 0x36, 0xFB, 0x36, 0xFB, 0x36, 0xFB, 0x36, 0xFB, 0x36, 0xFB,
    0x36, 0xFB, 0x36, 0xFB, 0x36, 0xFB, 0x36, 0xFB, 0x36, 0xFB, 0x36, 0xFB, 0x36, 0xFB, 0x36, 0xFB,
    0x36, 0xFB, 0x36, 0xFB, 0x36, 0xFB, 0x36, 0xFB, 0x36, 0xFB, 0x36, 0xFB, 0x36, 0xFB, 0x36, 0xFB,
    0x36, 0xFB, 0x36, 0xFB, 0x36, 0xFB, 0x16, 0xFB, 0x37, 0xCA, 0x91, 0x11, 0x68, 0x4D, 0x5F, 0x4D,
    0x5F, 0x4D, 0x5F, 0x4D, 0x5F, 0x4D, 0x5F, 0x4D, 0x5F, 0x4D, 0x5F, 0x4D, 0x5F, 0xFF, 0x4D, 0x5F,
    0x4D, 0x5F, 0x4D, 0x5F, 0x4D, 0x5F, 0x4D, 0x5F, 0x4D, 0x5F, 0x4D, 0x5F, 0x4D, 0x5F, 0x4D, 0x5F,
    0x4D, 0x5F, 0x4D, 0x5F, 0x4D, 0x5F, 0x4D, 0x5F, 0x4D, 0x5F, 0x4D, 0x5F, 0x4D, 0x5F, 0x4D, 0x5F,
    0x4D, 0x5F, 0x4D, 0x5F, 0x4D, 0x5F, 0x4D, 0x5F, 0x4D, 0x5F, 0x4D, 0x5F, 0x4D, 0x5F, 0x4D, 0x5F,
    0x4D, 0x5F, 0x4D, 0x5F, 0x4D, 0x5F, 0x4D, 0x5F, 0x4D, 0x5F, 0x4D, 0x5F, 0x4D, 0x5F, 0x4D, 0x5F,
    0x4D, 0x5F, 0x4D, 0x5F, 0x4D, 0x5F, 0x4D, 0x5F, 0x4D, 0x5F, 0x4D, 0x5F, 0x4D, 0x5F, 0x4D, 0x5F,
    0x4D, 0x5F, 0x4D, 0x5F, 0x4D, 0x5F, 0x4D, 0x5F, 0x4D, 0x5F, 0x4D, 0x5F, 0x4D, 0x5F, 0x4D, 0x5F,
    0x4D, 0x5F, 0x4D, 0x5F, 0x4D, 0x5F, 0x4D, 0x5F, 0x4D, 0x5F, 0x4D, 0x5F, 0x4D, 0x5F, 0x4D, 0x5F,
    0x4D, 0x5F, 0x4D, 0x5F, 0x4D, 0x5F, 0x4D, 0x5F, 0x4D, 0x5F, 0x4D, 0x5F, 0x4D, 0x5F, 0xFF, 0x4D,
    0x5F, 0x4D, 0x5F, 0x4D, 0x5F, 0x4D, 0x5F, 0x4D, 0x5F, 0x4D, 0x5F, 0x4D, 0x5F, 0x4D, 0x5F, 0x4D,
    0x5F, 0x4D, 0x5F, 0x4D, 0x5F, 0x4D, 0x5F, 0x4D, 0x5F, 0x4D, 0x5F, 0x4D, 0x5F, 0x4D, 0x5F, 0x4D,
    0x5F, 0x4D, 0x5F, 0x4D, 0x5F, 0x4D, 0x5F, 0x4D, 0x5F, 0x4D, 0x5F, 0x4D, 0x5F, 0x4D, 0x5F, 0x4D,
    0x5F, 0x4D, 0x5F, 0x4D, 0x5F, 0x4D, 0x5F, 0x4D, 0x5F, 0x4D, 0x5F, 0x4D, 0x5F, 0x4D, 0x5F, 0x4D,
    0x5F, 0x4D, 0x5F, 0x4D, 0x5F, 0x4D, 0x5F, 0x4D, 0x5F, 0x4D, 0x5F, 0x4D, 0x5F, 0x4D, 0x5F, 0x4D,
    0x5F, 0x4D, 0x5F, 0x4D, 0x5F, 0x4D, 0x5F, 0x4D, 0x5F, 0x4D, 0x5F, 0x4D, 0x5F, 0x4D, 0x5F, 0x4D,
    0x5F, 0x4D, 0x5F, 0x4D, 0x5F, 0x4D, 0x5F, 0x4D, 0x5F, 0x4D, 0x5F, 0x4D, 0x5F, 0x4D, 0x5F, 0x4D,
    0x5F, 0x4D, 0x5F, 0x4D, 0x5F, 0x4D, 0x5F, 0x4D, 0x5F, 0x4D, 0x5F, 0x4D, 0x5F, 0x4D, 0x5F, 0xDB,
    0x4D, 0x5F, 0x4D, 0x5F, 0x4D, 0x5F, 0x4D, 0x5F, 0x4D, 0x5F, 0x4D, 0x5F, 0x4D, 0x5F, 0x4D, 0x5F,
    0x4D, 0x5F, 0x4D, 0x5F, 0x4D, 0x5F, 0x4D, 0x5F, 0x4D, 0x5F, 0x4D, 0x5F, 0x4D, 0x5F, 0x4D, 0x5F,
    0x4D, 0x5F, 0x4D, 0x5F, 0x4D, 0x5F, 0x4D, 0x5F, 0x4D, 0x5F, 0x4D, 0x5F, 0x4D, 0x5F, 0x4D, 0x5F,
    0x4D, 0x5F, 0x4D, 0x5F, 0x4D, 0x5F, 0x4D, 0x5F, 0x4D, 0x5F, 0x4D, 0x5F, 0x4D, 0x5F, 0x4D, 0x5F,
    0x4D, 0x5F, 0x4D, 0x5F, 0x4D, 0x5F, 0x4D, 0x5F, 0x4D, 0x5F, 0x4D, 0x5F, 0x4D, 0x7F, 0x4D, 0x1D,
    0x09, 0x06, 0xDE, 0xC5, 0xFF, 0xE5, 0x8C, 0x45, 0x00, 0x21, 0x00, 0x21, 0x03, 0x00, 0xFF, 0x21,
    0x30, 0xA5, 0xD2, 0xB3, 0xF2, 0xF5, 0xBA, 0x50, 0xFB, 0x36, 0xCA, 0x91, 0xE2, 0xD4, 0xFB, 0x36,
    0xFB, 0x36, 0xFB, 0x36, 0xFB, 0x36, 0xFB, 0x36, 0xFB, 0x36, 0xFB, 0x36, 0xFB, 0x36, 0xFB, 0x36,
    0xFB, 0x36, 0xFB, 0x36, 0xFB, 0x36, 0xFB, 0x36, 0xFB, 0x36, 0xFB, 0x36, 0xFB, 0x36, 0xFB, 0x36,
    0xFB, 0x36, 0xFB, 0x36, 0xFB, 0x36, 0xFB, 0x36, 0xFB, 0x36, 0xFB, 0x36, 0xFB, 0x36, 0xFB, 0x36,
    0xFB, 0x36, 0xFB, 0x36, 0xFB, 0x36, 0xFB, 0x36, 0xFB, 0x36, 0xFB, 0x36, 0xFB, 0x36, 0xFB, 0x36,
    0xFB, 0x36, 0xFB, 0x36, 0xFB, 0x36, 0xFB, 0x36, 0xFB, 0x36, 0xFB, 0x36, 0xFB, 0x36, 0xFB, 0x36,
    0xFB, 0x36, 0xFB, 0x36, 0xFB, 0x36, 0xFB, 0x36, 0xFB, 0x16, 0xFB, 0x57, 0xBA, 0x50, 0x11, 0x68,
    0x4D, 0x7F, 0x4D, 0x5F, 0x4D, 0x5F, 0x4D, 0x5F, 0x4D, 0x5F, 0x4D, 0x5F, 0x4D, 0x5F, 0x4D, 0xFF,
    0x5F, 0x4D, 0x5F, 0x4D, 0x5F, 0x4D, 0x5F, 0x4D, 0x5F, 0x4D, 0x5F, 0x4D, 0x5F, 0x4D, 0x5F, 0x4D,
    0x5F, 0x4D, 0x5F, 0x4D, 0x5F, 0x4D, 0x5F, 0x4D, 0x5F, 0x4D, 0x5F, 0x4D, 0x5F, 0x4D, 0x5F, 0x4D,
    0x5F, 0x4D, 0x5F, 0x4D, 0x5F, 0x4D, 0x5F, 0x4D, 0x5F, 0x4D, 0x5F, 0x4D, 0x5F, 0x4D, 0x5F, 0x4D,
    0x5F, 0x4D, 0x5F, 0x4D, 0x5F, 0x4D, 0x5F, 0x4D, 0x5F, 0x4D, 0x5F, 0x4D, 0x5F, 0x4D, 0x5F, 0x4D,
    0x5F, 0x4D, 0x5F, 0x4D, 0x5F, 0x4D, 0x5F, 0x4D, 0x5F, 0x4D, 0x5F, 0x4D, 0x5F, 0x4D, 0x5F, 0x4D,
    0x5F, 0x4D, 0x5F, 0x4D, 0x5F, 0x4D, 0x5F, 0x4D, 0x5F, 0x4D, 0x5F, 0x4D, 0x5F, 0x4D, 0x5F, 0x4D,
    0x5F, 0x4D, 0x5F, 0x4D, 0x5F, 0x4D, 0x5F, 0x4D, 0x5F, 0x4D, 0x5F, 0x4D, 0x5F, 0x4D, 0x5F, 0x4D,
    0x5F, 0x4D, 0x5F, 0x4D, 0x5F, 0x4D, 0x5F, 0x4D, 0x5F, 0x4D, 0x5F, 0x4D, 0x5F, 0x4D, 0x5F, 0x4D,
    0xFF, 0x5F, 0x4D, 0x5F, 0x4D, 0x5F, 0x4D, 0x5F, 0x4D, 0x5F, 0x4D, 0x5F, 0x4D, 0x5F, 0x4D, 0x5F,
    0x4D, 0x5F, 0x4D, 0x5F, 0x4D, 0x5F, 0x4D, 0x5F, 0x4D, 0x5F, 0x4D, 0x5F, 0x4D, 0x5F, 0x4D, 0x5F,
    0x4D, 0x5F, 0x4D, 0x5F, 0x4D, 0x5F, 0x4D, 0x5F, 0x4D, 0x5F, 0x4D, 0x5F, 0x4D, 0x5F, 0x4D, 0x5F,
    0x4D, 0x5F, 0x4D, 0x5F, 0x4D, 0x5F, 0x4D, 0x5F, 0x4D, 0x5F, 0x4D, 0x5F, 0x4D, 0x5F, 0x4D, 0x5F,
    0x4D, 0x5F, 0x4D, 0x5F, 0x4D, 0x5F, 0x4D, 0x5F, 0x4D, 0x5F, 0x4D, 0x5F, 0x4D, 0x5F, 0x4D, 0x5F,
    0x4D, 0x5F, 0x4D, 0x5F, 0x4D, 0x5F, 0x4D, 0x5F, 0x4D, 0x5F, 0x4D, 0x5F, 0x4D, 0x5F, 0x4D, 0x5F,
    0x4D, 0x5F, 0x4D, 0x5F, 0x4D, 0x5F, 0x4D, 0x5F, 0x4D, 0x5F, 0x4D, 0x5F, 0x4D, 0x5F, 0x4D, 0x5F,
    0x4D, 0x5F, 0x4D, 0x5F, 0x4D, 0x5F, 0x4D, 0x5F, 0x4D, 0x5F, 0x4D, 0x5F, 0x4D, 0x5F, 0x4D, 0x5F,
    0x4D, 0xFF, 0x5F, 0x4D, 0x5F, 0x4D, 0x5F, 0x4D, 0x5F, 0x4D, 0x5F, 0x4D, 0x5F, 0x4D, 0x5F, 0x4D,
    0x5F, 0x4D, 0x5F, 0x4D, 0x5F, 0x4D, 0x5F, 0x4D, 0x5F, 0x4D, 0x5F, 0x4D, 0x5F, 0x4D, 0x5F, 0x4D,
    0x5F, 0x4D, 0x5F, 0x4D, 0x5F, 0x4D, 0x5F, 0x4D, 0x5F, 0x4D, 0x5F, 0x4D, 0x5F, 0x4D, 0x5F, 0x4D,
    0x5F, 0x4D, 0x5F, 0x4D, 0x5F, 0x4D, 0x5F, 0x4D, 0x5F, 0x4D, 0x5F, 0x4D, 0x5F, 0x4D, 0x5F, 0x4D,
    0x5F, 0x4D, 0x5F, 0x4D, 0x5F, 0x4D, 0x5F, 0x4D, 0x5F, 0x4D, 0x5F, 0x4D, 0x5F, 0x4D, 0x5F, 0x4D,
    0x3F, 0x55, 0xFF, 0x22, 0xD0, 0x63, 0x04, 0xFF, 0xE5, 0xF7, 0x65, 0x21, 0x23, 0x00, 0x21, 0x10,
    0x41, 0x10, 0x41, 0x31, 0xA3, 0x8C, 0x45, 0x31, 0xA3, 0x73, 0x84, 0x63, 0x04, 0x21, 0x23, 0xD2,
    0xB3, 0xFB, 0x36, 0xFB, 0x36, 0xFB, 0x36, 0xFB, 0x36, 0xFB, 0x36, 0xFB, 0x36, 0xFB, 0x36, 0xFB,
    0x36, 0xFB, 0xFF, 0x36, 0xFB, 0x36, 0xFB, 0x36, 0xFB, 0x36, 0xFB, 0x36, 0xFB, 0x36, 0xFB, 0x36,
    0xFB, 0x36, 0xFB, 0x36, 0xFB, 0x36, 0xFB, 0x36, 0xFB, 0x36, 0xFB, 0x36, 0xFB, 0x36, 0xFB, 0x36,
    0xFB, 0x36, 0xFB, 0x36, 0xFB, 0x36, 0xFB, 0x36, 0xFB, 0x36, 0xFB, 0x36, 0xFB, 0x36, 0xFB, 0x36,
    0xFB, 0x36, 0xFB, 0x36, 0xFB, 0x36, 0xFB, 0x36, 0xFB, 0x36, 0xFB, 0x36, 0xFB, 0x36, 0xFB, 0x36,
    0xFB, 0x36, 0xFB, 0x36, 0xFB, 0x36, 0xFB, 0x36, 0xFB, 0x36, 0xFB, 0x36, 0xFB, 0x16, 0xFB, 0x57,
    0xBA, 0x0F, 0x11, 0x68, 0x4D, 0x7F, 0x4D, 0x5F, 0x4D, 0x5F, 0x4D, 0x5F, 0x4D, 0x5F, 0x4D, 0x5F,
    0x4D, 0x5F, 0x4D, 0x5F, 0x4D, 0x5F, 0x4D, 0x5F, 0x4D, 0x5F, 0x4D, 0x5F, 0x4D, 0x5F, 0x4D, 0x5F,
    0x4D, 0x5F, 0x4D, 0x5F, 0x4D, 0x5F, 0x4D, 0x5F, 0x4D, 0x5F, 0x4D, 0x5F, 0x4D, 0x5F, 0x4D, 0x5F,
    0x4D, 0x5F, 0x4D, 0xFF, 0x5F, 0x4D, 0x5F, 0x4D, 0x5F, 0x4D, 0x5F, 0x4D, 0x5F, 0x4D, 0x5F, 0x4D,
    0x5F, 0x4D, 0x5F, 0x4D, 0x5F, 0x4D, 0x5F, 0x4D, 0x5F, 0x4D, 0x5F, 0x4D, 0x5F, 0x4D, 0x5F, 0x4D,
    0x5F, 0x4D, 0x5F, 0x4D, 0x5F, 0x4D, 0x5F, 0x4D, 0x5F, 0x4D, 0x5F, 0x4D, 0x5F, 0x4D, 0x5F, 0x4D,
    0x5F, 0x4D, 0x5F, 0x4D, 0x5F, 0x4D, 0x5F, 0x4D, 0x5F, 0x4D, 0x5F, 0x4D, 0x5F, 0x4D, 0x5F, 0x4D,
    0x5F, 0x4D, 0x5F, 0x4D, 0x5F, 0x4D, 0x5F, 0x4D, 0x5F, 0x4D, 0x5F, 0x4D, 0x5F, 0x4D, 0x5F, 0x4D,
    0x5F, 0x4D, 0x5F, 0x4D, 0x5F, 0x4D, 0x5F, 0x4D, 0x5F, 0x4D, 0x5F, 0x4D, 0x5F, 0x4D, 0x5F, 0x4D,
    0x5F, 0x4D, 0x5F, 0x4D, 0x5F, 0x4D, 0x5F, 0x4D, 0x5F, 0x4D, 0x5F, 0x4D, 0x5F, 0x4D, 0x5F, 0x4D,
    0x5F, 0x4D, 0x5F, 0x4D, 0x5F, 0x4D, 0x5F, 0x4D, 0x5F, 0x4D, 0x5F, 0x4D, 0x5F, 0x4D, 0x5F, 0x4D,
    0x5F, 0x4D, 0x5F, 0x4D, 0xFF, 0x5F, 0x4D, 0x5F, 0x4D, 0x5F, 0x4D, 0x5F, 0x4D, 0x5F, 0x4D, 0x5F,
    0x4D, 0x5F, 0x4D, 0x5F, 0x4D, 0x5F, 0x4D, 0x5F, 0x4D, 0x5F, 0x4D, 0x5F, 0x4D, 0x5F, 0x4D, 0x5F,
    0x4D, 0x5F, 0x4D, 0x5F, 0x4D, 0x5F, 0x4D, 0x5F, 0x4D, 0x5F, 0x4D, 0x5F, 0x4D, 0x5F, 0x4D, 0x5F,
    0x4D, 0x5F, 0x4D, 0x5F, 0x4D, 0x5F, 0x4D, 0x5F, 0x4D, 0x5F, 0x4D, 0x5F, 0x4D, 0x5F, 0x4D, 0x5F,
    0x4D, 0x5F, 0x4D, 0x5F, 0x4D, 0x5F, 0x4D, 0x5F, 0x4D, 0x5F, 0x4D, 0x5F, 0x4D, 0x5F, 0x4D, 0x5F,
    0x4D, 0x5F, 0x4D, 0x5F, 0x4D, 0x5F, 0x4D, 0x5F, 0x4D, 0x5F, 0x4D, 0x5F, 0x4D, 0x5F, 0x4D, 0x5F,
    0x4D, 0x5F, 0x4D, 0x5F, 0x4D, 0x5F, 0x4D, 0x5F, 0x4D, 0x5F, 0x4D, 0x5F, 0x4D, 0x5F, 0x4D, 0x5F,
    0x4D, 0x5F, 0x4D, 0x5F, 0x4D, 0x5F, 0x4D, 0x5F, 0x4D, 0x5F, 0x4D, 0x5F, 0x4D, 0x5F, 0x4D, 0x5F,
    0x4D, 0x5F, 0x4D, 0x5F, 0x4D, 0xFF, 0x5F, 0x4D, 0x5F, 0x4D, 0x5F, 0x4D, 0x5F, 0x4D, 0x5F, 0x4D,
    0x5F, 0x4D, 0x5F, 0x4D, 0x5F, 0x4D, 0x5F, 0x4D, 0x5F, 0x4D, 0x5F, 0x4D, 0x5F, 0x4D, 0x5F, 0x4D,
    0x5F, 0x4D, 0x5F, 0x4D, 0x5F, 0x4D, 0x5F, 0x4D, 0x5F, 0x4D, 0x5F, 0x4D, 0x5F, 0x4D, 0x5F, 0x4D,
    0x5F, 0x4D, 0x5F, 0x4D, 0x5F, 0x4D, 0x7F, 0x4D, 0x1D, 0x63, 0x04, 0xF7, 0x65, 0xFF, 0xE5, 0xC6,
    0x05, 0x73, 0x84, 0x31, 0xA3, 0xAD, 0x24, 0xFF, 0xC4, 0xFF, 0xE5, 0xDE, 0xC5, 0xC6, 0x05, 0x63,
    0x04, 0xFB, 0x16, 0xFB, 0x36, 0xFB, 0x36, 0xFB, 0x36, 0xFB, 0x36, 0xFB, 0x36, 0xFB, 0x36, 0xFB,
    0x36, 0xFB, 0x36, 0xFB, 0x36, 0xFB, 0x36, 0xFB, 0x36, 0xFB, 0x36, 0xFB, 0x36, 0xFB, 0x36, 0xFB,
    0x36, 0xFB, 0x36, 0xFB, 0x36, 0xFB, 0x36, 0xFB, 0x36, 0xFB, 0x36, 0xFB, 0x36, 0xFB, 0x36, 0xFB,
    0x36, 0xFB, 0x36, 0xFB, 0x36, 0xFB, 0xFF, 0x36, 0xFB, 0x36, 0xFB, 0x36, 0xFB, 0x36, 0xFB, 0x36,
    0xFB, 0x36, 0xFB, 0x36, 0xFB, 0x36, 0xFB, 0x36, 0xFB, 0x36, 0xFB, 0x36, 0xFB, 0x36, 0xFB, 0x36,
    0xFB, 0x36, 0xFB, 0x36, 0xFB, 0x36, 0xFB, 0x36, 0xFB, 0x36, 0xFB, 0x36, 0xFB, 0x36, 0xFB, 0x36,
    0xFB, 0x16, 0xFB, 0x57, 0xBA, 0x0F, 0x11, 0x68, 0x4D, 0x7F, 0x4D, 0x5F, 0x4D, 0x5F, 0x4D, 0x5F,
    0x4D, 0x5F, 0x4D, 0x5F, 0x4D, 0x5F, 0x4D, 0x5F, 0x4D, 0x5F, 0x4D, 0x5F, 0x4D, 0x5F, 0x4D, 0x5F,
    0x4D, 0x5F, 0x4D, 0x5F, 0x4D, 0x5F, 0x4D, 0x5F, 0x4D, 0x5F, 0x4D, 0x5F, 0x4D, 0x5F, 0x4D, 0x5F,
    0x4D, 0x5F, 0x4D, 0x5F, 0x4D, 0x5F, 0x4D, 0x5F, 0x4D, 0x5F, 0x4D, 0x5F, 0x4D, 0x5F, 0x4D, 0x5F,
    0x4D, 0x5F, 0x4D, 0x5F, 0x4D, 0x5F, 0x4D, 0x5F, 0x4D, 0x5F, 0x4D, 0x5F, 0x4D, 0x5F, 0x4D, 0x5F,
    0x4D, 0x5F, 0x4D, 0x5F, 0x4D, 0x5F, 0x4D, 0xFF, 0x5F, 0x4D, 0x5F, 0x4D, 0x5F, 0x4D, 0x5F, 0x4D,
    0x5F, 0x4D, 0x5F, 0x4D, 0x5F, 0x4D, 0x5F, 0x4D, 0x5F, 0x4D, 0x5F, 0x4D, 0x5F, 0x4D, 0x5F, 0x4D,
    0x5F, 0x4D, 0x5F, 0x4D, 0x5F, 0x4D, 0x5F, 0x4D, 0x5F, 0x4D, 0x5F, 0x4D, 0x5F, 0x4D, 0x5F, 0x4D,
    0x5F, 0x4D, 0x5F, 0x4D, 0x5F, 0x4D, 0x5F, 0x4D, 0x5F, 0x4D, 0x5F, 0x4D, 0x5F, 0x4D, 0x5F, 0x4D,
    0x5F, 0x4D, 0x5F, 0x4D, 0x5F, 0x4D, 0x5F, 0x4D, 0x5F, 0x4D, 0x5F, 0x4D, 0x5F, 0x4D, 0x5F, 0x4D,
    0x5F, 0x4D, 0x5F, 0x4D, 0x5F, 0x4D, 0x5F, 0x4D, 0x5F, 0x4D, 0x5F, 0x4D, 0x5F, 0x4D, 0x5F, 0x4D,
    0x5F, 0x4D, 0x5F, 0x4D, 0x5F, 0x4D, 0x5F, 0x4D, 0x5F, 0x4D, 0x5F, 0x4D, 0x5F, 0x4D, 0x5F, 0x4D,
    0x5F, 0x4D, 0x5F, 0x4D, 0x5F, 0x4D, 0x5F, 0x4D, 0x5F, 0x4D, 0x5F, 0x4D, 0x5F, 0x4D, 0x5F, 0x4D,
    0x5F, 0x4D, 0x5F, 0x4D, 0x5F, 0x4D, 0x5F, 0x4D, 0xFF, 0x5F, 0x4D, 0x5F, 0x4D, 0x5F, 0x4D, 0x5F,
    0x4D, 0x5F, 0x4D, 0x5F, 0x4D, 0x5F, 0x4D, 0x5F, 0x4D, 0x5F, 0x4D, 0x5F, 0x4D, 0x5F, 0x4D, 0x5F,
    0x4D, 0x5F, 0x4D, 0x5F, 0x4D, 0x5F, 0x4D, 0x5F, 0x4D, 0x5F, 0x4D, 0x5F, 0x4D, 0x5F, 0x4D, 0x5F,
    0x4D, 0x5F, 0x4D, 0x5F, 0x4D, 0x5F, 0x4D, 0x5F, 0x4D, 0x5F, 0x4D, 0x5F, 0x4D, 0x5F, 0x4D, 0x5F,
    0x4D, 0x5F, 0x4D, 0x5F, 0x4D, 0x5F, 0x4D, 0x5F, 0x4D, 0x5F, 0x4D, 0x5F, 0x4D, 0x5F, 0x4D, 0x5F,
    0x4D, 0x5F, 0x4D, 0x5F, 0x4D, 0x5F, 0x4D, 0x5F, 0x4D, 0x5F, 0x4D, 0x5F, 0x4D, 0x5F, 0x4D, 0x5F,
    0x4D, 0x5F, 0x4D, 0x5F, 0x4D, 0x5F, 0x4D, 0x5F, 0x4D, 0x5F, 0x4D, 0x5F, 0x4D, 0x5F, 0x4D, 0x5F,
    0x4D, 0x5F, 0x4D, 0x5F, 0x4D, 0x5F, 0x4D, 0x5F, 0x4D, 0x5F, 0x4D, 0x5F, 0x4D, 0x5F, 0x4D, 0x5F,
    0x4D, 0x5F, 0x4D, 0x5F, 0x4D, 0x5F, 0x4D, 0x5F, 0x4D, 0xFF, 0x5F, 0x4D, 0x5F, 0x4D, 0x5F, 0x4D,
    0x5F, 0x4D, 0x5F, 0x4D, 0x5F, 0x4D, 0x5F, 0x4D, 0x5F, 0x55, 0x9F, 0x22, 0xD0, 0x8C, 0x45, 0xFF,
    0xE5, 0xFF, 0xC4, 0xFF, 0xE5, 0xFF, 0xE5, 0xFF, 0xC4, 0xFF, 0xE5, 0xFF, 0xC4, 0xFF, 0xE5, 0xF7,
    0x65, 0x21, 0x23, 0xA1, 0xED, 0xFB, 0x37, 0xFB, 0x16, 0xFB, 0x36, 0xFB, 0x36, 0xFB, 0x36, 0xFB,
    0x36, 0xFB, 0x36, 0xFB, 0x36, 0xFB, 0x36, 0xFB, 0x36, 0xFB, 0x36, 0xFB, 0x36, 0xFB, 0x36, 0xFB,
    0x36, 0xFB, 0x36, 0xFB, 0x36, 0xFB, 0x36, 0xFB, 0x36, 0xFB, 0x36, 0xFB, 0x36, 0xFB, 0x36, 0xFB,
    0x36, 0xFB, 0x36, 0xFB, 0x36, 0xFB, 0x36, 0xFB, 0x36, 0xFB, 0x36, 0xFB, 0x36, 0xFB, 0x36, 0xFB,
    0x36, 0xFB, 0x36, 0xFB, 0x36, 0xFB, 0x36, 0xFB, 0x36, 0xFB, 0x36, 0xFB, 0x36, 0xFB, 0x36, 0xFB,
    0x36, 0xFB, 0x36, 0xFB, 0x36, 0xFB, 0x36, 0xFB, 0x36, 0xFB, 0xFF, 0x36, 0xFB, 0x36, 0xFB, 0x36,
    0xFB, 0x36, 0xFB, 0x36, 0xFB, 0x16, 0xFB, 0x57, 0xA1, 0xED, 0x11, 0xAA, 0x4D, 0x9F, 0x4D, 0x5F,
    0x4D, 0x5F, 0x4D, 0x5F, 0x4D, 0x5F, 0x4D, 0x5F, 0x4D, 0x5F, 0x4D, 0x5F, 0x4D, 0x5F, 0x4D, 0x5F,
    0x4D, 0x5F, 0x4D, 0x5F, 0x4D, 0x5F, 0x4D, 0x5F, 0x4D, 0x5F, 0x4D, 0x5F, 0x4D, 0x5F, 0x4D, 0x5F,
    0x4D, 0x5F, 0x4D, 0x5F, 0x4D, 0x5F, 0x4D, 0x5F, 0x4D, 0x5F, 0x4D, 0x5F, 0x4D, 0x5F, 0x4D, 0x5F,
    0x4D, 0x5F, 0x4D, 0x5F, 0x4D, 0x5F, 0x4D, 0x5F, 0x4D, 0x5F, 0x4D, 0x5F, 0x4D, 0x5F, 0x4D, 0x5F,
    0x4D, 0x5F, 0x4D, 0x5F, 0x4D, 0x5F, 0x4D, 0x5F, 0x4D, 0x5F, 0x4D, 0x5F, 0x4D, 0x5F, 0x4D, 0x5F,
    0x4D, 0x5F, 0x4D, 0x5F, 0x4D, 0x5F, 0x4D, 0x5F, 0x4D, 0x5F, 0x4D, 0x5F, 0x4D, 0x5F, 0x4D, 0x5F,
    0x4D, 0x5F, 0x4D, 0x5F, 0x4D, 0x5F, 0x4D, 0x5F, 0x4D, 0x5F, 0x4D, 0xFF, 0x5F, 0x4D, 0x5F, 0x4D,
    0x5F, 0x4D, 0x5F, 0x4D, 0x5F, 0x4D, 0x5F, 0x4D, 0x5F, 0x4D, 0x5F, 0x4D, 0x5F, 0x4D, 0x5F, 0x4D,
    0x5F, 0x4D, 0x5F, 0x4D, 0x5F, 0x4D, 0x5F, 0x4D, 0x5F, 0x4D, 0x5F, 0x4D, 0x5F, 0x4D, 0x5F, 0x4D,
    0x5F, 0x4D, 0x5F, 0x4D, 0x5F, 0x4D, 0x5F, 0x4D, 0x5F, 0x4D, 0x5F, 0x4D, 0x5F, 0x4D, 0x5F, 0x4D,
    0x5F, 0x4D, 0x5F, 0x4D, 0x5F, 0x4D, 0x5F, 0x4D, 0x5F, 0x4D, 0x5F, 0x4D, 0x5F, 0x4D, 0x5F, 0x4D,
    0x5F, 0x4D, 0x5F, 0x4D, 0x5F, 0x4D, 0x5F, 0x4D, 0x5F, 0x4D, 0x5F, 0x4D, 0x5F, 0x4D, 0x5F, 0x4D,
    0x5F, 0x4D, 0x5F, 0x4D, 0x5F, 0x4D, 0x5F, 0x4D, 0x5F, 0x4D, 0x5F, 0x4D, 0x5F, 0x4D, 0x5F, 0x4D,
    0x5F, 0x4D, 0x5F, 0x4D, 0x5F, 0x4D, 0x5F, 0x4D, 0x5F, 0x4D, 0x5F, 0x4D, 0x5F, 0x4D, 0x5F, 0x4D,
    0x5F, 0x4D, 0x5F, 0x4D, 0x5F, 0x4D, 0x5F, 0x4D, 0x5F, 0x4D, 0x5F, 0x4D, 0xFF, 0x5F, 0x4D, 0x5F,
    0x4D, 0x5F, 0x4D, 0x5F, 0x4D, 0x5F, 0x4D, 0x5F, 0x4D, 0x5F, 0x4D, 0x5F, 0x4D, 0x5F, 0x4D, 0x5F,
    0x4D, 0x5F, 0x4D, 0x5F, 0x4D, 0x5F, 0x4D, 0x5F, 0x4D, 0x5F, 0x4D, 0x5F, 0x4D, 0x5F, 0x4D, 0x5F,
    0x4D, 0x5F, 0x4D, 0x5F, 0x4D, 0x5F, 0x4D, 0x5F, 0x4D, 0x5F, 0x4D, 0x5F, 0x4D, 0x5F, 0x4D, 0x5F,
    0x4D, 0x5F, 0x4D, 0x5F, 0x4D, 0x5F, 0x4D, 0x5F, 0x4D, 0x5F, 0x4D, 0x5F, 0x4D, 0x5F, 0x4D, 0x5F,
    0x4D, 0x5F, 0x4D, 0x5F, 0x4D, 0x5F, 0x4D, 0x5F, 0x4D, 0x5F, 0x4D, 0x5F, 0x4D, 0x5F, 0x4D, 0x5F,
    0x4D, 0x5F, 0x4D, 0x5F, 0x4D, 0x5F, 0x4D, 0x5F, 0x4D, 0x5F, 0x4D, 0x5F, 0x4D, 0x5F, 0x4D, 0x5F,
    0x4D, 0x5F, 0x4D, 0x5F, 0x4D, 0x5F, 0x4D, 0x5F, 0x4D, 0x5F, 0x4D, 0x3F, 0x55, 0x9F, 0x3B, 0xF7,
    0x31, 0xA3, 0xFF, 0xC4, 0xFF, 0xE5, 0xFF, 0xC4, 0xFF, 0xE5, 0xFF, 0xE5, 0xFF, 0xFF, 0xC4, 0xFF,
    0xE5, 0xDE, 0xC5, 0x73, 0x84, 0xCA, 0x91, 0xFB, 0x78, 0xFB, 0x16, 0xFB, 0x36, 0xFB, 0x36, 0xFB,
    0x36, 0xFB, 0x36, 0xFB, 0x36, 0xFB, 0x36, 0xFB, 0x36, 0xFB, 0x36, 0xFB, 0x36, 0xFB, 0x36, 0xFB,
    0x36, 0xFB, 0x36, 0xFB, 0x36, 0xFB, 0x36, 0xFB, 0x36, 0xFB, 0x36, 0xFB, 0x36, 0xFB, 0x36, 0xFB,
    0x36, 0xFB, 0x36, 0xFB, 0x36, 0xFB, 0x36, 0xFB, 0x36, 0xFB, 0x36, 0xFB, 0x36, 0xFB, 0x36, 0xFB,
    0x36, 0xFB, 0x36, 0xFB, 0x36, 0xFB, 0x36, 0xFB, 0x36, 0xFB, 0x36, 0xFB, 0x36, 0xFB, 0x36, 0xFB,
    0x36, 0xFB, 0x36, 0xFB, 0x36, 0xFB, 0x36, 0xFB, 0x36, 0xFB, 0x36, 0xFB, 0x36, 0xFB, 0x36, 0xFB,
    0x36, 0xFB, 0x36, 0xFB, 0x36, 0xFB, 0x36, 0xFB, 0x16, 0xFB, 0x78, 0x69, 0x49, 0x22, 0x6E, 0x55,
    0x9F, 0x4D, 0x5F, 0x4D, 0x5F, 0x4D, 0x5F, 0x4D, 0x5F, 0x4D, 0x5F, 0x4D, 0x5F, 0x4D, 0xFF, 0x5F,
    0x4D, 0x5F, 0x4D, 0x5F, 0x4D, 0x5F, 0x4D, 0x5F, 0x4D, 0x5F, 0x4D, 0x5F, 0x4D, 0x5F, 0x4D, 0x5F,
    0x4D, 0x5F, 0x4D, 0x5F, 0x4D, 0x5F, 0x4D, 0x5F, 0x4D, 0x5F, 0x4D, 0x5F, 0x4D, 0x5F, 0x4D, 0x5F,
    0x4D, 0x5F, 0x4D, 0x5F, 0x4D, 0x5F, 0x4D, 0x5F, 0x4D, 0x5F, 0x4D, 0x5F, 0x4D, 0x5F, 0x4D, 0x5F,
    0x4D, 0x5F, 0x4D, 0x5F, 0x4D, 0x5F, 0x4D, 0x5F, 0x4D, 0x5F, 0x4D, 0x5F, 0x4D, 0x5F, 0x4D, 0x5F,
    0x4D, 0x5F, 0x4D, 0x5F, 0x4D, 0x5F, 0x4D, 0x5F, 0x4D, 0x5F, 0x4D, 0x5F, 0x4D, 0x5F, 0x4D, 0x5F,
    0x4D, 0x5F, 0x4D, 0x5F, 0x4D, 0x5F, 0x4D, 0x5F, 0x4D, 0x5F, 0x4D, 0x5F, 0x4D, 0x5F, 0x4D, 0x5F,
    0x4D, 0x5F, 0x4D, 0x5F, 0x4D, 0x5F, 0x4D, 0x5F, 0x4D, 0x5F, 0x4D, 0x5F, 0x4D, 0x5F, 0x4D, 0x5F,
    0x4D, 0x5F, 0x4D, 0x5F, 0x4D, 0x5F, 0x4D, 0x5F, 0x4D, 0x5F, 0x4D, 0x5F, 0x4D, 0x5F, 0x4D, 0xFF,
    0x5F, 0x4D, 0x5F, 0x4D, 0x5F, 0x4D, 0x5F, 0x4D, 0x5F, 0x4D, 0x5F, 0x4D, 0x5F, 0x4D, 0x5F, 0x4D,
    0x5F, 0x4D, 0x5F, 0x4D, 0x5F, 0x4D, 0x5F, 0x4D, 0x5F, 0x4D, 0x5F, 0x4D, 0x5F, 0x4D, 0x5F, 0x4D,
    0x5F, 0x4D, 0x5F, 0x4D, 0x5F, 0x4D, 0x5F, 0x4D, 0x5F, 0x4D, 0x5F, 0x4D, 0x5F, 0x4D, 0x5F, 0x4D,
    0x5F, 0x4D, 0x5F, 0x4D, 0x5F, 0x4D, 0x5F, 0x4D, 0x5F, 0x4D, 0x5F, 0x4D, 0x5F, 0x4D, 0x5F, 0x4D,
    0x5F, 0x4D, 0x5F, 0x4D, 0x5F, 0x4D, 0x5F, 0x4D, 0x5F, 0x4D, 0x5F, 0x4D, 0x5F, 0x4D, 0x5F, 0x4D,
    0x5F, 0x4D, 0x5F, 0x4D, 0x5F, 0x4D, 0x5F, 0x4D, 0x5F, 0x4D, 0x5F, 0x4D, 0x5F, 0x4D, 0x5F, 0x4D,
    0x5F, 0x4D, 0x5F, 0x4D, 0x5F, 0x4D, 0x5F, 0x4D, 0x5F, 0x4D, 0x5F, 0x4D, 0x5F, 0x4D, 0x5F, 0x4D,
    0x5F, 0x4D, 0x5F, 0x4D, 0x5F, 0x4D, 0x5F, 0x4D, 0x5F, 0x4D, 0x5F, 0x4D, 0x5F, 0x4D, 0x5F, 0x4D,
    0xFF, 0x5F, 0x4D, 0x5F, 0x4D, 0x5F, 0x4D, 0x5F, 0x4D, 0x5F, 0x4D, 0x5F, 0x4D, 0x5F, 0x4D, 0x5F,
    0x4D, 0x5F, 0x4D, 0x5F, 0x4D, 0x5F, 0x4D, 0x5F, 0x4D, 0x5F, 0x4D, 0x5F, 0x4D, 0x5F, 0x4D, 0x5F,
    0x4D, 0x5F, 0x4D, 0x5F, 0x4D, 0x5F, 0x4D, 0x5F, 0x4D, 0x5F, 0x4D, 0x5F, 0x4D, 0x5F, 0x4D, 0x5F,
    0x4D, 0x5F, 0x4D, 0x5F, 0x4D, 0x5F, 0x4D, 0x5F, 0x4D, 0x5F, 0x4D, 0x5F, 0x4D, 0x5F, 0x4D, 0x5F,
    0x4D, 0x5F, 0x4D, 0x5F, 0x4D, 0x5F, 0x4D, 0x5F, 0x4D, 0x5F, 0x4D, 0x5F, 0x4D, 0x5F, 0x4D, 0x9F,
    0x4D, 0x9F, 0x3B, 0xB5, 0xAD, 0x24, 0xFF, 0xE5, 0xFF, 0xE5, 0xFF, 0xE5, 0xFF, 0xE5, 0xFF, 0xC4,
    0xFF, 0xE5, 0xAD, 0x24, 0x21, 0x23, 0x79, 0x8A, 0xF2, 0xF5, 0xFB, 0x36, 0xFB, 0x36, 0xFB, 0x36,
    0xFB, 0x36, 0xFB, 0x36, 0xFB, 0x36, 0xFB, 0x36, 0xFB, 0x36, 0xFB, 0x36, 0xFB, 0x36, 0xFB, 0x36,
    0xFB, 0xFF, 0x36, 0xFB, 0x36, 0xFB, 0x36, 0xFB, 0x36, 0xFB, 0x36, 0xFB, 0x36, 0xFB, 0x36, 0xFB,
    0x36, 0xFB, 0x36, 0xFB, 0x36, 0xFB, 0x36, 0xFB, 0x36, 0xFB, 0x36, 0xFB, 0x36, 0xFB, 0x36, 0xFB,
    0x36, 0xFB, 0x36, 0xFB, 0x36, 0xFB, 0x36, 0xFB, 0x36, 0xFB, 0x36, 0xFB, 0x36, 0xFB, 0x36, 0xFB,
    0x36, 0xFB, 0x36, 0xFB, 0x36, 0xFB, 0x36, 0xFB, 0x36, 0xFB, 0x36, 0xFB, 0x36, 0xFB, 0x36, 0xFB,
    0x36, 0xFB, 0x36, 0xFB, 0x36, 0xFB, 0x36, 0xFB, 0x36, 0xFB, 0x16, 0xFB, 0x37, 0xE2, 0xD4, 0x10,
    0x41, 0x44, 0x58, 0x4D, 0x9F, 0x4D, 0x5F, 0x4D, 0x5F, 0x4D, 0x5F, 0x4D, 0x5F, 0x4D, 0x5F, 0x4D,
    0x5F, 0x4D, 0x5F, 0x4D, 0x5F, 0x4D, 0x5F, 0x4D, 0x5F, 0x4D, 0x5F, 0x4D, 0x5F, 0x4D, 0x5F, 0x4D,
    0x5F, 0x4D, 0x5F, 0x4D, 0x5F, 0x4D, 0x5F, 0x4D, 0x5F, 0x4D, 0x5F, 0x4D, 0x5F, 0x4D, 0x5F, 0x4D,
    0x5F, 0x4D, 0xFF, 0x5F, 0x4D, 0x5F, 0x4D, 0x5F, 0x4D, 0x5F, 0x4D, 0x5F, 0x4D, 0x5F, 0x4D, 0x5F,
    0x4D, 0x5F, 0x4D, 0x5F, 0x4D, 0x5F, 0x4D, 0x5F, 0x4D, 0x5F, 0x4D, 0x5F, 0x4D, 0x5F, 0x4D, 0x5F,
    0x4D, 0x5F, 0x4D, 0x5F, 0x4D, 0x5F, 0x4D, 0x5F, 0x4D, 0x5F, 0x4D, 0x5F, 0x4D, 0x5F, 0x4D, 0x5F,
    0x4D, 0x5F, 0x4D, 0x5F, 0x4D, 0x5F, 0x4D, 0x5F, 0x4D, 0x5F, 0x4D, 0x5F, 0x4D, 0x5F, 0x4D, 0x5F,
    0x4D, 0x5F, 0x4D, 0x5F, 0x4D, 0x5F, 0x4D, 0x5F, 0x4D, 0x5F, 0x4D, 0x5F, 0x4D, 0x5F, 0x4D, 0x5F,
    0x4D, 0x5F, 0x4D, 0x5F, 0x4D, 0x5F, 0x4D, 0x5F, 0x4D, 0x5F, 0x4D, 0x5F, 0x4D, 0x5F, 0x4D, 0x5F,
    0x4D, 0x5F, 0x4D, 0x5F, 0x4D, 0x5F, 0x4D, 0x5F, 0x4D, 0x5F, 0x4D, 0x5F, 0x4D, 0x5F, 0x4D, 0x5F,
    0x4D, 0x5F, 0x4D, 0x5F, 0x4D, 0x5F, 0x4D, 0x5F, 0x4D, 0x5F, 0x4D, 0x5F, 0x4D, 0x5F, 0x4D, 0x5F,
    0x4D, 0x5F, 0x4D, 0xFF, 0x5F, 0x4D, 0x5F, 0x4D, 0x5F, 0x4D, 0x5F, 0x4D, 0x5F, 0x4D, 0x5F, 0x4D,
    0x5F, 0x4D, 0x5F, 0x4D, 0x5F, 0x4D, 0x5F, 0x4D, 0x5F, 0x4D, 0x5F, 0x4D, 0x5F, 0x4D, 0x5F, 0x4D,
    0x5F, 0x4D, 0x5F, 0x4D, 0x5F, 0x4D, 0x5F, 0x4D, 0x5F, 0x4D, 0x5F, 0x4D, 0x5F, 0x4D, 0x5F, 0x4D,
    0x5F, 0x4D, 0x5F, 0x4D, 0x5F, 0x4D, 0x5F, 0x4D, 0x5F, 0x4D, 0x5F, 0x4D, 0x5F, 0x4D, 0x5F, 0x4D,
    0x5F, 0x4D, 0x5F, 0x4D, 0x5F, 0x4D, 0x5F, 0x4D, 0x5F, 0x4D, 0x5F, 0x4D, 0x5F, 0x4D, 0x5F, 0x4D,
    0x5F, 0x4D, 0x5F, 0x4D, 0x5F, 0x4D, 0x5F, 0x4D, 0x5F, 0x4D, 0x5F, 0x4D, 0x5F, 0x4D, 0x5F, 0x4D,
    0x5F, 0x4D, 0x5F, 0x4D, 0x5F, 0x4D, 0x5F, 0x4D, 0x5F, 0x4D, 0x5F, 0x4D, 0x5F, 0x4D, 0x5F, 0x4D,
    0x5F, 0x4D, 0x5F, 0x4D, 0x5F, 0x4D, 0x5F, 0x4D, 0x5F, 0x4D, 0x5F, 0x4D, 0x5F, 0x4D, 0x5F, 0x4D,
    0x5F, 0x4D, 0x5F, 0x4D, 0xFF, 0x5F, 0x4D, 0x5F, 0x4D, 0x5F, 0x4D, 0x5F, 0x4D, 0x5F, 0x4D, 0x5F,
    0x4D, 0x5F, 0x4D, 0x5F, 0x4D, 0x5F, 0x4D, 0x5F, 0x4D, 0x5F, 0x4D, 0x5F, 0x4D, 0x5F, 0x4D, 0x5F,
    0x4D, 0x5F, 0x4D, 0x5F, 0x4D, 0x5F, 0x4D, 0x5F, 0x4D, 0x5F, 0x4D, 0x5F, 0x4D, 0x5F, 0x4D, 0x5F,
    0x4D, 0x9F, 0x44, 0x58, 0x09, 0x06, 0x31, 0xA3, 0xC6, 0x05, 0xFF, 0xE5, 0xFF, 0xC4, 0xFF, 0xE5,
    0xFF, 0xE5, 0xFF, 0xE5, 0xFF, 0xC4, 0x63, 0x04, 0x89, 0xCC, 0xFB, 0x78, 0xFB, 0x36, 0xFB, 0x16,
    0xFB, 0x36, 0xFB, 0x36, 0xFB, 0x36, 0xFB, 0x36, 0xFB, 0x36, 0xFB, 0x36, 0xFB, 0x36, 0xFB, 0x36,
    0xFB, 0x36, 0xFB, 0x36, 0xFB, 0x36, 0xFB, 0x36, 0xFB, 0x36, 0xFB, 0x36, 0xFB, 0x36, 0xFB, 0x36,
    0xFB, 0x36, 0xFB, 0x36, 0xFB, 0x36, 0xFB, 0x36, 0xFB, 0x36, 0xFB, 0x36, 0xFB, 0x36, 0xFB, 0x36,
    0xFB, 0x36, 0xFB, 0x36, 0xFB, 0xFF, 0x36, 0xFB, 0x36, 0xFB, 0x36, 0xFB, 0x36, 0xFB, 0x36, 0xFB,
    0x36, 0xFB, 0x36, 0xFB, 0x36, 0xFB, 0x36, 0xFB, 0x36, 0xFB, 0x36, 0xFB, 0x36, 0xFB, 0x36, 0xFB,
    0x36, 0xFB, 0x36, 0xFB, 0x36, 0xFB, 0x36, 0xFB, 0x36, 0xFB, 0x36, 0xFB, 0x16, 0xFB, 0x36, 0xFB,
    0x57, 0x48, 0xE6, 0x1A, 0x2C, 0x4D, 0x9F, 0x4D, 0x5F, 0x4D, 0x5F, 0x4D, 0x5F, 0x4D, 0x5F, 0x4D,
    0x5F, 0x4D, 0x5F, 0x4D, 0x5F, 0x4D, 0x5F, 0x4D, 0x5F, 0x4D, 0x5F, 0x4D, 0x5F, 0x4D, 0x5F, 0x4D,
    0x5F, 0x4D, 0x5F, 0x4D, 0x5F, 0x4D, 0x5F, 0x4D, 0x5F, 0x4D, 0x5F, 0x4D, 0x5F, 0x4D, 0x5F, 0x4D,
    0x5F, 0x4D, 0x5F, 0x4D, 0x5F, 0x4D, 0x5F, 0x4D, 0x5F, 0x4D, 0x5F, 0x4D, 0x5F, 0x4D, 0x5F, 0x4D,
    0x5F, 0x4D, 0x5F, 0x4D, 0x5F, 0x4D, 0x5F, 0x4D, 0x5F, 0x4D, 0x5F, 0x4D, 0x5F, 0x4D, 0x5F, 0x4D,
    0x5F, 0x4D, 0x5F, 0x4D, 0x5F, 0x4D, 0xFF, 0x5F, 0x4D, 0x5F, 0x4D, 0x5F, 0x4D, 0x5F, 0x4D, 0x5F,
    0x4D, 0x5F, 0x4D, 0x5F, 0x4D, 0x5F, 0x4D, 0x5F, 0x4D, 0x5F, 0x4D, 0x5F, 0x4D, 0x5F, 0x4D, 0x5F,
    0x4D, 0x5F, 0x4D, 0x5F, 0x4D, 0x5F, 0x4D, 0x5F, 0x4D, 0x5F, 0x4D, 0x5F, 0x4D, 0x5F, 0x4D, 0x5F,
    0x4D, 0x5F, 0x4D, 0x5F, 0x4D, 0x5F, 0x4D, 0x5F, 0x4D, 0x5F, 0x4D, 0x5F, 0x4D, 0x5F, 0x4D, 0x5F,
    0x4D, 0x5F, 0x4D, 0x5F, 0x4D, 0x5F, 0x4D, 0x5F, 0x4D, 0x5F, 0x4D, 0x5F, 0x4D, 0x5F, 0x4D, 0x5F,
    0x4D, 0x5F, 0x4D, 0x5F, 0x4D, 0x5F, 0x4D, 0x5F, 0x4D, 0x5F, 0x4D, 0x5F, 0x4D, 0x5F, 0x4D, 0x5F,
    0x4D, 0x5F, 0x4D, 0x5F, 0x4D, 0x5F, 0x4D, 0x5F, 0x4D, 0x5F, 0x4D, 0x5F, 0x4D, 0x5F, 0x4D, 0x5F,
    0x4D, 0x5F, 0x4D, 0x5F, 0x4D, 0x5F, 0x4D, 0x5F, 0x4D, 0x5F, 0x4D, 0x5F, 0x4D, 0x5F, 0x4D, 0x5F,
    0x4D, 0x5F, 0x4D, 0x5F, 0x4D, 0x5F, 0x4D, 0xFF, 0x5F, 0x4D, 0x5F, 0x4D, 0x5F, 0x4D, 0x5F, 0x4D,
    0x5F, 0x4D, 0x5F, 0x4D, 0x5F, 0x4D, 0x5F, 0x4D, 0x5F, 0x4D, 0x5F, 0x4D, 0x5F, 0x4D, 0x5F, 0x4D,
    0x5F, 0x4D, 0x5F, 0x4D, 0x5F, 0x4D, 0x5F, 0x4D, 0x5F, 0x4D, 0x5F, 0x4D, 0x5F, 0x4D, 0x5F, 0x4D,
    0x5F, 0x4D, 0x5F, 0x4D, 0x5F, 0x4D, 0x5F, 0x4D, 0x5F, 0x4D, 0x5F, 0x4D, 0x5F, 0x4D, 0x5F, 0x4D,
    0x5F, 0x4D, 0x5F, 0x4D, 0x5F, 0x4D, 0x5F, 0x4D, 0x5F, 0x4D, 0x5F, 0x4D, 0x5F, 0x4D, 0x5F, 0x4D,
    0x5F, 0x4D, 0x5F, 0x4D, 0x5F, 0x4D, 0x5F, 0x4D, 0x5F, 0x4D, 0x5F, 0x4D, 0x5F, 0x4D, 0x5F, 0x4D,
    0x5F, 0x4D, 0x5F, 0x4D, 0x5F, 0x4D, 0x5F, 0x4D, 0x5F, 0x4D, 0x5F, 0x4D, 0x5F, 0x4D, 0x5F, 0x4D,
    0x5F, 0x4D, 0x5F, 0x4D, 0x5F, 0x4D, 0x5F, 0x4D, 0x5F, 0x4D, 0x5F, 0x4D, 0x5F, 0x4D, 0x5F, 0x4D,
    0x5F, 0x4D, 0x5F, 0x4D, 0x5F, 0x4D, 0x5F, 0x4D, 0xFF, 0x5F, 0x4D, 0x5F, 0x4D, 0x5F, 0x4D, 0x5F,
    0x4D, 0x5F, 0x4D, 0x5F, 0x55, 0x9F, 0x33, 0x32, 0xAD, 0x24, 0xFF, 0xE5, 0xFF, 0xE5, 0xFF, 0xC4,
    0xFF, 0xE5, 0xFF, 0xE5, 0xFF, 0xC4, 0xFF, 0xE5, 0xDE, 0xC5, 0x08, 0x83, 0x10, 0x41, 0xBA, 0x50,
    0xFB, 0x78, 0xFB, 0x36, 0xFB, 0x16, 0xFB, 0x16, 0xFB, 0x36, 0xFB, 0x36, 0xFB, 0x36, 0xFB, 0x36,
    0xFB, 0x36, 0xFB, 0x36, 0xFB, 0x36, 0xFB, 0x36, 0xFB, 0x36, 0xFB, 0x36, 0xFB, 0x36, 0xFB, 0x36,
    0xFB, 0x36, 0xFB, 0x36, 0xFB, 0x36, 0xFB, 0x36, 0xFB, 0x36, 0xFB, 0x36, 0xFB, 0x36, 0xFB, 0x36,
    0xFB, 0x36, 0xFB, 0x36, 0xFB, 0x36, 0xFB, 0x36, 0xFB, 0x36, 0xFB, 0x36, 0xFB, 0x36, 0xFB, 0x36,
    0xFB, 0x36, 0xFB, 0x36, 0xFB, 0x36, 0xFB, 0x36, 0xFB, 0x16, 0xFB, 0x16, 0xFB, 0x16, 0xFB, 0x16,
    0xFB, 0x16, 0xFB, 0x16, 0xFB, 0x16, 0xFB, 0x16, 0xFB, 0xFF, 0x16, 0xFB, 0x16, 0xFB, 0x36, 0xFB,
    0x57, 0xFB, 0x36, 0x59, 0x07, 0x11, 0x68, 0x4D, 0x5F, 0x4D, 0x7F, 0x4D, 0x5F, 0x4D, 0x5F, 0x4D,
    0x5F, 0x4D, 0x5F, 0x4D, 0x5F, 0x4D, 0x5F, 0x4D, 0x5F, 0x4D, 0x5F, 0x4D, 0x5F, 0x4D, 0x5F, 0x4D,
    0x5F, 0x4D, 0x5F, 0x4D, 0x5F, 0x4D, 0x5F, 0x4D, 0x5F, 0x4D, 0x5F, 0x4D, 0x5F, 0x4D, 0x5F, 0x4D,
    0x5F, 0x4D, 0x5F, 0x4D, 0x5F, 0x4D, 0x5F, 0x4D, 0x5F, 0x4D, 0x5F, 0x4D, 0x5F, 0x4D, 0x5F, 0x4D,
    0x5F, 0x4D, 0x5F, 0x4D, 0x5F, 0x4D, 0x5F, 0x4D, 0x5F, 0x4D, 0x5F, 0x4D, 0x5F, 0x4D, 0x5F, 0x4D,
    0x5F, 0x4D, 0x5F, 0x4D, 0x5F, 0x4D, 0x5F, 0x4D, 0x5F, 0x4D, 0x5F, 0x4D, 0x5F, 0x4D, 0x5F, 0x4D,
    0x5F, 0x4D, 0x5F, 0x4D, 0x5F, 0x4D, 0x5F, 0x4D, 0x5F, 0x4D, 0x5F, 0x4D, 0x5F, 0x4D, 0x5F, 0x4D,
    0x5F, 0x4D, 0x5F, 0x4D, 0x5F, 0x4D, 0x5F, 0x4D, 0x5F, 0x4D, 0xFF, 0x5F, 0x4D, 0x5F, 0x4D, 0x5F,
    0x4D, 0x5F, 0x4D, 0x5F, 0x4D, 0x5F, 0x4D, 0x5F, 0x4D, 0x5F, 0x4D, 0x5F, 0x4D, 0x5F, 0x4D, 0x5F,
    0x4D, 0x5F, 0x4D, 0x5F, 0x4D, 0x5F, 0x4D, 0x5F, 0x4D, 0x5F, 0x4D, 0x5F, 0x4D, 0x5F, 0x4D, 0x5F,
    0x4D, 0x5F, 0x4D, 0x5F, 0x4D, 0x5F, 0x4D, 0x5F, 0x4D, 0x5F, 0x4D, 0x5F, 0x4D, 0x5F, 0x4D, 0x5F,
    0x4D, 0x5F, 0x4D, 0x5F, 0x4D, 0x5F, 0x4D, 0x5F, 0x4D, 0x5F, 0x4D, 0x5F, 0x4D, 0x5F, 0x4D, 0x5F,
    0x4D, 0x5F, 0x4D, 0x5F, 0x4D, 0x5F, 0x4D, 0x5F, 0x4D, 0x5F, 0x4D, 0x5F, 0x4D, 0x5F, 0x4D, 0x5F,
    0x4D, 0x5F, 0x4D, 0x5F, 0x4D, 0x5F, 0x4D, 0x5F, 0x4D, 0x5F, 0x4D, 0x5F, 0x4D, 0x5F, 0x4D, 0x5F,
    0x4D, 0x5F, 0x4D, 0x5F, 0x4D, 0x5F, 0x4D, 0x5F, 0x4D, 0x5F, 0x4D, 0x5F, 0x4D, 0x5F, 0x4D, 0x5F,
    0x4D, 0x5F, 0x4D, 0x5F, 0x4D, 0x5F, 0x4D, 0x5F, 0x4D, 0x5F, 0x4D, 0xFF, 0x5F, 0x4D, 0x5F, 0x4D,
    0x5F, 0x4D, 0x5F, 0x4D, 0x5F, 0x4D, 0x5F, 0x4D, 0x5F, 0x4D, 0x5F, 0x4D, 0x5F, 0x4D, 0x5F, 0x4D,
    0x5F, 0x4D, 0x5F, 0x4D, 0x5F, 0x4D, 0x5F, 0x4D, 0x5F, 0x4D, 0x5F, 0x4D, 0x5F, 0x4D, 0x5F, 0x4D,
    0x5F, 0x4D, 0x5F, 0x4D, 0x5F, 0x4D, 0x5F, 0x4D, 0x5F, 0x4D, 0x5F, 0x4D, 0x5F, 0x4D, 0x5F, 0x4D,
    0x5F, 0x4D, 0x5F, 0x4D, 0x5F, 0x4D, 0x5F, 0x4D, 0x5F, 0x4D, 0x5F, 0x4D, 0x5F, 0x4D, 0x5F, 0x4D,
    0x5F, 0x4D, 0x5F, 0x4D, 0x5F, 0x4D, 0x5F, 0x4D, 0x5F, 0x4D, 0x5F, 0x4D, 0x5F, 0x4D, 0x5F, 0x4D,
    0x5F, 0x4D, 0x5F, 0x4D, 0x5F, 0x4D, 0x5F, 0x4D, 0x5F, 0x4D, 0x5F, 0x4D, 0x5F, 0x4D, 0x5F, 0x4D,
    0x5F, 0x4D, 0x5F, 0x4D, 0x5F, 0x4D, 0x9F, 0x1A, 0x2C, 0x52, 0x45, 0xFF, 0xE5, 0xFF, 0xE5, 0xFF,
    0xE5, 0xFF, 0xE5, 0xDE, 0xC5, 0xFF, 0xE5, 0xFF, 0xE5, 0xFF, 0xC4, 0xFF, 0x82, 0xE5, 0x63, 0x04,
    0x03, 0x00, 0xFF, 0x21, 0x89, 0xCC, 0xFB, 0x16, 0xFB, 0x57, 0xFB, 0x57, 0xFB, 0x36, 0xFB, 0x36,
    0xFB, 0x36, 0xFB, 0x36, 0xFB, 0x36, 0xFB, 0x36, 0xFB, 0x36, 0xFB, 0x36, 0xFB, 0x36, 0xFB, 0x36,
    0xFB, 0x36, 0xFB, 0x36, 0xFB, 0x36, 0xFB, 0x16, 0xFB, 0x16, 0xFB, 0x16, 0xFB, 0x16, 0xFB, 0x16,
    0xFB, 0x16, 0xFB, 0x16, 0xFB, 0x16, 0xFB, 0x16, 0xFB, 0x16, 0xFB, 0x16, 0xFB, 0x16, 0xFB, 0x36,
    0xFB, 0x36, 0xFB, 0x36, 0xFB, 0x36, 0xFB, 0x36, 0xFB, 0x36, 0xFB, 0x36, 0xFB, 0x37, 0xFB, 0x37,
    0xFB, 0x37, 0xFB, 0x37, 0xFB, 0x37, 0xFB, 0x37, 0xFB, 0x57, 0xFB, 0x57, 0xFB, 0x57, 0xFB, 0x57,
    0xFB, 0x36, 0xBA, 0x0F, 0x20, 0x63, 0x11, 0xAA, 0x4D, 0x3F, 0x4D, 0x7F, 0x4D, 0x5F, 0x4D, 0x5F,
    0x4D, 0x5F, 0x4D, 0x5F, 0x4D, 0x5F, 0x4D, 0x5F, 0x4D, 0x5F, 0x4D, 0x5F, 0x4D, 0x5F, 0x4D, 0x5F,
    0x4D, 0x5F, 0x4D, 0xFF, 0x5F, 0x4D, 0x5F, 0x4D, 0x5F, 0x4D, 0x5F, 0x4D, 0x5F, 0x4D, 0x5F, 0x4D,
    0x5F, 0x4D, 0x5F, 0x4D, 0x5F, 0x4D, 0x5F, 0x4D, 0x5F, 0x4D, 0x5F, 0x4D, 0x5F, 0x4D, 0x5F, 0x4D,
    0x5F, 0x4D, 0x5F, 0x4D, 0x5F, 0x4D, 0x5F, 0x4D, 0x5F, 0x4D, 0x5F, 0x4D, 0x5F, 0x4D, 0x5F, 0x4D,
    0x5F, 0x4D, 0x5F, 0x4D, 0x5F, 0x4D, 0x5F, 0x4D, 0x5F, 0x4D, 0x5F, 0x4D, 0x5F, 0x4D, 0x5F, 0x4D,
    0x5F, 0x4D, 0x5F, 0x4D, 0x5F, 0x4D, 0x5F, 0x4D, 0x5F, 0x4D, 0x5F, 0x4D, 0x5F, 0x4D, 0x5F, 0x4D,
    0x5F, 0x4D, 0x5F, 0x4D, 0x5F, 0x4D, 0x5F, 0x4D, 0x5F, 0x4D, 0x5F, 0x4D, 0x5F, 0x4D, 0x5F, 0x4D,
    0x5F, 0x4D, 0x5F, 0x4D, 0x5F, 0x4D, 0x5F, 0x4D, 0x5F, 0x4D, 0x5F, 0x4D, 0x5F, 0x4D, 0x5F, 0x4D,
    0x5F, 0x4D, 0x5F, 0x4D, 0x5F, 0x4D, 0x5F, 0x4D, 0x5F, 0x4D, 0x5F, 0x4D, 0x5F, 0x4D, 0x5F, 0x4D,
    0x5F, 0x4D, 0x5F, 0x4D, 0xFF, 0x5F, 0x4D, 0x5F, 0x4D, 0x5F, 0x4D, 0x5F, 0x4D, 0x5F, 0x4D, 0x5F,
    0x4D, 0x5F, 0x4D, 0x5F, 0x4D, 0x5F, 0x4D, 0x5F, 0x4D, 0x5F, 0x4D, 0x5F, 0x4D, 0x5F, 0x4D, 0x5F,
    0x4D, 0x5F, 0x4D, 0x5F, 0x4D, 0x5F, 0x4D, 0x5F, 0x4D, 0x5F, 0x4D, 0x5F, 0x4D, 0x5F, 0x4D, 0x5F,
    0x4D, 0x5F, 0x4D, 0x5F, 0x4D, 0x5F, 0x4D, 0x5F, 0x4D, 0x5F, 0x4D, 0x5F, 0x4D, 0x5F, 0x4D, 0x5F,
    0x4D, 0x5F, 0x4D, 0x5F, 0x4D, 0x5F, 0x4D, 0x5F, 0x4D, 0x5F, 0x4D, 0x5F, 0x4D, 0x5F, 0x4D, 0x5F,
    0x4D, 0x5F, 0x4D, 0x5F, 0x4D, 0x5F, 0x4D, 0x5F, 0x4D, 0x5F, 0x4D, 0x5F, 0x4D, 0x5F, 0x4D, 0x5F,
    0x4D, 0x5F, 0x4D, 0x5F, 0x4D, 0x5F, 0x4D, 0x5F, 0x4D, 0x5F, 0x4D, 0x5F, 0x4D, 0x5F, 0x4D, 0x5F,
    0x4D, 0x5F, 0x4D, 0x5F, 0x4D, 0x5F, 0x4D, 0x5F, 0x4D, 0x5F, 0x4D, 0x5F, 0x4D, 0x5F, 0x4D, 0x5F,
    0x4D, 0x5F, 0x4D, 0x5F, 0x4D, 0xDE, 0x5F, 0x4D, 0x5F, 0x4D, 0x5F, 0x4D, 0x5F, 0x4D, 0x5F, 0x4D,
    0x5F, 0x4D, 0x5F, 0x4D, 0x5F, 0x4D, 0x5F, 0x4D, 0x5F, 0x4D, 0x5F, 0x4D, 0x5F, 0x4D, 0x5F, 0x4D,
    0x5F, 0x4D, 0x5F, 0x4D, 0x5F, 0x4D, 0x5F, 0x4D, 0x5F, 0x4D, 0x5F, 0x4D, 0x5F, 0x4D, 0x5F, 0x4D,
    0x5F, 0x4D, 0x5F, 0x4D, 0x5F, 0x4D, 0x5F, 0x4D, 0x5F, 0x4D, 0x5F, 0x4D, 0x5F, 0x4D, 0x5F, 0x4D,
    0x5F, 0x4D, 0x5F, 0x4D, 0x5F, 0x4D, 0x5F, 0x4D, 0x9F, 0x44, 0x58, 0x8C, 0x45, 0xF7, 0x65, 0x8C,
    0x45, 0x73, 0x84, 0xC6, 0x05, 0x63, 0x04, 0x21, 0x23, 0x73, 0x84, 0xC6, 0x05, 0xFF, 0xE5, 0xFF,
    0xE5, 0xC6, 0x05, 0x08, 0x83, 0x04, 0x00, 0xFF, 0x20, 0x63, 0x79, 0x8A, 0xBA, 0x50, 0xE2, 0xD4,
    0xF2, 0xF5, 0xF2, 0xF5, 0xF2, 0xF5, 0xF2, 0xF5, 0xF2, 0xF5, 0xF2, 0xF5, 0xFB, 0x16, 0xFB, 0x16,
    0xFB, 0x16, 0xFB, 0x16, 0xFB, 0x36, 0xFB, 0x37, 0xFB, 0x37, 0xFB, 0x57, 0xFB, 0x57, 0xFB, 0x57,
    0xFB, 0x57, 0xFB, 0x57, 0xFB, 0x57, 0xFB, 0x57, 0xFB, 0x57, 0xFB, 0x57, 0xFB, 0x57, 0xFB, 0x37,
    0xFB, 0x36, 0xFB, 0x16, 0xF2, 0xF5, 0xF2, 0xF5, 0xF2, 0xF5, 0xE2, 0xD4, 0xE2, 0xD4, 0xD2, 0xB3,
    0xD2, 0xB3, 0xD2, 0xB3, 0xCA, 0x91, 0xCA, 0x91, 0xCA, 0x91, 0xBA, 0x50, 0xAA, 0x2F, 0xA1, 0xED,
    0x79, 0x8A, 0x30, 0xA5, 0x09, 0x06, 0x33, 0x32, 0x4D, 0x9F, 0x4D, 0x7F, 0x4D, 0x5F, 0x4D, 0x5F,
    0x4D, 0x5F, 0x4D, 0x5F, 0x4D, 0x5F, 0x4D, 0x5F, 0x4D, 0x5F, 0x4D, 0x5F, 0x4D, 0x5F, 0x4D, 0x5F,
    0x4D, 0x5F, 0x4D, 0x5F, 0x4D, 0x5F, 0x4D, 0x5F, 0xFF, 0x4D, 0x5F, 0x4D, 0x5F, 0x4D, 0x5F, 0x4D,
    0x5F, 0x4D, 0x5F, 0x4D, 0x5F, 0x4D, 0x5F, 0x4D, 0x5F, 0x4D, 0x5F, 0x4D, 0x5F, 0x4D, 0x5F, 0x4D,
    0x5F, 0x4D, 0x5F, 0x4D, 0x5F, 0x4D, 0x5F, 0x4D, 0x5F, 0x4D, 0x5F, 0x4D, 0x5F, 0x4D, 0x5F, 0x4D,
    0x5F, 0x4D, 0x5F, 0x4D, 0x5F, 0x4D, 0x5F, 0x4D, 0x5F, 0x4D, 0x5F, 0x4D, 0x5F, 0x4D, 0x5F, 0x4D,
    0x5F, 0x4D, 0x5F, 0x4D, 0x5F, 0x4D, 0x5F, 0x4D, 0x5F, 0x4D, 0x5F, 0x4D, 0x5F, 0x4D, 0x5F, 0x4D,
    0x5F, 0x4D, 0x5F, 0x4D, 0x5F, 0x4D, 0x5F, 0x4D, 0x5F, 0x4D, 0x5F, 0x4D, 0x5F, 0x4D, 0x5F, 0x4D,
    0x5F, 0x4D, 0x5F, 0x4D, 0x5F, 0x4D, 0x5F, 0x4D, 0x5F, 0x4D, 0x5F, 0x4D, 0x5F, 0x4D, 0x5F, 0x4D,
    0x5F, 0x4D, 0x5F, 0x4D, 0x5F, 0x4D, 0x5F, 0x4D, 0x5F, 0x4D, 0x5F, 0x4D, 0x5F, 0x4D, 0x5F, 0x4D,
    0x5F, 0x4D, 0x5F, 0x4D, 0x5F, 0x4D, 0x5F, 0x4D, 0x5F, 0xFF, 0x4D, 0x5F, 0x4D, 0x5F, 0x4D, 0x5F,
    0x4D, 0x5F, 0x4D, 0x5F, 0x4D, 0x5F, 0x4D, 0x5F, 0x4D, 0x5F, 0x4D, 0x5F, 0x4D, 0x5F, 0x4D, 0x5F,
    0x4D, 0x5F, 0x4D, 0x5F, 0x4D, 0x5F, 0x4D, 0x5F, 0x4D, 0x5F, 0x4D, 0x5F, 0x4D, 0x5F, 0x4D, 0x5F,
    0x4D, 0x5F, 0x4D, 0x5F, 0x4D, 0x5F, 0x4D, 0x5F, 0x4D, 0x5F, 0x4D, 0x5F, 0x4D, 0x5F, 0x4D, 0x5F,
    0x4D, 0x5F, 0x4D, 0x5F, 0x4D, 0x5F, 0x4D, 0x5F, 0x4D, 0x5F, 0x4D, 0x5F, 0x4D, 0x5F, 0x4D, 0x5F,
    0x4D, 0x5F, 0x4D, 0x5F, 0x4D, 0x5F, 0x4D, 0x5F, 0x4D, 0x5F, 0x4D, 0x5F, 0x4D, 0x5F, 0x4D, 0x5F,
    0x4D, 0x5F, 0x4D, 0x5F, 0x4D, 0x5F, 0x4D, 0x5F, 0x4D, 0x5F, 0x4D, 0x5F, 0x4D, 0x5F, 0x4D, 0x5F,
    0x4D, 0x5F, 0x4D, 0x5F, 0x4D, 0x5F, 0x4D, 0x5F, 0x4D, 0x5F, 0x4D, 0x5F, 0x4D, 0x5F, 0x4D, 0x5F,
    0x4D, 0x5F, 0x4D, 0x5F, 0x4D, 0x5F, 0x4D, 0x5F, 0x4D, 0x5F, 0xCF, 0x4D, 0x5F, 0x4D, 0x5F, 0x4D,
    0x5F, 0x4D, 0x5F, 0x4D, 0x5F, 0x4D, 0x5F, 0x4D, 0x5F, 0x4D, 0x5F, 0x4D, 0x5F, 0x4D, 0x5F, 0x4D,
    0x5F, 0x4D, 0x5F, 0x4D, 0x5F, 0x4D, 0x5F, 0x4D, 0x5F, 0x4D, 0x5F, 0x4D, 0x5F, 0x4D, 0x5F, 0x4D,
    0x5F, 0x4D, 0x5F, 0x4D, 0x5F, 0x4D, 0x5F, 0x4D, 0x5F, 0x4D, 0x5F, 0x4D, 0x5F, 0x4D, 0x5F, 0x4D,
    0x5F, 0x4D, 0x5F, 0x4D, 0x5F, 0x4D, 0x5F, 0x4D, 0x9F, 0x3B, 0xB5, 0x21, 0x23, 0x74, 0x0B, 0x31,
    0xA3, 0x11, 0xAA, 0x44, 0x58, 0x3A, 0x8C, 0x22, 0x6E, 0x11, 0x68, 0x02, 0x00, 0x89, 0x52, 0x45,
    0xDE, 0xC5, 0xFF, 0xC4, 0x73, 0x84, 0x00, 0x21, 0x0A, 0x00, 0xC3, 0x10, 0x41, 0x10, 0x41, 0x20,
    0x63, 0x20, 0x63, 0x20, 0x63, 0x20, 0x63, 0x20, 0x63, 0x20, 0x63, 0x20, 0x63, 0x20, 0x63, 0x30,
    0xA5, 0x30, 0xA5, 0x48, 0xE6, 0x59, 0x07, 0x59, 0x07, 0x69, 0x49, 0x69, 0x49, 0x69, 0x49, 0x69,
    0x49, 0x79, 0x8A, 0x79, 0x8A, 0x69, 0x49, 0x69, 0x49, 0x69, 0x49, 0x59, 0x07, 0x48, 0xE6, 0x30,
    0xA5, 0x20, 0x63, 0x20, 0x63, 0x10, 0x41, 0x10, 0x41, 0x10, 0x41, 0x00, 0x21, 0x00, 0x21, 0x10,
    0x00, 0xFF, 0x08, 0x83, 0x4D, 0x1D, 0x55, 0x9F, 0x4D, 0x3F, 0x4D, 0x5F, 0x4D, 0x5F, 0x4D, 0x5F,
    0x4D, 0x5F, 0x4D, 0x5F, 0x4D, 0x5F, 0x4D, 0x5F, 0x4D, 0x5F, 0x4D, 0x5F, 0x4D, 0x5F, 0x4D, 0x5F,
    0x4D, 0x5F, 0x4D, 0x5F, 0x4D, 0x5F, 0x4D, 0x5F, 0x4D, 0x5F, 0x4D, 0x5F, 0x4D, 0x5F, 0x4D, 0x5F,
    0x4D, 0x5F, 0x4D, 0x5F, 0x4D, 0x5F, 0x4D, 0x5F, 0x4D, 0x5F, 0x4D, 0x5F, 0x4D, 0x5F, 0x4D, 0x5F,
    0x4D, 0x5F, 0x4D, 0x5F, 0x4D, 0x5F, 0x4D, 0x5F, 0x4D, 0x5F, 0x4D, 0x5F, 0x4D, 0x5F, 0x4D, 0x5F,
    0x4D, 0x5F, 0x4D, 0x5F, 0x4D, 0x5F, 0x4D, 0x5F, 0x4D, 0x5F, 0x4D, 0x5F, 0x4D, 0x5F, 0x4D, 0x5F,
    0x4D, 0x5F, 0x4D, 0x5F, 0x4D, 0x5F, 0x4D, 0x5F, 0x4D, 0x5F, 0x4D, 0x5F, 0x4D, 0x5F, 0x4D, 0x5F,
    0x4D, 0x5F, 0x4D, 0x5F, 0x4D, 0x5F, 0x4D, 0x5F, 0x4D, 0x5F, 0x4D, 0x5F, 0x4D, 0x5F, 0x4D, 0x5F,
    0x4D, 0x5F, 0xFF, 0x4D, 0x5F, 0x4D, 0x5F, 0x4D, 0x5F, 0x4D, 0x5F, 0x4D, 0x5F, 0x4D, 0x5F, 0x4D,
    0x5F, 0x4D, 0x5F, 0x4D, 0x5F, 0x4D, 0x5F, 0x4D, 0x5F, 0x4D, 0x5F, 0x4D, 0x5F, 0x4D, 0x5F, 0x4D,
    0x5F, 0x4D, 0x5F, 0x4D, 0x5F, 0x4D, 0x5F, 0x4D, 0x5F, 0x4D, 0x5F, 0x4D, 0x5F, 0x4D, 0x5F, 0x4D,
    0x5F, 0x4D, 0x5F, 0x4D, 0x5F, 0x4D, 0x5F, 0x4D, 0x5F, 0x4D, 0x5F, 0x4D, 0x5F, 0x4D, 0x5F, 0x4D,
    0x5F, 0x4D, 0x5F, 0x4D, 0x5F, 0x4D, 0x5F, 0x4D, 0x5F, 0x4D, 0x5F, 0x4D, 0x5F, 0x4D, 0x5F, 0x4D,
    0x5F, 0x4D, 0x5F, 0x4D, 0x5F, 0x4D, 0x5F, 0x4D, 0x5F, 0x4D, 0x5F, 0x4D, 0x5F, 0x4D, 0x5F, 0x4D,
    0x5F, 0x4D, 0x5F, 0x4D, 0x5F, 0x4D, 0x5F, 0x4D, 0x5F, 0x4D, 0x5F, 0x4D, 0x5F, 0x4D, 0x5F, 0x4D,
    0x5F, 0x4D, 0x5F, 0x4D, 0x5F, 0x4D, 0x5F, 0x4D, 0x5F, 0x4D, 0x5F, 0x4D, 0x5F, 0x4D, 0x5F, 0x4D,
    0x5F, 0x4D, 0x5F, 0xF6, 0x4D, 0x5F, 0x4D, 0x5F, 0x4D, 0x5F, 0x4D, 0x5F, 0x4D, 0x5F, 0x4D, 0x5F,
    0x4D, 0x5F, 0x4D, 0x5F, 0x4D, 0x5F, 0x4D, 0x5F, 0x4D, 0x5F, 0x4D, 0x5F, 0x4D, 0x5F, 0x4D, 0x5F,
    0x4D, 0x5F, 0x4D, 0x5F, 0x4D, 0x5F, 0x4D, 0x5F, 0x4D, 0x5F, 0x4D, 0x5F, 0x4D, 0x5F, 0x4D, 0x5F,
    0x4D, 0x5F, 0x4D, 0x5F, 0x4D, 0x5F, 0x4D, 0x5F, 0x4D, 0x5F, 0x4D, 0x5F, 0x4D, 0x5F, 0x4D, 0x5F,
    0x4D, 0x5F, 0x4D, 0x5F, 0x4D, 0x5F, 0x4D, 0x5F, 0x4D, 0x5F, 0x4D, 0x5F, 0x4D, 0x5F, 0x4D, 0x5F,
    0x4D, 0x5F, 0x4D, 0x5F, 0x4D, 0x5F, 0x4D, 0x5F, 0x4D, 0x5F, 0x4D, 0x5F, 0x4D, 0x5F, 0x4D, 0x5F,
    0x4D, 0x5F, 0x4D, 0x5F, 0x4D, 0x5F, 0x4D, 0x7F, 0x4D, 0x1D, 0x4D, 0x1D, 0x4D, 0x5F, 0x44, 0x9B,
    0x55, 0x9F, 0x4D, 0x9F, 0x55, 0x9F, 0x44, 0x9B, 0x00, 0x21, 0x00, 0x02, 0x21, 0x8A, 0x23, 0x08,
    0x83, 0x8C, 0x45, 0xC6, 0x05, 0x00, 0x21, 0x00, 0x21, 0x5E, 0x00, 0xFF, 0x3B, 0xF7, 0x55, 0xFF,
    0x4D, 0x9F, 0x4D, 0x5F, 0x4D, 0x5F, 0x4D, 0x5F, 0x4D, 0x5F, 0x4D, 0x5F, 0x4D, 0x5F, 0x4D, 0x5F,
    0x4D, 0x5F, 0x4D, 0x5F, 0x4D, 0x5F, 0x4D, 0x5F, 0x4D, 0x5F, 0x4D, 0x5F, 0x4D, 0x5F, 0x4D, 0x5F,
    0x4D, 0x5F, 0x4D, 0x5F, 0x4D, 0x5F, 0x4D, 0x5F, 0x4D, 0x5F, 0x4D, 0x5F, 0x4D, 0x5F, 0x4D, 0x5F,
    0x4D, 0x5F, 0x4D, 0x5F, 0x4D, 0x5F, 0x4D, 0x5F, 0x4D, 0x5F, 0x4D, 0x5F, 0x4D, 0x5F, 0x4D, 0x5F,
    0x4D, 0x5F, 0x4D, 0x5F, 0x4D, 0x5F, 0x4D, 0x5F, 0x4D, 0x5F, 0x4D, 0x5F, 0x4D, 0x5F, 0x4D, 0x5F,
    0x4D, 0x5F, 0x4D, 0x5F, 0x4D, 0x5F, 0x4D, 0x5F, 0x4D, 0x5F, 0x4D, 0x5F, 0x4D, 0x5F, 0x4D, 0x5F,
    0x4D, 0x5F, 0x4D, 0x5F, 0x4D, 0x5F, 0x4D, 0x5F, 0x4D, 0x5F, 0x4D, 0x5F, 0x4D, 0x5F, 0x4D, 0x5F,
    0x4D, 0x5F, 0x4D, 0x5F, 0x4D, 0x5F, 0x4D, 0x5F, 0x4D, 0x5F, 0x4D, 0x5F, 0xFF, 0x4D, 0x5F, 0x4D,
    0x5F, 0x4D, 0x5F, 0x4D, 0x5F, 0x4D, 0x5F, 0x4D, 0x5F, 0x4D, 0x5F, 0x4D, 0x5F, 0x4D, 0x5F, 0x4D,
    0x5F, 0x4D, 0x5F, 0x4D, 0x5F, 0x4D, 0x5F, 0x4D, 0x5F, 0x4D, 0x5F, 0x4D, 0x5F, 0x4D, 0x5F, 0x4D,
    0x5F, 0x4D, 0x5F, 0x4D, 0x5F, 0x4D, 0x5F, 0x4D, 0x5F, 0x4D, 0x5F, 0x4D, 0x5F, 0x4D, 0x5F, 0x4D,
    0x5F, 0x4D, 0x5F, 0x4D, 0x5F, 0x4D, 0x5F, 0x4D, 0x5F, 0x4D, 0x5F, 0x4D, 0x5F, 0x4D, 0x5F, 0x4D,
    0x5F, 0x4D, 0x5F, 0x4D, 0x5F, 0x4D, 0x5F, 0x4D, 0x5F, 0x4D, 0x5F, 0x4D, 0x5F, 0x4D, 0x5F, 0x4D,
    0x5F, 0x4D, 0x5F, 0x4D, 0x5F, 0x4D, 0x5F, 0x4D, 0x5F, 0x4D, 0x5F, 0x4D, 0x5F, 0x4D, 0x5F, 0x4D,
    0x5F, 0x4D, 0x5F, 0x4D, 0x5F, 0x4D, 0x5F, 0x4D, 0x5F, 0x4D, 0x5F, 0x4D, 0x5F, 0x4D, 0x5F, 0x4D,
    0x5F, 0x4D, 0x5F, 0x4D, 0x5F, 0x4D, 0x5F, 0x4D, 0x5F, 0x4D, 0x5F, 0x4D, 0x5F, 0xF1, 0x4D, 0x5F,
    0x4D, 0x5F, 0x4D, 0x5F, 0x4D, 0x5F, 0x4D, 0x5F, 0x4D, 0x5F, 0x4D, 0x5F, 0x4D, 0x5F, 0x4D, 0x5F,
    0x4D, 0x5F, 0x4D, 0x5F, 0x4D, 0x5F, 0x4D, 0x5F, 0x4D, 0x5F, 0x4D, 0x5F, 0x4D, 0x5F, 0x4D, 0x5F,
    0x4D, 0x5F, 0x4D, 0x5F, 0x4D, 0x5F, 0x4D, 0x5F, 0x4D, 0x5F, 0x4D, 0x5F, 0x4D, 0x5F, 0x4D, 0x5F,
    0x4D, 0x5F, 0x4D, 0x5F, 0x4D, 0x5F, 0x4D, 0x5F, 0x4D, 0x5F, 0x4D, 0x5F, 0x4D, 0x5F, 0x4D, 0x5F,
    0x4D, 0x5F, 0x4D, 0x5F, 0x4D, 0x5F, 0x4D, 0x5F, 0x4D, 0x5F, 0x4D, 0x5F, 0x4D, 0x5F, 0x4D, 0x5F,
    0x4D, 0x5F, 0x4D, 0x5F, 0x4D, 0x5F, 0x4D, 0x5F, 0x4D, 0x5F, 0x4D, 0x5F, 0x4D, 0x5F, 0x4D, 0x5F,
    0x4D, 0x7F, 0x4D, 0x7F, 0x4D, 0x5F, 0x4D, 0x9F, 0x4D, 0x5F, 0x4D, 0x3F, 0x4D, 0x9F, 0x3B, 0xB5,
    0x08, 0x00, 0x87, 0x21, 0x23, 0xF7, 0x65, 0x63, 0x04, 0x00, 0x21, 0x02, 0x00, 0xFF, 0x10, 0x41,
    0x20, 0x63, 0x20, 0x63, 0x20, 0x63, 0x20, 0x63, 0x20, 0x63, 0x30, 0xA5, 0x30, 0xA5, 0x30, 0xA5,
    0x30, 0xA5, 0x30, 0xA5, 0x30, 0xA5, 0x30, 0xA5, 0x48, 0xE6, 0x48, 0xE6, 0x48, 0xE6, 0x59, 0x07,
    0x69, 0x49, 0x79, 0x8A, 0x79, 0x8A, 0x79, 0x8A, 0x79, 0x8A, 0x89, 0xCC, 0x89, 0xCC, 0x89, 0xCC,
    0x89, 0xCC, 0x89, 0xCC, 0xA1, 0xED, 0xA1, 0xED, 0xA1, 0xED, 0x89, 0xCC, 0x89, 0xCC, 0x89, 0xCC,
    0x79, 0x8A, 0x79, 0x8A, 0x79, 0x8A, 0x69, 0x49, 0x48, 0xE6, 0x48, 0xE6, 0x30, 0xA5, 0x30, 0xA5,
    0x30, 0xA5, 0x20, 0x63, 0x20, 0x63, 0x20, 0x63, 0x10, 0x41, 0x08, 0x83, 0x1A, 0x2C, 0x3B, 0xF7,
    0x4D, 0x9F, 0x4D, 0x7F, 0x4D, 0x5F, 0x4D, 0x5F, 0x4D, 0x5F, 0x4D, 0x5F, 0x4D, 0x5F, 0x4D, 0x5F,
    0x4D, 0x5F, 0x4D, 0x5F, 0x4D, 0x5F, 0x4D, 0x5F, 0x4D, 0x5F, 0x4D, 0x5F, 0x4D, 0x5F, 0xFF, 0x4D,
    0x5F, 0x4D, 0x5F, 0x4D, 0x5F, 0x4D, 0x5F, 0x4D, 0x5F, 0x4D, 0x5F, 0x4D, 0x5F, 0x4D, 0x5F, 0x4D,
    0x5F, 0x4D, 0x5F, 0x4D, 0x5F, 0x4D, 0x5F, 0x4D, 0x5F, 0x4D, 0x5F, 0x4D, 0x5F, 0x4D, 0x5F, 0x4D,
    0x5F, 0x4D, 0x5F, 0x4D, 0x5F, 0x4D, 0x5F, 0x4D, 0x5F, 0x4D, 0x5F, 0x4D, 0x5F, 0x4D, 0x5F, 0x4D,
    0x5F, 0x4D, 0x5F, 0x4D, 0x5F, 0x4D, 0x5F, 0x4D, 0x5F, 0x4D, 0x5F, 0x4D, 0x5F, 0x4D, 0x5F, 0x4D,
    0x5F, 0x4D, 0x5F, 0x4D, 0x5F, 0x4D, 0x5F, 0x4D, 0x5F, 0x4D, 0x5F, 0x4D, 0x5F, 0x4D, 0x5F, 0x4D,
    0x5F, 0x4D, 0x5F, 0x4D, 0x5F, 0x4D, 0x5F, 0x4D, 0x5F, 0x4D, 0x5F, 0x4D, 0x5F, 0x4D, 0x5F, 0x4D,
    0x5F, 0x4D, 0x5F, 0x4D, 0x5F, 0x4D, 0x5F, 0x4D, 0x5F, 0x4D, 0x5F, 0x4D, 0x5F, 0x4D, 0x5F, 0x4D,
    0x5F, 0x4D, 0x5F, 0x4D, 0x5F, 0x4D, 0x5F, 0x4D, 0x5F, 0x4D, 0x5F, 0x4D, 0x5F, 0x4D, 0x5F, 0xFF,
    0x4D, 0x5F, 0x4D, 0x5F, 0x4D, 0x5F, 0x4D, 0x5F, 0x4D, 0x5F, 0x4D, 0x5F, 0x4D, 0x5F, 0x4D, 0x5F,
    0x4D, 0x5F, 0x4D, 0x5F, 0x4D, 0x5F, 0x4D, 0x5F, 0x4D, 0x5F, 0x4D, 0x5F, 0x4D, 0x5F, 0x4D, 0x5F,
    0x4D, 0x5F, 0x4D, 0x5F, 0x4D, 0x5F, 0x4D, 0x5F, 0x4D, 0x5F, 0x4D, 0x5F, 0x4D, 0x5F, 0x4D, 0x5F,
    0x4D, 0x5F, 0x4D, 0x5F, 0x4D, 0x5F, 0x4D, 0x5F, 0x4D, 0x5F, 0x4D, 0x5F, 0x4D, 0x5F, 0x4D, 0x5F,
    0x4D, 0x5F, 0x4D, 0x5F, 0x4D, 0x5F, 0x4D, 0x5F, 0x4D, 0x5F, 0x4D, 0x5F, 0x4D, 0x5F, 0x4D, 0x5F,
    0x4D, 0x5F, 0x4D, 0x5F, 0x4D, 0x5F, 0x4D, 0x5F, 0x4D, 0x5F, 0x4D, 0x5F, 0x4D, 0x5F, 0x4D, 0x5F,
    0x4D, 0x5F, 0x4D, 0x5F, 0x4D, 0x5F, 0x4D, 0x5F, 0x4D, 0x5F, 0x4D, 0x5F, 0x4D, 0x5F, 0x4D, 0x5F,
    0x4D, 0x5F, 0x4D, 0x5F, 0x4D, 0x5F, 0x4D, 0x5F, 0x4D, 0x5F, 0x4D, 0x5F, 0x4D, 0x5F, 0x4D, 0x5F,
    0xCD, 0x4D, 0x5F, 0x4D, 0x5F, 0x4D, 0x5F, 0x4D, 0x5F, 0x4D, 0x5F, 0x4D, 0x5F, 0x4D, 0x5F, 0x4D,
    0x5F, 0x4D, 0x5F, 0x4D, 0x5F, 0x4D, 0x5F, 0x4D, 0x5F, 0x4D, 0x5F, 0x4D, 0x5F, 0x4D, 0x5F, 0x4D,
    0x5F, 0x4D, 0x5F, 0x4D, 0x5F, 0x4D, 0x5F, 0x4D, 0x5F, 0x4D, 0x5F, 0x4D, 0x5F, 0x4D, 0x5F, 0x4D,
    0x5F, 0x4D, 0x5F, 0x4D, 0x5F, 0x4D, 0x5F, 0x4D, 0x5F, 0x4D, 0x5F, 0x4D, 0x5F, 0x4D, 0x5F, 0x4D,
    0x5F, 0x4D, 0x5F, 0x4D, 0x5F, 0x4D, 0x5F, 0x4D, 0x5F, 0x4D, 0x5F, 0x55, 0x9F, 0x33, 0x32, 0x07,
    0x00, 0xFF, 0x21, 0x10, 0x41, 0x63, 0x04, 0x31, 0xA3, 0x20, 0x63, 0xA1, 0xED, 0xE2, 0xD4, 0xFB,
    0x16, 0xFB, 0x16, 0xFB, 0x16, 0xFB, 0x16, 0xFB, 0x16, 0xFB, 0x16, 0xFB, 0x16, 0xFB, 0x36, 0xFB,
    0x36, 0xFB, 0x36, 0xFB, 0x36, 0xFB, 0x36, 0xFB, 0x36, 0xFB, 0x37, 0xFB, 0x37, 0xFB, 0x37, 0xFB,
    0x57, 0xFB, 0x57, 0xFB, 0x57, 0xFB, 0x57, 0xFB, 0x57, 0xFB, 0x57, 0xFB, 0x57, 0xFB, 0x57, 0xFB,
    0x57, 0xFB, 0x57, 0xFB, 0x57, 0xFB, 0x57, 0xFB, 0x57, 0xFB, 0x57, 0xFB, 0x57, 0xFB, 0x57, 0xFB,
    0x57, 0xFB, 0x57, 0xFB, 0x57, 0xFB, 0x57, 0xFB, 0x37, 0xFB, 0x37, 0xFB, 0x36, 0xFB, 0x36, 0xFB,
    0x36, 0xFB, 0x16, 0xFB, 0x16, 0xFB, 0x16, 0xE2, 0xD4, 0xBA, 0x50, 0x79, 0x8A, 0x20, 0x63, 0x1A,
    0x2C, 0x4D, 0x3F, 0x4D, 0x7F, 0x4D, 0x5F, 0x4D, 0x5F, 0x4D, 0x5F, 0x4D, 0x5F, 0x4D, 0x5F, 0x4D,
    0x5F, 0x4D, 0xFF, 0x5F, 0x4D, 0x5F, 0x4D, 0x5F, 0x4D, 0x5F, 0x4D, 0x5F, 0x4D, 0x5F, 0x4D, 0x5F,
    0x4D, 0x5F, 0x4D, 0x5F, 0x4D, 0x5F, 0x4D, 0x5F, 0x4D, 0x5F, 0x4D, 0x5F, 0x4D, 0x5F, 0x4D, 0x5F,
    0x4D, 0x5F, 0x4D, 0x5F, 0x4D, 0x5F, 0x4D, 0x5F, 0x4D, 0x5F, 0x4D, 0x5F, 0x4D, 0x5F, 0x4D, 0x5F,
    0x4D, 0x5F, 0x4D, 0x5F, 0x4D, 0x5F, 0x4D, 0x5F, 0x4D, 0x5F, 0x4D, 0x5F, 0x4D, 0x5F, 0x4D, 0x5F,
    0x4D, 0x5F, 0x4D, 0x5F, 0x4D, 0x5F, 0x4D, 0x5F, 0x4D, 0x5F, 0x4D, 0x5F, 0x4D, 0x5F, 0x4D, 0x5F,
    0x4D, 0x5F, 0x4D, 0x5F, 0x4D, 0x5F, 0x4D, 0x5F, 0x4D, 0x5F, 0x4D, 0x5F, 0x4D, 0x5F, 0x4D, 0x5F,
    0x4D, 0x5F, 0x4D, 0x5F, 0x4D, 0x5F, 0x4D, 0x5F, 0x4D, 0x5F, 0x4D, 0x5F, 0x4D, 0x5F, 0x4D, 0x5F,
    0x4D, 0x5F, 0x4D, 0x5F, 0x4D, 0x5F, 0x4D, 0x5F, 0x4D, 0x5F, 0x4D, 0x5F, 0x4D, 0x5F, 0x4D, 0x5F,
    0x4D, 0x5F, 0x4D, 0xFF, 0x5F, 0x4D, 0x5F, 0x4D, 0x5F, 0x4D, 0x5F, 0x4D, 0x5F, 0x4D, 0x5F, 0x4D,
    0x5F, 0x4D, 0x5F, 0x4D, 0x5F, 0x4D, 0x5F, 0x4D, 0x5F, 0x4D, 0x5F, 0x4D, 0x5F, 0x4D, 0x5F, 0x4D,
    0x5F, 0x4D, 0x5F, 0x4D, 0x5F, 0x4D, 0x5F, 0x4D, 0x5F, 0x4D, 0x5F, 0x4D, 0x5F, 0x4D, 0x5F, 0x4D,
    0x5F, 0x4D, 0x5F, 0x4D, 0x5F, 0x4D, 0x5F, 0x4D, 0x5F, 0x4D, 0x5F, 0x4D, 0x5F, 0x4D, 0x5F, 0x4D,
    0x5F, 0x4D, 0x5F, 0x4D, 0x5F, 0x4D, 0x5F, 0x4D, 0x5F, 0x4D, 0x5F, 0x4D, 0x5F, 0x4D, 0x5F, 0x4D,
    0x5F, 0x4D, 0x5F, 0x4D, 0x5F, 0x4D, 0x5F, 0x4D, 0x5F, 0x4D, 0x5F, 0x4D, 0x5F, 0x4D, 0x5F, 0x4D,
    0x5F, 0x4D, 0x5F, 0x4D, 0x5F, 0x4D, 0x5F, 0x4D, 0x5F, 0x4D, 0x5F, 0x4D, 0x5F, 0x4D, 0x5F, 0x4D,
    0x5F, 0x4D, 0x5F, 0x4D, 0x5F, 0x4D, 0x5F, 0x4D, 0x5F, 0x4D, 0x5F, 0x4D, 0x5F, 0x4D, 0x5F, 0x4D,
    0x5F, 0x4D, 0x5F, 0x4D, 0xD8, 0x5F, 0x4D, 0x5F, 0x4D, 0x5F, 0x4D, 0x5F, 0x4D, 0x5F, 0x4D, 0x5F,
    0x4D, 0x5F, 0x4D, 0x5F, 0x4D, 0x5F, 0x4D, 0x5F, 0x4D, 0x5F, 0x4D, 0x5F, 0x4D, 0x5F, 0x4D, 0x5F,
    0x4D, 0x5F, 0x4D, 0x5F, 0x4D, 0x5F, 0x4D, 0x5F, 0x4D, 0x5F, 0x4D, 0x5F, 0x4D, 0x5F, 0x4D, 0x5F,
    0x4D, 0x5F, 0x4D, 0x5F, 0x4D, 0x5F, 0x4D, 0x5F, 0x4D, 0x5F, 0x4D, 0x5F, 0x4D, 0x5F, 0x4D, 0x5F,
    0x4D, 0x5F, 0x4D, 0x5F, 0x4D, 0x5F, 0x4D, 0x5F, 0x4D, 0x5F, 0x4D, 0x5F, 0x4D, 0x5F, 0x4D, 0x5F,
    0x4D, 0x5F, 0x4D, 0x5F, 0x4D, 0x5F, 0x4D, 0x5F, 0x4D, 0x5F, 0x55, 0x9F, 0x22, 0xD0, 0x0B, 0x00,
    0xFF, 0x21, 0x08, 0x83, 0xD2, 0xB3, 0xFB, 0x78, 0xFB, 0x36, 0xFB, 0x36, 0xFB, 0x36, 0xFB, 0x36,
    0xFB, 0x36, 0xFB, 0x36, 0xFB, 0x36, 0xFB, 0x36, 0xFB, 0x36, 0xFB, 0x36, 0xFB, 0x36, 0xFB, 0x36,
    0xFB, 0x36, 0xFB, 0x36, 0xFB, 0x36, 0xFB, 0x36, 0xFB, 0x16, 0xFB, 0x16, 0xFB, 0x16, 0xFB, 0x16,
    0xFB, 0x16, 0xFB, 0x16, 0xFB, 0x16, 0xFB, 0x16, 0xFB, 0x16, 0xFB, 0x16, 0xFB, 0x16, 0xFB, 0x16,
    0xFB, 0x16, 0xFB, 0x16, 0xFB, 0x16, 0xFB, 0x16, 0xFB, 0x16, 0xFB, 0x16, 0xFB, 0x16, 0xFB, 0x16,
    0xFB, 0x16, 0xFB, 0x16, 0xFB, 0x36, 0xFB, 0x36, 0xFB, 0x36, 0xFB, 0x36, 0xFB, 0x36, 0xFB, 0x36,
    0xFB, 0x36, 0xFB, 0x36, 0xFB, 0x57, 0xFB, 0x78, 0xFB, 0x16, 0x48, 0xE6, 0x11, 0xAA, 0x4D, 0x9F,
    0x4D, 0x5F, 0x4D, 0x5F, 0x4D, 0x5F, 0x4D, 0x5F, 0x4D, 0x5F, 0x4D, 0x5F, 0x4D, 0x5F, 0x4D, 0x5F,
    0x4D, 0xFF, 0x5F, 0x4D, 0x5F, 0x4D, 0x5F, 0x4D, 0x5F, 0x4D, 0x5F, 0x4D, 0x5F, 0x4D, 0x5F, 0x4D,
    0x5F, 0x4D, 0x5F, 0x4D, 0x5F, 0x4D, 0x5F, 0x4D, 0x5F, 0x4D, 0x5F, 0x4D, 0x5F, 0x4D, 0x5F, 0x4D,
    0x5F, 0x4D, 0x5F, 0x4D, 0x5F, 0x4D, 0x5F, 0x4D, 0x5F, 0x4D, 0x5F, 0x4D, 0x5F, 0x4D, 0x5F, 0x4D,
    0x5F, 0x4D, 0x5F, 0x4D, 0x5F, 0x4D, 0x5F, 0x4D, 0x5F, 0x4D, 0x5F, 0x4D, 0x5F, 0x4D, 0x5F, 0x4D,
    0x5F, 0x4D, 0x5F, 0x4D, 0x5F, 0x4D, 0x5F, 0x4D, 0x5F, 0x4D, 0x5F, 0x4D, 0x5F, 0x4D, 0x5F, 0x4D,
    0x5F, 0x4D, 0x5F, 0x4D, 0x5F, 0x4D, 0x5F, 0x4D, 0x5F, 0x4D, 0x5F, 0x4D, 0x5F, 0x4D, 0x5F, 0x4D,
    0x5F, 0x4D, 0x5F, 0x4D, 0x5F, 0x4D, 0x5F, 0x4D, 0x5F, 0x4D, 0x5F, 0x4D, 0x5F, 0x4D, 0x5F, 0x4D,
    0x5F, 0x4D, 0x5F, 0x4D, 0x5F, 0x4D, 0x5F, 0x4D, 0x5F, 0x4D, 0x5F, 0x4D, 0x5F, 0x4D, 0x5F, 0x4D,
    0x5F, 0x4D, 0xFF, 0x5F, 0x4D, 0x5F, 0x4D, 0x5F, 0x4D, 0x5F, 0x4D, 0x5F, 0x4D, 0x5F, 0x4D, 0x5F,
    0x4D, 0x5F, 0x4D, 0x5F, 0x4D, 0x5F, 0x4D, 0x5F, 0x4D, 0x5F, 0x4D, 0x5F, 0x4D, 0x5F, 0x4D, 0x5F,
    0x4D, 0x5F, 0x4D, 0x5F, 0x4D, 0x5F, 0x4D, 0x5F, 0x4D, 0x5F, 0x4D, 0x5F, 0x4D, 0x5F, 0x4D, 0x5F,
    0x4D, 0x5F, 0x4D, 0x5F, 0x4D, 0x5F, 0x4D, 0x5F, 0x4D, 0x5F, 0x4D, 0x5F, 0x4D, 0x5F, 0x4D, 0x5F,
    0x4D, 0x5F, 0x4D, 0x5F, 0x4D, 0x5F, 0x4D, 0x5F, 0x4D, 0x5F, 0x4D, 0x5F, 0x4D, 0x5F, 0x4D, 0x5F,
    0x4D, 0x5F, 0x4D, 0x5F, 0x4D, 0x5F, 0x4D, 0x5F, 0x4D, 0x5F, 0x4D, 0x5F, 0x4D, 0x5F, 0x4D, 0x5F,
    0x4D, 0x5F, 0x4D, 0x5F, 0x4D, 0x5F, 0x4D, 0x5F, 0x4D, 0x5F, 0x4D, 0x5F, 0x4D, 0x5F, 0x4D, 0x5F,
    0x4D, 0x5F, 0x4D, 0x5F, 0x4D, 0x5F, 0x4D, 0x5F, 0x4D, 0x5F, 0x4D, 0x5F, 0x4D, 0x5F, 0x4D, 0x5F,
    0x4D, 0x5F, 0x4D, 0xD4, 0x5F, 0x4D, 0x5F, 0x4D, 0x5F, 0x4D, 0x5F, 0x4D, 0x5F, 0x4D, 0x5F, 0x4D,
    0x5F, 0x4D, 0x5F, 0x4D, 0x5F, 0x4D, 0x5F, 0x4D, 0x5F, 0x4D, 0x5F, 0x4D, 0x5F, 0x4D, 0x5F, 0x4D,
    0x5F, 0x4D, 0x5F, 0x4D, 0x5F, 0x4D, 0x5F, 0x4D, 0x5F, 0x4D, 0x5F, 0x4D, 0x5F, 0x4D, 0x5F, 0x4D,
    0x5F, 0x4D, 0x5F, 0x4D, 0x5F, 0x4D, 0x5F, 0x4D, 0x5F, 0x4D, 0x5F, 0x4D, 0x5F, 0x4D, 0x5F, 0x4D,
    0x5F, 0x4D, 0x5F, 0x4D, 0x5F, 0x4D, 0x5F, 0x4D, 0x5F, 0x4D, 0x5F, 0x4D, 0x5F, 0x4D, 0x5F, 0x4D,
    0x5F, 0x4D, 0x5F, 0x4D, 0x5F, 0x4D, 0x9F, 0x22, 0x6E, 0x0C, 0x00, 0xFF, 0xA1, 0xED, 0xFB, 0x37,
    0xFB, 0x16, 0xFB, 0x16, 0xFB, 0x36, 0xFB, 0x36, 0xFB, 0x36, 0xFB, 0x36, 0xFB, 0x36, 0xFB, 0x36,
    0xFB, 0x36, 0xFB, 0x36, 0xFB, 0x36, 0xFB, 0x36, 0xFB, 0x36, 0xFB, 0x36, 0xFB, 0x36, 0xFB, 0x36,
    0xFB, 0x36, 0xFB, 0x36, 0xFB, 0x36, 0xFB, 0x36, 0xFB, 0x36, 0xFB, 0x36, 0xFB, 0x36, 0xFB, 0x36,
    0xFB, 0x36, 0xFB, 0x36, 0xFB, 0x36, 0xFB, 0x36, 0xFB, 0x36, 0xFB, 0x36, 0xFB, 0x36, 0xFB, 0x36,
    0xFB, 0x36, 0xFB, 0x36, 0xFB, 0x36, 0xFB, 0x36, 0xFB, 0x36, 0xFB, 0x36, 0xFB, 0x36, 0xFB, 0x36,
    0xFB, 0x36, 0xFB, 0x36, 0xFB, 0x36, 0xFB, 0x36, 0xFB, 0x36, 0xFB, 0x36, 0xFB, 0x36, 0xFB, 0x16,
    0xFB, 0x16, 0xFB, 0x37, 0xFB, 0x36, 0x20, 0x63, 0x3B, 0xB5, 0x55, 0x9F, 0x4D, 0x5F, 0x4D, 0x5F,
    0x4D, 0x5F, 0x4D, 0x5F, 0x4D, 0x5F, 0x4D, 0x5F, 0x4D, 0x5F, 0x4D, 0x5F, 0xFF, 0x4D, 0x5F, 0x4D,
    0x5F, 0x4D, 0x5F, 0x4D, 0x5F, 0x4D, 0x5F, 0x4D, 0x5F, 0x4D, 0x5F, 0x4D, 0x5F, 0x4D, 0x5F, 0x4D,
    0x5F, 0x4D, 0x5F, 0x4D, 0x5F, 0x4D, 0x5F, 0x4D, 0x5F, 0x4D, 0x5F, 0x4D, 0x5F, 0x4D, 0x5F, 0x4D,
    0x5F, 0x4D, 0x5F, 0x4D, 0x5F, 0x4D, 0x5F, 0x4D, 0x5F, 0x4D, 0x5F, 0x4D, 0x5F, 0x4D, 0x5F, 0x4D,
    0x5F, 0x4D, 0x5F, 0x4D, 0x5F, 0x4D, 0x5F, 0x4D, 0x5F, 0x4D, 0x5F, 0x4D, 0x5F, 0x4D, 0x5F, 0x4D,
    0x5F, 0x4D, 0x5F, 0x4D, 0x5F, 0x4D, 0x5F, 0x4D, 0x5F, 0x4D, 0x5F, 0x4D, 0x5F, 0x4D, 0x5F, 0x4D,
    0x5F, 0x4D, 0x5F, 0x4D, 0x5F, 0x4D, 0x5F, 0x4D, 0x5F, 0x4D, 0x5F, 0x4D, 0x5F, 0x4D, 0x5F, 0x4D,
    0x5F, 0x4D, 0x5F, 0x4D, 0x5F, 0x4D, 0x5F, 0x4D, 0x5F, 0x4D, 0x5F, 0x4D, 0x5F, 0x4D, 0x5F, 0x4D,
    0x5F, 0x4D, 0x5F, 0x4D, 0x5F, 0x4D, 0x5F, 0x4D, 0x5F, 0x4D, 0x5F, 0x4D, 0x5F, 0xFF, 0x4D, 0x5F,
    0x4D, 0x5F, 0x4D, 0x5F, 0x4D, 0x5F, 0x4D, 0x5F, 0x4D, 0x5F, 0x4D, 0x5F, 0x4D, 0x5F, 0x4D, 0x5F,
    0x4D, 0x5F, 0x4D, 0x5F, 0x4D, 0x5F, 0x4D, 0x5F, 0x4D, 0x5F, 0x4D, 0x5F, 0x4D, 0x5F, 0x4D, 0x5F,
    0x4D, 0x5F, 0x4D, 0x5F, 0x4D, 0x5F, 0x4D, 0x5F, 0x4D, 0x5F, 0x4D, 0x5F, 0x4D, 0x5F, 0x4D, 0x5F,
    0x4D, 0x5F, 0x4D, 0x5F, 0x4D, 0x5F, 0x4D, 0x5F, 0x4D, 0x5F, 0x4D, 0x5F, 0x4D, 0x5F, 0x4D, 0x5F,
    0x4D, 0x5F, 0x4D, 0x5F, 0x4D, 0x5F, 0x4D, 0x5F, 0x4D, 0x5F, 0x4D, 0x5F, 0x4D, 0x5F, 0x4D, 0x5F,
    0x4D, 0x5F, 0x4D, 0x5F, 0x4D, 0x5F, 0x4D, 0x5F, 0x4D, 0x5F, 0x4D, 0x5F, 0x4D, 0x5F, 0x4D, 0x5F,
    0x4D, 0x5F, 0x4D, 0x5F, 0x4D, 0x5F, 0x4D, 0x5F, 0x4D, 0x5F, 0x4D, 0x5F, 0x4D, 0x5F, 0x4D, 0x5F,
    0x4D, 0x5F, 0x4D, 0x5F, 0x4D, 0x5F, 0x4D, 0x5F, 0x4D, 0x5F, 0x4D, 0x5F, 0x4D, 0x5F, 0xD3, 0x4D,
    0x5F, 0x4D, 0x5F, 0x4D, 0x5F, 0x4D, 0x5F, 0x4D, 0x5F, 0x4D, 0x5F, 0x4D, 0x5F, 0x4D, 0x5F, 0x4D,
    0x5F, 0x4D, 0x5F, 0x4D, 0x5F, 0x4D, 0x5F, 0x4D, 0x5F, 0x4D, 0x5F, 0x4D, 0x5F, 0x4D, 0x5F, 0x4D,
    0x5F, 0x4D, 0x5F, 0x4D, 0x5F, 0x4D, 0x5F, 0x4D, 0x5F, 0x4D, 0x5F, 0x4D, 0x5F, 0x4D, 0x5F, 0x4D,
    0x5F, 0x4D, 0x5F, 0x4D, 0x5F, 0x4D, 0x5F, 0x4D, 0x5F, 0x4D, 0x5F, 0x4D, 0x5F, 0x4D, 0x5F, 0x4D,
    0x5F, 0x4D, 0x5F, 0x4D, 0x5F, 0x4D, 0x5F, 0x4D, 0x5F, 0x4D, 0x5F, 0x4D, 0x5F, 0x4D, 0x5F, 0x4D,
    0x9F, 0x22, 0x6E, 0x0A, 0x00, 0xFF, 0x10, 0x41, 0xE2, 0xD4, 0xFB, 0x37, 0xFB, 0x16, 0xFB, 0x36,
    0xFB, 0x36, 0xFB, 0x36, 0xFB, 0x36, 0xFB, 0x36, 0xFB, 0x36, 0xFB, 0x36, 0xFB, 0x36, 0xFB, 0x36,
    0xFB, 0x36, 0xFB, 0x36, 0xFB, 0x36, 0xFB, 0x36, 0xFB, 0x36, 0xFB, 0x36, 0xFB, 0x36, 0xFB, 0x36,
    0xFB, 0x36, 0xFB, 0x36, 0xFB, 0x36, 0xFB, 0x36, 0xFB, 0x36, 0xFB, 0x36, 0xFB, 0x36, 0xFB, 0x36,
    0xFB, 0x36, 0xFB, 0x36, 0xFB, 0x36, 0xFB, 0x36, 0xFB, 0x36, 0xFB, 0x36, 0xFB, 0x36, 0xFB, 0x36,
    0xFB, 0x36, 0xFB, 0x36, 0xFB, 0x36, 0xFB, 0x36, 0xFB, 0x36, 0xFB, 0x36, 0xFB, 0x36, 0xFB, 0x36,
    0xFB, 0x36, 0xFB, 0x36, 0xFB, 0x36, 0xFB, 0x36, 0xFB, 0x36, 0xFB, 0x36, 0xFB, 0x36, 0xFB, 0x16,
    0xFB, 0x78, 0x89, 0xCC, 0x11, 0xAA, 0x4D, 0x9F, 0x4D, 0x5F, 0x4D, 0x5F, 0x4D, 0x5F, 0x4D, 0x5F,
    0x4D, 0x5F, 0x4D, 0x5F, 0x4D, 0x5F, 0xFF, 0x4D, 0x5F, 0x4D, 0x5F, 0x4D, 0x5F, 0x4D, 0x5F, 0x4D,
    0x5F, 0x4D, 0x5F, 0x4D, 0x5F, 0x4D, 0x5F, 0x4D, 0x5F, 0x4D, 0x5F, 0x4D, 0x5F, 0x4D, 0x5F, 0x4D,
    0x5F, 0x4D, 0x5F, 0x4D, 0x5F, 0x4D, 0x5F, 0x4D, 0x5F, 0x4D, 0x5F, 0x4D, 0x5F, 0x4D, 0x5F, 0x4D,
    0x5F, 0x4D, 0x5F, 0x4D, 0x5F, 0x4D, 0x5F, 0x4D, 0x5F, 0x4D, 0x5F, 0x4D, 0x5F, 0x4D, 0x5F, 0x4D,
    0x5F, 0x4D, 0x5F, 0x4D, 0x5F, 0x4D, 0x5F, 0x4D, 0x5F, 0x4D, 0x5F, 0x4D, 0x5F, 0x4D, 0x5F, 0x4D,
    0x5F, 0x4D, 0x5F, 0x4D, 0x5F, 0x4D, 0x5F, 0x4D, 0x5F, 0x4D, 0x5F, 0x4D, 0x5F, 0x4D, 0x5F, 0x4D,
    0x5F, 0x4D, 0x5F, 0x4D, 0x5F, 0x4D, 0x5F, 0x4D, 0x5F, 0x4D, 0x5F, 0x4D, 0x5F, 0x4D, 0x5F, 0x4D,
    0x5F, 0x4D, 0x5F, 0x4D, 0x5F, 0x4D, 0x5F, 0x4D, 0x5F, 0x4D, 0x5F, 0x4D, 0x5F, 0x4D, 0x5F, 0x4D,
    0x5F, 0x4D, 0x5F, 0x4D, 0x5F, 0x4D, 0x5F, 0xFF, 0x4D, 0x5F, 0x4D, 0x5F, 0x4D, 0x5F, 0x4D, 0x5F,
    0x4D, 0x5F, 0x4D, 0x5F, 0x4D, 0x5F, 0x4D, 0x5F, 0x4D, 0x5F, 0x4D, 0x5F, 0x4D, 0x5F, 0x4D, 0x5F,
    0x4D, 0x5F, 0x4D, 0x5F, 0x4D, 0x5F, 0x4D, 0x5F, 0x4D, 0x5F, 0x4D, 0x5F, 0x4D, 0x5F, 0x4D, 0x5F,
    0x4D, 0x5F, 0x4D, 0x5F, 0x4D, 0x5F, 0x4D, 0x5F, 0x4D, 0x5F, 0x4D, 0x5F, 0x4D, 0x5F, 0x4D, 0x5F,
    0x4D, 0x5F, 0x4D, 0x5F, 0x4D, 0x5F, 0x4D, 0x5F, 0x4D, 0x5F, 0x4D, 0x5F, 0x4D, 0x5F, 0x4D, 0x5F,
    0x4D, 0x5F, 0x4D, 0x5F, 0x4D, 0x5F, 0x4D, 0x5F, 0x4D, 0x5F, 0x4D, 0x5F, 0x4D, 0x5F, 0x4D, 0x5F,
    0x4D, 0x5F, 0x4D, 0x5F, 0x4D, 0x5F, 0x4D, 0x5F, 0x4D, 0x5F, 0x4D, 0x5F, 0x4D, 0x5F, 0x4D, 0x5F,
    0x4D, 0x5F, 0x4D, 0x5F, 0x4D, 0x5F, 0x4D, 0x5F, 0x4D, 0x5F, 0x4D, 0x5F, 0x4D, 0x5F, 0x4D, 0x5F,
    0x4D, 0x5F, 0x4D, 0x5F, 0x4D, 0x5F, 0x4D, 0x5F, 0xD5, 0x4D, 0x5F, 0x4D, 0x5F, 0x4D, 0x5F, 0x4D,
    0x5F, 0x4D, 0x5F, 0x4D, 0x5F, 0x4D, 0x5F, 0x4D, 0x5F, 0x4D, 0x5F, 0x4D, 0x5F, 0x4D, 0x5F, 0x4D,
    0x5F, 0x4D, 0x5F, 0x4D, 0x5F, 0x4D, 0x5F, 0x4D, 0x5F, 0x4D, 0x5F, 0x4D, 0x5F, 0x4D, 0x5F, 0x4D,
    0x5F, 0x4D, 0x5F, 0x4D, 0x5F, 0x4D, 0x5F, 0x4D, 0x5F, 0x4D, 0x5F, 0x4D, 0x5F, 0x4D, 0x5F, 0x4D,
    0x5F, 0x4D, 0x5F, 0x4D, 0x5F, 0x4D, 0x5F, 0x4D, 0x5F, 0x4D, 0x5F, 0x4D, 0x5F, 0x4D, 0x5F, 0x4D,
    0x5F, 0x4D, 0x5F, 0x4D, 0x5F, 0x4D, 0x5F, 0x4D, 0x5F, 0x4D, 0x5F, 0x4D, 0x9F, 0x22, 0x6E, 0x0A,
    0x00, 0xFF, 0x30, 0xA5, 0xFB, 0x16, 0xFB, 0x36, 0xFB, 0x36, 0xFB, 0x36, 0xFB, 0x36, 0xFB, 0x36,
    0xFB, 0x36, 0xFB, 0x36, 0xFB, 0x36, 0xFB, 0x36, 0xFB, 0x36, 0xFB, 0x36, 0xFB, 0x36, 0xFB, 0x36,
    0xFB, 0x36, 0xFB, 0x36, 0xFB, 0x36, 0xFB, 0x36, 0xFB, 0x36, 0xFB, 0x36, 0xFB, 0x36, 0xFB, 0x36,
    0xFB, 0x36, 0xFB, 0x36, 0xFB, 0x36, 0xFB, 0x36, 0xFB, 0x36, 0xFB, 0x36, 0xFB, 0x36, 0xFB, 0x36,
    0xFB, 0x36, 0xFB, 0x36, 0xFB, 0x36, 0xFB, 0x36, 0xFB, 0x36, 0xFB, 0x36, 0xFB, 0x36, 0xFB, 0x36,
    0xFB, 0x36, 0xFB, 0x36, 0xFB, 0x36, 0xFB, 0x36, 0xFB, 0x36, 0xFB, 0x36, 0xFB, 0x36, 0xFB, 0x36,
    0xFB, 0x36, 0xFB, 0x36, 0xFB, 0x36, 0xFB, 0x36, 0xFB, 0x36, 0xFB, 0x16, 0xFB, 0x57, 0xBA, 0x0F,
    0x11, 0x68, 0x4D, 0x9F, 0x4D, 0x5F, 0x4D, 0x5F, 0x4D, 0x5F, 0x4D, 0x5F, 0x4D, 0x5F, 0x4D, 0x5F,
    0x4D, 0x5F, 0xFF, 0x4D, 0x5F, 0x4D, 0x5F, 0x4D, 0x5F, 0x4D, 0x5F, 0x4D, 0x5F, 0x4D, 0x5F, 0x4D,
    0x5F, 0x4D, 0x5F, 0x4D, 0x5F, 0x4D, 0x5F, 0x4D, 0x5F, 0x4D, 0x5F, 0x4D, 0x5F, 0x4D, 0x5F, 0x4D,
    0x5F, 0x4D, 0x5F, 0x4D, 0x5F, 0x4D, 0x5F, 0x4D, 0x5F, 0x4D, 0x5F, 0x4D, 0x5F, 0x4D, 0x5F, 0x4D,
    0x5F, 0x4D, 0x5F, 0x4D, 0x5F, 0x4D, 0x5F, 0x4D, 0x5F, 0x4D, 0x5F, 0x4D, 0x5F, 0x4D, 0x5F, 0x4D,
    0x5F, 0x4D, 0x5F, 0x4D, 0x5F, 0x4D, 0x5F, 0x4D, 0x5F, 0x4D, 0x5F, 0x4D, 0x5F, 0x4D, 0x5F, 0x4D,
    0x5F, 0x4D, 0x5F, 0x4D, 0x5F, 0x4D, 0x5F, 0x4D, 0x5F, 0x4D, 0x5F, 0x4D, 0x5F, 0x4D, 0x5F, 0x4D,
    0x5F, 0x4D, 0x5F, 0x4D, 0x5F, 0x4D, 0x5F, 0x4D, 0x5F, 0x4D, 0x5F, 0x4D, 0x5F, 0x4D, 0x5F, 0x4D,
    0x5F, 0x4D, 0x5F, 0x4D, 0x5F, 0x4D, 0x5F, 0x4D, 0x5F, 0x4D, 0x5F, 0x4D, 0x5F, 0x4D, 0x5F, 0x4D,
    0x5F, 0x4D, 0x5F, 0xFF, 0x4D, 0x5F, 0x4D, 0x5F, 0x4D, 0x5F, 0x4D, 0x5F, 0x4D, 0x5F, 0x4D, 0x5F,
    0x4D, 0x5F, 0x4D, 0x5F, 0x4D, 0x5F, 0x4D, 0x5F, 0x4D, 0x5F, 0x4D, 0x5F, 0x4D, 0x5F, 0x4D, 0x5F,
    0x4D, 0x5F, 0x4D, 0x5F, 0x4D, 0x5F, 0x4D, 0x5F, 0x4D, 0x5F, 0x4D, 0x5F, 0x4D, 0x5F, 0x4D, 0x5F,
    0x4D, 0x5F, 0x4D, 0x5F, 0x4D, 0x5F, 0x4D, 0x5F, 0x4D, 0x5F, 0x4D, 0x5F, 0x4D, 0x5F, 0x4D, 0x5F,
    0x4D, 0x5F, 0x4D, 0x5F, 0x4D, 0x5F, 0x4D, 0x5F, 0x4D, 0x5F, 0x4D, 0x5F, 0x4D, 0x5F, 0x4D, 0x5F,
    0x4D, 0x5F, 0x4D, 0x5F, 0x4D, 0x5F, 0x4D, 0x5F, 0x4D, 0x5F, 0x4D, 0x5F, 0x4D, 0x5F, 0x4D, 0x5F,
    0x4D, 0x5F, 0x4D, 0x5F, 0x4D, 0x5F, 0x4D, 0x5F, 0x4D, 0x5F, 0x4D, 0x5F, 0x4D, 0x5F, 0x4D, 0x5F,
    0x4D, 0x5F, 0x4D, 0x5F, 0x4D, 0x5F, 0x4D, 0x5F, 0x4D, 0x5F, 0x4D, 0x5F, 0x4D, 0x5F, 0x4D, 0x5F,
    0x4D, 0x5F, 0x4D, 0x5F, 0xD5, 0x4D, 0x5F, 0x4D, 0x5F, 0x4D, 0x5F, 0x4D, 0x5F, 0x4D, 0x5F, 0x4D,
    0x5F, 0x4D, 0x5F, 0x4D, 0x5F, 0x4D, 0x5F, 0x4D, 0x5F, 0x4D, 0x5F, 0x4D, 0x5F, 0x4D, 0x5F, 0x4D,
    0x5F, 0x4D, 0x5F, 0x4D, 0x5F, 0x4D, 0x5F, 0x4D, 0x5F, 0x4D, 0x5F, 0x4D, 0x5F, 0x4D, 0x5F, 0x4D,
    0x5F, 0x4D, 0x5F, 0x4D, 0x5F, 0x4D, 0x5F, 0x4D, 0x5F, 0x4D, 0x5F, 0x4D, 0x5F, 0x4D, 0x5F, 0x4D,
    0x5F, 0x4D, 0x5F, 0x4D, 0x5F, 0x4D, 0x5F, 0x4D, 0x5F, 0x4D, 0x5F, 0x4D, 0x5F, 0x4D, 0x5F, 0x4D,
    0x5F, 0x4D, 0x5F, 0x4D, 0x5F, 0x4D, 0x5F, 0x4D, 0x9F, 0x1A, 0x2C, 0x0A, 0x00, 0xFF, 0x48, 0xE6,
    0xFB, 0x37, 0xFB, 0x36, 0xFB, 0x36, 0xFB, 0x36, 0xFB, 0x36, 0xFB, 0x36, 0xFB, 0x36, 0xFB, 0x36,
    0xFB, 0x36, 0xFB, 0x36, 0xFB, 0x36, 0xFB, 0x36, 0xFB, 0x36, 0xFB, 0x36, 0xFB, 0x36, 0xFB, 0x36,
    0xFB, 0x36, 0xFB, 0x36, 0xFB, 0x36, 0xFB, 0x36, 0xFB, 0x36, 0xFB, 0x36, 0xFB, 0x36, 0xFB, 0x36,
    0xFB, 0x36, 0xFB, 0x36, 0xFB, 0x36, 0xFB, 0x36, 0xFB, 0x36, 0xFB, 0x36, 0xFB, 0x36, 0xFB, 0x36,
    0xFB, 0x36, 0xFB, 0x36, 0xFB, 0x36, 0xFB, 0x36, 0xFB, 0x36, 0xFB, 0x36, 0xFB, 0x36, 0xFB, 0x36,
    0xFB, 0x36, 0xFB, 0x36, 0xFB, 0x36, 0xFB, 0x36, 0xFB, 0x36, 0xFB, 0x36, 0xFB, 0x36, 0xFB, 0x36,
    0xFB, 0x36, 0xFB, 0x36, 0xFB, 0x36, 0xFB, 0x16, 0xFB, 0x57, 0xBA, 0x0F, 0x11, 0x68, 0x4D, 0x7F,
    0x4D, 0x5F, 0x4D, 0x5F, 0x4D, 0x5F, 0x4D, 0x5F, 0x4D, 0x5F, 0x4D, 0x5F, 0x4D, 0x5F, 0xFF, 0x4D,
    0x5F, 0x4D, 0x5F, 0x4D, 0x5F, 0x4D, 0x5F, 0x4D, 0x5F, 0x4D, 0x5F, 0x4D, 0x5F, 0x4D, 0x5F, 0x4D,
    0x5F, 0x4D, 0x5F, 0x4D, 0x5F, 0x4D, 0x5F, 0x4D, 0x5F, 0x4D, 0x5F, 0x4D, 0x5F, 0x4D, 0x5F, 0x4D,
    0x5F, 0x4D, 0x5F, 0x4D, 0x5F, 0x4D, 0x5F, 0x4D, 0x5F, 0x4D, 0x5F, 0x4D, 0x5F, 0x4D, 0x5F, 0x4D,
    0x5F, 0x4D, 0x5F, 0x4D, 0x5F, 0x4D, 0x5F, 0x4D, 0x5F, 0x4D, 0x5F, 0x4D, 0x5F, 0x4D, 0x5F, 0x4D,
    0x5F, 0x4D, 0x5F, 0x4D, 0x5F, 0x4D, 0x5F, 0x4D, 0x5F, 0x4D, 0x5F, 0x4D, 0x5F, 0x4D, 0x5F, 0x4D,
    0x5F, 0x4D, 0x5F, 0x4D, 0x5F, 0x4D, 0x5F, 0x4D, 0x5F, 0x4D, 0x5F, 0x4D, 0x5F, 0x4D, 0x5F, 0x4D,
    0x5F, 0x4D, 0x5F, 0x4D, 0x5F, 0x4D, 0x5F, 0x4D, 0x5F, 0x4D, 0x5F, 0x4D, 0x5F, 0x4D, 0x5F, 0x4D,
    0x5F, 0x4D, 0x5F, 0x4D, 0x5F, 0x4D, 0x5F, 0x4D, 0x5F, 0x4D, 0x5F, 0x4D, 0x5F, 0x4D, 0x5F, 0xFF,
    0x4D, 0x5F, 0x4D, 0x5F, 0x4D, 0x5F, 0x4D, 0x5F, 0x4D, 0x5F, 0x4D, 0x5F, 0x4D, 0x5F, 0x4D, 0x5F,
    0x4D, 0x5F, 0x4D, 0x5F, 0x4D, 0x5F, 0x4D, 0x5F, 0x4D, 0x5F, 0x4D, 0x5F, 0x4D, 0x5F, 0x4D, 0x5F,
    0x4D, 0x5F, 0x4D, 0x5F, 0x4D, 0x5F, 0x4D, 0x5F, 0x4D, 0x5F, 0x4D, 0x5F, 0x4D, 0x5F, 0x4D, 0x5F,
    0x4D, 0x5F, 0x4D, 0x5F, 0x4D, 0x5F, 0x4D, 0x5F, 0x4D, 0x5F, 0x4D, 0x5F, 0x4D, 0x5F, 0x4D, 0x5F,
    0x4D, 0x5F, 0x4D, 0x5F, 0x4D, 0x5F, 0x4D, 0x5F, 0x4D, 0x5F, 0x4D, 0x5F, 0x4D, 0x5F, 0x4D, 0x5F,
    0x4D, 0x5F, 0x4D, 0x5F, 0x4D, 0x5F, 0x4D, 0x5F, 0x4D, 0x5F, 0x4D, 0x5F, 0x4D, 0x5F, 0x4D, 0x5F,
    0x4D, 0x5F, 0x4D, 0x5F, 0x4D, 0x5F, 0x4D, 0x5F, 0x4D, 0x5F, 0x4D, 0x5F, 0x4D, 0x5F, 0x4D, 0x5F,
    0x4D, 0x5F, 0x4D, 0x5F, 0x4D, 0x5F, 0x4D, 0x5F, 0x4D, 0x5F, 0x4D, 0x5F, 0x4D, 0x5F, 0x4D, 0x5F,
    0xD5, 0x4D, 0x5F, 0x4D, 0x5F, 0x4D, 0x5F, 0x4D, 0x5F, 0x4D, 0x5F, 0x4D, 0x5F, 0x4D, 0x5F, 0x4D,
    0x5F, 0x4D, 0x5F, 0x4D, 0x5F, 0x4D, 0x5F, 0x4D, 0x5F, 0x4D, 0x5F, 0x4D, 0x5F, 0x4D, 0x5F, 0x4D,
    0x5F, 0x4D, 0x5F, 0x4D, 0x5F, 0x4D, 0x5F, 0x4D, 0x5F, 0x4D, 0x5F, 0x4D, 0x5F, 0x4D, 0x5F, 0x4D,
    0x5F, 0x4D, 0x5F, 0x4D, 0x5F, 0x4D, 0x5F, 0x4D, 0x5F, 0x4D, 0x5F, 0x4D, 0x5F, 0x4D, 0x5F, 0x4D,
    0x5F, 0x4D, 0x5F, 0x4D, 0x5F, 0x4D, 0x5F, 0x4D, 0x5F, 0x4D, 0x5F, 0x4D, 0x5F, 0x4D, 0x5F, 0x4D,
    0x5F, 0x4D, 0x5F, 0x4D, 0x7F, 0x1A, 0x2C, 0x0A, 0x00, 0xFF, 0x48, 0xE6, 0xFB, 0x37, 0xFB, 0x16,
    0xFB, 0x36, 0xFB, 0x36, 0xFB, 0x36, 0xFB, 0x36, 0xFB, 0x36, 0xFB, 0x36, 0xFB, 0x36, 0xFB, 0x36,
    0xFB, 0x36, 0xFB, 0x36, 0xFB, 0x36, 0xFB, 0x36, 0xFB, 0x36, 0xFB, 0x36, 0xFB, 0x36, 0xFB, 0x36,
    0xFB, 0x36, 0xFB, 0x36, 0xFB, 0x36, 0xFB, 0x36, 0xFB, 0x36, 0xFB, 0x36, 0xFB, 0x36, 0xFB, 0x36,
    0xFB, 0x36, 0xFB, 0x36, 0xFB, 0x36, 0xFB, 0x36, 0xFB, 0x36, 0xFB, 0x36, 0xFB, 0x36, 0xFB, 0x36,
    0xFB, 0x36, 0xFB, 0x36, 0xFB, 0x36, 0xFB, 0x36, 0xFB, 0x36, 0xFB, 0x36, 0xFB, 0x36, 0xFB, 0x36,
    0xFB, 0x36, 0xFB, 0x36, 0xFB, 0x36, 0xFB, 0x36, 0xFB, 0x36, 0xFB, 0x36, 0xFB, 0x36, 0xFB, 0x36,
    0xFB, 0x36, 0xFB, 0x16, 0xFB, 0x57, 0xBA, 0x0F, 0x11, 0x68, 0x4D, 0x7F, 0x4D, 0x5F, 0x4D, 0x5F,
    0x4D, 0x5F, 0x4D, 0x5F, 0x4D, 0x5F, 0x4D, 0x5F, 0x4D, 0x5F, 0xFF, 0x4D, 0x5F, 0x4D, 0x5F, 0x4D,
    0x5F, 0x4D, 0x5F, 0x4D, 0x5F, 0x4D, 0x5F, 0x4D, 0x5F, 0x4D, 0x5F, 0x4D, 0x5F, 0x4D, 0x5F, 0x4D,
    0x5F, 0x4D, 0x5F, 0x4D, 0x5F, 0x4D, 0x5F, 0x4D, 0x5F, 0x4D, 0x5F, 0x4D, 0x5F, 0x4D, 0x5F, 0x4D,
    0x5F, 0x4D, 0x5F, 0x4D, 0x5F, 0x4D, 0x5F, 0x4D, 0x5F, 0x4D, 0x5F, 0x4D, 0x5F, 0x4D, 0x5F, 0x4D,
    0x5F, 0x4D, 0x5F, 0x4D, 0x5F, 0x4D, 0x5F, 0x4D, 0x5F, 0x4D, 0x5F, 0x4D, 0x5F, 0x4D, 0x5F, 0x4D,
    0x5F, 0x4D, 0x5F, 0x4D, 0x5F, 0x4D, 0x5F, 0x4D, 0x5F, 0x4D, 0x5F, 0x4D, 0x5F, 0x4D, 0x5F, 0x4D,
    0x5F, 0x4D, 0x5F, 0x4D, 0x5F, 0x4D, 0x5F, 0x4D, 0x5F, 0x4D, 0x5F, 0x4D, 0x5F, 0x4D, 0x5F, 0x4D,
    0x5F, 0x4D, 0x5F, 0x4D, 0x5F, 0x4D, 0x5F, 0x4D, 0x5F, 0x4D, 0x5F, 0x4D, 0x5F, 0x4D, 0x5F, 0x4D,
    0x5F, 0x4D, 0x5F, 0x4D, 0x5F, 0x4D, 0x5F, 0x4D, 0x5F, 0x4D, 0x5F, 0xFF, 0x4D, 0x5F, 0x4D, 0x5F,
    0x4D, 0x5F, 0x4D, 0x5F, 0x4D, 0x5F, 0x4D, 0x5F, 0x4D, 0x5F, 0x4D, 0x5F, 0x4D, 0x5F, 0x4D, 0x5F,
    0x4D, 0x5F, 0x4D, 0x5F, 0x4D, 0x5F, 0x4D, 0x5F, 0x4D, 0x5F, 0x4D, 0x5F, 0x4D, 0x5F, 0x4D, 0x5F,
    0x4D, 0x5F, 0x4D, 0x5F, 0x4D, 0x5F, 0x4D, 0x5F, 0x4D, 0x5F, 0x4D, 0x5F, 0x4D, 0x5F, 0x4D, 0x5F,
    0x4D, 0x5F, 0x4D, 0x5F, 0x4D, 0x5F, 0x4D, 0x5F, 0x4D, 0x5F, 0x4D, 0x5F, 0x4D, 0x5F, 0x4D, 0x5F,
    0x4D, 0x5F, 0x4D, 0x5F, 0x4D, 0x5F, 0x4D, 0x5F, 0x4D, 0x5F, 0x4D, 0x5F, 0x4D, 0x5F, 0x4D, 0x5F,
    0x4D, 0x5F, 0x4D, 0x5F, 0x4D, 0x5F, 0x4D, 0x5F, 0x4D, 0x5F, 0x4D, 0x5F, 0x4D, 0x5F, 0x4D, 0x5F,
    0x4D, 0x5F, 0x4D, 0x5F, 0x4D, 0x5F, 0x4D, 0x5F, 0x4D, 0x5F, 0x4D, 0x5F, 0x4D, 0x5F, 0x4D, 0x5F,
    0x4D, 0x5F, 0x4D, 0x5F, 0x4D, 0x5F, 0x4D, 0x5F, 0x4D, 0x5F, 0x4D, 0x5F, 0xD5, 0x4D, 0x5F, 0x4D,
    0x5F, 0x4D, 0x5F, 0x4D, 0x5F, 0x4D, 0x5F, 0x4D, 0x5F, 0x4D, 0x5F, 0x4D, 0x5F, 0x4D, 0x5F, 0x4D,
    0x5F, 0x4D, 0x5F, 0x4D, 0x5F, 0x4D, 0x5F, 0x4D, 0x5F, 0x4D, 0x5F, 0x4D, 0x5F, 0x4D, 0x5F, 0x4D,
    0x5F, 0x4D, 0x5F, 0x4D, 0x5F, 0x4D, 0x5F, 0x4D, 0x5F, 0x4D, 0x5F, 0x4D, 0x5F, 0x4D, 0x5F, 0x4D,
    0x5F, 0x4D, 0x5F, 0x4D, 0x5F, 0x4D, 0x5F, 0x4D, 0x5F, 0x4D, 0x5F, 0x4D, 0x5F, 0x4D, 0x5F, 0x4D,
    0x5F, 0x4D, 0x5F, 0x4D, 0x5F, 0x4D, 0x5F, 0x4D, 0x5F, 0x4D, 0x5F, 0x4D, 0x5F, 0x4D, 0x5F, 0x4D,
    0x9F, 0x1A, 0x2C, 0x0A, 0x00, 0xFF, 0x59, 0x07, 0xFB, 0x37, 0xFB, 0x16, 0xFB, 0x36, 0xFB, 0x36,
    0xFB, 0x36, 0xFB, 0x36, 0xFB, 0x36, 0xFB, 0x36, 0xFB, 0x36, 0xFB, 0x36, 0xFB, 0x36, 0xFB, 0x36,
    0xFB, 0x36, 0xFB, 0x36, 0xFB, 0x36, 0xFB, 0x36, 0xFB, 0x36, 0xFB, 0x36, 0xFB, 0x36, 0xFB, 0x36,
    0xFB, 0x36, 0xFB, 0x36, 0xFB, 0x36, 0xFB, 0x36, 0xFB, 0x36, 0xFB, 0x36, 0xFB, 0x36, 0xFB, 0x36,
    0xFB, 0x36, 0xFB, 0x36, 0xFB, 0x36, 0xFB, 0x36, 0xFB, 0x36, 0xFB, 0x36, 0xFB, 0x36, 0xFB, 0x36,
    0xFB, 0x36, 0xFB, 0x36, 0xFB, 0x36, 0xFB, 0x36, 0xFB, 0x36, 0xFB, 0x36, 0xFB, 0x36, 0xFB, 0x36,
    0xFB, 0x36, 0xFB, 0x36, 0xFB, 0x36, 0xFB, 0x36, 0xFB, 0x36, 0xFB, 0x36, 0xFB, 0x36, 0xFB, 0x16,
    0xFB, 0x57, 0xBA, 0x0F, 0x11, 0xAA, 0x4D, 0x9F, 0x4D, 0x5F, 0x4D, 0x5F, 0x4D, 0x5F, 0x4D, 0x5F,
    0x4D, 0x5F, 0x4D, 0x5F, 0x4D, 0x5F, 0xFF, 0x4D, 0x5F, 0x4D, 0x5F, 0x4D, 0x5F, 0x4D, 0x5F, 0x4D,
    0x5F, 0x4D, 0x5F, 0x4D, 0x5F, 0x4D, 0x5F, 0x4D, 0x5F, 0x4D, 0x5F, 0x4D, 0x5F, 0x4D, 0x5F, 0x4D,
    0x5F, 0x4D, 0x5F, 0x4D, 0x5F, 0x4D, 0x5F, 0x4D, 0x5F, 0x4D, 0x5F, 0x4D, 0x5F, 0x4D, 0x5F, 0x4D,
    0x5F, 0x4D, 0x5F, 0x4D, 0x5F, 0x4D, 0x5F, 0x4D, 0x5F, 0x4D, 0x5F, 0x4D, 0x5F, 0x4D, 0x5F, 0x4D,
    0x5F, 0x4D, 0x5F, 0x4D, 0x5F, 0x4D, 0x5F, 0x4D, 0x5F, 0x4D, 0x5F, 0x4D, 0x5F, 0x4D, 0x5F, 0x4D,
    0x5F, 0x4D, 0x5F, 0x4D, 0x5F, 0x4D, 0x5F, 0x4D, 0x5F, 0x4D, 0x5F, 0x4D, 0x5F, 0x4D, 0x5F, 0x4D,
    0x5F, 0x4D, 0x5F, 0x4D, 0x5F, 0x4D, 0x5F, 0x4D, 0x5F, 0x4D, 0x5F, 0x4D, 0x5F, 0x4D, 0x5F, 0x4D,
    0x5F, 0x4D, 0x5F, 0x4D, 0x5F, 0x4D, 0x5F, 0x4D, 0x5F, 0x4D, 0x5F, 0x4D, 0x5F, 0x4D, 0x5F, 0x4D,
    0x5F, 0x4D, 0x5F, 0x4D, 0x5F, 0x4D, 0x5F, 0xFF, 0x4D, 0x5F, 0x4D, 0x5F, 0x4D, 0x5F, 0x4D, 0x5F,
    0x4D, 0x5F, 0x4D, 0x5F, 0x4D, 0x5F, 0x4D, 0x5F, 0x4D, 0x5F, 0x4D, 0x5F, 0x4D, 0x5F, 0x4D, 0x5F,
    0x4D, 0x5F, 0x4D, 0x5F, 0x4D, 0x5F, 0x4D, 0x5F, 0x4D, 0x5F, 0x4D, 0x5F, 0x4D, 0x5F, 0x4D, 0x5F,
    0x4D, 0x5F, 0x4D, 0x5F, 0x4D, 0x5F, 0x4D, 0x5F, 0x4D, 0x5F, 0x4D, 0x5F, 0x4D, 0x5F, 0x4D, 0x5F,
    0x4D, 0x5F, 0x4D, 0x5F, 0x4D, 0x5F, 0x4D, 0x5F, 0x4D, 0x5F, 0x4D, 0x5F, 0x4D, 0x5F, 0x4D, 0x5F,
    0x4D, 0x5F, 0x4D, 0x5F, 0x4D, 0x5F, 0x4D, 0x5F, 0x4D, 0x5F, 0x4D, 0x5F, 0x4D, 0x5F, 0x4D, 0x5F,
    0x4D, 0x5F, 0x4D, 0x5F, 0x4D, 0x5F, 0x4D, 0x5F, 0x4D, 0x5F, 0x4D, 0x5F, 0x4D, 0x5F, 0x4D, 0x5F,
    0x4D, 0x5F, 0x4D, 0x5F, 0x4D, 0x5F, 0x4D, 0x5F, 0x4D, 0x5F, 0x4D, 0x5F, 0x4D, 0x5F, 0x4D, 0x5F,
    0x4D, 0x5F, 0x4D, 0x5F, 0x4D, 0x5F, 0x4D, 0x5F, 0xD5, 0x4D, 0x5F, 0x4D, 0x5F, 0x4D, 0x5F, 0x4D,
    0x5F, 0x4D, 0x5F, 0x4D, 0x5F, 0x4D, 0x5F, 0x4D, 0x5F, 0x4D, 0x5F, 0x4D, 0x5F, 0x4D, 0x5F, 0x4D,
    0x5F, 0x4D, 0x5F, 0x4D, 0x5F, 0x4D, 0x5F, 0x4D, 0x5F, 0x4D, 0x5F, 0x4D, 0x5F, 0x4D, 0x5F, 0x4D,
    0x5F, 0x4D, 0x5F, 0x4D, 0x5F, 0x4D, 0x5F, 0x4D, 0x5F, 0x4D, 0x5F, 0x4D, 0x5F, 0x4D, 0x5F, 0x4D,
    0x5F, 0x4D, 0x5F, 0x4D, 0x5F, 0x4D, 0x5F, 0x4D, 0x5F, 0x4D, 0x5F, 0x4D, 0x5F, 0x4D, 0x5F, 0x4D,
    0x5F, 0x4D, 0x5F, 0x4D, 0x5F, 0x4D, 0x5F, 0x4D, 0x5F, 0x4D, 0x5F, 0x4D, 0x9F, 0x22, 0x6E, 0x0A,
    0x00, 0xFF, 0x59, 0x07, 0xFB, 0x37, 0xFB, 0x16, 0xFB, 0x36, 0xFB, 0x36, 0xFB, 0x36, 0xFB, 0x36,
    0xFB, 0x36, 0xFB, 0x36, 0xFB, 0x36, 0xFB, 0x36, 0xFB, 0x36, 0xFB, 0x36, 0xFB, 0x36, 0xFB, 0x36,
    0xFB, 0x36, 0xFB, 0x36, 0xFB, 0x36, 0xFB, 0x36, 0xFB, 0x36, 0xFB, 0x36, 0xFB, 0x36, 0xFB, 0x36,
    0xFB, 0x36, 0xFB, 0x36, 0xFB, 0x36, 0xFB, 0x36, 0xFB, 0x36, 0xFB, 0x36, 0xFB, 0x36, 0xFB, 0x36,
    0xFB, 0x36, 0xFB, 0x36, 0xFB, 0x36, 0xFB, 0x36, 0xFB, 0x36, 0xFB, 0x36, 0xFB, 0x36, 0xFB, 0x36,
    0xFB, 0x36, 0xFB, 0x36, 0xFB, 0x36, 0xFB, 0x36, 0xFB, 0x36, 0xFB, 0x36, 0xFB, 0x36, 0xFB, 0x36,
    0xFB, 0x36, 0xFB, 0x36, 0xFB, 0x36, 0xFB, 0x36, 0xFB, 0x36, 0xFB, 0x16, 0xFB, 0x57, 0xAA, 0x2F,
    0x11, 0xAA, 0x4D, 0x9F, 0x4D, 0x5F, 0x4D, 0x5F, 0x4D, 0x5F, 0x4D, 0x5F, 0x4D, 0x5F, 0x4D, 0x5F,
    0x4D, 0x5F, 0xFF, 0x4D, 0x5F, 0x4D, 0x5F, 0x4D, 0x5F, 0x4D, 0x5F, 0x4D, 0x5F, 0x4D, 0x5F, 0x4D,
    0x5F, 0x4D, 0x5F, 0x4D, 0x5F, 0x4D, 0x5F, 0x4D, 0x5F, 0x4D, 0x5F, 0x4D, 0x5F, 0x4D, 0x5F, 0x4D,
    0x5F, 0x4D, 0x5F, 0x4D, 0x5F, 0x4D, 0x5F, 0x4D, 0x5F, 0x4D, 0x5F, 0x4D, 0x5F, 0x4D, 0x5F, 0x4D,
    0x5F, 0x4D, 0x5F, 0x4D, 0x5F, 0x4D, 0x5F, 0x4D, 0x5F, 0x4D, 0x5F, 0x4D, 0x5F, 0x4D, 0x5F, 0x4D,
    0x5F, 0x4D, 0x5F, 0x4D, 0x5F, 0x4D, 0x5F, 0x4D, 0x5F, 0x4D, 0x5F, 0x4D, 0x5F, 0x4D, 0x5F, 0x4D,
    0x5F, 0x4D, 0x5F, 0x4D, 0x5F, 0x4D, 0x5F, 0x4D, 0x5F, 0x4D, 0x5F, 0x4D, 0x5F, 0x4D, 0x5F, 0x4D,
    0x5F, 0x4D, 0x5F, 0x4D, 0x5F, 0x4D, 0x5F, 0x4D, 0x5F, 0x4D, 0x5F, 0x4D, 0x5F, 0x4D, 0x5F, 0x4D,
    0x5F, 0x4D, 0x5F, 0x4D, 0x5F, 0x4D, 0x5F, 0x4D, 0x5F, 0x4D, 0x5F, 0x4D, 0x5F, 0x4D, 0x5F, 0x4D,
    0x5F, 0x4D, 0x5F, 0xFF, 0x4D, 0x5F, 0x4D, 0x5F, 0x4D, 0x5F, 0x4D, 0x5F, 0x4D, 0x5F, 0x4D, 0x5F,
    0x4D, 0x5F, 0x4D, 0x5F, 0x4D, 0x5F, 0x4D, 0x5F, 0x4D, 0x5F, 0x4D, 0x5F, 0x4D, 0x5F, 0x4D, 0x5F,
    0x4D, 0x5F, 0x4D, 0x5F, 0x4D, 0x5F, 0x4D, 0x5F, 0x4D, 0x5F, 0x4D, 0x5F, 0x4D, 0x5F, 0x4D, 0x5F,
    0x4D, 0x5F, 0x4D, 0x5F, 0x4D, 0x5F, 0x4D, 0x5F, 0x4D, 0x5F, 0x4D, 0x5F, 0x4D, 0x5F, 0x4D, 0x5F,
    0x4D, 0x5F, 0x4D, 0x5F, 0x4D, 0x5F, 0x4D, 0x5F, 0x4D, 0x5F, 0x4D, 0x5F, 0x4D, 0x5F, 0x4D, 0x5F,
    0x4D, 0x5F, 0x4D, 0x5F, 0x4D, 0x5F, 0x4D, 0x5F, 0x4D, 0x5F, 0x4D, 0x5F, 0x4D, 0x5F, 0x4D, 0x5F,
    0x4D, 0x5F, 0x4D, 0x5F, 0x4D, 0x5F, 0x4D, 0x5F, 0x4D, 0x5F, 0x4D, 0x5F, 0x4D, 0x5F, 0x4D, 0x5F,
    0x4D, 0x5F, 0x4D, 0x5F, 0x4D, 0x5F, 0x4D, 0x5F, 0x4D, 0x5F, 0x4D, 0x5F, 0x4D, 0x5F, 0x4D, 0x5F,
    0x4D, 0x5F, 0x4D, 0x5F, 0xD5, 0x4D, 0x5F, 0x4D, 0x5F, 0x4D, 0x5F, 0x4D, 0x5F, 0x4D, 0x5F, 0x4D,
    0x5F, 0x4D, 0x5F, 0x4D, 0x5F, 0x4D, 0x5F, 0x4D, 0x5F, 0x4D, 0x5F, 0x4D, 0x5F, 0x4D, 0x5F, 0x4D,
    0x5F, 0x4D, 0x5F, 0x4D, 0x5F, 0x4D, 0x5F, 0x4D, 0x5F, 0x4D, 0x5F, 0x4D, 0x5F, 0x4D, 0x5F, 0x4D,
    0x5F, 0x4D, 0x5F, 0x4D, 0x5F, 0x4D, 0x5F, 0x4D, 0x5F, 0x4D, 0x5F, 0x4D, 0x5F, 0x4D, 0x5F, 0x4D,
    0x5F, 0x4D, 0x5F, 0x4D, 0x5F, 0x4D, 0x5F, 0x4D, 0x5F, 0x4D, 0x5F, 0x4D, 0x5F, 0x4D, 0x5F, 0x4D,
    0x5F, 0x4D, 0x5F, 0x4D, 0x5F, 0x4D, 0x5F, 0x4D, 0x9F, 0x22, 0x6E, 0x0A, 0x00, 0xFF, 0x59, 0x07,
    0xFB, 0x37, 0xFB, 0x16, 0xFB, 0x36, 0xFB, 0x36, 0xFB, 0x36, 0xFB, 0x36, 0xFB, 0x36, 0xFB, 0x36,
    0xFB, 0x36, 0xFB, 0x36, 0xFB, 0x36, 0xFB, 0x36, 0xFB, 0x36, 0xFB, 0x36, 0xFB, 0x36, 0xFB, 0x36,
    0xFB, 0x36, 0xFB, 0x36, 0xFB, 0x36, 0xFB, 0x36, 0xFB, 0x36, 0xFB, 0x36, 0xFB, 0x36, 0xFB, 0x36,
    0xFB, 0x36, 0xFB, 0x36, 0xFB, 0x36, 0xFB, 0x36, 0xFB, 0x36, 0xFB, 0x36, 0xFB, 0x36, 0xFB, 0x36,
    0xFB, 0x36, 0xFB, 0x36, 0xFB, 0x36, 0xFB, 0x36, 0xFB, 0x36, 0xFB, 0x36, 0xFB, 0x36, 0xFB, 0x36,
    0xFB, 0x36, 0xFB, 0x36, 0xFB, 0x36, 0xFB, 0x36, 0xFB, 0x36, 0xFB, 0x36, 0xFB, 0x36, 0xFB, 0x36,
    0xFB, 0x36, 0xFB, 0x36, 0xFB, 0x36, 0xFB, 0x16, 0xFB, 0x37, 0xAA, 0x2F, 0x11, 0xAA, 0x4D, 0x9F,
    0x4D, 0x5F, 0x4D, 0x5F, 0x4D, 0x5F, 0x4D, 0x5F, 0x4D, 0x5F, 0x4D, 0x5F, 0x4D, 0x5F, 0xFF, 0x4D,
    0x5F, 0x4D, 0x5F, 0x4D, 0x5F, 0x4D, 0x5F, 0x4D, 0x5F, 0x4D, 0x5F, 0x4D, 0x5F, 0x4D, 0x5F, 0x4D,
    0x5F, 0x4D, 0x5F, 0x4D, 0x5F, 0x4D, 0x5F, 0x4D, 0x5F, 0x4D, 0x5F, 0x4D, 0x5F, 0x4D, 0x5F, 0x4D,
    0x5F, 0x4D, 0x5F, 0x4D, 0x5F, 0x4D, 0x5F, 0x4D, 0x5F, 0x4D, 0x5F, 0x4D, 0x5F, 0x4D, 0x5F, 0x4D,
    0x5F, 0x4D, 0x5F, 0x4D, 0x5F, 0x4D, 0x5F, 0x4D, 0x5F, 0x4D, 0x5F, 0x4D, 0x5F, 0x4D, 0x5F, 0x4D,
    0x5F, 0x4D, 0x5F, 0x4D, 0x5F, 0x4D, 0x5F, 0x4D, 0x5F, 0x4D, 0x5F, 0x4D, 0x5F, 0x4D, 0x5F, 0x4D,
    0x5F, 0x4D, 0x5F, 0x4D, 0x5F, 0x4D, 0x5F, 0x4D, 0x5F, 0x4D, 0x5F, 0x4D, 0x5F, 0x4D, 0x5F, 0x4D,
    0x5F, 0x4D, 0x5F, 0x4D, 0x5F, 0x4D, 0x5F, 0x4D, 0x5F, 0x4D, 0x5F, 0x4D, 0x5F, 0x4D, 0x5F, 0x4D,
    0x5F, 0x4D, 0x5F, 0x4D, 0x5F, 0x4D, 0x5F, 0x4D, 0x5F, 0x4D, 0x5F, 0x4D, 0x5F, 0x4D, 0x5F, 0xFF,
    0x4D, 0x5F, 0x4D, 0x5F, 0x4D, 0x5F, 0x4D, 0x5F, 0x4D, 0x5F, 0x4D, 0x5F, 0x4D, 0x5F, 0x4D, 0x5F,
    0x4D, 0x5F, 0x4D, 0x5F, 0x4D, 0x5F, 0x4D, 0x5F, 0x4D, 0x5F, 0x4D, 0x5F, 0x4D, 0x5F, 0x4D, 0x5F,
    0x4D, 0x5F, 0x4D, 0x5F, 0x4D, 0x5F, 0x4D, 0x5F, 0x4D, 0x5F, 0x4D, 0x5F, 0x4D, 0x5F, 0x4D, 0x5F,
    0x4D, 0x5F, 0x4D, 0x5F, 0x4D, 0x5F, 0x4D, 0x5F, 0x4D, 0x5F, 0x4D, 0x5F, 0x4D, 0x5F, 0x4D, 0x5F,
    0x4D, 0x5F, 0x4D, 0x5F, 0x4D, 0x5F, 0x4D, 0x5F, 0x4D, 0x5F, 0x4D, 0x5F, 0x4D, 0x5F, 0x4D, 0x5F,
    0x4D, 0x5F, 0x4D, 0x5F, 0x4D, 0x5F, 0x4D, 0x5F, 0x4D, 0x5F, 0x4D, 0x5F, 0x4D, 0x5F, 0x4D, 0x5F,
    0x4D, 0x5F, 0x4D, 0x5F, 0x4D, 0x5F, 0x4D, 0x5F, 0x4D, 0x5F, 0x4D, 0x5F, 0x4D, 0x5F, 0x4D, 0x5F,
    0x4D, 0x5F, 0x4D, 0x5F, 0x4D, 0x5F, 0x4D, 0x5F, 0x4D, 0x5F, 0x4D, 0x5F, 0x4D, 0x5F, 0x4D, 0x5F,
    0xD5, 0x4D, 0x5F, 0x4D, 0x5F, 0x4D, 0x5F, 0x4D, 0x5F, 0x4D, 0x5F, 0x4D, 0x5F, 0x4D, 0x5F, 0x4D,
    0x5F, 0x4D, 0x5F, 0x4D, 0x5F, 0x4D, 0x5F, 0x4D, 0x5F, 0x4D, 0x5F, 0x4D, 0x5F, 0x4D, 0x5F, 0x4D,
    0x5F, 0x4D, 0x5F, 0x4D, 0x5F, 0x4D, 0x5F, 0x4D, 0x5F, 0x4D, 0x5F, 0x4D, 0x5F, 0x4D, 0x5F, 0x4D,
    0x5F, 0x4D, 0x5F, 0x4D, 0x5F, 0x4D, 0x5F, 0x4D, 0x5F, 0x4D, 0x5F, 0x4D, 0x5F, 0x4D, 0x5F, 0x4D,
    0x5F, 0x4D, 0x5F, 0x4D, 0x5F, 0x4D, 0x5F, 0x4D, 0x5F, 0x4D, 0x5F, 0x4D, 0x5F, 0x4D, 0x5F, 0x4D,
    0x5F, 0x4D, 0x5F, 0x4D, 0x9F, 0x22, 0x6E, 0x0A, 0x00, 0xFF, 0x59, 0x07, 0xFB, 0x37, 0xFB, 0x16,
    0xFB, 0x36, 0xFB, 0x36, 0xFB, 0x36, 0xFB, 0x36, 0xFB, 0x36, 0xFB, 0x36, 0xFB, 0x36, 0xFB, 0x36,
    0xFB, 0x36, 0xFB, 0x36, 0xFB, 0x36, 0xFB, 0x36, 0xFB, 0x36, 0xFB, 0x36, 0xFB, 0x36, 0xFB, 0x36,
    0xFB, 0x36, 0xFB, 0x36, 0xFB, 0x36, 0xFB, 0x36, 0xFB, 0x36, 0xFB, 0x36, 0xFB, 0x36, 0xFB, 0x36,
    0xFB, 0x36, 0xFB, 0x36, 0xFB, 0x36, 0xFB, 0x36, 0xFB, 0x36, 0xFB, 0x36, 0xFB, 0x36, 0xFB, 0x36,
    0xFB, 0x36, 0xFB, 0x36, 0xFB, 0x36, 0xFB, 0x36, 0xFB, 0x36, 0xFB, 0x36, 0xFB, 0x36, 0xFB, 0x36,
    0xFB, 0x36, 0xFB, 0x36, 0xFB, 0x36, 0xFB, 0x36, 0xFB, 0x36, 0xFB, 0x36, 0xFB, 0x36, 0xFB, 0x36,
    0xFB, 0x36, 0xFB, 0x16, 0xFB, 0x57, 0xAA, 0x2F, 0x11, 0xAA, 0x4D, 0x9F, 0x4D, 0x5F, 0x4D, 0x5F,
    0x4D, 0x5F, 0x4D, 0x5F, 0x4D, 0x5F, 0x4D, 0x5F, 0x4D, 0x5F, 0xFF, 0x4D, 0x5F, 0x4D, 0x5F, 0x4D,
    0x5F, 0x4D, 0x5F, 0x4D, 0x5F, 0x4D, 0x5F, 0x4D, 0x5F, 0x4D, 0x5F, 0x4D, 0x5F, 0x4D, 0x5F, 0x4D,
    0x5F, 0x4D, 0x5F, 0x4D, 0x5F, 0x4D, 0x5F, 0x4D, 0x5F, 0x4D, 0x5F, 0x4D, 0x5F, 0x4D, 0x5F, 0x4D,
    0x5F, 0x4D, 0x5F, 0x4D, 0x5F, 0x4D, 0x5F, 0x4D, 0x5F, 0x4D, 0x5F, 0x4D, 0x5F, 0x4D, 0x5F, 0x4D,
    0x5F, 0x4D, 0x5F, 0x4D, 0x5F, 0x4D, 0x5F, 0x4D, 0x5F, 0x4D, 0x5F, 0x4D, 0x5F, 0x4D, 0x5F, 0x4D,
    0x5F, 0x4D, 0x5F, 0x4D, 0x5F, 0x4D, 0x5F, 0x4D, 0x5F, 0x4D, 0x5F, 0x4D, 0x5F, 0x4D, 0x5F, 0x4D,
    0x5F, 0x4D, 0x5F, 0x4D, 0x5F, 0x4D, 0x5F, 0x4D, 0x5F, 0x4D, 0x5F, 0x4D, 0x5F, 0x4D, 0x5F, 0x4D,
    0x5F, 0x4D, 0x5F, 0x4D, 0x5F, 0x4D, 0x5F, 0x4D, 0x5F, 0x4D, 0x5F, 0x4D, 0x5F, 0x4D, 0x5F, 0x4D,
    0x5F, 0x4D, 0x5F, 0x4D, 0x5F, 0x4D, 0x5F, 0x4D, 0x5F, 0x4D, 0x5F, 0xFF, 0x4D, 0x5F, 0x4D, 0x5F,
    0x4D, 0x5F, 0x4D, 0x5F, 0x4D, 0x5F, 0x4D, 0x5F, 0x4D, 0x5F, 0x4D, 0x5F, 0x4D, 0x5F, 0x4D, 0x5F,
    0x4D, 0x5F, 0x4D, 0x5F, 0x4D, 0x5F, 0x4D, 0x5F, 0x4D, 0x5F, 0x4D, 0x5F, 0x4D, 0x5F, 0x4D, 0x5F,
    0x4D, 0x5F, 0x4D, 0x5F, 0x4D, 0x5F, 0x4D, 0x5F, 0x4D, 0x5F, 0x4D, 0x5F, 0x4D, 0x5F, 0x4D, 0x5F,
    0x4D, 0x5F, 0x4D, 0x5F, 0x4D, 0x5F, 0x4D, 0x5F, 0x4D, 0x5F, 0x4D, 0x5F, 0x4D, 0x5F, 0x4D, 0x5F,
    0x4D, 0x5F, 0x4D, 0x5F, 0x4D, 0x5F, 0x4D, 0x5F, 0x4D, 0x5F, 0x4D, 0x5F, 0x4D, 0x5F, 0x4D, 0x5F,
    0x4D, 0x5F, 0x4D, 0x5F, 0x4D, 0x5F, 0x4D, 0x5F, 0x4D, 0x5F, 0x4D, 0x5F, 0x4D, 0x5F, 0x4D, 0x5F,
    0x4D, 0x5F, 0x4D, 0x5F, 0x4D, 0x5F, 0x4D, 0x5F, 0x4D, 0x5F, 0x4D, 0x5F, 0x4D, 0x5F, 0x4D, 0x5F,
    0x4D, 0x5F, 0x4D, 0x5F, 0x4D, 0x5F, 0x4D, 0x5F, 0x4D, 0x5F, 0x4D, 0x5F, 0xD5, 0x4D, 0x5F, 0x4D,
    0x5F, 0x4D, 0x5F, 0x4D, 0x5F, 0x4D, 0x5F, 0x4D, 0x5F, 0x4D, 0x5F, 0x4D, 0x5F, 0x4D, 0x5F, 0x4D,
    0x5F, 0x4D, 0x5F, 0x4D, 0x5F, 0x4D, 0x5F, 0x4D, 0x5F, 0x4D, 0x5F, 0x4D, 0x5F, 0x4D, 0x5F, 0x4D,
    0x5F, 0x4D, 0x5F, 0x4D, 0x5F, 0x4D, 0x5F, 0x4D, 0x5F, 0x4D, 0x5F, 0x4D, 0x5F, 0x4D, 0x5F, 0x4D,
    0x5F, 0x4D, 0x5F, 0x4D, 0x5F, 0x4D, 0x5F, 0x4D, 0x5F, 0x4D, 0x5F, 0x4D, 0x5F, 0x4D, 0x5F, 0x4D,
    0x5F, 0x4D, 0x5F, 0x4D, 0x5F, 0x4D, 0x5F, 0x4D, 0x5F, 0x4D, 0x5F, 0x4D, 0x5F, 0x4D, 0x5F, 0x4D,
    0x9F, 0x22, 0x6E, 0x0A, 0x00, 0xFF, 0x59, 0x07, 0xFB, 0x37, 0xFB, 0x16, 0xFB, 0x36, 0xFB, 0x36,
    0xFB, 0x36, 0xFB, 0x36, 0xFB, 0x36, 0xFB, 0x36, 0xFB, 0x36, 0xFB, 0x36, 0xFB, 0x36, 0xFB, 0x36,
    0xFB, 0x36, 0xFB, 0x36, 0xFB, 0x36, 0xFB, 0x36, 0xFB, 0x36, 0xFB, 0x36, 0xFB, 0x36, 0xFB, 0x36,
    0xFB, 0x36, 0xFB, 0x36, 0xFB, 0x36, 0xFB, 0x36, 0xFB, 0x36, 0xFB, 0x36, 0xFB, 0x36, 0xFB, 0x36,
    0xFB, 0x36, 0xFB, 0x36, 0xFB, 0x36, 0xFB, 0x36, 0xFB, 0x36, 0xFB, 0x36, 0xFB, 0x36, 0xFB, 0x36,
    0xFB, 0x36, 0xFB, 0x36, 0xFB, 0x36, 0xFB, 0x36, 0xFB, 0x36, 0xFB, 0x36, 0xFB, 0x36, 0xFB, 0x36,
    0xFB, 0x36, 0xFB, 0x36, 0xFB, 0x36, 0xFB, 0x36, 0xFB, 0x36, 0xFB, 0x36, 0xFB, 0x36, 0xFB, 0x16,
    0xFB, 0x57, 0xAA, 0x2F, 0x11, 0xAA, 0x4D, 0x9F, 0x4D, 0x5F, 0x4D, 0x5F, 0x4D, 0x5F, 0x4D, 0x5F,
    0x4D, 0x5F, 0x4D, 0x5F, 0x4D, 0x5F, 0xFF, 0x4D, 0x5F, 0x4D, 0x5F, 0x4D, 0x5F, 0x4D, 0x5F, 0x4D,
    0x5F, 0x4D, 0x5F, 0x4D, 0x5F, 0x4D, 0x5F, 0x4D, 0x5F, 0x4D, 0x5F, 0x4D, 0x5F, 0x4D, 0x5F, 0x4D,
    0x5F, 0x4D, 0x5F, 0x4D, 0x5F, 0x4D, 0x5F, 0x4D, 0x5F, 0x4D, 0x5F, 0x4D, 0x5F, 0x4D, 0x5F, 0x4D,
    0x5F, 0x4D, 0x5F, 0x4D, 0x5F, 0x4D, 0x5F, 0x4D, 0x5F, 0x4D, 0x5F, 0x4D, 0x5F, 0x4D, 0x5F, 0x4D,
    0x5F, 0x4D, 0x5F, 0x4D, 0x5F, 0x4D, 0x5F, 0x4D, 0x5F, 0x4D, 0x5F, 0x4D, 0x5F, 0x4D, 0x5F, 0x4D,
    0x5F, 0x4D, 0x5F, 0x4D, 0x5F, 0x4D, 0x5F, 0x4D, 0x5F, 0x4D, 0x5F, 0x4D, 0x5F, 0x4D, 0x5F, 0x4D,
    0x5F, 0x4D, 0x5F, 0x4D, 0x5F, 0x4D, 0x5F, 0x4D, 0x5F, 0x4D, 0x5F, 0x4D, 0x5F, 0x4D, 0x5F, 0x4D,
    0x5F, 0x4D, 0x5F, 0x4D, 0x5F, 0x4D, 0x5F, 0x4D, 0x5F, 0x4D, 0x5F, 0x4D, 0x5F, 0x4D, 0x5F, 0x4D,
    0x5F, 0x4D, 0x5F, 0x4D, 0x5F, 0x4D, 0x5F, 0xFF, 0x4D, 0x5F, 0x4D, 0x5F, 0x4D, 0x5F, 0x4D, 0x5F,
    0x4D, 0x5F, 0x4D, 0x5F, 0x4D, 0x5F, 0x4D, 0x5F, 0x4D, 0x5F, 0x4D, 0x5F, 0x4D, 0x5F, 0x4D, 0x5F,
    0x4D, 0x5F, 0x4D, 0x5F, 0x4D, 0x5F, 0x4D, 0x5F, 0x4D, 0x5F, 0x4D, 0x5F, 0x4D, 0x5F, 0x4D, 0x5F,
    0x4D, 0x5F, 0x4D, 0x5F, 0x4D, 0x5F, 0x4D, 0x5F, 0x4D, 0x5F, 0x4D, 0x5F, 0x4D, 0x5F, 0x4D, 0x5F,
    0x4D, 0x5F, 0x4D, 0x5F, 0x4D, 0x5F, 0x4D, 0x5F, 0x4D, 0x5F, 0x4D, 0x5F, 0x4D, 0x5F, 0x4D, 0x5F,
    0x4D, 0x5F, 0x4D, 0x5F, 0x4D, 0x5F, 0x4D, 0x5F, 0x4D, 0x5F, 0x4D, 0x5F, 0x4D, 0x5F, 0x4D, 0x5F,
    0x4D, 0x5F, 0x4D, 0x5F, 0x4D, 0x5F, 0x4D, 0x5F, 0x4D, 0x5F, 0x4D, 0x5F, 0x4D, 0x5F, 0x4D, 0x5F,
    0x4D, 0x5F, 0x4D, 0x5F, 0x4D, 0x5F, 0x4D, 0x5F, 0x4D, 0x5F, 0x4D, 0x5F, 0x4D, 0x5F, 0x4D, 0x5F,
    0x4D, 0x5F, 0x4D, 0x5F, 0x4D, 0x5F, 0x4D, 0x5F, 0xD5, 0x4D, 0x5F, 0x4D, 0x5F, 0x4D, 0x5F, 0x4D,
    0x5F, 0x4D, 0x5F, 0x4D, 0x5F, 0x4D, 0x5F, 0x4D, 0x5F, 0x4D, 0x5F, 0x4D, 0x5F, 0x4D, 0x5F, 0x4D,
    0x5F, 0x4D, 0x5F, 0x4D, 0x5F, 0x4D, 0x5F, 0x4D, 0x5F, 0x4D, 0x5F, 0x4D, 0x5F, 0x4D, 0x5F, 0x4D,
    0x5F, 0x4D, 0x5F, 0x4D, 0x5F, 0x4D, 0x5F, 0x4D, 0x5F, 0x4D, 0x5F, 0x4D, 0x5F, 0x4D, 0x5F, 0x4D,
    0x5F, 0x4D, 0x5F, 0x4D, 0x5F, 0x4D, 0x5F, 0x4D, 0x5F, 0x4D, 0x5F, 0x4D, 0x5F, 0x4D, 0x5F, 0x4D,
    0x5F, 0x4D, 0x5F, 0x4D, 0x5F, 0x4D, 0x5F, 0x4D, 0x5F, 0x4D, 0x5F, 0x4D, 0x9F, 0x22, 0xD0, 0x0A,
    0x00, 0xFF, 0x59, 0x07, 0xFB, 0x37, 0xFB, 0x16, 0xFB, 0x36, 0xFB, 0x36, 0xFB, 0x36, 0xFB, 0x36,
    0xFB, 0x36, 0xFB, 0x36, 0xFB, 0x36, 0xFB, 0x36, 0xFB, 0x36, 0xFB, 0x36, 0xFB, 0x36, 0xFB, 0x36,
    0xFB, 0x36, 0xFB, 0x36, 0xFB, 0x36, 0xFB, 0x36, 0xFB, 0x36, 0xFB, 0x36, 0xFB, 0x36, 0xFB, 0x36,
    0xFB, 0x36, 0xFB, 0x36, 0xFB, 0x36, 0xFB, 0x36, 0xFB, 0x36, 0xFB, 0x36, 0xFB, 0x36, 0xFB, 0x36,
    0xFB, 0x36, 0xFB, 0x36, 0xFB, 0x36, 0xFB, 0x36, 0xFB, 0x36, 0xFB, 0x36, 0xFB, 0x36, 0xFB, 0x36,
    0xFB, 0x36, 0xFB, 0x36, 0xFB, 0x36, 0xFB, 0x36, 0xFB, 0x36, 0xFB, 0x36, 0xFB, 0x36, 0xFB, 0x36,
    0xFB, 0x36, 0xFB, 0x36, 0xFB, 0x36, 0xFB, 0x36, 0xFB, 0x36, 0xFB, 0x16, 0xFB, 0x57, 0xA1, 0xED,
    0x11, 0xAA, 0x4D, 0x9F, 0x4D, 0x5F, 0x4D, 0x5F, 0x4D, 0x5F, 0x4D, 0x5F, 0x4D, 0x5F, 0x4D, 0x5F,
    0x4D, 0x5F, 0xFF, 0x4D, 0x5F, 0x4D, 0x5F, 0x4D, 0x5F, 0x4D, 0x5F, 0x4D, 0x5F, 0x4D, 0x5F, 0x4D,
    0x5F, 0x4D, 0x5F, 0x4D, 0x5F, 0x4D, 0x5F, 0x4D, 0x5F, 0x4D, 0x5F, 0x4D, 0x5F, 0x4D, 0x5F, 0x4D,
    0x5F, 0x4D, 0x5F, 0x4D, 0x5F, 0x4D, 0x5F, 0x4D, 0x5F, 0x4D, 0x5F, 0x4D, 0x5F, 0x4D, 0x5F, 0x4D,
    0x5F, 0x4D, 0x5F, 0x4D, 0x5F, 0x4D, 0x5F, 0x4D, 0x5F, 0x4D, 0x5F, 0x4D, 0x5F, 0x4D, 0x5F, 0x4D,
    0x5F, 0x4D, 0x5F, 0x4D, 0x5F, 0x4D, 0x5F, 0x4D, 0x5F, 0x4D, 0x5F, 0x4D, 0x5F, 0x4D, 0x5F, 0x4D,
    0x5F, 0x4D, 0x5F, 0x4D, 0x5F, 0x4D, 0x5F, 0x4D, 0x5F, 0x4D, 0x5F, 0x4D, 0x5F, 0x4D, 0x5F, 0x4D,
    0x5F, 0x4D, 0x5F, 0x4D, 0x5F, 0x4D, 0x5F, 0x4D, 0x5F, 0x4D, 0x5F, 0x4D, 0x5F, 0x4D, 0x5F, 0x4D,
    0x5F, 0x4D, 0x5F, 0x4D, 0x5F, 0x4D, 0x5F, 0x4D, 0x5F, 0x4D, 0x5F, 0x4D, 0x5F, 0x4D, 0x5F, 0x4D,
    0x5F, 0x4D, 0x5F, 0xFF, 0x4D, 0x5F, 0x4D, 0x5F, 0x4D, 0x5F, 0x4D, 0x5F, 0x4D, 0x5F, 0x4D, 0x5F,
    0x4D, 0x5F, 0x4D, 0x5F, 0x4D, 0x5F, 0x4D, 0x5F, 0x4D, 0x5F, 0x4D, 0x5F, 0x4D, 0x5F, 0x4D, 0x5F,
    0x4D, 0x5F, 0x4D, 0x5F, 0x4D, 0x5F, 0x4D, 0x5F, 0x4D, 0x5F, 0x4D, 0x5F, 0x4D, 0x5F, 0x4D, 0x5F,
    0x4D, 0x5F, 0x4D, 0x5F, 0x4D, 0x5F, 0x4D, 0x5F, 0x4D, 0x5F, 0x4D, 0x5F, 0x4D, 0x5F, 0x4D, 0x5F,
    0x4D, 0x5F, 0x4D, 0x5F, 0x4D, 0x5F, 0x4D, 0x5F, 0x4D, 0x5F, 0x4D, 0x5F, 0x4D, 0x5F, 0x4D, 0x5F,
    0x4D, 0x5F, 0x4D, 0x5F, 0x4D, 0x5F, 0x4D, 0x5F, 0x4D, 0x5F, 0x4D, 0x5F, 0x4D, 0x5F, 0x4D, 0x5F,
    0x4D, 0x5F, 0x4D, 0x5F, 0x4D, 0x5F, 0x4D, 0x5F, 0x4D, 0x5F, 0x4D, 0x5F, 0x4D, 0x5F, 0x4D, 0x5F,
    0x4D, 0x5F, 0x4D, 0x5F, 0x4D, 0x5F, 0x4D, 0x5F, 0x4D, 0x5F, 0x4D, 0x5F, 0x4D, 0x5F, 0x4D, 0x5F,
    0x4D, 0x5F, 0x4D, 0x5F, 0xD5, 0x4D, 0x5F, 0x4D, 0x5F, 0x4D, 0x5F, 0x4D, 0x5F, 0x4D, 0x5F, 0x4D,
    0x5F, 0x4D, 0x5F, 0x4D, 0x5F, 0x4D, 0x5F, 0x4D, 0x5F, 0x4D, 0x5F, 0x4D, 0x5F, 0x4D, 0x5F, 0x4D,
    0x5F, 0x4D, 0x5F, 0x4D, 0x5F, 0x4D, 0x5F, 0x4D, 0x5F, 0x4D, 0x5F, 0x4D, 0x5F, 0x4D, 0x5F, 0x4D,
    0x5F, 0x4D, 0x5F, 0x4D, 0x5F, 0x4D, 0x5F, 0x4D, 0x5F, 0x4D, 0x5F, 0x4D, 0x5F, 0x4D, 0x5F, 0x4D,
    0x5F, 0x4D, 0x5F, 0x4D, 0x5F, 0x4D, 0x5F, 0x4D, 0x5F, 0x4D, 0x5F, 0x4D, 0x5F, 0x4D, 0x5F, 0x4D,
    0x5F, 0x4D, 0x5F, 0x4D, 0x5F, 0x4D, 0x5F, 0x4D, 0x9F, 0x22, 0xD0, 0x0A, 0x00, 0xFF, 0x59, 0x07,
    0xFB, 0x37, 0xFB, 0x16, 0xFB, 0x36, 0xFB, 0x36, 0xFB, 0x36, 0xFB, 0x36, 0xFB, 0x36, 0xFB, 0x36,
    0xFB, 0x36, 0xFB, 0x36, 0xFB, 0x36, 0xFB, 0x36, 0xFB, 0x36, 0xFB, 0x36, 0xFB, 0x36, 0xFB, 0x36,
    0xFB, 0x36, 0xFB, 0x36, 0xFB, 0x36, 0xFB, 0x36, 0xFB, 0x36, 0xFB, 0x36, 0xFB, 0x36, 0xFB, 0x36,
    0xFB, 0x36, 0xFB, 0x36, 0xFB, 0x36, 0xFB, 0x36, 0xFB, 0x36, 0xFB, 0x36, 0xFB, 0x36, 0xFB, 0x36,
    0xFB, 0x36, 0xFB, 0x36, 0xFB, 0x36, 0xFB, 0x36, 0xFB, 0x36, 0xFB, 0x36, 0xFB, 0x36, 0xFB, 0x36,
    0xFB, 0x36, 0xFB, 0x36, 0xFB, 0x36, 0xFB, 0x36, 0xFB, 0x36, 0xFB, 0x36, 0xFB, 0x36, 0xFB, 0x36,
    0xFB, 0x36, 0xFB, 0x36, 0xFB, 0x36, 0xFB, 0x16, 0xFB, 0x57, 0xAA, 0x2F, 0x11, 0xAA, 0x4D, 0x9F,
    0x4D, 0x5F, 0x4D, 0x5F, 0x4D, 0x5F, 0x4D, 0x5F, 0x4D, 0x5F, 0x4D, 0x5F, 0x4D, 0x5F, 0xFF, 0x4D,
    0x5F, 0x4D, 0x5F, 0x4D, 0x5F, 0x4D, 0x5F, 0x4D, 0x5F, 0x4D, 0x5F, 0x4D, 0x5F, 0x4D, 0x5F, 0x4D,
    0x5F, 0x4D, 0x5F, 0x4D, 0x5F, 0x4D, 0x5F, 0x4D, 0x5F, 0x4D, 0x5F, 0x4D, 0x5F, 0x4D, 0x5F, 0x4D,
    0x5F, 0x4D, 0x5F, 0x4D, 0x5F, 0x4D, 0x5F, 0x4D, 0x5F, 0x4D, 0x5F, 0x4D, 0x5F, 0x4D, 0x5F, 0x4D,
    0x5F, 0x4D, 0x5F, 0x4D, 0x5F, 0x4D, 0x5F, 0x4D, 0x5F, 0x4D, 0x5F, 0x4D, 0x5F, 0x4D, 0x5F, 0x4D,
    0x5F, 0x4D, 0x5F, 0x4D, 0x5F, 0x4D, 0x5F, 0x4D, 0x5F, 0x4D, 0x5F, 0x4D, 0x5F, 0x4D, 0x5F, 0x4D,
    0x5F, 0x4D, 0x5F, 0x4D, 0x5F, 0x4D, 0x5F, 0x4D, 0x5F, 0x4D, 0x5F, 0x4D, 0x5F, 0x4D, 0x5F, 0x4D,
    0x5F, 0x4D, 0x5F, 0x4D, 0x5F, 0x4D, 0x5F, 0x4D, 0x5F, 0x4D, 0x5F, 0x4D, 0x5F, 0x4D, 0x5F, 0x4D,
    0x5F, 0x4D, 0x5F, 0x4D, 0x5F, 0x4D, 0x5F, 0x4D, 0x5F, 0x4D, 0x5F, 0x4D, 0x5F, 0x4D, 0x5F, 0xFF,
    0x4D, 0x5F, 0x4D, 0x5F, 0x4D, 0x5F, 0x4D, 0x5F, 0x4D, 0x5F, 0x4D, 0x5F, 0x4D, 0x5F, 0x4D, 0x5F,
    0x4D, 0x5F, 0x4D, 0x5F, 0x4D, 0x5F, 0x4D, 0x5F, 0x4D, 0x5F, 0x4D, 0x5F, 0x4D, 0x5F, 0x4D, 0x5F,
    0x4D, 0x5F, 0x4D, 0x5F, 0x4D, 0x5F, 0x4D, 0x5F, 0x4D, 0x5F, 0x4D, 0x5F, 0x4D, 0x5F, 0x4D, 0x5F,
    0x4D, 0x5F, 0x4D, 0x5F, 0x4D, 0x5F, 0x4D, 0x5F, 0x4D, 0x5F, 0x4D, 0x5F, 0x4D, 0x5F, 0x4D, 0x5F,
    0x4D, 0x5F, 0x4D, 0x5F, 0x4D, 0x5F, 0x4D, 0x5F, 0x4D, 0x5F, 0x4D, 0x5F, 0x4D, 0x5F, 0x4D, 0x5F,
    0x4D, 0x5F, 0x4D, 0x5F, 0x4D, 0x5F, 0x4D, 0x5F, 0x4D, 0x5F, 0x4D, 0x5F, 0x4D, 0x5F, 0x4D, 0x5F,
    0x4D, 0x5F, 0x4D, 0x5F, 0x4D, 0x5F, 0x4D, 0x5F, 0x4D, 0x5F, 0x4D, 0x5F, 0x4D, 0x5F, 0x4D, 0x5F,
    0x4D, 0x5F, 0x4D, 0x5F, 0x4D, 0x5F, 0x4D, 0x5F, 0x4D, 0x5F, 0x4D, 0x5F, 0x4D, 0x5F, 0x4D, 0x5F,
    0xD5, 0x4D, 0x5F, 0x4D, 0x5F, 0x4D, 0x5F, 0x4D, 0x5F, 0x4D, 0x5F, 0x4D, 0x5F, 0x4D, 0x5F, 0x4D,
    0x5F, 0x4D, 0x5F, 0x4D, 0x5F, 0x4D, 0x5F, 0x4D, 0x5F, 0x4D, 0x5F, 0x4D, 0x5F, 0x4D, 0x5F, 0x4D,
    0x5F, 0x4D, 0x5F, 0x4D, 0x5F, 0x4D, 0x5F, 0x4D, 0x5F, 0x4D, 0x5F, 0x4D, 0x5F, 0x4D, 0x5F, 0x4D,
    0x5F, 0x4D, 0x5F, 0x4D, 0x5F, 0x4D, 0x5F, 0x4D, 0x5F, 0x4D, 0x5F, 0x4D, 0x5F, 0x4D, 0x5F, 0x4D,
    0x5F, 0x4D, 0x5F, 0x4D, 0x5F, 0x4D, 0x5F, 0x4D, 0x5F, 0x4D, 0x5F, 0x4D, 0x5F, 0x4D, 0x5F, 0x4D,
    0x5F, 0x4D, 0x5F, 0x4D, 0x9F, 0x22, 0xD0, 0x0A, 0x00, 0xFF, 0x59, 0x07, 0xFB, 0x37, 0xFB, 0x16,
    0xFB, 0x36, 0xFB, 0x36, 0xFB, 0x36, 0xFB, 0x36, 0xFB, 0x36, 0xFB, 0x36, 0xFB, 0x36, 0xFB, 0x36,
    0xFB, 0x36, 0xFB, 0x36, 0xFB, 0x36, 0xFB, 0x36, 0xFB, 0x36, 0xFB, 0x36, 0xFB, 0x36, 0xFB, 0x36,
    0xFB, 0x36, 0xFB, 0x36, 0xFB, 0x36, 0xFB, 0x36, 0xFB, 0x36, 0xFB, 0x36, 0xFB, 0x16, 0xFB, 0x16,
    0xFB, 0x16, 0xFB, 0x16, 0xFB, 0x16, 0xFB, 0x16, 0xFB, 0x16, 0xFB, 0x16, 0xFB, 0x16, 0xFB, 0x16,
    0xFB, 0x36, 0xFB, 0x36, 0xFB, 0x36, 0xFB, 0x36, 0xFB, 0x36, 0xFB, 0x36, 0xFB, 0x36, 0xFB, 0x36,
    0xFB, 0x36, 0xFB, 0x36, 0xFB, 0x36, 0xFB, 0x36, 0xFB, 0x36, 0xFB, 0x36, 0xFB, 0x36, 0xFB, 0x36,
    0xFB, 0x36, 0xFB, 0x36, 0xFB, 0x57, 0xA1, 0xED, 0x11, 0xAA, 0x4D, 0x9F, 0x4D, 0x5F, 0x4D, 0x5F,
    0x4D, 0x5F, 0x4D, 0x5F, 0x4D, 0x5F, 0x4D, 0x5F, 0x4D, 0x5F, 0xFF, 0x4D, 0x5F, 0x4D, 0x5F, 0x4D,
    0x5F, 0x4D, 0x5F, 0x4D, 0x5F, 0x4D, 0x5F, 0x4D, 0x5F, 0x4D, 0x5F, 0x4D, 0x5F, 0x4D, 0x5F, 0x4D,
    0x5F, 0x4D, 0x5F, 0x4D, 0x5F, 0x4D, 0x5F, 0x4D, 0x5F, 0x4D, 0x5F, 0x4D, 0x5F, 0x4D, 0x5F, 0x4D,
    0x5F, 0x4D, 0x5F, 0x4D, 0x5F, 0x4D, 0x5F, 0x4D, 0x5F, 0x4D, 0x5F, 0x4D, 0x5F, 0x4D, 0x5F, 0x4D,
    0x5F, 0x4D, 0x5F, 0x4D, 0x5F, 0x4D, 0x5F, 0x4D, 0x5F, 0x4D, 0x5F, 0x4D, 0x5F, 0x4D, 0x5F, 0x4D,
    0x5F, 0x4D, 0x5F, 0x4D, 0x5F, 0x4D, 0x5F, 0x4D, 0x5F, 0x4D, 0x5F, 0x4D, 0x5F, 0x4D, 0x5F, 0x4D,
    0x5F, 0x4D, 0x5F, 0x4D, 0x5F, 0x4D, 0x5F, 0x4D, 0x5F, 0x4D, 0x5F, 0x4D, 0x5F, 0x4D, 0x5F, 0x4D,
    0x5F, 0x4D, 0x5F, 0x4D, 0x5F, 0x4D, 0x5F, 0x4D, 0x5F, 0x4D, 0x5F, 0x4D, 0x5F, 0x4D, 0x5F, 0x4D,
    0x5F, 0x4D, 0x5F, 0x4D, 0x5F, 0x4D, 0x5F, 0x4D, 0x5F, 0x4D, 0x5F, 0xFF, 0x4D, 0x5F, 0x4D, 0x5F,
    0x4D, 0x5F, 0x4D, 0x5F, 0x4D, 0x5F, 0x4D, 0x5F, 0x4D, 0x5F, 0x4D, 0x5F, 0x4D, 0x5F, 0x4D, 0x5F,
    0x4D, 0x5F, 0x4D, 0x5F, 0x4D, 0x5F, 0x4D, 0x5F, 0x4D, 0x5F, 0x4D, 0x5F, 0x4D, 0x5F, 0x4D, 0x5F,
    0x4D, 0x5F, 0x4D, 0x5F, 0x4D, 0x5F, 0x4D, 0x5F, 0x4D, 0x5F, 0x4D, 0x5F, 0x4D, 0x5F, 0x4D, 0x5F,
    0x4D, 0x5F, 0x4D, 0x5F, 0x4D, 0x5F, 0x4D, 0x5F, 0x4D, 0x5F, 0x4D, 0x5F, 0x4D, 0x5F, 0x4D, 0x5F,
    0x4D, 0x5F, 0x4D, 0x5F, 0x4D, 0x5F, 0x4D, 0x5F, 0x4D, 0x5F, 0x4D, 0x5F, 0x4D, 0x5F, 0x4D, 0x5F,
    0x4D, 0x5F, 0x4D, 0x5F, 0x4D, 0x5F, 0x4D, 0x5F, 0x4D, 0x5F, 0x4D, 0x5F, 0x4D, 0x5F, 0x4D, 0x5F,
    0x4D, 0x5F, 0x4D, 0x5F, 0x4D, 0x5F, 0x4D, 0x5F, 0x4D, 0x5F, 0x4D, 0x5F, 0x4D, 0x5F, 0x4D, 0x5F,
    0x4D, 0x5F, 0x4D, 0x5F, 0x4D, 0x5F, 0x4D, 0x5F, 0x4D, 0x5F, 0x4D, 0x5F, 0xD5, 0x4D, 0x5F, 0x4D,
    0x5F, 0x4D, 0x5F, 0x4D, 0x5F, 0x4D, 0x5F, 0x4D, 0x5F, 0x4D, 0x5F, 0x4D, 0x5F, 0x4D, 0x5F, 0x4D,
    0x5F, 0x4D, 0x5F, 0x4D, 0x5F, 0x4D, 0x5F, 0x4D, 0x5F, 0x4D, 0x5F, 0x4D, 0x5F, 0x4D, 0x5F, 0x4D,
    0x5F, 0x4D, 0x5F, 0x4D, 0x5F, 0x4D, 0x5F, 0x4D, 0x5F, 0x4D, 0x5F, 0x4D, 0x5F, 0x4D, 0x5F, 0x4D,
    0x5F, 0x4D, 0x5F, 0x4D, 0x5F, 0x4D, 0x5F, 0x4D, 0x5F, 0x4D, 0x5F, 0x4D, 0x5F, 0x4D, 0x5F, 0x4D,
    0x5F, 0x4D, 0x5F, 0x4D, 0x5F, 0x4D, 0x5F, 0x4D, 0x5F, 0x4D, 0x5F, 0x4D, 0x5F, 0x4D, 0x5F, 0x4D,
    0x9F, 0x22, 0xD0, 0x0A, 0x00, 0xFF, 0x59, 0x07, 0xFB, 0x37, 0xFB, 0x16, 0xFB, 0x36, 0xFB, 0x36,
    0xFB, 0x36, 0xFB, 0x36, 0xFB, 0x36, 0xFB, 0x36, 0xFB, 0x36, 0xFB, 0x36, 0xFB, 0x36, 0xFB, 0x36,
    0xFB, 0x36, 0xFB, 0x36, 0xFB, 0x36, 0xFB, 0x36, 0xFB, 0x36, 0xFB, 0x36, 0xFB, 0x36, 0xFB, 0x36,
    0xFB, 0x36, 0xFB, 0x36, 0xFB, 0x36, 0xFB, 0x36, 0xFB, 0x37, 0xFB, 0x37, 0xFB, 0x37, 0xFB, 0x57,
    0xFB, 0x57, 0xFB, 0x57, 0xFB, 0x57, 0xFB, 0x57, 0xFB, 0x57, 0xFB, 0x37, 0xFB, 0x36, 0xFB, 0x36,
    0xFB, 0x36, 0xFB, 0x36, 0xFB, 0x36, 0xFB, 0x36, 0xFB, 0x36, 0xFB, 0x36, 0xFB, 0x36, 0xFB, 0x36,
    0xFB, 0x36, 0xFB, 0x36, 0xFB, 0x36, 0xFB, 0x36, 0xFB, 0x36, 0xFB, 0x36, 0xFB, 0x36, 0xFB, 0x36,
    0xFB, 0x57, 0xA1, 0xED, 0x11, 0xAA, 0x4D, 0x9F, 0x4D, 0x5F, 0x4D, 0x5F, 0x4D, 0x5F, 0x4D, 0x5F,
    0x4D, 0x5F, 0x4D, 0x5F, 0x4D, 0x5F, 0xFF, 0x4D, 0x5F, 0x4D, 0x5F, 0x4D, 0x5F, 0x4D, 0x5F, 0x4D,
    0x5F, 0x4D, 0x5F, 0x4D, 0x5F, 0x4D, 0x5F, 0x4D, 0x5F, 0x4D, 0x5F, 0x4D, 0x5F, 0x4D, 0x5F, 0x4D,
    0x5F, 0x4D, 0x5F, 0x4D, 0x5F, 0x4D, 0x5F, 0x4D, 0x5F, 0x4D, 0x5F, 0x4D, 0x5F, 0x4D, 0x5F, 0x4D,
    0x5F, 0x4D, 0x5F, 0x4D, 0x5F, 0x4D, 0x5F, 0x4D, 0x5F, 0x4D, 0x5F, 0x4D, 0x5F, 0x4D, 0x5F, 0x4D,
    0x5F, 0x4D, 0x5F, 0x4D, 0x5F, 0x4D, 0x5F, 0x4D, 0x5F, 0x4D, 0x5F, 0x4D, 0x5F, 0x4D, 0x5F, 0x4D,
    0x5F, 0x4D, 0x5F, 0x4D, 0x5F, 0x4D, 0x5F, 0x4D, 0x5F, 0x4D, 0x5F, 0x4D, 0x5F, 0x4D, 0x5F, 0x4D,
    0x5F, 0x4D, 0x5F, 0x4D, 0x5F, 0x4D, 0x5F, 0x4D, 0x5F, 0x4D, 0x5F, 0x4D, 0x5F, 0x4D, 0x5F, 0x4D,
    0x5F, 0x4D, 0x5F, 0x4D, 0x5F, 0x4D, 0x5F, 0x4D, 0x5F, 0x4D, 0x5F, 0x4D, 0x5F, 0x4D, 0x5F, 0x4D,
    0x5F, 0x4D, 0x5F, 0x4D, 0x5F, 0x4D, 0x5F, 0xFF, 0x4D, 0x5F, 0x4D, 0x5F, 0x4D, 0x5F, 0x4D, 0x5F,
    0x4D, 0x5F, 0x4D, 0x5F, 0x4D, 0x5F, 0x4D, 0x5F, 0x4D, 0x5F, 0x4D, 0x5F, 0x4D, 0x5F, 0x4D, 0x5F,
    0x4D, 0x5F, 0x4D, 0x5F, 0x4D, 0x5F, 0x4D, 0x5F, 0x4D, 0x5F, 0x4D, 0x5F, 0x4D, 0x5F, 0x4D, 0x5F,
    0x4D, 0x5F, 0x4D, 0x5F, 0x4D, 0x5F, 0x4D, 0x5F, 0x4D, 0x5F, 0x4D, 0x5F, 0x4D, 0x5F, 0x4D, 0x5F,
    0x4D, 0x5F, 0x4D, 0x5F, 0x4D, 0x5F, 0x4D, 0x5F, 0x4D, 0x5F, 0x4D, 0x5F, 0x4D, 0x5F, 0x4D, 0x5F,
    0x4D, 0x5F, 0x4D, 0x5F, 0x4D, 0x5F, 0x4D, 0x5F, 0x4D, 0x5F, 0x4D, 0x5F, 0x4D, 0x5F, 0x4D, 0x5F,
    0x4D, 0x5F, 0x4D, 0x5F, 0x4D, 0x5F, 0x4D, 0x5F, 0x4D, 0x5F, 0x4D, 0x5F, 0x4D, 0x5F, 0x4D, 0x5F,
    0x4D, 0x5F, 0x4D, 0x5F, 0x4D, 0x5F, 0x4D, 0x5F, 0x4D, 0x5F, 0x4D, 0x5F, 0x4D, 0x5F, 0x4D, 0x5F,
    0x4D, 0x5F, 0x4D, 0x5F, 0x4D, 0x5F, 0x4D, 0x5F, 0xD5, 0x4D, 0x5F, 0x4D, 0x5F, 0x4D, 0x5F, 0x4D,
    0x5F, 0x4D, 0x5F, 0x4D, 0x5F, 0x4D, 0x5F, 0x4D, 0x5F, 0x4D, 0x5F, 0x4D, 0x5F, 0x4D, 0x5F, 0x4D,
    0x5F, 0x4D, 0x5F, 0x4D, 0x5F, 0x4D, 0x5F, 0x4D, 0x5F, 0x4D, 0x5F, 0x4D, 0x5F, 0x4D, 0x5F, 0x4D,
    0x5F, 0x4D, 0x5F, 0x4D, 0x5F, 0x4D, 0x5F, 0x4D, 0x5F, 0x4D, 0x5F, 0x4D, 0x5F, 0x4D, 0x5F, 0x4D,
    0x5F, 0x4D, 0x5F, 0x4D, 0x5F, 0x4D, 0x5F, 0x4D, 0x5F, 0x4D, 0x5F, 0x4D, 0x5F, 0x4D, 0x5F, 0x4D,
    0x5F, 0x4D, 0x5F, 0x4D, 0x5F, 0x4D, 0x5F, 0x4D, 0x5F, 0x4D, 0x5F, 0x4D, 0x9F, 0x22, 0xD0, 0x0A,
    0x00, 0xFF, 0x48, 0xE6, 0xFB, 0x37, 0xFB, 0x16, 0xFB, 0x36, 0xFB, 0x36, 0xFB, 0x36, 0xFB, 0x36,
    0xFB, 0x36, 0xFB, 0x36, 0xFB, 0x36, 0xFB, 0x36, 0xFB, 0x36, 0xFB, 0x36, 0xFB, 0x36, 0xFB, 0x36,
    0xFB, 0x36, 0xFB, 0x36, 0xFB, 0x36, 0xFB, 0x36, 0xFB, 0x36, 0xFB, 0x36, 0xF2, 0xF5, 0xF2, 0xF5,
    0xF2, 0xF5, 0xE2, 0xD4, 0xD2, 0xB3, 0xCA, 0x91, 0xBA, 0x50, 0xBA, 0x50, 0xBA, 0x50, 0xAA, 0x2F,
    0xBA, 0x50, 0xBA, 0x50, 0xBA, 0x50, 0xCA, 0x91, 0xF2, 0xF5, 0xFB, 0x36, 0xFB, 0x36, 0xFB, 0x36,
    0xFB, 0x36, 0xFB, 0x36, 0xFB, 0x36, 0xFB, 0x36, 0xFB, 0x36, 0xFB, 0x36, 0xFB, 0x36, 0xFB, 0x36,
    0xFB, 0x36, 0xFB, 0x36, 0xFB, 0x36, 0xFB, 0x36, 0xFB, 0x36, 0xFB, 0x16, 0xFB, 0x57, 0xA1, 0xED,
    0x11, 0xAA, 0x4D, 0x9F, 0x4D, 0x5F, 0x4D, 0x5F, 0x4D, 0x5F, 0x4D, 0x5F, 0x4D, 0x5F, 0x4D, 0x5F,
    0x4D, 0x5F, 0xFF, 0x4D, 0x5F, 0x4D, 0x5F, 0x4D, 0x5F, 0x4D, 0x5F, 0x4D, 0x5F, 0x4D, 0x5F, 0x4D,
    0x5F, 0x4D, 0x5F, 0x4D, 0x5F, 0x4D, 0x5F, 0x4D, 0x5F, 0x4D, 0x5F, 0x4D, 0x5F, 0x4D, 0x5F, 0x4D,
    0x5F, 0x4D, 0x5F, 0x4D, 0x5F, 0x4D, 0x5F, 0x4D, 0x5F, 0x4D, 0x5F, 0x4D, 0x5F, 0x4D, 0x5F, 0x4D,
    0x5F, 0x4D, 0x5F, 0x4D, 0x5F, 0x4D, 0x5F, 0x4D, 0x5F, 0x4D, 0x5F, 0x4D, 0x5F, 0x4D, 0x5F, 0x4D,
    0x5F, 0x4D, 0x5F, 0x4D, 0x5F, 0x4D, 0x5F, 0x4D, 0x5F, 0x4D, 0x5F, 0x4D, 0x5F, 0x4D, 0x5F, 0x4D,
    0x5F, 0x4D, 0x5F, 0x4D, 0x5F, 0x4D, 0x5F, 0x4D, 0x5F, 0x4D, 0x5F, 0x4D, 0x5F, 0x4D, 0x5F, 0x4D,
    0x5F, 0x4D, 0x5F, 0x4D, 0x5F, 0x4D, 0x5F, 0x4D, 0x5F, 0x4D, 0x5F, 0x4D, 0x5F, 0x4D, 0x5F, 0x4D,
    0x5F, 0x4D, 0x5F, 0x4D, 0x5F, 0x4D, 0x5F, 0x4D, 0x5F, 0x4D, 0x5F, 0x4D, 0x5F, 0x4D, 0x5F, 0x4D,
    0x5F, 0x4D, 0x5F, 0xFF, 0x4D, 0x5F, 0x4D, 0x5F, 0x4D, 0x5F, 0x4D, 0x5F, 0x4D, 0x5F, 0x4D, 0x5F,
    0x4D, 0x5F, 0x4D, 0x5F, 0x4D, 0x5F, 0x4D, 0x5F, 0x4D, 0x5F, 0x4D, 0x5F, 0x4D, 0x5F, 0x4D, 0x5F,
    0x4D, 0x5F, 0x4D, 0x5F, 0x4D, 0x5F, 0x4D, 0x5F, 0x4D, 0x5F, 0x4D, 0x5F, 0x4D, 0x5F, 0x4D, 0x5F,
    0x4D, 0x5F, 0x4D, 0x5F, 0x4D, 0x5F, 0x4D, 0x5F, 0x4D, 0x5F, 0x4D, 0x5F, 0x4D, 0x5F, 0x4D, 0x5F,
    0x4D, 0x5F, 0x4D, 0x5F, 0x4D, 0x5F, 0x4D, 0x5F, 0x4D, 0x5F, 0x4D, 0x5F, 0x4D, 0x5F, 0x4D, 0x5F,
    0x4D, 0x5F, 0x4D, 0x5F, 0x4D, 0x5F, 0x4D, 0x5F, 0x4D, 0x5F, 0x4D, 0x5F, 0x4D, 0x5F, 0x4D, 0x5F,
    0x4D, 0x5F, 0x4D, 0x5F, 0x4D, 0x5F, 0x4D, 0x5F, 0x4D, 0x5F, 0x4D, 0x5F, 0x4D, 0x5F, 0x4D, 0x5F,
    0x4D, 0x5F, 0x4D, 0x5F, 0x4D, 0x5F, 0x4D, 0x5F, 0x4D, 0x5F, 0x4D, 0x5F, 0x4D, 0x5F, 0x4D, 0x5F,
    0x4D, 0x5F, 0x4D, 0x5F, 0xD5, 0x4D, 0x5F, 0x4D, 0x5F, 0x4D, 0x5F, 0x4D, 0x5F, 0x4D, 0x5F, 0x4D,
    0x5F, 0x4D, 0x5F, 0x4D, 0x5F, 0x4D, 0x5F, 0x4D, 0x5F, 0x4D, 0x5F, 0x4D, 0x5F, 0x4D, 0x5F, 0x4D,
    0x5F, 0x4D, 0x5F, 0x4D, 0x5F, 0x4D, 0x5F, 0x4D, 0x5F, 0x4D, 0x5F, 0x4D, 0x5F, 0x4D, 0x5F, 0x4D,
    0x5F, 0x4D, 0x5F, 0x4D, 0x5F, 0x4D, 0x5F, 0x4D, 0x5F, 0x4D, 0x5F, 0x4D, 0x5F, 0x4D, 0x5F, 0x4D,
    0x5F, 0x4D, 0x5F, 0x4D, 0x5F, 0x4D, 0x5F, 0x4D, 0x5F, 0x4D, 0x5F, 0x4D, 0x5F, 0x4D, 0x5F, 0x4D,
    0x5F, 0x4D, 0x5F, 0x4D, 0x5F, 0x4D, 0x5F, 0x4D, 0x9F, 0x22, 0xD0, 0x0A, 0x00, 0xB1, 0x48, 0xE6,
    0xFB, 0x37, 0xFB, 0x16, 0xFB, 0x36, 0xFB, 0x36, 0xFB, 0x36, 0xFB, 0x36, 0xFB, 0x36, 0xFB, 0x36,
    0xFB, 0x36, 0xFB, 0x36, 0xFB, 0x36, 0xFB, 0x36, 0xFB, 0x36, 0xFB, 0x36, 0xFB, 0x36, 0xFB, 0x36,
    0xFB, 0x36, 0xFB, 0x36, 0xE2, 0xD4, 0x30, 0xA5, 0x20, 0x63, 0x20, 0x63, 0x10, 0x41, 0x10, 0x41,
    0x14, 0x00, 0xFF, 0x59, 0x07, 0xFB, 0x37, 0xFB, 0x16, 0xFB, 0x36, 0xFB, 0x36, 0xFB, 0x36, 0xFB,
    0x36, 0xFB, 0x36, 0xFB, 0x36, 0xFB, 0x36, 0xFB, 0x36, 0xFB, 0x36, 0xFB, 0x36, 0xFB, 0x36, 0xFB,
    0x36, 0xFB, 0x36, 0xFB, 0x36, 0xFB, 0x16, 0xFB, 0x57, 0xAA, 0x2F, 0x11, 0xAA, 0x4D, 0x9F, 0x4D,
    0x5F, 0x4D, 0x5F, 0x4D, 0x5F, 0x4D, 0x5F, 0x4D, 0x5F, 0x4D, 0x5F, 0x4D, 0x5F, 0x4D, 0x5F, 0x4D,
    0x5F, 0x4D, 0x5F, 0x4D, 0x5F, 0x4D, 0x5F, 0x4D, 0x5F, 0x4D, 0x5F, 0x4D, 0x5F, 0x4D, 0x5F, 0x4D,
    0x5F, 0x4D, 0x5F, 0x4D, 0x5F, 0x4D, 0x5F, 0x4D, 0x5F, 0x4D, 0x5F, 0x4D, 0x5F, 0x4D, 0x5F, 0x4D,
    0x5F, 0x4D, 0x5F, 0x4D, 0x5F, 0x4D, 0x5F, 0x4D, 0x5F, 0x4D, 0x5F, 0x4D, 0x5F, 0x4D, 0x5F, 0x4D,
    0x5F, 0x4D, 0x5F, 0x4D, 0x5F, 0x4D, 0x5F, 0x4D, 0x5F, 0x4D, 0x5F, 0x4D, 0x5F, 0x4D, 0x5F, 0x4D,
    0x5F, 0x4D, 0x5F, 0xFF, 0x4D, 0x5F, 0x4D, 0x5F, 0x4D, 0x5F, 0x4D, 0x5F, 0x4D, 0x5F, 0x4D, 0x5F,
    0x4D, 0x5F, 0x4D, 0x5F, 0x4D, 0x5F, 0x4D, 0x5F, 0x4D, 0x5F, 0x4D, 0x5F, 0x4D, 0x5F, 0x4D, 0x5F,
    0x4D, 0x5F, 0x4D, 0x5F, 0x4D, 0x5F, 0x4D, 0x5F, 0x4D, 0x5F, 0x4D, 0x5F, 0x4D, 0x5F, 0x4D, 0x5F,
    0x4D, 0x5F, 0x4D, 0x5F, 0x4D, 0x5F, 0x4D, 0x5F, 0x4D, 0x5F, 0x4D, 0x5F, 0x4D, 0x5F, 0x4D, 0x5F,
    0x4D, 0x5F, 0x4D, 0x5F, 0x4D, 0x5F, 0x4D, 0x5F, 0x4D, 0x5F, 0x4D, 0x5F, 0x4D, 0x5F, 0x4D, 0x5F,
    0x4D, 0x5F, 0x4D, 0x5F, 0x4D, 0x5F, 0x4D, 0x5F, 0x4D, 0x5F, 0x4D, 0x5F, 0x4D, 0x5F, 0x4D, 0x5F,
    0x4D, 0x5F, 0x4D, 0x5F, 0x4D, 0x5F, 0x4D, 0x5F, 0x4D, 0x5F, 0x4D, 0x5F, 0x4D, 0x5F, 0x4D, 0x5F,
    0x4D, 0x5F, 0x4D, 0x5F, 0x4D, 0x5F, 0x4D, 0x5F, 0x4D, 0x5F, 0x4D, 0x5F, 0x4D, 0x5F, 0x4D, 0x5F,
    0x4D, 0x5F, 0x4D, 0x5F, 0xFF, 0x4D, 0x5F, 0x4D, 0x5F, 0x4D, 0x5F, 0x4D, 0x5F, 0x4D, 0x5F, 0x4D,
    0x5F, 0x4D, 0x5F, 0x4D, 0x5F, 0x4D, 0x5F, 0x4D, 0x5F, 0x4D, 0x5F, 0x4D, 0x5F, 0x4D, 0x5F, 0x4D,
    0x5F, 0x4D, 0x5F, 0x4D, 0x5F, 0x4D, 0x5F, 0x4D, 0x5F, 0x4D, 0x5F, 0x4D, 0x5F, 0x4D, 0x5F, 0x4D,
    0x5F, 0x4D, 0x5F, 0x4D, 0x5F, 0x4D, 0x5F, 0x4D, 0x5F, 0x4D, 0x5F, 0x4D, 0x5F, 0x4D, 0x5F, 0x4D,
    0x5F, 0x4D, 0x5F, 0x4D, 0x5F, 0x4D, 0x5F, 0x4D, 0x5F, 0x4D, 0x5F, 0x4D, 0x5F, 0x4D, 0x5F, 0x4D,
    0x5F, 0x4D, 0x5F, 0x4D, 0x5F, 0x4D, 0x5F, 0x4D, 0x5F, 0x4D, 0x5F, 0x4D, 0x5F, 0x4D, 0x5F, 0x4D,
    0x5F, 0x4D, 0x5F, 0x4D, 0x5F, 0x4D, 0x5F, 0x4D, 0x5F, 0x4D, 0x5F, 0x4D, 0x5F, 0x4D, 0x5F, 0x4D,
    0x5F, 0x4D, 0x5F, 0x4D, 0x5F, 0x4D, 0x5F, 0x4D, 0x5F, 0x4D, 0x5F, 0x4D, 0x5F, 0x4D, 0x5F, 0x4D,
    0x5F, 0x4D, 0x5F, 0x4D, 0x5F, 0x8F, 0x4D, 0x5F, 0x4D, 0x5F, 0x4D, 0x5F, 0x4D, 0x5F, 0x4D, 0x5F,
    0x4D, 0x5F, 0x4D, 0x9F, 0x22, 0xD0, 0x0A, 0x00, 0xA9, 0x48, 0xE6, 0xFB, 0x37, 0xFB, 0x16, 0xFB,
    0x36, 0xFB, 0x36, 0xFB, 0x36, 0xFB, 0x36, 0xFB, 0x36, 0xFB, 0x36, 0xFB, 0x36, 0xFB, 0x36, 0xFB,
    0x36, 0xFB, 0x36, 0xFB, 0x36, 0xFB, 0x36, 0xFB, 0x36, 0xFB, 0x36, 0xFB, 0x16, 0xFB, 0x37, 0xE2,
    0xD4, 0x10, 0x41, 0x1C, 0x00, 0xFF, 0x89, 0xCC, 0xFB, 0x37, 0xFB, 0x16, 0xFB, 0x36, 0xFB, 0x36,
    0xFB, 0x36, 0xFB, 0x36, 0xFB, 0x36, 0xFB, 0x36, 0xFB, 0x36, 0xFB, 0x36, 0xFB, 0x36, 0xFB, 0x36,
    0xFB, 0x36, 0xFB, 0x36, 0xFB, 0x36, 0xFB, 0x36, 0xFB, 0x16, 0xFB, 0x57, 0xAA, 0x2F, 0x11, 0xAA,
    0x4D, 0x9F, 0x4D, 0x5F, 0x4D, 0x5F, 0x4D, 0x5F, 0x4D, 0x5F, 0x4D, 0x5F, 0x4D, 0x5F, 0x4D, 0x5F,
    0x4D, 0x5F, 0x4D, 0x5F, 0x4D, 0x5F, 0x4D, 0x5F, 0x4D, 0x5F, 0x4D, 0x5F, 0x4D, 0x5F, 0x4D, 0x5F,
    0x4D, 0x5F, 0x4D, 0x5F, 0x4D, 0x5F, 0x4D, 0x5F, 0x4D, 0x5F, 0x4D, 0x5F, 0x4D, 0x5F, 0x4D, 0x5F,
    0x4D, 0x5F, 0x4D, 0x5F, 0x4D, 0x5F, 0x4D, 0x5F, 0x4D, 0x5F, 0x4D, 0x5F, 0x4D, 0x5F, 0x4D, 0x5F,
    0x4D, 0x5F, 0x4D, 0x5F, 0x4D, 0x5F, 0x4D, 0x5F, 0x4D, 0x5F, 0x4D, 0x5F, 0x4D, 0x5F, 0x4D, 0x5F,
    0x4D, 0x5F, 0x4D, 0x5F, 0x4D, 0x5F, 0xFF, 0x4D, 0x5F, 0x4D, 0x5F, 0x4D, 0x5F, 0x4D, 0x5F, 0x4D,
    0x5F, 0x4D, 0x5F, 0x4D, 0x5F, 0x4D, 0x5F, 0x4D, 0x5F, 0x4D, 0x5F, 0x4D, 0x5F, 0x4D, 0x5F, 0x4D,
    0x5F, 0x4D, 0x5F, 0x4D, 0x5F, 0x4D, 0x5F, 0x4D, 0x5F, 0x4D, 0x5F, 0x4D, 0x5F, 0x4D, 0x5F, 0x4D,
    0x5F, 0x4D, 0x5F, 0x4D, 0x5F, 0x4D, 0x5F, 0x4D, 0x5F, 0x4D, 0x5F, 0x4D, 0x5F, 0x4D, 0x5F, 0x4D,
    0x5F, 0x4D, 0x5F, 0x4D, 0x5F, 0x4D, 0x5F, 0x4D, 0x5F, 0x4D, 0x5F, 0x4D, 0x5F, 0x4D, 0x5F, 0x4D,
    0x5F, 0x4D, 0x5F, 0x4D, 0x5F, 0x4D, 0x5F, 0x4D, 0x5F, 0x4D, 0x5F, 0x4D, 0x5F, 0x4D, 0x5F, 0x4D,
    0x5F, 0x4D, 0x5F, 0x4D, 0x5F, 0x4D, 0x5F, 0x4D, 0x5F, 0x4D, 0x5F, 0x4D, 0x5F, 0x4D, 0x5F, 0x4D,
    0x5F, 0x4D, 0x5F, 0x4D, 0x5F, 0x4D, 0x5F, 0x4D, 0x5F, 0x4D, 0x5F, 0x4D, 0x5F, 0x4D, 0x5F, 0x4D,
    0x5F, 0x4D, 0x5F, 0x4D, 0x5F, 0x4D, 0x5F, 0xFF, 0x4D, 0x5F, 0x4D, 0x5F, 0x4D, 0x5F, 0x4D, 0x5F,
    0x4D, 0x5F, 0x4D, 0x5F, 0x4D, 0x5F, 0x4D, 0x5F, 0x4D, 0x5F, 0x4D, 0x5F, 0x4D, 0x5F, 0x4D, 0x5F,
    0x4D, 0x5F, 0x4D, 0x5F, 0x4D, 0x5F, 0x4D, 0x5F, 0x4D, 0x5F, 0x4D, 0x5F, 0x4D, 0x5F, 0x4D, 0x5F,
    0x4D, 0x5F, 0x4D, 0x5F, 0x4D, 0x5F, 0x4D, 0x5F, 0x4D, 0x5F, 0x4D, 0x5F, 0x4D, 0x5F, 0x4D, 0x5F,
    0x4D, 0x5F, 0x4D, 0x5F, 0x4D, 0x5F, 0x4D, 0x5F, 0x4D, 0x5F, 0x4D, 0x5F, 0x4D, 0x5F, 0x4D, 0x5F,
    0x4D, 0x5F, 0x4D, 0x5F, 0x4D, 0x5F, 0x4D, 0x5F, 0x4D, 0x5F, 0x4D, 0x5F, 0x4D, 0x5F, 0x4D, 0x5F,
    0x4D, 0x5F, 0x4D, 0x5F, 0x4D, 0x5F, 0x4D, 0x5F, 0x4D, 0x5F, 0x4D, 0x5F, 0x4D, 0x5F, 0x4D, 0x5F,
    0x4D, 0x5F, 0x4D, 0x5F, 0x4D, 0x5F, 0x4D, 0x5F, 0x4D, 0x5F, 0x4D, 0x5F, 0x4D, 0x5F, 0x4D, 0x5F,
    0x4D, 0x5F, 0x4D, 0x5F, 0x4D, 0x5F, 0x4D, 0x5F, 0x8F, 0x4D, 0x5F, 0x4D, 0x5F, 0x4D, 0x5F, 0x4D,
    0x5F, 0x4D, 0x5F, 0x4D, 0x5F, 0x4D, 0x9F, 0x22, 0xD0, 0x0A, 0x00, 0xAF, 0x48, 0xE6, 0xFB, 0x37,
    0xFB, 0x36, 0xFB, 0x36, 0xFB, 0x36, 0xFB, 0x36, 0xFB, 0x36, 0xFB, 0x36, 0xFB, 0x36, 0xFB, 0x36,
    0xFB, 0x36, 0xFB, 0x36, 0xFB, 0x36, 0xFB, 0x36, 0xFB, 0x36, 0xFB, 0x36, 0xFB, 0x36, 0xFB, 0x36,
    0xFB, 0x16, 0xFB, 0x36, 0xE2, 0xD4, 0x79, 0x8A, 0x30, 0xA5, 0x00, 0x21, 0x0E, 0x00, 0xFF, 0x10,
    0x41, 0x30, 0xA5, 0x69, 0x49, 0xBA, 0x50, 0xFB, 0x37, 0xFB, 0x36, 0xFB, 0x36, 0xFB, 0x36, 0xFB,
    0x36, 0xFB, 0x36, 0xFB, 0x36, 0xFB, 0x36, 0xFB, 0x36, 0xFB, 0x36, 0xFB, 0x36, 0xFB, 0x36, 0xFB,
    0x36, 0xFB, 0x36, 0xFB, 0x36, 0xFB, 0x36, 0xFB, 0x36, 0xFB, 0x16, 0xFB, 0x37, 0xAA, 0x2F, 0x11,
    0xAA, 0x4D, 0x9F, 0x4D, 0x5F, 0x4D, 0x5F, 0x4D, 0x5F, 0x4D, 0x5F, 0x4D, 0x5F, 0x4D, 0x5F, 0x4D,
    0x5F, 0x4D, 0x5F, 0x4D, 0x5F, 0x4D, 0x5F, 0x4D, 0x5F, 0x4D, 0x5F, 0x4D, 0x5F, 0x4D, 0x5F, 0x4D,
    0x5F, 0x4D, 0x5F, 0x4D, 0x5F, 0x4D, 0x5F, 0x4D, 0x5F, 0x4D, 0x5F, 0x4D, 0x5F, 0x4D, 0x5F, 0x4D,
    0x5F, 0x4D, 0x5F, 0x4D, 0x5F, 0x4D, 0x5F, 0x4D, 0x5F, 0x4D, 0x5F, 0x4D, 0x5F, 0x4D, 0x5F, 0x4D,
    0x5F, 0x4D, 0x5F, 0x4D, 0x5F, 0x4D, 0x5F, 0x4D, 0x5F, 0x4D, 0x5F, 0x4D, 0x5F, 0x4D, 0x5F, 0xFF,
    0x4D, 0x5F, 0x4D, 0x5F, 0x4D, 0x5F, 0x4D, 0x5F, 0x4D, 0x5F, 0x4D, 0x5F, 0x4D, 0x5F, 0x4D, 0x5F,
    0x4D, 0x5F, 0x4D, 0x5F, 0x4D, 0x5F, 0x4D, 0x5F, 0x4D, 0x5F, 0x4D, 0x5F, 0x4D, 0x5F, 0x4D, 0x5F,
    0x4D, 0x5F, 0x4D, 0x5F, 0x4D, 0x5F, 0x4D, 0x5F, 0x4D, 0x5F, 0x4D, 0x5F, 0x4D, 0x5F, 0x4D, 0x5F,
    0x4D, 0x5F, 0x4D, 0x5F, 0x4D, 0x5F, 0x4D, 0x5F, 0x4D, 0x5F, 0x4D, 0x5F, 0x4D, 0x5F, 0x4D, 0x5F,
    0x4D, 0x5F, 0x4D, 0x5F, 0x4D, 0x5F, 0x4D, 0x5F, 0x4D, 0x5F, 0x4D, 0x5F, 0x4D, 0x5F, 0x4D, 0x5F,
    0x4D, 0x5F, 0x4D, 0x5F, 0x4D, 0x5F, 0x4D, 0x5F, 0x4D, 0x5F, 0x4D, 0x5F, 0x4D, 0x5F, 0x4D, 0x5F,
    0x4D, 0x5F, 0x4D, 0x5F, 0x4D, 0x5F, 0x4D, 0x5F, 0x4D, 0x5F, 0x4D, 0x5F, 0x4D, 0x5F, 0x4D, 0x5F,
    0x4D, 0x5F, 0x4D, 0x5F, 0x4D, 0x5F, 0x4D, 0x5F, 0x4D, 0x5F, 0x4D, 0x5F, 0x4D, 0x5F, 0x4D, 0x5F,
    0xFF, 0x4D, 0x5F, 0x4D, 0x5F, 0x4D, 0x5F, 0x4D, 0x5F, 0x4D, 0x5F, 0x4D, 0x5F, 0x4D, 0x5F, 0x4D,
    0x5F, 0x4D, 0x5F, 0x4D, 0x5F, 0x4D, 0x5F, 0x4D, 0x5F, 0x4D, 0x5F, 0x4D, 0x5F, 0x4D, 0x5F, 0x4D,
    0x5F, 0x4D, 0x5F, 0x4D, 0x5F, 0x4D, 0x5F, 0x4D, 0x5F, 0x4D, 0x5F, 0x4D, 0x5F, 0x4D, 0x5F, 0x4D,
    0x5F, 0x4D, 0x5F, 0x4D, 0x5F, 0x4D, 0x5F, 0x4D, 0x5F, 0x4D, 0x5F, 0x4D, 0x5F, 0x4D, 0x5F, 0x4D,
    0x5F, 0x4D, 0x5F, 0x4D, 0x5F, 0x4D, 0x5F, 0x4D, 0x5F, 0x4D, 0x5F, 0x4D, 0x5F, 0x4D, 0x5F, 0x4D,
    0x5F, 0x4D, 0x5F, 0x4D, 0x5F, 0x4D, 0x5F, 0x4D, 0x5F, 0x4D, 0x5F, 0x4D, 0x5F, 0x4D, 0x5F, 0x4D,
    0x5F, 0x4D, 0x5F, 0x4D, 0x5F, 0x4D, 0x5F, 0x4D, 0x5F, 0x4D, 0x5F, 0x4D, 0x5F, 0x4D, 0x5F, 0x4D,
    0x5F, 0x4D, 0x5F, 0x4D, 0x5F, 0x4D, 0x5F, 0x4D, 0x5F, 0x4D, 0x5F, 0x4D, 0x5F, 0x4D, 0x5F, 0x4D,
    0x5F, 0x97, 0x4D, 0x5F, 0x4D, 0x5F, 0x4D, 0x5F, 0x4D, 0x5F, 0x4D, 0x5F, 0x4D, 0x5F, 0x4D, 0x5F,
    0x4D, 0x5F, 0x4D, 0x5F, 0x4D, 0x5F, 0x4D, 0x9F, 0x22, 0xD0, 0x0A, 0x00, 0xFF, 0x48, 0xE6, 0xFB,
    0x37, 0xFB, 0x36, 0xFB, 0x36, 0xFB, 0x36, 0xFB, 0x36, 0xFB, 0x36, 0xFB, 0x36, 0xFB, 0x36, 0xFB,
    0x36, 0xFB, 0x36, 0xFB, 0x36, 0xFB, 0x36, 0xFB, 0x36, 0xFB, 0x36, 0xFB, 0x36, 0xFB, 0x36, 0xFB,
    0x36, 0xFB, 0x36, 0xFB, 0x36, 0xFB, 0x37, 0xFB, 0x57, 0xFB, 0x36, 0xD2, 0xB3, 0xBA, 0x50, 0xAA,
    0x2F, 0xBA, 0x50, 0xBA, 0x50, 0xCA, 0x91, 0xCA, 0x91, 0xD2, 0xB3, 0xE2, 0xD4, 0xFB, 0x36, 0xFB,
    0x57, 0xFB, 0x57, 0xFB, 0x36, 0xFB, 0x36, 0xFB, 0x36, 0xFB, 0x36, 0xFB, 0x36, 0xFB, 0x36, 0xFB,
    0x36, 0xFB, 0x36, 0xFB, 0x36, 0xFB, 0x36, 0xFB, 0x36, 0xFB, 0x36, 0xFB, 0x36, 0xFB, 0x36, 0xFB,
    0x36, 0xFB, 0x36, 0xFB, 0x36, 0xFB, 0x16, 0xFB, 0x57, 0xAA, 0x2F, 0x11, 0xAA, 0x4D, 0x9F, 0x4D,
    0x5F, 0x4D, 0x5F, 0x4D, 0x5F, 0x4D, 0x5F, 0x4D, 0x5F, 0x4D, 0x5F, 0x4D, 0x5F, 0xFF, 0x4D, 0x5F,
    0x4D, 0x5F, 0x4D, 0x5F, 0x4D, 0x5F, 0x4D, 0x5F, 0x4D, 0x5F, 0x4D, 0x5F, 0x4D, 0x5F, 0x4D, 0x5F,
    0x4D, 0x5F, 0x4D, 0x5F, 0x4D, 0x5F, 0x4D, 0x5F, 0x4D, 0x5F, 0x4D, 0x5F, 0x4D, 0x5F, 0x4D, 0x5F,
    0x4D, 0x5F, 0x4D, 0x5F, 0x4D, 0x5F, 0x4D, 0x5F, 0x4D, 0x5F, 0x4D, 0x5F, 0x4D, 0x5F, 0x4D, 0x5F,
    0x4D, 0x5F, 0x4D, 0x5F, 0x4D, 0x5F, 0x4D, 0x5F, 0x4D, 0x5F, 0x4D, 0x5F, 0x4D, 0x5F, 0x4D, 0x5F,
    0x4D, 0x5F, 0x4D, 0x5F, 0x4D, 0x5F, 0x4D, 0x5F, 0x4D, 0x5F, 0x4D, 0x5F, 0x4D, 0x5F, 0x4D, 0x5F,
    0x4D, 0x5F, 0x4D, 0x5F, 0x4D, 0x5F, 0x4D, 0x5F, 0x4D, 0x5F, 0x4D, 0x5F, 0x4D, 0x5F, 0x4D, 0x5F,
    0x4D, 0x5F, 0x4D, 0x5F, 0x4D, 0x5F, 0x4D, 0x5F, 0x4D, 0x5F, 0x4D, 0x5F, 0x4D, 0x5F, 0x4D, 0x5F,
    0x4D, 0x5F, 0x4D, 0x5F, 0x4D, 0x5F, 0x4D, 0x5F, 0x4D, 0x5F, 0x4D, 0x5F, 0x4D, 0x5F, 0xFF, 0x4D,
    0x5F, 0x4D, 0x5F, 0x4D, 0x5F, 0x4D, 0x5F, 0x4D, 0x5F, 0x4D, 0x5F, 0x4D, 0x5F, 0x4D, 0x5F, 0x4D,
    0x5F, 0x4D, 0x5F, 0x4D, 0x5F, 0x4D, 0x5F, 0x4D, 0x5F, 0x4D, 0x5F, 0x4D, 0x5F, 0x4D, 0x5F, 0x4D,
    0x5F, 0x4D, 0x5F, 0x4D, 0x5F, 0x4D, 0x5F, 0x4D, 0x5F, 0x4D, 0x5F, 0x4D, 0x5F, 0x4D, 0x5F, 0x4D,
    0x5F, 0x4D, 0x5F, 0x4D, 0x5F, 0x4D, 0x5F, 0x4D, 0x5F, 0x4D, 0x5F, 0x4D, 0x5F, 0x4D, 0x5F, 0x4D,
    0x5F, 0x4D, 0x5F, 0x4D, 0x5F, 0x4D, 0x5F, 0x4D, 0x5F, 0x4D, 0x5F, 0x4D, 0x5F, 0x4D, 0x5F, 0x4D,
    0x5F, 0x4D, 0x5F, 0x4D, 0x5F, 0x4D, 0x5F, 0x4D, 0x5F, 0x4D, 0x5F, 0x4D, 0x5F, 0x4D, 0x5F, 0x4D,
    0x5F, 0x4D, 0x5F, 0x4D, 0x5F, 0x4D, 0x5F, 0x4D, 0x5F, 0x4D, 0x5F, 0x4D, 0x5F, 0x4D, 0x5F, 0x4D,
    0x5F, 0x4D, 0x5F, 0x4D, 0x5F, 0x4D, 0x5F, 0x4D, 0x5F, 0x4D, 0x5F, 0x4D, 0x5F, 0x4D, 0x5F, 0xD5,
    0x4D, 0x5F, 0x4D, 0x5F, 0x4D, 0x5F, 0x4D, 0x5F, 0x4D, 0x5F, 0x4D, 0x5F, 0x4D, 0x5F, 0x4D, 0x5F,
    0x4D, 0x5F, 0x4D, 0x5F, 0x4D, 0x5F, 0x4D, 0x5F, 0x4D, 0x5F, 0x4D, 0x5F, 0x4D, 0x5F, 0x4D, 0x5F,
    0x4D, 0x5F, 0x4D, 0x5F, 0x4D, 0x5F, 0x4D, 0x5F, 0x4D, 0x5F, 0x4D, 0x5F, 0x4D, 0x5F, 0x4D, 0x5F,
    0x4D, 0x5F, 0x4D, 0x5F, 0x4D, 0x5F, 0x4D, 0x5F, 0x4D, 0x5F, 0x4D, 0x5F, 0x4D, 0x5F, 0x4D, 0x5F,
    0x4D, 0x5F, 0x4D, 0x5F, 0x4D, 0x5F, 0x4D, 0x5F, 0x4D, 0x5F, 0x4D, 0x5F, 0x4D, 0x5F, 0x4D, 0x5F,
    0x4D, 0x5F, 0x55, 0x9F, 0x22, 0xD0, 0x0A, 0x00, 0xFF, 0x48, 0xE6, 0xFB, 0x37, 0xFB, 0x36, 0xFB,
    0x36, 0xFB, 0x36, 0xFB, 0x36, 0xFB, 0x36, 0xFB, 0x36, 0xFB, 0x36, 0xFB, 0x36, 0xFB, 0x36, 0xFB,
    0x36, 0xFB, 0x36, 0xFB, 0x36, 0xFB, 0x36, 0xFB, 0x36, 0xFB, 0x36, 0xFB, 0x36, 0xFB, 0x36, 0xFB,
    0x36, 0xFB, 0x16, 0xFB, 0x16, 0xFB, 0x36, 0xFB, 0x37, 0xFB, 0x57, 0xFB, 0x57, 0xFB, 0x57, 0xFB,
    0x57, 0xFB, 0x37, 0xFB, 0x37, 0xFB, 0x37, 0xFB, 0x36, 0xFB, 0x36, 0xFB, 0x16, 0xFB, 0x16, 0xFB,
    0x36, 0xFB, 0x36, 0xFB, 0x36, 0xFB, 0x36, 0xFB, 0x36, 0xFB, 0x36, 0xFB, 0x36, 0xFB, 0x36, 0xFB,
    0x36, 0xFB, 0x36, 0xFB, 0x36, 0xFB, 0x36, 0xFB, 0x36, 0xFB, 0x36, 0xFB, 0x36, 0xFB, 0x36, 0xFB,
    0x36, 0xFB, 0x16, 0xFB, 0x57, 0xBA, 0x0F, 0x11, 0xAA, 0x4D, 0x9F, 0x4D, 0x5F, 0x4D, 0x5F, 0x4D,
    0x5F, 0x4D, 0x5F, 0x4D, 0x5F, 0x4D, 0x5F, 0x4D, 0x5F, 0xFF, 0x4D, 0x5F, 0x4D, 0x5F, 0x4D, 0x5F,
    0x4D, 0x5F, 0x4D, 0x5F, 0x4D, 0x5F, 0x4D, 0x5F, 0x4D, 0x5F, 0x4D, 0x5F, 0x4D, 0x5F, 0x4D, 0x5F,
    0x4D, 0x5F, 0x4D, 0x5F, 0x4D, 0x5F, 0x4D, 0x5F, 0x4D, 0x5F, 0x4D, 0x5F, 0x4D, 0x5F, 0x4D, 0x5F,
    0x4D, 0x5F, 0x4D, 0x5F, 0x4D, 0x5F, 0x4D, 0x5F, 0x4D, 0x5F, 0x4D, 0x5F, 0x4D, 0x5F, 0x4D, 0x5F,
    0x4D, 0x5F, 0x4D, 0x5F, 0x4D, 0x5F, 0x4D, 0x5F, 0x4D, 0x5F, 0x4D, 0x5F, 0x4D, 0x5F, 0x4D, 0x5F,
    0x4D, 0x5F, 0x4D, 0x5F, 0x4D, 0x5F, 0x4D, 0x5F, 0x4D, 0x5F, 0x4D, 0x5F, 0x4D, 0x5F, 0x4D, 0x5F,
    0x4D, 0x5F, 0x4D, 0x5F, 0x4D, 0x5F, 0x4D, 0x5F, 0x4D, 0x5F, 0x4D, 0x5F, 0x4D, 0x5F, 0x4D, 0x5F,
    0x4D, 0x5F, 0x4D, 0x5F, 0x4D, 0x5F, 0x4D, 0x5F, 0x4D, 0x5F, 0x4D, 0x5F, 0x4D, 0x5F, 0x4D, 0x5F,
    0x4D, 0x5F, 0x4D, 0x5F, 0x4D, 0x5F, 0x4D, 0x5F, 0x4D, 0x5F, 0xFF, 0x4D, 0x5F, 0x4D, 0x5F, 0x4D,
    0x5F, 0x4D, 0x5F, 0x4D, 0x5F, 0x4D, 0x5F, 0x4D, 0x5F, 0x4D, 0x5F, 0x4D, 0x5F, 0x4D, 0x5F, 0x4D,
    0x5F, 0x4D, 0x5F, 0x4D, 0x5F, 0x4D, 0x5F, 0x4D, 0x5F, 0x4D, 0x5F, 0x4D, 0x5F, 0x4D, 0x5F, 0x4D,
    0x5F, 0x4D, 0x5F, 0x4D, 0x5F, 0x4D, 0x5F, 0x4D, 0x5F, 0x4D, 0x5F, 0x4D, 0x5F, 0x4D, 0x5F, 0x4D,
    0x5F, 0x4D, 0x5F, 0x4D, 0x5F, 0x4D, 0x5F, 0x4D, 0x5F, 0x4D, 0x5F, 0x4D, 0x5F, 0x4D, 0x5F, 0x4D,
    0x5F, 0x4D, 0x5F, 0x4D, 0x5F, 0x4D, 0x5F, 0x4D, 0x5F, 0x4D, 0x5F, 0x4D, 0x5F, 0x4D, 0x5F, 0x4D,
    0x5F, 0x4D, 0x5F, 0x4D, 0x5F, 0x4D, 0x5F, 0x4D, 0x5F, 0x4D, 0x5F, 0x4D, 0x5F, 0x4D, 0x5F, 0x4D,
    0x5F, 0x4D, 0x5F, 0x4D, 0x5F, 0x4D, 0x5F, 0x4D, 0x5F, 0x4D, 0x5F, 0x4D, 0x5F, 0x4D, 0x5F, 0x4D,
    0x5F, 0x4D, 0x5F, 0x4D, 0x5F, 0x4D, 0x5F, 0x4D, 0x5F, 0x4D, 0x5F, 0xD5, 0x4D, 0x5F, 0x4D, 0x5F,
    0x4D, 0x5F, 0x4D, 0x5F, 0x4D, 0x5F, 0x4D, 0x5F, 0x4D, 0x5F, 0x4D, 0x5F, 0x4D, 0x5F, 0x4D, 0x5F,
    0x4D, 0x5F, 0x4D, 0x5F, 0x4D, 0x5F, 0x4D, 0x5F, 0x4D, 0x5F, 0x4D, 0x5F, 0x4D, 0x5F, 0x4D, 0x5F,
    0x4D, 0x5F, 0x4D, 0x5F, 0x4D, 0x5F, 0x4D, 0x5F, 0x4D, 0x5F, 0x4D, 0x5F, 0x4D, 0x5F, 0x4D, 0x5F,
    0x4D, 0x5F, 0x4D, 0x5F, 0x4D, 0x5F, 0x4D, 0x5F, 0x4D, 0x5F, 0x4D, 0x5F, 0x4D, 0x5F, 0x4D, 0x5F,
    0x4D, 0x5F, 0x4D, 0x5F, 0x4D, 0x5F, 0x4D, 0x5F, 0x4D, 0x5F, 0x4D, 0x5F, 0x4D, 0x5F, 0x55, 0x9F,
    0x22, 0xD0, 0x0A, 0x00, 0xFF, 0x48, 0xE6, 0xFB, 0x37, 0xFB, 0x36, 0xFB, 0x36, 0xFB, 0x36, 0xFB,
    0x36, 0xFB, 0x36, 0xFB, 0x36, 0xFB, 0x36, 0xFB, 0x36, 0xFB, 0x36, 0xFB, 0x36, 0xFB, 0x36, 0xFB,
    0x36, 0xFB, 0x36, 0xFB, 0x36, 0xFB, 0x36, 0xFB, 0x36, 0xFB, 0x36, 0xFB, 0x36, 0xFB, 0x36, 0xFB,
    0x36, 0xFB, 0x36, 0xFB, 0x16, 0xFB, 0x16, 0xFB, 0x16, 0xFB, 0x16, 0xFB, 0x16, 0xFB, 0x16, 0xFB,
    0x16, 0xFB, 0x16, 0xFB, 0x36, 0xFB, 0x36, 0xFB, 0x36, 0xFB, 0x36, 0xFB, 0x36, 0xFB, 0x36, 0xFB,
    0x36, 0xFB, 0x36, 0xFB, 0x36, 0xFB, 0x36, 0xFB, 0x36, 0xFB, 0x36, 0xFB, 0x36, 0xFB, 0x36, 0xFB,
    0x36, 0xFB, 0x36, 0xFB, 0x36, 0xFB, 0x36, 0xFB, 0x36, 0xFB, 0x36, 0xFB, 0x36, 0xFB, 0x16, 0xFB,
    0x57, 0xBA, 0x0F, 0x11, 0x68, 0x4D, 0x9F, 0x4D, 0x5F, 0x4D, 0x5F, 0x4D, 0x5F, 0x4D, 0x5F, 0x4D,
    0x5F, 0x4D, 0x5F, 0x4D, 0x5F, 0xFF, 0x4D, 0x5F, 0x4D, 0x5F, 0x4D, 0x5F, 0x4D, 0x5F, 0x4D, 0x5F,
    0x4D, 0x5F, 0x4D, 0x5F, 0x4D, 0x5F, 0x4D, 0x5F, 0x4D, 0x5F, 0x4D, 0x5F, 0x4D, 0x5F, 0x4D, 0x5F,
    0x4D, 0x5F, 0x4D, 0x5F, 0x4D, 0x5F, 0x4D, 0x5F, 0x4D, 0x5F, 0x4D, 0x5F, 0x4D, 0x5F, 0x4D, 0x5F,
    0x4D, 0x5F, 0x4D, 0x5F, 0x4D, 0x5F, 0x4D, 0x5F, 0x4D, 0x5F, 0x4D, 0x5F, 0x4D, 0x5F, 0x4D, 0x5F,
    0x4D, 0x5F, 0x4D, 0x5F, 0x4D, 0x5F, 0x4D, 0x5F, 0x4D, 0x5F, 0x4D, 0x5F, 0x4D, 0x5F, 0x4D, 0x5F,
    0x4D, 0x5F, 0x4D, 0x5F, 0x4D, 0x5F, 0x4D, 0x5F, 0x4D, 0x5F, 0x4D, 0x5F, 0x4D, 0x5F, 0x4D, 0x5F,
    0x4D, 0x5F, 0x4D, 0x5F, 0x4D, 0x5F, 0x4D, 0x5F, 0x4D, 0x5F, 0x4D, 0x5F, 0x4D, 0x5F, 0x4D, 0x5F,
    0x4D, 0x5F, 0x4D, 0x5F, 0x4D, 0x5F, 0x4D, 0x5F, 0x4D, 0x5F, 0x4D, 0x5F, 0x4D, 0x5F, 0x4D, 0x5F,
    0x4D, 0x5F, 0x4D, 0x5F, 0x4D, 0x5F, 0xFF, 0x4D, 0x5F, 0x4D, 0x5F, 0x4D, 0x5F, 0x4D, 0x5F, 0x4D,
    0x5F, 0x4D, 0x5F, 0x4D, 0x5F, 0x4D, 0x5F, 0x4D, 0x5F, 0x4D, 0x5F, 0x4D, 0x5F, 0x4D, 0x5F, 0x4D,
    0x5F, 0x4D, 0x5F, 0x4D, 0x5F, 0x4D, 0x5F, 0x4D, 0x5F, 0x4D, 0x5F, 0x4D, 0x5F, 0x4D, 0x5F, 0x4D,
    0x5F, 0x4D, 0x5F, 0x4D, 0x5F, 0x4D, 0x5F, 0x4D, 0x5F, 0x4D, 0x5F, 0x4D, 0x5F, 0x4D, 0x5F, 0x4D,
    0x5F, 0x4D, 0x5F, 0x4D, 0x5F, 0x4D, 0x5F, 0x4D, 0x5F, 0x4D, 0x5F, 0x4D, 0x5F, 0x4D, 0x5F, 0x4D,
    0x5F, 0x4D, 0x5F, 0x4D, 0x5F, 0x4D, 0x5F, 0x4D, 0x5F, 0x4D, 0x5F, 0x4D, 0x5F, 0x4D, 0x5F, 0x4D,
    0x5F, 0x4D, 0x5F, 0x4D, 0x5F, 0x4D, 0x5F, 0x4D, 0x5F, 0x4D, 0x5F, 0x4D, 0x5F, 0x4D, 0x5F, 0x4D,
    0x5F, 0x4D, 0x5F, 0x4D, 0x5F, 0x4D, 0x5F, 0x4D, 0x5F, 0x4D, 0x5F, 0x4D, 0x5F, 0x4D, 0x5F, 0x4D,
    0x5F, 0x4D, 0x5F, 0x4D, 0x5F, 0x4D, 0x5F, 0xD5, 0x4D, 0x5F, 0x4D, 0x5F, 0x4D, 0x5F, 0x4D, 0x5F,
    0x4D, 0x5F, 0x4D, 0x5F, 0x4D, 0x5F, 0x4D, 0x5F, 0x4D, 0x5F, 0x4D, 0x5F, 0x4D, 0x5F, 0x4D, 0x5F,
    0x4D, 0x5F, 0x4D, 0x5F, 0x4D, 0x5F, 0x4D, 0x5F, 0x4D, 0x5F, 0x4D, 0x5F, 0x4D, 0x5F, 0x4D, 0x5F,
    0x4D, 0x5F, 0x4D, 0x5F, 0x4D, 0x5F, 0x4D, 0x5F, 0x4D, 0x5F, 0x4D, 0x5F, 0x4D, 0x5F, 0x4D, 0x5F,
    0x4D, 0x5F, 0x4D, 0x5F, 0x4D, 0x5F, 0x4D, 0x5F, 0x4D, 0x5F, 0x4D, 0x5F, 0x4D, 0x5F, 0x4D, 0x5F,
    0x4D, 0x5F, 0x4D, 0x5F, 0x4D, 0x5F, 0x4D, 0x5F, 0x4D, 0x5F, 0x55, 0x9F, 0x33, 0x32, 0x0A, 0x00,
    0xFF, 0x48, 0xE6, 0xFB, 0x37, 0xFB, 0x36, 0xFB, 0x36, 0xFB, 0x36, 0xFB, 0x36, 0xFB, 0x36, 0xFB,
    0x36, 0xFB, 0x36, 0xFB, 0x36, 0xFB, 0x36, 0xFB, 0x36, 0xFB, 0x36, 0xFB, 0x36, 0xFB, 0x36, 0xFB,
    0x36, 0xFB, 0x36, 0xFB, 0x36, 0xFB, 0x36, 0xFB, 0x36, 0xFB, 0x36, 0xFB, 0x36, 0xFB, 0x36, 0xFB,
    0x36, 0xFB, 0x36, 0xFB, 0x36, 0xFB, 0x36, 0xFB, 0x36, 0xFB, 0x36, 0xFB, 0x36, 0xFB, 0x36, 0xFB,
    0x36, 0xFB, 0x36, 0xFB, 0x36, 0xFB, 0x36, 0xFB, 0x36, 0xFB, 0x36, 0xFB, 0x36, 0xFB, 0x36, 0xFB,
    0x36, 0xFB, 0x36, 0xFB, 0x36, 0xFB, 0x36, 0xFB, 0x36, 0xFB, 0x36, 0xFB, 0x36, 0xFB, 0x36, 0xFB,
    0x36, 0xFB, 0x36, 0xFB, 0x36, 0xFB, 0x36, 0xFB, 0x36, 0xFB, 0x16, 0xFB, 0x57, 0xBA, 0x0F, 0x11,
    0x68, 0x4D, 0x7F, 0x4D, 0x5F, 0x4D, 0x5F, 0x4D, 0x5F, 0x4D, 0x5F, 0x4D, 0x5F, 0x4D, 0x5F, 0x4D,
    0x5F, 0xFF, 0x4D, 0x5F, 0x4D, 0x5F, 0x4D, 0x5F, 0x4D, 0x5F, 0x4D, 0x5F, 0x4D, 0x5F, 0x4D, 0x5F,
    0x4D, 0x5F, 0x4D, 0x5F, 0x4D, 0x5F, 0x4D, 0x5F, 0x4D, 0x5F, 0x4D, 0x5F, 0x4D, 0x5F, 0x4D, 0x5F,
    0x4D, 0x5F, 0x4D, 0x5F, 0x4D, 0x5F, 0x4D, 0x5F, 0x4D, 0x5F, 0x4D, 0x5F, 0x4D, 0x5F, 0x4D, 0x5F,
    0x4D, 0x5F, 0x4D, 0x5F, 0x4D, 0x5F, 0x4D, 0x5F, 0x4D, 0x5F, 0x4D, 0x5F, 0x4D, 0x5F, 0x4D, 0x5F,
    0x4D, 0x5F, 0x4D, 0x5F, 0x4D, 0x5F, 0x4D, 0x5F, 0x4D, 0x5F, 0x4D, 0x5F, 0x4D, 0x5F, 0x4D, 0x5F,
    0x4D, 0x5F, 0x4D, 0x5F, 0x4D, 0x5F, 0x4D, 0x5F, 0x4D, 0x5F, 0x4D, 0x5F, 0x4D, 0x5F, 0x4D, 0x5F,
    0x4D, 0x5F, 0x4D, 0x5F, 0x4D, 0x5F, 0x4D, 0x5F, 0x4D, 0x5F, 0x4D, 0x5F, 0x4D, 0x5F, 0x4D, 0x5F,
    0x4D, 0x5F, 0x4D, 0x5F, 0x4D, 0x5F, 0x4D, 0x5F, 0x4D, 0x5F, 0x4D, 0x5F, 0x4D, 0x5F, 0x4D, 0x5F,
    0x4D, 0x5F, 0xFF, 0x4D, 0x5F, 0x4D, 0x5F, 0x4D, 0x5F, 0x4D, 0x5F, 0x4D, 0x5F, 0x4D, 0x5F, 0x4D,
    0x5F, 0x4D, 0x5F, 0x4D, 0x5F, 0x4D, 0x5F, 0x4D, 0x5F, 0x4D, 0x5F, 0x4D, 0x5F, 0x4D, 0x5F, 0x4D,
    0x5F, 0x4D, 0x5F, 0x4D, 0x5F, 0x4D, 0x5F, 0x4D, 0x5F, 0x4D, 0x5F, 0x4D, 0x5F, 0x4D, 0x5F, 0x4D,
    0x5F, 0x4D, 0x5F, 0x4D, 0x5F, 0x4D, 0x5F, 0x4D, 0x5F, 0x4D, 0x5F, 0x4D, 0x5F, 0x4D, 0x5F, 0x4D,
    0x5F, 0x4D, 0x5F, 0x4D, 0x5F, 0x4D, 0x5F, 0x4D, 0x5F, 0x4D, 0x5F, 0x4D, 0x5F, 0x4D, 0x5F, 0x4D,
    0x5F, 0x4D, 0x5F, 0x4D, 0x5F, 0x4D, 0x5F, 0x4D, 0x5F, 0x4D, 0x5F, 0x4D, 0x5F, 0x4D, 0x5F, 0x4D,
    0x5F, 0x4D, 0x5F, 0x4D, 0x5F, 0x4D, 0x5F, 0x4D, 0x5F, 0x4D, 0x5F, 0x4D, 0x5F, 0x4D, 0x5F, 0x4D,
    0x5F, 0x4D, 0x5F, 0x4D, 0x5F, 0x4D, 0x5F, 0x4D, 0x5F, 0x4D, 0x5F, 0x4D, 0x5F, 0x4D, 0x5F, 0x4D,
    0x5F, 0x4D, 0x5F, 0xD7, 0x4D, 0x5F, 0x4D, 0x5F, 0x4D, 0x5F, 0x4D, 0x5F, 0x4D, 0x5F, 0x4D, 0x5F,
    0x4D, 0x5F, 0x4D, 0x5F, 0x4D, 0x5F, 0x4D, 0x5F, 0x4D, 0x5F, 0x4D, 0x5F, 0x4D, 0x5F, 0x4D, 0x5F,
    0x4D, 0x5F, 0x4D, 0x5F, 0x4D, 0x5F, 0x4D, 0x5F, 0x4D, 0x5F, 0x4D, 0x5F, 0x4D, 0x5F, 0x4D, 0x5F,
    0x4D, 0x5F, 0x4D, 0x5F, 0x4D, 0x5F, 0x4D, 0x5F, 0x4D, 0x5F, 0x4D, 0x5F, 0x4D, 0x5F, 0x4D, 0x5F,
    0x4D, 0x5F, 0x4D, 0x5F, 0x4D, 0x5F, 0x4D, 0x5F, 0x4D, 0x5F, 0x4D, 0x5F, 0x4D, 0x5F, 0x4D, 0x5F,
    0x4D, 0x5F, 0x4D, 0x5F, 0x4D, 0x5F, 0x4D, 0x9F, 0x44, 0x58, 0x00, 0x21, 0x08, 0x00, 0xFF, 0x48,
    0xE6, 0xFB, 0x37, 0xFB, 0x36, 0xFB, 0x36, 0xFB, 0x36, 0xFB, 0x36, 0xFB, 0x36, 0xFB, 0x36, 0xFB,
    0x36, 0xFB, 0x36, 0xFB, 0x36, 0xFB, 0x36, 0xFB, 0x36, 0xFB, 0x36, 0xFB, 0x36, 0xFB, 0x36, 0xFB,
    0x36, 0xFB, 0x36, 0xFB, 0x36, 0xFB, 0x36, 0xFB, 0x36, 0xFB, 0x36, 0xFB, 0x36, 0xFB, 0x36, 0xFB,
    0x36, 0xFB, 0x36, 0xFB, 0x36, 0xFB, 0x36, 0xFB, 0x36, 0xFB, 0x36, 0xFB, 0x36, 0xFB, 0x36, 0xFB,
    0x36, 0xFB, 0x36, 0xFB, 0x36, 0xFB, 0x36, 0xFB, 0x36, 0xFB, 0x36, 0xFB, 0x36, 0xFB, 0x36, 0xFB,
    0x36, 0xFB, 0x36, 0xFB, 0x36, 0xFB, 0x36, 0xFB, 0x36, 0xFB, 0x36, 0xFB, 0x36, 0xFB, 0x36, 0xFB,
    0x36, 0xFB, 0x36, 0xFB, 0x36, 0xFB, 0x36, 0xFB, 0x16, 0xFB, 0x57, 0xBA, 0x0F, 0x11, 0x68, 0x4D,
    0x7F, 0x4D, 0x5F, 0x4D, 0x5F, 0x4D, 0x5F, 0x4D, 0x5F, 0x4D, 0x5F, 0x4D, 0x5F, 0x4D, 0x5F, 0xFF,
    0x4D, 0x5F, 0x4D, 0x5F, 0x4D, 0x5F, 0x4D, 0x5F, 0x4D, 0x5F, 0x4D, 0x5F, 0x4D, 0x5F, 0x4D, 0x5F,
    0x4D, 0x5F, 0x4D, 0x5F, 0x4D, 0x5F, 0x4D, 0x5F, 0x4D, 0x5F, 0x4D, 0x5F, 0x4D, 0x5F, 0x4D, 0x5F,
    0x4D, 0x5F, 0x4D, 0x5F, 0x4D, 0x5F, 0x4D, 0x5F, 0x4D, 0x5F, 0x4D, 0x5F, 0x4D, 0x5F, 0x4D, 0x5F,
    0x4D, 0x5F, 0x4D, 0x5F, 0x4D, 0x5F, 0x4D, 0x5F, 0x4D, 0x5F, 0x4D, 0x5F, 0x4D, 0x5F, 0x4D, 0x5F,
    0x4D, 0x5F, 0x4D, 0x5F, 0x4D, 0x5F, 0x4D, 0x5F, 0x4D, 0x5F, 0x4D, 0x5F, 0x4D, 0x5F, 0x4D, 0x5F,
    0x4D, 0x5F, 0x4D, 0x5F, 0x4D, 0x5F, 0x4D, 0x5F, 0x4D, 0x5F, 0x4D, 0x5F, 0x4D, 0x5F, 0x4D, 0x5F,
    0x4D, 0x5F, 0x4D, 0x5F, 0x4D, 0x5F, 0x4D, 0x5F, 0x4D, 0x5F, 0x4D, 0x5F, 0x4D, 0x5F, 0x4D, 0x5F,
    0x4D, 0x5F, 0x4D, 0x5F, 0x4D, 0x5F, 0x4D, 0x5F, 0x4D, 0x5F, 0x4D, 0x5F, 0x4D, 0x5F, 0x4D, 0x5F,
    0xFF, 0x4D, 0x5F, 0x4D, 0x5F, 0x4D, 0x5F, 0x4D, 0x5F, 0x4D, 0x5F, 0x4D, 0x5F, 0x4D, 0x5F, 0x4D,
    0x5F, 0x4D, 0x5F, 0x4D, 0x5F, 0x4D, 0x5F, 0x4D, 0x5F, 0x4D, 0x5F, 0x4D, 0x5F, 0x4D, 0x5F, 0x4D,
    0x5F, 0x4D, 0x5F, 0x4D, 0x5F, 0x4D, 0x5F, 0x4D, 0x5F, 0x4D, 0x5F, 0x4D, 0x5F, 0x4D, 0x5F, 0x4D,
    0x5F, 0x4D, 0x5F, 0x4D, 0x5F, 0x4D, 0x5F, 0x4D, 0x5F, 0x4D, 0x5F, 0x4D, 0x5F, 0x4D, 0x5F, 0x4D,
    0x5F, 0x4D, 0x5F, 0x4D, 0x5F, 0x4D, 0x5F, 0x4D, 0x5F, 0x4D, 0x5F, 0x4D, 0x5F, 0x4D, 0x5F, 0x4D,
    0x5F, 0x4D, 0x5F, 0x4D, 0x5F, 0x4D, 0x5F, 0x4D, 0x5F, 0x4D, 0x5F, 0x4D, 0x5F, 0x4D, 0x5F, 0x4D,
    0x5F, 0x4D, 0x5F, 0x4D, 0x5F, 0x4D, 0x5F, 0x4D, 0x5F, 0x4D, 0x5F, 0x4D, 0x5F, 0x4D, 0x5F, 0x4D,
    0x5F, 0x4D, 0x5F, 0x4D, 0x5F, 0x4D, 0x5F, 0x4D, 0x5F, 0x4D, 0x5F, 0x4D, 0x5F, 0x4D, 0x5F, 0x4D,
    0x5F, 0xD7, 0x4D, 0x5F, 0x4D, 0x5F, 0x4D, 0x5F, 0x4D, 0x5F, 0x4D, 0x5F, 0x4D, 0x5F, 0x4D, 0x5F,
    0x4D, 0x5F, 0x4D, 0x5F, 0x4D, 0x5F, 0x4D, 0x5F, 0x4D, 0x5F, 0x4D, 0x5F, 0x4D, 0x5F, 0x4D, 0x5F,
    0x4D, 0x5F, 0x4D, 0x5F, 0x4D, 0x5F, 0x4D, 0x5F, 0x4D, 0x5F, 0x4D, 0x5F, 0x4D, 0x5F, 0x4D, 0x5F,
    0x4D, 0x5F, 0x4D, 0x5F, 0x4D, 0x5F, 0x4D, 0x5F, 0x4D, 0x5F, 0x4D, 0x5F, 0x4D, 0x5F, 0x4D, 0x5F,
    0x4D, 0x5F, 0x4D, 0x5F, 0x4D, 0x5F, 0x4D, 0x5F, 0x4D, 0x5F, 0x4D, 0x5F, 0x4D, 0x5F, 0x4D, 0x5F,
    0x4D, 0x5F, 0x4D, 0x5F, 0x4D, 0x5F, 0x4D, 0x5F, 0x11, 0x68, 0x08, 0x00, 0xFF, 0x48, 0xE6, 0xFB,
    0x37, 0xFB, 0x36, 0xFB, 0x36, 0xFB, 0x36, 0xFB, 0x36, 0xFB, 0x36, 0xFB, 0x36, 0xFB, 0x36, 0xFB,
    0x36, 0xFB, 0x36, 0xFB, 0x36, 0xFB, 0x36, 0xFB, 0x36, 0xFB, 0x36, 0xFB, 0x36, 0xFB, 0x36, 0xFB,
    0x36, 0xFB, 0x36, 0xFB, 0x36, 0xFB, 0x36, 0xFB, 0x36, 0xFB, 0x36, 0xFB, 0x36, 0xFB, 0x36, 0xFB,
    0x36, 0xFB, 0x36, 0xFB, 0x36, 0xFB, 0x36, 0xFB, 0x36, 0xFB, 0x36, 0xFB, 0x36, 0xFB, 0x36, 0xFB,
    0x36, 0xFB, 0x36, 0xFB, 0x36, 0xFB, 0x36, 0xFB, 0x36, 0xFB, 0x36, 0xFB, 0x36, 0xFB, 0x36, 0xFB,
    0x36, 0xFB, 0x36, 0xFB, 0x36, 0xFB, 0x36, 0xFB, 0x36, 0xFB, 0x36, 0xFB, 0x36, 0xFB, 0x36, 0xFB,
    0x36, 0xFB, 0x36, 0xFB, 0x36, 0xFB, 0x16, 0xFB, 0x57, 0xBA, 0x0F, 0x11, 0x68, 0x4D, 0x9F, 0x4D,
    0x5F, 0x4D, 0x5F, 0x4D, 0x5F, 0x4D, 0x5F, 0x4D, 0x5F, 0x4D, 0x5F, 0x4D, 0x5F, 0xFF, 0x4D, 0x5F,
    0x4D, 0x5F, 0x4D, 0x5F, 0x4D, 0x5F, 0x4D, 0x5F, 0x4D, 0x5F, 0x4D, 0x5F, 0x4D, 0x5F, 0x4D, 0x5F,
    0x4D, 0x5F, 0x4D, 0x5F, 0x4D, 0x5F, 0x4D, 0x5F, 0x4D, 0x5F, 0x4D, 0x5F, 0x4D, 0x5F, 0x4D, 0x5F,
    0x4D, 0x5F, 0x4D, 0x5F, 0x4D, 0x5F, 0x4D, 0x5F, 0x4D, 0x5F, 0x4D, 0x5F, 0x4D, 0x5F, 0x4D, 0x5F,
    0x4D, 0x5F, 0x4D, 0x5F, 0x4D, 0x5F, 0x4D, 0x5F, 0x4D, 0x5F, 0x4D, 0x5F, 0x4D, 0x5F, 0x4D, 0x5F,
    0x4D, 0x5F, 0x4D, 0x5F, 0x4D, 0x5F, 0x4D, 0x5F, 0x4D, 0x5F, 0x4D, 0x5F, 0x4D, 0x5F, 0x4D, 0x5F,
    0x4D, 0x5F, 0x4D, 0x5F, 0x4D, 0x5F, 0x4D, 0x5F, 0x4D, 0x5F, 0x4D, 0x5F, 0x4D, 0x5F, 0x4D, 0x5F,
    0x4D, 0x5F, 0x4D, 0x5F, 0x4D, 0x5F, 0x4D, 0x5F, 0x4D, 0x5F, 0x4D, 0x5F, 0x4D, 0x5F, 0x4D, 0x5F,
    0x4D, 0x5F, 0x4D, 0x5F, 0x4D, 0x5F, 0x4D, 0x5F, 0x4D, 0x5F, 0x4D, 0x5F, 0x4D, 0x5F, 0xFF, 0x4D,
    0x5F, 0x4D, 0x5F, 0x4D, 0x5F, 0x4D, 0x5F, 0x4D, 0x5F, 0x4D, 0x5F, 0x4D, 0x5F, 0x4D, 0x5F, 0x4D,
    0x5F, 0x4D, 0x5F, 0x4D, 0x5F, 0x4D, 0x5F, 0x4D, 0x5F, 0x4D, 0x5F, 0x4D, 0x5F, 0x4D, 0x5F, 0x4D,
    0x5F, 0x4D, 0x5F, 0x4D, 0x5F, 0x4D, 0x5F, 0x4D, 0x5F, 0x4D, 0x5F, 0x4D, 0x5F, 0x4D, 0x5F, 0x4D,
    0x5F, 0x4D, 0x5F, 0x4D, 0x5F, 0x4D, 0x5F, 0x4D, 0x5F, 0x4D, 0x5F, 0x4D, 0x5F, 0x4D, 0x5F, 0x4D,
    0x5F, 0x4D, 0x5F, 0x4D, 0x5F, 0x4D, 0x5F, 0x4D, 0x5F, 0x4D, 0x5F, 0x4D, 0x5F, 0x4D, 0x5F, 0x4D,
    0x5F, 0x4D, 0x5F, 0x4D, 0x5F, 0x4D, 0x5F, 0x4D, 0x5F, 0x4D, 0x5F, 0x4D, 0x5F, 0x4D, 0x5F, 0x4D,
    0x5F, 0x4D, 0x5F, 0x4D, 0x5F, 0x4D, 0x5F, 0x4D, 0x5F, 0x4D, 0x5F, 0x4D, 0x5F, 0x4D, 0x5F, 0x4D,
    0x5F, 0x4D, 0x5F, 0x4D, 0x5F, 0x4D, 0x5F, 0x4D, 0x5F, 0x4D, 0x5F, 0x4D, 0x5F, 0x4D, 0x5F, 0xD7,
    0x4D, 0x5F, 0x4D, 0x5F, 0x4D, 0x5F, 0x4D, 0x5F, 0x4D, 0x5F, 0x4D, 0x5F, 0x4D, 0x5F, 0x4D, 0x5F,
    0x4D, 0x5F, 0x4D, 0x5F, 0x4D, 0x5F, 0x4D, 0x5F, 0x4D, 0x5F, 0x4D, 0x5F, 0x4D, 0x5F, 0x4D, 0x5F,
    0x4D, 0x5F, 0x4D, 0x5F, 0x4D, 0x5F, 0x4D, 0x5F, 0x4D, 0x5F, 0x4D, 0x5F, 0x4D, 0x5F, 0x4D, 0x5F,
    0x4D, 0x5F, 0x4D, 0x5F, 0x4D, 0x5F, 0x4D, 0x5F, 0x4D, 0x5F, 0x4D, 0x5F, 0x4D, 0x5F, 0x4D, 0x5F,
    0x4D, 0x5F, 0x4D, 0x5F, 0x4D, 0x5F, 0x4D, 0x5F, 0x4D, 0x5F, 0x4D, 0x5F, 0x4D, 0x5F, 0x4D, 0x5F,
    0x4D, 0x5F, 0x4D, 0x5F, 0x4D, 0x9F, 0x3B, 0xB5, 0x08, 0x00, 0xFF, 0x48, 0xE6, 0xFB, 0x37, 0xFB,
    0x36, 0xFB, 0x36, 0xFB, 0x36, 0xFB, 0x36, 0xFB, 0x36, 0xFB, 0x36, 0xFB, 0x36, 0xFB, 0x36, 0xFB,
    0x36, 0xFB, 0x36, 0xFB, 0x36, 0xFB, 0x36, 0xFB, 0x36, 0xFB, 0x36, 0xFB, 0x36, 0xFB, 0x36, 0xFB,
    0x36, 0xFB, 0x36, 0xFB, 0x36, 0xFB, 0x36, 0xFB, 0x36, 0xFB, 0x36, 0xFB, 0x36, 0xFB, 0x36, 0xFB,
    0x36, 0xFB, 0x36, 0xFB, 0x36, 0xFB, 0x36, 0xFB, 0x36, 0xFB, 0x36, 0xFB, 0x36, 0xFB, 0x36, 0xFB,
    0x36, 0xFB, 0x36, 0xFB, 0x36, 0xFB, 0x36, 0xFB, 0x36, 0xFB, 0x36, 0xFB, 0x36, 0xFB, 0x36, 0xFB,
    0x36, 0xFB, 0x36, 0xFB, 0x36, 0xFB, 0x36, 0xFB, 0x36, 0xFB, 0x36, 0xFB, 0x36, 0xFB, 0x36, 0xFB,
    0x36, 0xFB, 0x36, 0xFB, 0x16, 0xFB, 0x57, 0xBA, 0x0F, 0x11, 0x68, 0x4D, 0x9F, 0x4D, 0x5F, 0x4D,
    0x5F, 0x4D, 0x5F, 0x4D, 0x5F, 0x4D, 0x5F, 0x4D, 0x5F, 0x4D, 0x5F, 0xFF, 0x4D, 0x5F, 0x4D, 0x5F,
    0x4D, 0x5F, 0x4D, 0x5F, 0x4D, 0x5F, 0x4D, 0x5F, 0x4D, 0x5F, 0x4D, 0x5F, 0x4D, 0x5F, 0x4D, 0x5F,
    0x4D, 0x5F, 0x4D, 0x5F, 0x4D, 0x5F, 0x4D, 0x5F, 0x4D, 0x5F, 0x4D, 0x5F, 0x4D, 0x5F, 0x4D, 0x5F,
    0x4D, 0x5F, 0x4D, 0x5F, 0x4D, 0x5F, 0x4D, 0x5F, 0x4D, 0x5F, 0x4D, 0x5F, 0x4D, 0x5F, 0x4D, 0x5F,
    0x4D, 0x5F, 0x4D, 0x5F, 0x4D, 0x5F, 0x4D, 0x5F, 0x4D, 0x5F, 0x4D, 0x5F, 0x4D, 0x5F, 0x4D, 0x5F,
    0x4D, 0x5F, 0x4D, 0x5F, 0x4D, 0x5F, 0x4D, 0x5F, 0x4D, 0x5F, 0x4D, 0x5F, 0x4D, 0x5F, 0x4D, 0x5F,
    0x4D, 0x5F, 0x4D, 0x5F, 0x4D, 0x5F, 0x4D, 0x5F, 0x4D, 0x5F, 0x4D, 0x5F, 0x4D, 0x5F, 0x4D, 0x5F,
    0x4D, 0x5F, 0x4D, 0x5F, 0x4D, 0x5F, 0x4D, 0x5F, 0x4D, 0x5F, 0x4D, 0x5F, 0x4D, 0x5F, 0x4D, 0x5F,
    0x4D, 0x5F, 0x4D, 0x5F, 0x4D, 0x5F, 0x4D, 0x5F, 0x4D, 0x5F, 0x4D, 0x5F, 0xFF, 0x4D, 0x5F, 0x4D,
    0x5F, 0x4D, 0x5F, 0x4D, 0x5F, 0x4D, 0x5F, 0x4D, 0x5F, 0x4D, 0x5F, 0x4D, 0x5F, 0x4D, 0x5F, 0x4D,
    0x5F, 0x4D, 0x5F, 0x4D, 0x5F, 0x4D, 0x5F, 0x4D, 0x5F, 0x4D, 0x5F, 0x4D, 0x5F, 0x4D, 0x5F, 0x4D,
    0x5F, 0x4D, 0x5F, 0x4D, 0x5F, 0x4D, 0x5F, 0x4D, 0x5F, 0x4D, 0x5F, 0x4D, 0x5F, 0x4D, 0x5F, 0x4D,
    0x5F, 0x4D, 0x5F, 0x4D, 0x5F, 0x4D, 0x5F, 0x4D, 0x5F, 0x4D, 0x5F, 0x4D, 0x5F, 0x4D, 0x5F, 0x4D,
    0x5F, 0x4D, 0x5F, 0x4D, 0x5F, 0x4D, 0x5F, 0x4D, 0x5F, 0x4D, 0x5F, 0x4D, 0x5F, 0x4D, 0x5F, 0x4D,
    0x5F, 0x4D, 0x5F, 0x4D, 0x5F, 0x4D, 0x5F, 0x4D, 0x5F, 0x4D, 0x5F, 0x4D, 0x5F, 0x4D, 0x5F, 0x4D,
    0x5F, 0x4D, 0x5F, 0x4D, 0x5F, 0x4D, 0x5F, 0x4D, 0x5F, 0x4D, 0x5F, 0x4D, 0x5F, 0x4D, 0x5F, 0x4D,
    0x5F, 0x4D, 0x5F, 0x4D, 0x5F, 0x4D, 0x5F, 0x4D, 0x5F, 0x4D, 0x5F, 0x4D, 0x5F, 0xD9, 0x4D, 0x5F,
    0x4D, 0x5F, 0x4D, 0x5F, 0x4D, 0x5F, 0x4D, 0x5F, 0x4D, 0x5F, 0x4D, 0x5F, 0x4D, 0x5F, 0x4D, 0x5F,
    0x4D, 0x5F, 0x4D, 0x5F, 0x4D, 0x5F, 0x4D, 0x5F, 0x4D, 0x5F, 0x4D, 0x5F, 0x4D, 0x5F, 0x4D, 0x5F,
    0x4D, 0x5F, 0x4D, 0x5F, 0x4D, 0x5F, 0x4D, 0x5F, 0x4D, 0x5F, 0x4D, 0x5F, 0x4D, 0x5F, 0x4D, 0x5F,
    0x4D, 0x5F, 0x4D, 0x5F, 0x4D, 0x5F, 0x4D, 0x5F, 0x4D, 0x5F, 0x4D, 0x5F, 0x4D, 0x5F, 0x4D, 0x5F,
    0x4D, 0x5F, 0x4D, 0x5F, 0x4D, 0x5F, 0x4D, 0x5F, 0x4D, 0x5F, 0x4D, 0x5F, 0x4D, 0x5F, 0x4D, 0x5F,
    0x4D, 0x5F, 0x4D, 0x5F, 0x4D, 0x5F, 0x11, 0xAA, 0x03, 0x00, 0x80, 0x21, 0x02, 0x00, 0xFF, 0x48,
    0xE6, 0xFB, 0x36, 0xFB, 0x36, 0xFB, 0x36, 0xFB, 0x36, 0xFB, 0x36, 0xFB, 0x36, 0xFB, 0x36, 0xFB,
    0x36, 0xFB, 0x36, 0xFB, 0x36, 0xFB, 0x36, 0xFB, 0x36, 0xFB, 0x36, 0xFB, 0x36, 0xFB, 0x36, 0xFB,
    0x36, 0xFB, 0x36, 0xFB, 0x36, 0xFB, 0x36, 0xFB, 0x36, 0xFB, 0x36, 0xFB, 0x36, 0xFB, 0x36, 0xFB,
    0x36, 0xFB, 0x36, 0xFB, 0x36, 0xFB, 0x36, 0xFB, 0x36, 0xFB, 0x36, 0xFB, 0x36, 0xFB, 0x36, 0xFB,
    0x36, 0xFB, 0x36, 0xFB, 0x36, 0xFB, 0x36, 0xFB, 0x36, 0xFB, 0x36, 0xFB, 0x36, 0xFB, 0x36, 0xFB,
    0x36, 0xFB, 0x36, 0xFB, 0x36, 0xFB, 0x36, 0xFB, 0x36, 0xFB, 0x36, 0xFB, 0x36, 0xFB, 0x36, 0xFB,
    0x36, 0xFB, 0x36, 0xFB, 0x36, 0xFB, 0x36, 0xFB, 0x16, 0xFB, 0x57, 0x89, 0xCC, 0x11, 0xAA, 0x4D,
    0x9F, 0x4D, 0x5F, 0x4D, 0x5F, 0x4D, 0x5F, 0x4D, 0x5F, 0x4D, 0x5F, 0x4D, 0x5F, 0x4D, 0x5F, 0xFF,
    0x4D, 0x5F, 0x4D, 0x5F, 0x4D, 0x5F, 0x4D, 0x5F, 0x4D, 0x5F, 0x4D, 0x5F, 0x4D, 0x5F, 0x4D, 0x5F,
    0x4D, 0x5F, 0x4D, 0x5F, 0x4D, 0x5F, 0x4D, 0x5F, 0x4D, 0x5F, 0x4D, 0x5F, 0x4D, 0x5F, 0x4D, 0x5F,
    0x4D, 0x5F, 0x4D, 0x5F, 0x4D, 0x5F, 0x4D, 0x5F, 0x4D, 0x5F, 0x4D, 0x5F, 0x4D, 0x5F, 0x4D, 0x5F,
    0x4D, 0x5F, 0x4D, 0x5F, 0x4D, 0x5F, 0x4D, 0x5F, 0x4D, 0x5F, 0x4D, 0x5F, 0x4D, 0x5F, 0x4D, 0x5F,
    0x4D, 0x5F, 0x4D, 0x5F, 0x4D, 0x5F, 0x4D, 0x5F, 0x4D, 0x5F, 0x4D, 0x5F, 0x4D, 0x5F, 0x4D, 0x5F,
    0x4D, 0x5F, 0x4D, 0x5F, 0x4D, 0x5F, 0x4D, 0x5F, 0x4D, 0x5F, 0x4D, 0x5F, 0x4D, 0x5F, 0x4D, 0x5F,
    0x4D, 0x5F, 0x4D, 0x5F, 0x4D, 0x5F, 0x4D, 0x5F, 0x4D, 0x5F, 0x4D, 0x5F, 0x4D, 0x5F, 0x4D, 0x5F,
    0x4D, 0x5F, 0x4D, 0x5F, 0x4D, 0x5F, 0x4D, 0x5F, 0x4D, 0x5F, 0x4D, 0x5F, 0x4D, 0x5F, 0x4D, 0x5F,
    0xFF, 0x4D, 0x5F, 0x4D, 0x5F, 0x4D, 0x5F, 0x4D, 0x5F, 0x4D, 0x5F, 0x4D, 0x5F, 0x4D, 0x5F, 0x4D,
    0x5F, 0x4D, 0x5F, 0x4D, 0x5F, 0x4D, 0x5F, 0x4D, 0x5F, 0x4D, 0x5F, 0x4D, 0x5F, 0x4D, 0x5F, 0x4D,
    0x5F, 0x4D, 0x5F, 0x4D, 0x5F, 0x4D, 0x5F, 0x4D, 0x5F, 0x4D, 0x5F, 0x4D, 0x5F, 0x4D, 0x5F, 0x4D,
    0x5F, 0x4D, 0x5F, 0x4D, 0x5F, 0x4D, 0x5F, 0x4D, 0x5F, 0x4D, 0x5F, 0x4D, 0x5F, 0x4D, 0x5F, 0x4D,
    0x5F, 0x4D, 0x5F, 0x4D, 0x5F, 0x4D, 0x5F, 0x4D, 0x5F, 0x4D, 0x5F, 0x4D, 0x5F, 0x4D, 0x5F, 0x4D,
    0x5F, 0x4D, 0x5F, 0x4D, 0x5F, 0x4D, 0x5F, 0x4D, 0x5F, 0x4D, 0x5F, 0x4D, 0x5F, 0x4D, 0x5F, 0x4D,
    0x5F, 0x4D, 0x5F, 0x4D, 0x5F, 0x4D, 0x5F, 0x4D, 0x5F, 0x4D, 0x5F, 0x4D, 0x5F, 0x4D, 0x5F, 0x4D,
    0x5F, 0x4D, 0x5F, 0x4D, 0x5F, 0x4D, 0x5F, 0x4D, 0x5F, 0x4D, 0x5F, 0x4D, 0x5F, 0x4D, 0x5F, 0x4D,
    0x5F, 0xDB, 0x4D, 0x5F, 0x4D, 0x5F, 0x4D, 0x5F, 0x4D, 0x5F, 0x4D, 0x5F, 0x4D, 0x5F, 0x4D, 0x5F,
    0x4D, 0x5F, 0x4D, 0x5F, 0x4D, 0x5F, 0x4D, 0x5F, 0x4D, 0x5F, 0x4D, 0x5F, 0x4D, 0x5F, 0x4D, 0x5F,
    0x4D, 0x5F, 0x4D, 0x5F, 0x4D, 0x5F, 0x4D, 0x5F, 0x4D, 0x5F, 0x4D, 0x5F, 0x4D, 0x5F, 0x4D, 0x5F,
    0x4D, 0x5F, 0x4D, 0x5F, 0x4D, 0x5F, 0x4D, 0x5F, 0x4D, 0x5F, 0x4D, 0x5F, 0x4D, 0x5F, 0x4D, 0x5F,
    0x4D, 0x5F, 0x4D, 0x5F, 0x4D, 0x5F, 0x4D, 0x5F, 0x4D, 0x5F, 0x4D, 0x5F, 0x4D, 0x5F, 0x4D, 0x5F,
    0x4D, 0x5F, 0x4D, 0x5F, 0x4D, 0x5F, 0x4D, 0x5F, 0x4D, 0x7F, 0x4D, 0x1D, 0x11, 0xAA, 0x04, 0x00,
    0xFF, 0x20, 0x63, 0xF2, 0xF5, 0xFB, 0x36, 0xFB, 0x36, 0xFB, 0x36, 0xFB, 0x36, 0xFB, 0x36, 0xFB,
    0x36, 0xFB, 0x36, 0xFB, 0x36, 0xFB, 0x36, 0xFB, 0x36, 0xFB, 0x36, 0xFB, 0x36, 0xFB, 0x36, 0xFB,
    0x36, 0xFB, 0x36, 0xFB, 0x36, 0xFB, 0x36, 0xFB, 0x36, 0xFB, 0x36, 0xFB, 0x36, 0xFB, 0x36, 0xFB,
    0x36, 0xFB, 0x36, 0xFB, 0x36, 0xFB, 0x36, 0xFB, 0x36, 0xFB, 0x36, 0xFB, 0x36, 0xFB, 0x36, 0xFB,
    0x36, 0xFB, 0x36, 0xFB, 0x36, 0xFB, 0x36, 0xFB, 0x36, 0xFB, 0x36, 0xFB, 0x36, 0xFB, 0x36, 0xFB,
    0x36, 0xFB, 0x36, 0xFB, 0x36, 0xFB, 0x36, 0xFB, 0x36, 0xFB, 0x36, 0xFB, 0x36, 0xFB, 0x36, 0xFB,
    0x36, 0xFB, 0x36, 0xFB, 0x36, 0xFB, 0x36, 0xFB, 0x36, 0xFB, 0x16, 0xFB, 0x57, 0x59, 0x07, 0x22,
    0xD0, 0x55, 0x9F, 0x4D, 0x5F, 0x4D, 0x5F, 0x4D, 0x5F, 0x4D, 0x5F, 0x4D, 0x5F, 0x4D, 0x5F, 0x4D,
    0x5F, 0xFF, 0x4D, 0x5F, 0x4D, 0x5F, 0x4D, 0x5F, 0x4D, 0x5F, 0x4D, 0x5F, 0x4D, 0x5F, 0x4D, 0x5F,
    0x4D, 0x5F, 0x4D, 0x5F, 0x4D, 0x5F, 0x4D, 0x5F, 0x4D, 0x5F, 0x4D, 0x5F, 0x4D, 0x5F, 0x4D, 0x5F,
    0x4D, 0x5F, 0x4D, 0x5F, 0x4D, 0x5F, 0x4D, 0x5F, 0x4D, 0x5F, 0x4D, 0x5F, 0x4D, 0x5F, 0x4D, 0x5F,
    0x4D, 0x5F, 0x4D, 0x5F, 0x4D, 0x5F, 0x4D, 0x5F, 0x4D, 0x5F, 0x4D, 0x5F, 0x4D, 0x5F, 0x4D, 0x5F,
    0x4D, 0x5F, 0x4D, 0x5F, 0x4D, 0x5F, 0x4D, 0x5F, 0x4D, 0x5F, 0x4D, 0x5F, 0x4D, 0x5F, 0x4D, 0x5F,
    0x4D, 0x5F, 0x4D, 0x5F, 0x4D, 0x5F, 0x4D, 0x5F, 0x4D, 0x5F, 0x4D, 0x5F, 0x4D, 0x5F, 0x4D, 0x5F,
    0x4D, 0x5F, 0x4D, 0x5F, 0x4D, 0x5F, 0x4D, 0x5F, 0x4D, 0x5F, 0x4D, 0x5F, 0x4D, 0x5F, 0x4D, 0x5F,
    0x4D, 0x5F, 0x4D, 0x5F, 0x4D, 0x5F, 0x4D, 0x5F, 0x4D, 0x5F, 0x4D, 0x5F, 0x4D, 0x5F, 0x4D, 0x5F,
    0x4D, 0x5F, 0xFF, 0x4D, 0x5F, 0x4D, 0x5F, 0x4D, 0x5F, 0x4D, 0x5F, 0x4D, 0x5F, 0x4D, 0x5F, 0x4D,
    0x5F, 0x4D, 0x5F, 0x4D, 0x5F, 0x4D, 0x5F, 0x4D, 0x5F, 0x4D, 0x5F, 0x4D, 0x5F, 0x4D, 0x5F, 0x4D,
    0x5F, 0x4D, 0x5F, 0x4D, 0x5F, 0x4D, 0x5F, 0x4D, 0x5F, 0x4D, 0x5F, 0x4D, 0x5F, 0x4D, 0x5F, 0x4D,
    0x5F, 0x4D, 0x5F, 0x4D, 0x5F, 0x4D, 0x5F, 0x4D, 0x5F, 0x4D, 0x5F, 0x4D, 0x5F, 0x4D, 0x5F, 0x4D,
    0x5F, 0x4D, 0x5F, 0x4D, 0x5F, 0x4D, 0x5F, 0x4D, 0x5F, 0x4D, 0x5F, 0x4D, 0x5F, 0x4D, 0x5F, 0x4D,
    0x5F, 0x4D, 0x5F, 0x4D, 0x5F, 0x4D, 0x5F, 0x4D, 0x5F, 0x4D, 0x5F, 0x4D, 0x5F, 0x4D, 0x5F, 0x4D,
    0x5F, 0x4D, 0x5F, 0x4D, 0x5F, 0x4D, 0x5F, 0x4D, 0x5F, 0x4D, 0x5F, 0x4D, 0x5F, 0x4D, 0x5F, 0x4D,
    0x5F, 0x4D, 0x5F, 0x4D, 0x5F, 0x4D, 0x5F, 0x4D, 0x5F, 0x4D, 0x5F, 0x4D, 0x5F, 0x4D, 0x5F, 0x4D,
    0x5F, 0x4D, 0x5F, 0xDF, 0x4D, 0x5F, 0x4D, 0x5F, 0x4D, 0x5F, 0x4D, 0x5F, 0x4D, 0x5F, 0x4D, 0x5F,
    0x4D, 0x5F, 0x4D, 0x5F, 0x4D, 0x5F, 0x4D, 0x5F, 0x4D, 0x5F, 0x4D, 0x5F, 0x4D, 0x5F, 0x4D, 0x5F,
    0x4D, 0x5F, 0x4D, 0x5F, 0x4D, 0x5F, 0x4D, 0x5F, 0x4D, 0x5F, 0x4D, 0x5F, 0x4D, 0x5F, 0x4D, 0x5F,
    0x4D, 0x5F, 0x4D, 0x5F, 0x4D, 0x5F, 0x4D, 0x5F, 0x4D, 0x5F, 0x4D, 0x5F, 0x4D, 0x5F, 0x4D, 0x5F,
    0x4D, 0x5F, 0x4D, 0x5F, 0x4D, 0x5F, 0x4D, 0x5F, 0x4D, 0x5F, 0x4D, 0x5F, 0x4D, 0x5F, 0x4D, 0x5F,
    0x4D, 0x5F, 0x4D, 0x5F, 0x4D, 0x5F, 0x4D, 0x5F, 0x4D, 0x5F, 0x4D, 0x5F, 0x4D, 0x7F, 0x4D, 0x3F,
    0x22, 0x6E, 0x00, 0x21, 0x02, 0x00, 0xFF, 0xBA, 0x50, 0xFB, 0x37, 0xFB, 0x16, 0xFB, 0x36, 0xFB,
    0x36, 0xFB, 0x36, 0xFB, 0x36, 0xFB, 0x36, 0xFB, 0x36, 0xFB, 0x36, 0xFB, 0x36, 0xFB, 0x36, 0xFB,
    0x36, 0xFB, 0x36, 0xFB, 0x36, 0xFB, 0x36, 0xFB, 0x36, 0xFB, 0x36, 0xFB, 0x36, 0xFB, 0x36, 0xFB,
    0x36, 0xFB, 0x36, 0xFB, 0x36, 0xFB, 0x36, 0xFB, 0x36, 0xFB, 0x36, 0xFB, 0x36, 0xFB, 0x36, 0xFB,
    0x36, 0xFB, 0x36, 0xFB, 0x36, 0xFB, 0x36, 0xFB, 0x36, 0xFB, 0x36, 0xFB, 0x36, 0xFB, 0x36, 0xFB,
    0x36, 0xFB, 0x36, 0xFB, 0x36, 0xFB, 0x36, 0xFB, 0x36, 0xFB, 0x36, 0xFB, 0x36, 0xFB, 0x36, 0xFB,
    0x36, 0xFB, 0x36, 0xFB, 0x36, 0xFB, 0x36, 0xFB, 0x36, 0xFB, 0x36, 0xFB, 0x36, 0xFB, 0x36, 0xF2,
    0xF5, 0x20, 0x63, 0x44, 0x58, 0x4D, 0x9F, 0x4D, 0x5F, 0x4D, 0x5F, 0x4D, 0x5F, 0x4D, 0x5F, 0x4D,
    0x5F, 0x4D, 0x5F, 0x4D, 0x5F, 0x4D, 0x5F, 0xFF, 0x4D, 0x5F, 0x4D, 0x5F, 0x4D, 0x5F, 0x4D, 0x5F,
    0x4D, 0x5F, 0x4D, 0x5F, 0x4D, 0x5F, 0x4D, 0x5F, 0x4D, 0x5F, 0x4D, 0x5F, 0x4D, 0x5F, 0x4D, 0x5F,
    0x4D, 0x5F, 0x4D, 0x5F, 0x4D, 0x5F, 0x4D, 0x5F, 0x4D, 0x5F, 0x4D, 0x5F, 0x4D, 0x5F, 0x4D, 0x5F,
    0x4D, 0x5F, 0x4D, 0x5F, 0x4D, 0x5F, 0x4D, 0x5F, 0x4D, 0x5F, 0x4D, 0x5F, 0x4D, 0x5F, 0x4D, 0x5F,
    0x4D, 0x5F, 0x4D, 0x5F, 0x4D, 0x5F, 0x4D, 0x5F, 0x4D, 0x5F, 0x4D, 0x5F, 0x4D, 0x5F, 0x4D, 0x5F,
    0x4D, 0x5F, 0x4D, 0x5F, 0x4D, 0x5F, 0x4D, 0x5F, 0x4D, 0x5F, 0x4D, 0x5F, 0x4D, 0x5F, 0x4D, 0x5F,
    0x4D, 0x5F, 0x4D, 0x5F, 0x4D, 0x5F, 0x4D, 0x5F, 0x4D, 0x5F, 0x4D, 0x5F, 0x4D, 0x5F, 0x4D, 0x5F,
    0x4D, 0x5F, 0x4D, 0x5F, 0x4D, 0x5F, 0x4D, 0x5F, 0x4D, 0x5F, 0x4D, 0x5F, 0x4D, 0x5F, 0x4D, 0x5F,
    0x4D, 0x5F, 0x4D, 0x5F, 0x4D, 0x5F, 0x4D, 0x5F, 0xFF, 0x4D, 0x5F, 0x4D, 0x5F, 0x4D, 0x5F, 0x4D,
    0x5F, 0x4D, 0x5F, 0x4D, 0x5F, 0x4D, 0x5F, 0x4D, 0x5F, 0x4D, 0x5F, 0x4D, 0x5F, 0x4D, 0x5F, 0x4D,
    0x5F, 0x4D, 0x5F, 0x4D, 0x5F, 0x4D, 0x5F, 0x4D, 0x5F, 0x4D, 0x5F, 0x4D, 0x5F, 0x4D, 0x5F, 0x4D,
    0x5F, 0x4D, 0x5F, 0x4D, 0x5F, 0x4D, 0x5F, 0x4D, 0x5F, 0x4D, 0x5F, 0x4D, 0x5F, 0x4D, 0x5F, 0x4D,
    0x5F, 0x4D, 0x5F, 0x4D, 0x5F, 0x4D, 0x5F, 0x4D, 0x5F, 0x4D, 0x5F, 0x4D, 0x5F, 0x4D, 0x5F, 0x4D,
    0x5F, 0x4D, 0x5F, 0x4D, 0x5F, 0x4D, 0x5F, 0x4D, 0x5F, 0x4D, 0x5F, 0x4D, 0x5F, 0x4D, 0x5F, 0x4D,
    0x5F, 0x4D, 0x5F, 0x4D, 0x5F, 0x4D, 0x5F, 0x4D, 0x5F, 0x4D, 0x5F, 0x4D, 0x5F, 0x4D, 0x5F, 0x4D,
    0x5F, 0x4D, 0x5F, 0x4D, 0x5F, 0x4D, 0x5F, 0x4D, 0x5F, 0x4D, 0x5F, 0x4D, 0x5F, 0x4D, 0x5F, 0x4D,
    0x5F, 0x4D, 0x5F, 0x4D, 0x5F, 0x4D, 0x5F, 0x4D, 0x5F, 0xFF, 0x4D, 0x5F, 0x4D, 0x5F, 0x4D, 0x5F,
    0x4D, 0x5F, 0x4D, 0x5F, 0x4D, 0x5F, 0x4D, 0x5F, 0x4D, 0x5F, 0x4D, 0x5F, 0x4D, 0x5F, 0x4D, 0x5F,
    0x4D, 0x5F, 0x4D, 0x5F, 0x4D, 0x5F, 0x4D, 0x5F, 0x4D, 0x5F, 0x4D, 0x5F, 0x4D, 0x5F, 0x4D, 0x5F,
    0x4D, 0x5F, 0x4D, 0x5F, 0x4D, 0x5F, 0x4D, 0x5F, 0x4D, 0x5F, 0x4D, 0x5F, 0x4D, 0x5F, 0x4D, 0x5F,
    0x4D, 0x5F, 0x4D, 0x5F, 0x4D, 0x5F, 0x4D, 0x5F, 0x4D, 0x5F, 0x4D, 0x5F, 0x4D, 0x5F, 0x4D, 0x5F,
    0x4D, 0x5F, 0x4D, 0x5F, 0x4D, 0x5F, 0x4D, 0x5F, 0x4D, 0x5F, 0x4D, 0x5F, 0x4D, 0x5F, 0x4D, 0x5F,
    0x4D, 0x5F, 0x4D, 0x5F, 0x4D, 0x9F, 0x44, 0x58, 0x09, 0x06, 0x59, 0x07, 0xFB, 0x57, 0xFB, 0x16,
    0xFB, 0x36, 0xFB, 0x36, 0xFB, 0x36, 0xFB, 0x36, 0xFB, 0x36, 0xFB, 0x36, 0xFB, 0x36, 0xFB, 0x36,
    0xFB, 0x36, 0xFB, 0x36, 0xFB, 0x36, 0xFB, 0x36, 0xFB, 0x36, 0xFF, 0xFB, 0x36, 0xFB, 0x36, 0xFB,
    0x36, 0xFB, 0x36, 0xFB, 0x36, 0xFB, 0x36, 0xFB, 0x36, 0xFB, 0x36, 0xFB, 0x36, 0xFB, 0x36, 0xFB,
    0x36, 0xFB, 0x36, 0xFB, 0x36, 0xFB, 0x36, 0xFB, 0x36, 0xFB, 0x36, 0xFB, 0x36, 0xFB, 0x36, 0xFB,
    0x36, 0xFB, 0x36, 0xFB, 0x36, 0xFB, 0x36, 0xFB, 0x36, 0xFB, 0x36, 0xFB, 0x36, 0xFB, 0x36, 0xFB,
    0x36, 0xFB, 0x36, 0xFB, 0x36, 0xFB, 0x36, 0xFB, 0x36, 0xFB, 0x36, 0xFB, 0x36, 0xFB, 0x36, 0xFB,
    0x16, 0xFB, 0x78, 0x79, 0x8A, 0x11, 0xAA, 0x4D, 0x9F, 0x4D, 0x5F, 0x4D, 0x5F, 0x4D, 0x5F, 0x4D,
    0x5F, 0x4D, 0x5F, 0x4D, 0x5F, 0x4D, 0x5F, 0x4D, 0x5F, 0x4D, 0x5F, 0x4D, 0x5F, 0x4D, 0x5F, 0x4D,
    0x5F, 0x4D, 0x5F, 0x4D, 0x5F, 0x4D, 0x5F, 0x4D, 0x5F, 0x4D, 0x5F, 0x4D, 0x5F, 0x4D, 0x5F, 0x4D,
    0x5F, 0x4D, 0x5F, 0x4D, 0x5F, 0x4D, 0x5F, 0x4D, 0x5F, 0x4D, 0x5F, 0xFF, 0x4D, 0x5F, 0x4D, 0x5F,
    0x4D, 0x5F, 0x4D, 0x5F, 0x4D, 0x5F, 0x4D, 0x5F, 0x4D, 0x5F, 0x4D, 0x5F, 0x4D, 0x5F, 0x4D, 0x5F,
    0x4D, 0x5F, 0x4D, 0x5F, 0x4D, 0x5F, 0x4D, 0x5F, 0x4D, 0x5F, 0x4D, 0x5F, 0x4D, 0x5F, 0x4D, 0x5F,
    0x4D, 0x5F, 0x4D, 0x5F, 0x4D, 0x5F, 0x4D, 0x5F, 0x4D, 0x5F, 0x4D, 0x5F, 0x4D, 0x5F, 0x4D, 0x5F,
    0x4D, 0x5F, 0x4D, 0x5F, 0x4D, 0x5F, 0x4D, 0x5F, 0x4D, 0x5F, 0x4D, 0x5F, 0x4D, 0x5F, 0x4D, 0x5F,
    0x4D, 0x5F, 0x4D, 0x5F, 0x4D, 0x5F, 0x4D, 0x5F, 0x4D, 0x5F, 0x4D, 0x5F, 0x4D, 0x5F, 0x4D, 0x5F,
    0x4D, 0x5F, 0x4D, 0x5F, 0x4D, 0x5F, 0x4D, 0x5F, 0x4D, 0x5F, 0x4D, 0x5F, 0x4D, 0x5F, 0x4D, 0x5F,
    0x4D, 0x5F, 0x4D, 0x5F, 0x4D, 0x5F, 0x4D, 0x5F, 0x4D, 0x5F, 0x4D, 0x5F, 0x4D, 0x5F, 0x4D, 0x5F,
    0x4D, 0x5F, 0x4D, 0x5F, 0x4D, 0x5F, 0x4D, 0x5F, 0x4D, 0x5F, 0x4D, 0x5F, 0xFF, 0x4D, 0x5F, 0x4D,
    0x5F, 0x4D, 0x5F, 0x4D, 0x5F, 0x4D, 0x5F, 0x4D, 0x5F, 0x4D, 0x5F, 0x4D, 0x5F, 0x4D, 0x5F, 0x4D,
    0x5F, 0x4D, 0x5F, 0x4D, 0x5F, 0x4D, 0x5F, 0x4D, 0x5F, 0x4D, 0x5F, 0x4D, 0x5F, 0x4D, 0x5F, 0x4D,
    0x5F, 0x4D, 0x5F, 0x4D, 0x5F, 0x4D, 0x5F, 0x4D, 0x5F, 0x4D, 0x5F, 0x4D, 0x5F, 0x4D, 0x5F, 0x4D,
    0x5F, 0x4D, 0x5F, 0x4D, 0x5F, 0x4D, 0x5F, 0x4D, 0x5F, 0x4D, 0x5F, 0x4D, 0x5F, 0x4D, 0x5F, 0x4D,
    0x5F, 0x4D, 0x5F, 0x4D, 0x5F, 0x4D, 0x5F, 0x4D, 0x5F, 0x4D, 0x5F, 0x4D, 0x5F, 0x4D, 0x5F, 0x4D,
    0x5F, 0x4D, 0x5F, 0x4D, 0x5F, 0x4D, 0x5F, 0x4D, 0x5F, 0x4D, 0x5F, 0x4D, 0x5F, 0x4D, 0x5F, 0x4D,
    0x5F, 0x4D, 0x5F, 0x4D, 0x5F, 0x4D, 0x5F, 0x4D, 0x5F, 0x4D, 0x5F, 0x4D, 0x5F, 0x4D, 0x5F, 0x4D,
    0x5F, 0x4D, 0x5F, 0x4D, 0x5F, 0x4D, 0x5F, 0x4D, 0x5F, 0x4D, 0x5F, 0x4D, 0x5F, 0xFF, 0x4D, 0x5F,
    0x4D, 0x5F, 0x4D, 0x5F, 0x4D, 0x5F, 0x4D, 0x5F, 0x4D, 0x5F, 0x4D, 0x5F, 0x4D, 0x5F, 0x4D, 0x5F,
    0x4D, 0x5F, 0x4D, 0x5F, 0x4D, 0x5F, 0x4D, 0x5F, 0x4D, 0x5F, 0x4D, 0x5F, 0x4D, 0x5F, 0x4D, 0x5F,
    0x4D, 0x5F, 0x4D, 0x5F, 0x4D, 0x5F, 0x4D, 0x5F, 0x4D, 0x5F, 0x4D, 0x5F, 0x4D, 0x5F, 0x4D, 0x5F,
    0x4D, 0x5F, 0x4D, 0x5F, 0x4D, 0x5F, 0x4D, 0x5F, 0x4D, 0x5F, 0x4D, 0x9F, 0x4D, 0x3F, 0x09, 0x06,
    0xA1, 0xED, 0xFB, 0x78, 0xFB, 0x16, 0xFB, 0x36, 0xFB, 0x36, 0xFB, 0x36, 0xFB, 0x36, 0xFB, 0x36,
    0xFB, 0x36, 0xFB, 0x36, 0xFB, 0x36, 0xFB, 0x36, 0xFB, 0x36, 0xFB, 0x36, 0xFB, 0x36, 0xFB, 0x36,
    0xFB, 0x36, 0xFB, 0x36, 0xFB, 0x36, 0xFB, 0x36, 0xFB, 0x36, 0xFB, 0x36, 0xFB, 0x36, 0xFB, 0x36,
    0xFB, 0x36, 0xFB, 0x36, 0xFB, 0x36, 0xFB, 0x36, 0xFB, 0x36, 0xFB, 0x36, 0xFB, 0x36, 0xFF, 0xFB,
    0x36, 0xFB, 0x36, 0xFB, 0x36, 0xFB, 0x36, 0xFB, 0x36, 0xFB, 0x36, 0xFB, 0x36, 0xFB, 0x36, 0xFB,
    0x36, 0xFB, 0x36, 0xFB, 0x36, 0xFB, 0x36, 0xFB, 0x36, 0xFB, 0x36, 0xFB, 0x36, 0xFB, 0x36, 0xFB,
    0x36, 0xFB, 0x16, 0xFB, 0x78, 0xCA, 0x91, 0x10, 0x41, 0x44, 0x58, 0x4D, 0x9F, 0x4D, 0x5F, 0x4D,
    0x5F, 0x4D, 0x5F, 0x4D, 0x5F, 0x4D, 0x5F, 0x4D, 0x5F, 0x4D, 0x5F, 0x4D, 0x5F, 0x4D, 0x5F, 0x4D,
    0x5F, 0x4D, 0x5F, 0x4D, 0x5F, 0x4D, 0x5F, 0x4D, 0x5F, 0x4D, 0x5F, 0x4D, 0x5F, 0x4D, 0x5F, 0x4D,
    0x5F, 0x4D, 0x5F, 0x4D, 0x5F, 0x4D, 0x5F, 0x4D, 0x5F, 0x4D, 0x5F, 0x4D, 0x5F, 0x4D, 0x5F, 0x4D,
    0x5F, 0x4D, 0x5F, 0x4D, 0x5F, 0x4D, 0x5F, 0x4D, 0x5F, 0x4D, 0x5F, 0x4D, 0x5F, 0x4D, 0x5F, 0x4D,
    0x5F, 0x4D, 0x5F, 0x4D, 0x5F, 0x4D, 0x5F, 0x4D, 0x5F, 0x4D, 0x5F, 0x4D, 0x5F, 0x4D, 0x5F, 0xFF,
    0x4D, 0x5F, 0x4D, 0x5F, 0x4D, 0x5F, 0x4D, 0x5F, 0x4D, 0x5F, 0x4D, 0x5F, 0x4D, 0x5F, 0x4D, 0x5F,
    0x4D, 0x5F, 0x4D, 0x5F, 0x4D, 0x5F, 0x4D, 0x5F, 0x4D, 0x5F, 0x4D, 0x5F, 0x4D, 0x5F, 0x4D, 0x5F,
    0x4D, 0x5F, 0x4D, 0x5F, 0x4D, 0x5F, 0x4D, 0x5F, 0x4D, 0x5F, 0x4D, 0x5F, 0x4D, 0x5F, 0x4D, 0x5F,
    0x4D, 0x5F, 0x4D, 0x5F, 0x4D, 0x5F, 0x4D, 0x5F, 0x4D, 0x5F, 0x4D, 0x5F, 0x4D, 0x5F, 0x4D, 0x5F,
    0x4D, 0x5F, 0x4D, 0x5F, 0x4D, 0x5F, 0x4D, 0x5F, 0x4D, 0x5F, 0x4D, 0x5F, 0x4D, 0x5F, 0x4D, 0x5F,
    0x4D, 0x5F, 0x4D, 0x5F, 0x4D, 0x5F, 0x4D, 0x5F, 0x4D, 0x5F, 0x4D, 0x5F, 0x4D, 0x5F, 0x4D, 0x5F,
    0x4D, 0x5F, 0x4D, 0x5F, 0x4D, 0x5F, 0x4D, 0x5F, 0x4D, 0x5F, 0x4D, 0x5F, 0x4D, 0x5F, 0x4D, 0x5F,
    0x4D, 0x5F, 0x4D, 0x5F, 0x4D, 0x5F, 0x4D, 0x5F, 0x4D, 0x5F, 0x4D, 0x5F, 0x4D, 0x5F, 0x4D, 0x5F,
    0xFF, 0x4D, 0x5F, 0x4D, 0x5F, 0x4D, 0x5F, 0x4D, 0x5F, 0x4D, 0x5F, 0x4D, 0x5F, 0x4D, 0x5F, 0x4D,
    0x5F, 0x4D, 0x5F, 0x4D, 0x5F, 0x4D, 0x5F, 0x4D, 0x5F, 0x4D, 0x5F, 0x4D, 0x5F, 0x4D, 0x5F, 0x4D,
    0x5F, 0x4D, 0x5F, 0x4D, 0x5F, 0x4D, 0x5F, 0x4D, 0x5F, 0x4D, 0x5F, 0x4D, 0x5F, 0x4D, 0x5F, 0x4D,
    0x5F, 0x4D, 0x5F, 0x4D, 0x5F, 0x4D, 0x5F, 0x4D, 0x5F, 0x4D, 0x5F, 0x4D, 0x5F, 0x4D, 0x5F, 0x4D,
    0x5F, 0x4D, 0x5F, 0x4D, 0x5F, 0x4D, 0x5F, 0x4D, 0x5F, 0x4D, 0x5F, 0x4D, 0x5F, 0x4D, 0x5F, 0x4D,
    0x5F, 0x4D, 0x5F, 0x4D, 0x5F, 0x4D, 0x5F, 0x4D, 0x5F, 0x4D, 0x5F, 0x4D, 0x5F, 0x4D, 0x5F, 0x4D,
    0x5F, 0x4D, 0x5F, 0x4D, 0x5F, 0x4D, 0x5F, 0x4D, 0x5F, 0x4D, 0x5F, 0x4D, 0x5F, 0x4D, 0x5F, 0x4D,
    0x5F, 0x4D, 0x5F, 0x4D, 0x5F, 0x4D, 0x5F, 0x4D, 0x5F, 0x4D, 0x5F, 0x4D, 0x5F, 0x4D, 0x5F, 0x4D,
    0x5F, 0xFF, 0x4D, 0x5F, 0x4D, 0x5F, 0x4D, 0x5F, 0x4D, 0x5F, 0x4D, 0x5F, 0x4D, 0x5F, 0x4D, 0x5F,
    0x4D, 0x5F, 0x4D, 0x5F, 0x4D, 0x5F, 0x4D, 0x5F, 0x4D, 0x5F, 0x4D, 0x5F, 0x4D, 0x5F, 0x4D, 0x5F,
    0x55, 0x9F, 0x44, 0x9B, 0x08, 0x83, 0xA1, 0xED, 0xFB, 0x78, 0xFB, 0x36, 0xFB, 0x16, 0xFB, 0x36,
    0xFB, 0x36, 0xFB, 0x36, 0xFB, 0x36, 0xFB, 0x36, 0xFB, 0x36, 0xFB, 0x36, 0xFB, 0x36, 0xFB, 0x36,
    0xFB, 0x36, 0xFB, 0x36, 0xFB, 0x36, 0xFB, 0x36, 0xFB, 0x36, 0xFB, 0x36, 0xFB, 0x36, 0xFB, 0x36,
    0xFB, 0x36, 0xFB, 0x36, 0xFB, 0x36, 0xFB, 0x36, 0xFB, 0x36, 0xFB, 0x36, 0xFB, 0x36, 0xFB, 0x36,
    0xFB, 0x36, 0xFB, 0x36, 0xFB, 0x36, 0xFB, 0x36, 0xFB, 0x36, 0xFB, 0x36, 0xFB, 0x36, 0xFB, 0x36,
    0xFB, 0x36, 0xFB, 0x36, 0xFB, 0x36, 0xFB, 0x36, 0xFB, 0x36, 0xFB, 0x36, 0xFB, 0x36, 0xFB, 0x36,
    0xFB, 0x16, 0xFF, 0xFB, 0x36, 0xFB, 0x78, 0xBA, 0x0F, 0x10, 0x41, 0x33, 0x32, 0x55, 0x9F, 0x4D,
    0x5F, 0x4D, 0x5F, 0x4D, 0x5F, 0x4D, 0x5F, 0x4D, 0x5F, 0x4D, 0x5F, 0x4D, 0x5F, 0x4D, 0x5F, 0x4D,
    0x5F, 0x4D, 0x5F, 0x4D, 0x5F, 0x4D, 0x5F, 0x4D, 0x5F, 0x4D, 0x5F, 0x4D, 0x5F, 0x4D, 0x5F, 0x4D,
    0x5F, 0x4D, 0x5F, 0x4D, 0x5F, 0x4D, 0x5F, 0x4D, 0x5F, 0x4D, 0x5F, 0x4D, 0x5F, 0x4D, 0x5F, 0x4D,
    0x5F, 0x4D, 0x5F, 0x4D, 0x5F, 0x4D, 0x5F, 0x4D, 0x5F, 0x4D, 0x5F, 0x4D, 0x5F, 0x4D, 0x5F, 0x4D,
    0x5F, 0x4D, 0x5F, 0x4D, 0x5F, 0x4D, 0x5F, 0x4D, 0x5F, 0x4D, 0x5F, 0x4D, 0x5F, 0x4D, 0x5F, 0x4D,
    0x5F, 0x4D, 0x5F, 0x4D, 0x5F, 0x4D, 0x5F, 0x4D, 0x5F, 0x4D, 0x5F, 0x4D, 0x5F, 0x4D, 0x5F, 0x4D,
    0x5F, 0x4D, 0x5F, 0x4D, 0x5F, 0x4D, 0x5F, 0x4D, 0x5F, 0x4D, 0x5F, 0x4D, 0x5F, 0x4D, 0x5F, 0x4D,
    0x5F, 0x4D, 0x5F, 0xFF, 0x4D, 0x5F, 0x4D, 0x5F, 0x4D, 0x5F, 0x4D, 0x5F, 0x4D, 0x5F, 0x4D, 0x5F,
    0x4D, 0x5F, 0x4D, 0x5F, 0x4D, 0x5F, 0x4D, 0x5F, 0x4D, 0x5F, 0x4D, 0x5F, 0x4D, 0x5F, 0x4D, 0x5F,
    0x4D, 0x5F, 0x4D, 0x5F, 0x4D, 0x5F, 0x4D, 0x5F, 0x4D, 0x5F, 0x4D, 0x5F, 0x4D, 0x5F, 0x4D, 0x5F,
    0x4D, 0x5F, 0x4D, 0x5F, 0x4D, 0x5F, 0x4D, 0x5F, 0x4D, 0x5F, 0x4D, 0x5F, 0x4D, 0x5F, 0x4D, 0x5F,
    0x4D, 0x5F, 0x4D, 0x5F, 0x4D, 0x5F, 0x4D, 0x5F, 0x4D, 0x5F, 0x4D, 0x5F, 0x4D, 0x5F, 0x4D, 0x5F,
    0x4D, 0x5F, 0x4D, 0x5F, 0x4D, 0x5F, 0x4D, 0x5F, 0x4D, 0x5F, 0x4D, 0x5F, 0x4D, 0x5F, 0x4D, 0x5F,
    0x4D, 0x5F, 0x4D, 0x5F, 0x4D, 0x5F, 0x4D, 0x5F, 0x4D, 0x5F, 0x4D, 0x5F, 0x4D, 0x5F, 0x4D, 0x5F,
    0x4D, 0x5F, 0x4D, 0x5F, 0x4D, 0x5F, 0x4D, 0x5F, 0x4D, 0x5F, 0x4D, 0x5F, 0x4D, 0x5F, 0x4D, 0x5F,
    0x4D, 0x5F, 0x4D, 0x5F, 0xFF, 0x4D, 0x5F, 0x4D, 0x5F, 0x4D, 0x5F, 0x4D, 0x5F, 0x4D, 0x5F, 0x4D,
    0x5F, 0x4D, 0x5F, 0x4D, 0x5F, 0x4D, 0x5F, 0x4D, 0x5F, 0x4D, 0x5F, 0x4D, 0x5F, 0x4D, 0x5F, 0x4D,
    0x5F, 0x4D, 0x5F, 0x4D, 0x5F, 0x4D, 0x5F, 0x4D, 0x5F, 0x4D, 0x5F, 0x4D, 0x5F, 0x4D, 0x5F, 0x4D,
    0x5F, 0x4D, 0x5F, 0x4D, 0x5F, 0x4D, 0x5F, 0x4D, 0x5F, 0x4D, 0x5F, 0x4D, 0x5F, 0x4D, 0x5F, 0x4D,
    0x5F, 0x4D, 0x5F, 0x4D, 0x5F, 0x4D, 0x5F, 0x4D, 0x5F, 0x4D, 0x5F, 0x4D, 0x5F, 0x4D, 0x5F, 0x4D,
    0x5F, 0x4D, 0x5F, 0x4D, 0x5F, 0x4D, 0x5F, 0x4D, 0x5F, 0x4D, 0x5F, 0x4D, 0x5F, 0x4D, 0x5F, 0x4D,
    0x5F, 0x4D, 0x5F, 0x4D, 0x5F, 0x4D, 0x5F, 0x4D, 0x5F, 0x4D, 0x5F, 0x4D, 0x5F, 0x4D, 0x5F, 0x4D,
    0x5F, 0x4D, 0x5F, 0x4D, 0x5F, 0x4D, 0x5F, 0x4D, 0x5F, 0x4D, 0x5F, 0x4D, 0x7F, 0x55, 0x9F, 0x4D,
    0x9F, 0x4D, 0x3F, 0x44, 0x9B, 0xFF, 0x4D, 0x1D, 0x3B, 0xB5, 0x08, 0x83, 0x69, 0x49, 0xF2, 0xF5,
    0xFB, 0x57, 0xFB, 0x36, 0xFB, 0x16, 0xFB, 0x36, 0xFB, 0x36, 0xFB, 0x36, 0xFB, 0x36, 0xFB, 0x36,
    0xFB, 0x36, 0xFB, 0x36, 0xFB, 0x36, 0xFB, 0x36, 0xFB, 0x36, 0xFB, 0x36, 0xFB, 0x36, 0xFB, 0x36,
    0xFB, 0x36, 0xFB, 0x36, 0xFB, 0x36, 0xFB, 0x36, 0xFB, 0x36, 0xFB, 0x36, 0xFB, 0x36, 0xFB, 0x36,
    0xFB, 0x36, 0xFB, 0x36, 0xFB, 0x36, 0xFB, 0x36, 0xFB, 0x36, 0xFB, 0x36, 0xFB, 0x36, 0xFB, 0x36,
    0xFB, 0x36, 0xFB, 0x36, 0xFB, 0x36, 0xFB, 0x36, 0xFB, 0x36, 0xFB, 0x36, 0xFB, 0x36, 0xFB, 0x16,
    0xFB, 0x16, 0xFB, 0x36, 0xFB, 0x57, 0xF2, 0xF5, 0x69, 0x49, 0x08, 0x83, 0x3B, 0xB5, 0x55, 0x9F,
    0x4D, 0x5F, 0x4D, 0x5F, 0x4D, 0x5F, 0x4D, 0x5F, 0x4D, 0x5F, 0x4D, 0x5F, 0x4D, 0x5F, 0x4D, 0x5F,
    0x4D, 0x5F, 0x4D, 0x5F, 0x4D, 0x5F, 0xFF, 0x4D, 0x5F, 0x4D, 0x5F, 0x4D, 0x5F, 0x4D, 0x5F, 0x4D,
    0x5F, 0x4D, 0x5F, 0x4D, 0x5F, 0x4D, 0x5F, 0x4D, 0x5F, 0x4D, 0x5F, 0x4D, 0x5F, 0x4D, 0x5F, 0x4D,
    0x5F, 0x4D, 0x5F, 0x4D, 0x5F, 0x4D, 0x5F, 0x4D, 0x5F, 0x4D, 0x5F, 0x4D, 0x5F, 0x4D, 0x5F, 0x4D,
    0x5F, 0x4D, 0x5F, 0x4D, 0x5F, 0x4D, 0x5F, 0x4D, 0x5F, 0x4D, 0x5F, 0x4D, 0x5F, 0x4D, 0x5F, 0x4D,
    0x5F, 0x4D, 0x5F, 0x4D, 0x5F, 0x4D, 0x5F, 0x4D, 0x5F, 0x4D, 0x5F, 0x4D, 0x5F, 0x4D, 0x5F, 0x4D,
    0x5F, 0x4D, 0x5F, 0x4D, 0x5F, 0x4D, 0x5F, 0x4D, 0x5F, 0x4D, 0x5F, 0x4D, 0x5F, 0x4D, 0x5F, 0x4D,
    0x5F, 0x4D, 0x5F, 0x4D, 0x5F, 0x4D, 0x5F, 0x4D, 0x5F, 0x4D, 0x5F, 0x4D, 0x5F, 0x4D, 0x5F, 0x4D,
    0x5F, 0x4D, 0x5F, 0x4D, 0x5F, 0x4D, 0x5F, 0x4D, 0x5F, 0x4D, 0x5F, 0x4D, 0x5F, 0x4D, 0x5F, 0x4D,
    0x5F, 0x4D, 0x5F, 0x4D, 0x5F, 0x4D, 0x5F, 0xFF, 0x4D, 0x5F, 0x4D, 0x5F, 0x4D, 0x5F, 0x4D, 0x5F,
    0x4D, 0x5F, 0x4D, 0x5F, 0x4D, 0x5F, 0x4D, 0x5F, 0x4D, 0x5F, 0x4D, 0x5F, 0x4D, 0x5F, 0x4D, 0x5F,
    0x4D, 0x5F, 0x4D, 0x5F, 0x4D, 0x5F, 0x4D, 0x5F, 0x4D, 0x5F, 0x4D, 0x5F, 0x4D, 0x5F, 0x4D, 0x5F,
    0x4D, 0x5F, 0x4D, 0x5F, 0x4D, 0x5F, 0x4D, 0x5F, 0x4D, 0x5F, 0x4D, 0x5F, 0x4D, 0x5F, 0x4D, 0x5F,
    0x4D, 0x5F, 0x4D, 0x5F, 0x4D, 0x5F, 0x4D, 0x5F, 0x4D, 0x5F, 0x4D, 0x5F, 0x4D, 0x5F, 0x4D, 0x5F,
    0x4D, 0x5F, 0x4D, 0x5F, 0x4D, 0x5F, 0x4D, 0x5F, 0x4D, 0x5F, 0x4D, 0x5F, 0x4D, 0x5F, 0x4D, 0x5F,
    0x4D, 0x5F, 0x4D, 0x5F, 0x4D, 0x5F, 0x4D, 0x5F, 0x4D, 0x5F, 0x4D, 0x5F, 0x4D, 0x5F, 0x4D, 0x5F,
    0x4D, 0x5F, 0x4D, 0x5F, 0x4D, 0x5F, 0x4D, 0x5F, 0x4D, 0x5F, 0x4D, 0x5F, 0x4D, 0x5F, 0x4D, 0x5F,
    0x4D, 0x5F, 0x4D, 0x5F, 0x4D, 0x5F, 0x4D, 0x5F, 0xE5, 0x4D, 0x5F, 0x4D, 0x5F, 0x4D, 0x5F, 0x4D,
    0x5F, 0x4D, 0x5F, 0x4D, 0x5F, 0x4D, 0x5F, 0x4D, 0x5F, 0x4D, 0x5F, 0x4D, 0x5F, 0x4D, 0x5F, 0x4D,
    0x5F, 0x4D, 0x5F, 0x4D, 0x5F, 0x4D, 0x5F, 0x4D, 0x5F, 0x4D, 0x5F, 0x4D, 0x5F, 0x4D, 0x5F, 0x4D,
    0x5F, 0x4D, 0x5F, 0x4D, 0x5F, 0x4D, 0x5F, 0x4D, 0x5F, 0x4D, 0x5F, 0x4D, 0x5F, 0x4D, 0x5F, 0x4D,
    0x5F, 0x4D, 0x5F, 0x4D, 0x5F, 0x4D, 0x5F, 0x4D, 0x5F, 0x4D, 0x5F, 0x4D, 0x5F, 0x4D, 0x5F, 0x4D,
    0x5F, 0x4D, 0x5F, 0x4D, 0x5F, 0x4D, 0x5F, 0x4D, 0x5F, 0x4D, 0x5F, 0x4D, 0x5F, 0x4D, 0x9F, 0x4D,
    0x1D, 0x22, 0xD0, 0x11, 0xAA, 0x09, 0x06, 0x08, 0x83, 0x00, 0x21, 0x08, 0x83, 0x00, 0x21, 0x02,
    0x00, 0xFF, 0x20, 0x63, 0xA1, 0xED, 0xFB, 0x16, 0xFB, 0x57, 0xFB, 0x36, 0xFB, 0x16, 0xFB, 0x16,
    0xFB, 0x16, 0xFB, 0x36, 0xFB, 0x36, 0xFB, 0x36, 0xFB, 0x36, 0xFB, 0x36, 0xFB, 0x36, 0xFB, 0x36,
    0xFB, 0x36, 0xFB, 0x36, 0xFB, 0x36, 0xFB, 0x36, 0xFB, 0x36, 0xFB, 0x36, 0xFB, 0x36, 0xFB, 0x36,
    0xFB, 0x36, 0xFB, 0x36, 0xFB, 0x36, 0xFB, 0x36, 0xFB, 0x36, 0xFB, 0x36, 0xFB, 0x36, 0xFB, 0x36,
    0xFB, 0x36, 0xFB, 0x36, 0xFB, 0x36, 0xFB, 0x36, 0xFB, 0x36, 0xFB, 0x36, 0xFB, 0x36, 0xFB, 0x16,
    0xFB, 0x16, 0xFB, 0x37, 0xFB, 0x57, 0xF2, 0xF5, 0x89, 0xCC, 0x20, 0x63, 0x11, 0xAA, 0x4D, 0x1D,
    0x55, 0x9F, 0x4D, 0x5F, 0x4D, 0x5F, 0x4D, 0x5F, 0x4D, 0x5F, 0x4D, 0x5F, 0x4D, 0x5F, 0x4D, 0x5F,
    0x4D, 0x5F, 0x4D, 0x5F, 0x4D, 0x5F, 0x4D, 0x5F, 0x4D, 0x5F, 0x4D, 0x5F, 0x4D, 0x5F, 0x4D, 0x5F,
    0x4D, 0x5F, 0xFF, 0x4D, 0x5F, 0x4D, 0x5F, 0x4D, 0x5F, 0x4D, 0x5F, 0x4D, 0x5F, 0x4D, 0x5F, 0x4D,
    0x5F, 0x4D, 0x5F, 0x4D, 0x5F, 0x4D, 0x5F, 0x4D, 0x5F, 0x4D, 0x5F, 0x4D, 0x5F, 0x4D, 0x5F, 0x4D,
    0x5F, 0x4D, 0x5F, 0x4D, 0x5F, 0x4D, 0x5F, 0x4D, 0x5F, 0x4D, 0x5F, 0x4D, 0x5F, 0x4D, 0x5F, 0x4D,
    0x5F, 0x4D, 0x5F, 0x4D, 0x5F, 0x4D, 0x5F, 0x4D, 0x5F, 0x4D, 0x5F, 0x4D, 0x5F, 0x4D, 0x5F, 0x4D,
    0x5F, 0x4D, 0x5F, 0x4D, 0x5F, 0x4D, 0x5F, 0x4D, 0x5F, 0x4D, 0x5F, 0x4D, 0x5F, 0x4D, 0x5F, 0x4D,
    0x5F, 0x4D, 0x5F, 0x4D, 0x5F, 0x4D, 0x5F, 0x4D, 0x5F, 0x4D, 0x5F, 0x4D, 0x5F, 0x4D, 0x5F, 0x4D,
    0x5F, 0x4D, 0x5F, 0x4D, 0x5F, 0x4D, 0x5F, 0x4D, 0x5F, 0x4D, 0x5F, 0x4D, 0x5F, 0x4D, 0x5F, 0x4D,
    0x5F, 0x4D, 0x5F, 0x4D, 0x5F, 0x4D, 0x5F, 0x4D, 0x5F, 0x4D, 0x5F, 0x4D, 0x5F, 0x4D, 0x5F, 0x4D,
    0x5F, 0x4D, 0x5F, 0xFF, 0x4D, 0x5F, 0x4D, 0x5F, 0x4D, 0x5F, 0x4D, 0x5F, 0x4D, 0x5F, 0x4D, 0x5F,
    0x4D, 0x5F, 0x4D, 0x5F, 0x4D, 0x5F, 0x4D, 0x5F, 0x4D, 0x5F, 0x4D, 0x5F, 0x4D, 0x5F, 0x4D, 0x5F,
    0x4D, 0x5F, 0x4D, 0x5F, 0x4D, 0x5F, 0x4D, 0x5F, 0x4D, 0x5F, 0x4D, 0x5F, 0x4D, 0x5F, 0x4D, 0x5F,
    0x4D, 0x5F, 0x4D, 0x5F, 0x4D, 0x5F, 0x4D, 0x5F, 0x4D, 0x5F, 0x4D, 0x5F, 0x4D, 0x5F, 0x4D, 0x5F,
    0x4D, 0x5F, 0x4D, 0x5F, 0x4D, 0x5F, 0x4D, 0x5F, 0x4D, 0x5F, 0x4D, 0x5F, 0x4D, 0x5F, 0x4D, 0x5F,
    0x4D, 0x5F, 0x4D, 0x5F, 0x4D, 0x5F, 0x4D, 0x5F, 0x4D, 0x5F, 0x4D, 0x5F, 0x4D, 0x5F, 0x4D, 0x5F,
    0x4D, 0x5F, 0x4D, 0x5F, 0x4D, 0x5F, 0x4D, 0x5F, 0x4D, 0x5F, 0x4D, 0x5F, 0x4D, 0x5F, 0x4D, 0x5F,
    0x4D, 0x5F, 0x4D, 0x5F, 0x4D, 0x5F, 0x4D, 0x5F, 0x4D, 0x5F, 0x4D, 0x5F, 0x4D, 0x5F, 0x4D, 0x5F,
    0x4D, 0x5F, 0x4D, 0x5F, 0xCF, 0x4D, 0x5F, 0x4D, 0x5F, 0x4D, 0x5F, 0x4D, 0x5F, 0x4D, 0x5F, 0x4D,
    0x5F, 0x4D, 0x5F, 0x4D, 0x5F, 0x4D, 0x5F, 0x4D, 0x5F, 0x4D, 0x5F, 0x4D, 0x5F, 0x4D, 0x5F, 0x4D,
    0x5F, 0x4D, 0x5F, 0x4D, 0x5F, 0x4D, 0x5F, 0x4D, 0x5F, 0x4D, 0x5F, 0x4D, 0x5F, 0x4D, 0x5F, 0x4D,
    0x5F, 0x4D, 0x5F, 0x4D, 0x5F, 0x4D, 0x5F, 0x4D, 0x5F, 0x4D, 0x5F, 0x4D, 0x5F, 0x4D, 0x5F, 0x4D,
    0x5F, 0x4D, 0x5F, 0x4D, 0x5F, 0x4D, 0x5F, 0x4D, 0x5F, 0x4D, 0x5F, 0x4D, 0x5F, 0x4D, 0x5F, 0x4D,
    0x9F, 0x3B, 0xF7, 0x08, 0x83, 0x14, 0x00, 0xD1, 0x20, 0x63, 0x89, 0xCC, 0xE2, 0xD4, 0xFB, 0x57,
    0xFB, 0x57, 0xFB, 0x37, 0xFB, 0x36, 0xFB, 0x36, 0xFB, 0x36, 0xFB, 0x16, 0xFB, 0x16, 0xFB, 0x16,
    0xFB, 0x16, 0xFB, 0x16, 0xFB, 0x16, 0xFB, 0x16, 0xFB, 0x16, 0xFB, 0x16, 0xFB, 0x16, 0xFB, 0x16,
    0xFB, 0x16, 0xFB, 0x16, 0xFB, 0x16, 0xFB, 0x16, 0xFB, 0x16, 0xFB, 0x16, 0xFB, 0x16, 0xFB, 0x16,
    0xFB, 0x16, 0xFB, 0x16, 0xFB, 0x16, 0xFB, 0x16, 0xFB, 0x16, 0xFB, 0x16, 0xFB, 0x36, 0xFB, 0x37,
    0xFB, 0x57, 0xFB, 0x57, 0xE2, 0xD4, 0x79, 0x8A, 0x20, 0x63, 0x02, 0x00, 0xFF, 0x1A, 0x2C, 0x55,
    0x9F, 0x4D, 0x7F, 0x4D, 0x5F, 0x4D, 0x5F, 0x4D, 0x5F, 0x4D, 0x5F, 0x4D, 0x5F, 0x4D, 0x5F, 0x4D,
    0x5F, 0x4D, 0x5F, 0x4D, 0x5F, 0x4D, 0x5F, 0x4D, 0x5F, 0x4D, 0x5F, 0x4D, 0x5F, 0x4D, 0x5F, 0x4D,
    0x5F, 0x4D, 0x5F, 0x4D, 0x5F, 0x4D, 0x5F, 0x4D, 0x5F, 0x4D, 0x5F, 0x4D, 0x5F, 0x4D, 0x5F, 0x4D,
    0x5F, 0x4D, 0x5F, 0x4D, 0x5F, 0x4D, 0x5F, 0x4D, 0x5F, 0x4D, 0x5F, 0x4D, 0x5F, 0x4D, 0x5F, 0x4D,
    0x5F, 0x4D, 0x5F, 0x4D, 0x5F, 0x4D, 0x5F, 0x4D, 0x5F, 0x4D, 0x5F, 0x4D, 0x5F, 0x4D, 0x5F, 0x4D,
    0x5F, 0x4D, 0x5F, 0x4D, 0x5F, 0x4D, 0x5F, 0x4D, 0x5F, 0x4D, 0x5F, 0x4D, 0x5F, 0x4D, 0x5F, 0x4D,
    0x5F, 0x4D, 0x5F, 0x4D, 0x5F, 0x4D, 0x5F, 0x4D, 0x5F, 0x4D, 0x5F, 0x4D, 0x5F, 0x4D, 0x5F, 0x4D,
    0x5F, 0x4D, 0x5F, 0x4D, 0x5F, 0x4D, 0x5F, 0x4D, 0x5F, 0x4D, 0x5F, 0x4D, 0x5F, 0xFF, 0x4D, 0x5F,
    0x4D, 0x5F, 0x4D, 0x5F, 0x4D, 0x5F, 0x4D, 0x5F, 0x4D, 0x5F, 0x4D, 0x5F, 0x4D, 0x5F, 0x4D, 0x5F,
    0x4D, 0x5F, 0x4D, 0x5F, 0x4D, 0x5F, 0x4D, 0x5F, 0x4D, 0x5F, 0x4D, 0x5F, 0x4D, 0x5F, 0x4D, 0x5F,
    0x4D, 0x5F, 0x4D, 0x5F, 0x4D, 0x5F, 0x4D, 0x5F, 0x4D, 0x5F, 0x4D, 0x5F, 0x4D, 0x5F, 0x4D, 0x5F,
    0x4D, 0x5F, 0x4D, 0x5F, 0x4D, 0x5F, 0x4D, 0x5F, 0x4D, 0x5F, 0x4D, 0x5F, 0x4D, 0x5F, 0x4D, 0x5F,
    0x4D, 0x5F, 0x4D, 0x5F, 0x4D, 0x5F, 0x4D, 0x5F, 0x4D, 0x5F, 0x4D, 0x5F, 0x4D, 0x5F, 0x4D, 0x5F,
    0x4D, 0x5F, 0x4D, 0x5F, 0x4D, 0x5F, 0x4D, 0x5F, 0x4D, 0x5F, 0x4D, 0x5F, 0x4D, 0x5F, 0x4D, 0x5F,
    0x4D, 0x5F, 0x4D, 0x5F, 0x4D, 0x5F, 0x4D, 0x5F, 0x4D, 0x5F, 0x4D, 0x5F, 0x4D, 0x5F, 0x4D, 0x5F,
    0x4D, 0x5F, 0x4D, 0x5F, 0x4D, 0x5F, 0x4D, 0x5F, 0x4D, 0x5F, 0x4D, 0x5F, 0x4D, 0x5F, 0xF5, 0x4D,
    0x5F, 0x4D, 0x5F, 0x4D, 0x5F, 0x4D, 0x5F, 0x4D, 0x5F, 0x4D, 0x5F, 0x4D, 0x5F, 0x4D, 0x5F, 0x4D,
    0x5F, 0x4D, 0x5F, 0x4D, 0x5F, 0x4D, 0x5F, 0x4D, 0x5F, 0x4D, 0x5F, 0x4D, 0x5F, 0x4D, 0x5F, 0x4D,
    0x5F, 0x4D, 0x5F, 0x4D, 0x5F, 0x4D, 0x5F, 0x4D, 0x5F, 0x4D, 0x5F, 0x4D, 0x5F, 0x4D, 0x5F, 0x4D,
    0x5F, 0x4D, 0x5F, 0x4D, 0x5F, 0x4D, 0x5F, 0x4D, 0x5F, 0x4D, 0x5F, 0x4D, 0x5F, 0x4D, 0x5F, 0x4D,
    0x5F, 0x4D, 0x5F, 0x4D, 0x5F, 0x4D, 0x5F, 0x4D, 0x5F, 0x4D, 0x5F, 0x4D, 0x5F, 0x4D, 0x5F, 0x4D,
    0x5F, 0x4D, 0x5F, 0x4D, 0x5F, 0x4D, 0x5F, 0x4D, 0x5F, 0x4D, 0x5F, 0x4D, 0x5F, 0x4D, 0x5F, 0x4D,
    0x5F, 0x4D, 0x5F, 0x4D, 0x5F, 0x4D, 0x5F, 0x4D, 0x5F, 0x4D, 0x5F, 0x4D, 0x5F, 0x4D, 0x5F, 0x4D,
    0x7F, 0x44, 0x9B, 0x08, 0x83, 0x1A, 0x00, 0xC9, 0x10, 0x41, 0x59, 0x07, 0xA1, 0xED, 0xCA, 0x91,
    0xF2, 0xF5, 0xFB, 0x16, 0xFB, 0x36, 0xFB, 0x37, 0xFB, 0x57, 0xFB, 0x57, 0xFB, 0x57, 0xFB, 0x57,
    0xFB, 0x57, 0xFB, 0x57, 0xFB, 0x57, 0xFB, 0x57, 0xFB, 0x57, 0xFB, 0x57, 0xFB, 0x57, 0xFB, 0x57,
    0xFB, 0x57, 0xFB, 0x57, 0xFB, 0x57, 0xFB, 0x57, 0xFB, 0x57, 0xFB, 0x57, 0xFB, 0x57, 0xFB, 0x57,
    0xFB, 0x57, 0xFB, 0x57, 0xFB, 0x57, 0xFB, 0x37, 0xFB, 0x16, 0xE2, 0xD4, 0xA1, 0xED, 0x59, 0x07,
    0x10, 0x41, 0x06, 0x00, 0xFF, 0x08, 0x83, 0x44, 0x9B, 0x4D, 0x5F, 0x4D, 0x3F, 0x4D, 0x5F, 0x4D,
    0x5F, 0x4D, 0x5F, 0x4D, 0x5F, 0x4D, 0x5F, 0x4D, 0x5F, 0x4D, 0x5F, 0x4D, 0x5F, 0x4D, 0x5F, 0x4D,
    0x5F, 0x4D, 0x5F, 0x4D, 0x5F, 0x4D, 0x5F, 0x4D, 0x5F, 0x4D, 0x5F, 0x4D, 0x5F, 0x4D, 0x5F, 0x4D,
    0x5F, 0x4D, 0x5F, 0x4D, 0x5F, 0x4D, 0x5F, 0x4D, 0x5F, 0x4D, 0x5F, 0x4D, 0x5F, 0x4D, 0x5F, 0x4D,
    0x5F, 0x4D, 0x5F, 0x4D, 0x5F, 0x4D, 0x5F, 0x4D, 0x5F, 0x4D, 0x5F, 0x4D, 0x5F, 0x4D, 0x5F, 0x4D,
    0x5F, 0x4D, 0x5F, 0x4D, 0x5F, 0x4D, 0x5F, 0x4D, 0x5F, 0x4D, 0x5F, 0x4D, 0x5F, 0x4D, 0x5F, 0x4D,
    0x5F, 0x4D, 0x5F, 0x4D, 0x5F, 0x4D, 0x5F, 0x4D, 0x5F, 0x4D, 0x5F, 0x4D, 0x5F, 0x4D, 0x5F, 0x4D,
    0x5F, 0x4D, 0x5F, 0x4D, 0x5F, 0x4D, 0x5F, 0x4D, 0x5F, 0x4D, 0x5F, 0x4D, 0x5F, 0x4D, 0x5F, 0x4D,
    0x5F, 0x4D, 0x5F, 0x4D, 0x5F, 0xFF, 0x4D, 0x5F, 0x4D, 0x5F, 0x4D, 0x5F, 0x4D, 0x5F, 0x4D, 0x5F,
    0x4D, 0x5F, 0x4D, 0x5F, 0x4D, 0x5F, 0x4D, 0x5F, 0x4D, 0x5F, 0x4D, 0x5F, 0x4D, 0x5F, 0x4D, 0x5F,
    0x4D, 0x5F, 0x4D, 0x5F, 0x4D, 0x5F, 0x4D, 0x5F, 0x4D, 0x5F, 0x4D, 0x5F, 0x4D, 0x5F, 0x4D, 0x5F,
    0x4D, 0x5F, 0x4D, 0x5F, 0x4D, 0x5F, 0x4D, 0x5F, 0x4D, 0x5F, 0x4D, 0x5F, 0x4D, 0x5F, 0x4D, 0x5F,
    0x4D, 0x5F, 0x4D, 0x5F, 0x4D, 0x5F, 0x4D, 0x5F, 0x4D, 0x5F, 0x4D, 0x5F, 0x4D, 0x5F, 0x4D, 0x5F,
    0x4D, 0x5F, 0x4D, 0x5F, 0x4D, 0x5F, 0x4D, 0x5F, 0x4D, 0x5F, 0x4D, 0x5F, 0x4D, 0x5F, 0x4D, 0x5F,
    0x4D, 0x5F, 0x4D, 0x5F, 0x4D, 0x5F, 0x4D, 0x5F, 0x4D, 0x5F, 0x4D, 0x5F, 0x4D, 0x5F, 0x4D, 0x5F,
    0x4D, 0x5F, 0x4D, 0x5F, 0x4D, 0x5F, 0x4D, 0x5F, 0x4D, 0x5F, 0x4D, 0x5F, 0x4D, 0x5F, 0x4D, 0x5F,
    0x4D, 0x5F, 0x4D, 0x5F, 0x4D, 0x5F, 0xF3, 0x4D, 0x5F, 0x4D, 0x5F, 0x4D, 0x5F, 0x4D, 0x5F, 0x4D,
    0x5F, 0x4D, 0x5F, 0x4D, 0x5F, 0x4D, 0x5F, 0x4D, 0x5F, 0x4D, 0x5F, 0x4D, 0x5F, 0x4D, 0x5F, 0x4D,
    0x5F, 0x4D, 0x5F, 0x4D, 0x5F, 0x4D, 0x5F, 0x4D, 0x5F, 0x4D, 0x5F, 0x4D, 0x5F, 0x4D, 0x5F, 0x4D,
    0x5F, 0x4D, 0x5F, 0x4D, 0x5F, 0x4D, 0x5F, 0x4D, 0x5F, 0x4D, 0x5F, 0x4D, 0x5F, 0x4D, 0x5F, 0x4D,
    0x5F, 0x4D, 0x5F, 0x4D, 0x5F, 0x4D, 0x5F, 0x4D, 0x5F, 0x4D, 0x5F, 0x4D, 0x5F, 0x4D, 0x5F, 0x4D,
    0x5F, 0x4D, 0x5F, 0x4D, 0x5F, 0x4D, 0x5F, 0x4D, 0x5F, 0x4D, 0x5F, 0x4D, 0x5F, 0x4D, 0x5F, 0x4D,
    0x5F, 0x4D, 0x5F, 0x4D, 0x5F, 0x4D, 0x5F, 0x4D, 0x5F, 0x4D, 0x5F, 0x4D, 0x5F, 0x4D, 0x5F, 0x4D,
    0x5F, 0x4D, 0x5F, 0x4D, 0x5F, 0x4D, 0x5F, 0x55, 0x9F, 0x33, 0x32, 0x24, 0x00, 0xBB, 0x10, 0x41,
    0x20, 0x63, 0x30, 0xA5, 0x59, 0x07, 0x69, 0x49, 0x79, 0x8A, 0x89, 0xCC, 0x89, 0xCC, 0x89, 0xCC,
    0xA1, 0xED, 0xA1, 0xED, 0xA1, 0xED, 0xA1, 0xED, 0xA1, 0xED, 0xA1, 0xED, 0xA1, 0xED, 0xA1, 0xED,
    0x89, 0xCC, 0x89, 0xCC, 0x89, 0xCC, 0x89, 0xCC, 0x89, 0xCC, 0x89, 0xCC, 0x89, 0xCC, 0x89, 0xCC,
    0x89, 0xCC, 0x79, 0x8A, 0x59, 0x07, 0x30, 0xA5, 0x10, 0x41, 0x0E, 0x00, 0xFF, 0x3B, 0xF7, 0x55,
    0xFF, 0x55, 0x9F, 0x4D, 0x7F, 0x4D, 0x5F, 0x4D, 0x5F, 0x4D, 0x5F, 0x4D, 0x5F, 0x4D, 0x5F, 0x4D,
    0x5F, 0x4D, 0x5F, 0x4D, 0x5F, 0x4D, 0x5F, 0x4D, 0x5F, 0x4D, 0x5F, 0x4D, 0x5F, 0x4D, 0x5F, 0x4D,
    0x5F, 0x4D, 0x5F, 0x4D, 0x5F, 0x4D, 0x5F, 0x4D, 0x5F, 0x4D, 0x5F, 0x4D, 0x5F, 0x4D, 0x5F, 0x4D,
    0x5F, 0x4D, 0x5F, 0x4D, 0x5F, 0x4D, 0x5F, 0x4D, 0x5F, 0x4D, 0x5F, 0x4D, 0x5F, 0x4D, 0x5F, 0x4D,
    0x5F, 0x4D, 0x5F, 0x4D, 0x5F, 0x4D, 0x5F, 0x4D, 0x5F, 0x4D, 0x5F, 0x4D, 0x5F, 0x4D, 0x5F, 0x4D,
    0x5F, 0x4D, 0x5F, 0x4D, 0x5F, 0x4D, 0x5F, 0x4D, 0x5F, 0x4D, 0x5F, 0x4D, 0x5F, 0x4D, 0x5F, 0x4D,
    0x5F, 0x4D, 0x5F, 0x4D, 0x5F, 0x4D, 0x5F, 0x4D, 0x5F, 0x4D, 0x5F, 0x4D, 0x5F, 0x4D, 0x5F, 0x4D,
    0x5F, 0x4D, 0x5F, 0x4D, 0x5F, 0x4D, 0x5F, 0x4D, 0x5F, 0x4D, 0x5F, 0x4D, 0x5F, 0xFF, 0x4D, 0x5F,
    0x4D, 0x5F, 0x4D, 0x5F, 0x4D, 0x5F, 0x4D, 0x5F, 0x4D, 0x5F, 0x4D, 0x5F, 0x4D, 0x5F, 0x4D, 0x5F,
    0x4D, 0x5F, 0x4D, 0x5F, 0x4D, 0x5F, 0x4D, 0x5F, 0x4D, 0x5F, 0x4D, 0x5F, 0x4D, 0x5F, 0x4D, 0x5F,
    0x4D, 0x5F, 0x4D, 0x5F, 0x4D, 0x5F, 0x4D, 0x5F, 0x4D, 0x5F, 0x4D, 0x5F, 0x4D, 0x5F, 0x4D, 0x5F,
    0x4D, 0x5F, 0x4D, 0x5F, 0x4D, 0x5F, 0x4D, 0x5F, 0x4D, 0x5F, 0x4D, 0x5F, 0x4D, 0x5F, 0x4D, 0x5F,
    0x4D, 0x5F, 0x4D, 0x5F, 0x4D, 0x5F, 0x4D, 0x5F, 0x4D, 0x5F, 0x4D, 0x5F, 0x4D, 0x5F, 0x4D, 0x5F,
    0x4D, 0x5F, 0x4D, 0x5F, 0x4D, 0x5F, 0x4D, 0x5F, 0x4D, 0x5F, 0x4D, 0x5F, 0x4D, 0x5F, 0x4D, 0x5F,
    0x4D, 0x5F, 0x4D, 0x5F, 0x4D, 0x5F, 0x4D, 0x5F, 0x4D, 0x5F, 0x4D, 0x5F, 0x4D, 0x5F, 0x4D, 0x5F,
    0x4D, 0x5F, 0x4D, 0x5F, 0x4D, 0x5F, 0x4D, 0x5F, 0x4D, 0x5F, 0x4D, 0x5F, 0x4D, 0x5F, 0xF1, 0x4D,
    0x5F, 0x4D, 0x5F, 0x4D, 0x5F, 0x4D, 0x5F, 0x4D, 0x5F, 0x4D, 0x5F, 0x4D, 0x5F, 0x4D, 0x5F, 0x4D,
    0x5F, 0x4D, 0x5F, 0x4D, 0x5F, 0x4D, 0x5F, 0x4D, 0x5F, 0x4D, 0x5F, 0x4D, 0x5F, 0x4D, 0x5F, 0x4D,
    0x5F, 0x4D, 0x5F, 0x4D, 0x5F, 0x4D, 0x5F, 0x4D, 0x5F, 0x4D, 0x5F, 0x4D, 0x5F, 0x4D, 0x5F, 0x4D,
    0x5F, 0x4D, 0x5F, 0x4D, 0x5F, 0x4D, 0x5F, 0x4D, 0x5F, 0x4D, 0x5F, 0x4D, 0x5F, 0x4D, 0x5F, 0x4D,
    0x5F, 0x4D, 0x5F, 0x4D, 0x5F, 0x4D, 0x5F, 0x4D, 0x5F, 0x4D, 0x5F, 0x4D, 0x5F, 0x4D, 0x5F, 0x4D,
    0x5F, 0x4D, 0x5F, 0x4D, 0x5F, 0x4D, 0x5F, 0x4D, 0x5F, 0x4D, 0x5F, 0x4D, 0x5F, 0x4D, 0x5F, 0x4D,
    0x5F, 0x4D, 0x5F, 0x4D, 0x5F, 0x4D, 0x5F, 0x4D, 0x5F, 0x4D, 0x5F, 0x4D, 0x5F, 0x4D, 0x9F, 0x1A,
    0x2C, 0x6E, 0x00, 0xFF, 0x09, 0x06, 0x22, 0x6E, 0x33, 0x32, 0x4D, 0x1D, 0x4D, 0x9F, 0x4D, 0x5F,
    0x4D, 0x5F, 0x4D, 0x5F, 0x4D, 0x5F, 0x4D, 0x5F, 0x4D, 0x5F, 0x4D, 0x5F, 0x4D, 0x5F, 0x4D, 0x5F,
    0x4D, 0x5F, 0x4D, 0x5F, 0x4D, 0x5F, 0x4D, 0x5F, 0x4D, 0x5F, 0x4D, 0x5F, 0x4D, 0x5F, 0x4D, 0x5F,
    0x4D, 0x5F, 0x4D, 0x5F, 0x4D, 0x5F, 0x4D, 0x5F, 0x4D, 0x5F, 0x4D, 0x5F, 0x4D, 0x5F, 0x4D, 0x5F,
    0x4D, 0x5F, 0x4D, 0x5F, 0x4D, 0x5F, 0x4D, 0x5F, 0x4D, 0x5F, 0x4D, 0x5F, 0x4D, 0x5F, 0x4D, 0x5F,
    0x4D, 0x5F, 0x4D, 0x5F, 0x4D, 0x5F, 0x4D, 0x5F, 0x4D, 0x5F, 0x4D, 0x5F, 0x4D, 0x5F, 0x4D, 0x5F,
    0x4D, 0x5F, 0x4D, 0x5F, 0x4D, 0x5F, 0x4D, 0x5F, 0x4D, 0x5F, 0x4D, 0x5F, 0x4D, 0x5F, 0x4D, 0x5F,
    0x4D, 0x5F, 0x4D, 0x5F, 0x4D, 0x5F, 0x4D, 0x5F, 0x4D, 0x5F, 0x4D, 0x5F, 0x4D, 0x5F, 0x4D, 0x5F,
    0x4D, 0x5F, 0x4D, 0x5F, 0xFF, 0x4D, 0x5F, 0x4D, 0x5F, 0x4D, 0x5F, 0x4D, 0x5F, 0x4D, 0x5F, 0x4D,
    0x5F, 0x4D, 0x5F, 0x4D, 0x5F, 0x4D, 0x5F, 0x4D, 0x5F, 0x4D, 0x5F, 0x4D, 0x5F, 0x4D, 0x5F, 0x4D,
    0x5F, 0x4D, 0x5F, 0x4D, 0x5F, 0x4D, 0x5F, 0x4D, 0x5F, 0x4D, 0x5F, 0x4D, 0x5F, 0x4D, 0x5F, 0x4D,
    0x5F, 0x4D, 0x5F, 0x4D, 0x5F, 0x4D, 0x5F, 0x4D, 0x5F, 0x4D, 0x5F, 0x4D, 0x5F, 0x4D, 0x5F, 0x4D,
    0x5F, 0x4D, 0x5F, 0x4D, 0x5F, 0x4D, 0x5F, 0x4D, 0x5F, 0x4D, 0x5F, 0x4D, 0x5F, 0x4D, 0x5F, 0x4D,
    0x5F, 0x4D, 0x5F, 0x4D, 0x5F, 0x4D, 0x5F, 0x4D, 0x5F, 0x4D, 0x5F, 0x4D, 0x5F, 0x4D, 0x5F, 0x4D,
    0x5F, 0x4D, 0x5F, 0x4D, 0x5F, 0x4D, 0x5F, 0x4D, 0x5F, 0x4D, 0x5F, 0x4D, 0x5F, 0x4D, 0x5F, 0x4D,
    0x5F, 0x4D, 0x5F, 0x4D, 0x5F, 0x4D, 0x5F, 0x4D, 0x5F, 0x4D, 0x5F, 0x4D, 0x5F, 0x4D, 0x5F, 0x4D,
    0x5F, 0x4D, 0x5F, 0x4D, 0x5F, 0xF1, 0x4D, 0x5F, 0x4D, 0x5F, 0x4D, 0x5F, 0x4D, 0x5F, 0x4D, 0x5F,
    0x4D, 0x5F, 0x4D, 0x5F, 0x4D, 0x5F, 0x4D, 0x5F, 0x4D, 0x5F, 0x4D, 0x5F, 0x4D, 0x5F, 0x4D, 0x5F,
    0x4D, 0x5F, 0x4D, 0x5F, 0x4D, 0x5F, 0x4D, 0x5F, 0x4D, 0x5F, 0x4D, 0x5F, 0x4D, 0x5F, 0x4D, 0x5F,
    0x4D, 0x5F, 0x4D, 0x5F, 0x4D, 0x5F, 0x4D, 0x5F, 0x4D, 0x5F, 0x4D, 0x5F, 0x4D, 0x5F, 0x4D, 0x5F,
    0x4D, 0x5F, 0x4D, 0x5F, 0x4D, 0x5F, 0x4D, 0x5F, 0x4D, 0x5F, 0x4D, 0x5F, 0x4D, 0x5F, 0x4D, 0x5F,
    0x4D, 0x5F, 0x4D, 0x5F, 0x4D, 0x5F, 0x4D, 0x5F, 0x4D, 0x5F, 0x4D, 0x5F, 0x4D, 0x5F, 0x4D, 0x5F,
    0x4D, 0x5F, 0x4D, 0x5F, 0x4D, 0x5F, 0x4D, 0x5F, 0x4D, 0x5F, 0x4D, 0x5F, 0x4D, 0x5F, 0x4D, 0x5F,
    0x4D, 0x5F, 0x4D, 0x5F, 0x4D, 0x7F, 0x11, 0xAA, 0x10, 0x00, 0xFF, 0x20, 0x63, 0x48, 0xE6, 0x69,
    0x49, 0x79, 0x8A, 0x89, 0xCC, 0x89, 0xCC, 0xA1, 0xED, 0xA1, 0xED, 0xA1, 0xED, 0xA1, 0xED, 0xA1,
    0xED, 0xA1, 0xED, 0xAA, 0x2F, 0xAA, 0x2F, 0xAA, 0x2F, 0xAA, 0x2F, 0xAA, 0x2F, 0xAA, 0x2F, 0xAA,
    0x2F, 0xAA, 0x2F, 0xAA, 0x2F, 0xAA, 0x2F, 0xAA, 0x2F, 0xAA, 0x2F, 0xAA, 0x2F, 0xAA, 0x2F, 0xAA,
    0x2F, 0xA1, 0xED, 0xA1, 0xED, 0xA1, 0xED, 0xA1, 0xED, 0xA1, 0xED, 0xA1, 0xED, 0xA1, 0xED, 0x89,
    0xCC, 0x89, 0xCC, 0x89, 0xCC, 0x89, 0xCC, 0x89, 0xCC, 0x89, 0xCC, 0x89, 0xCC, 0x89, 0xCC, 0x89,
    0xCC, 0x89, 0xCC, 0x89, 0xCC, 0xA1, 0xED, 0xA1, 0xED, 0x89, 0xCC, 0x79, 0x8A, 0x48, 0xE6, 0x08,
    0x83, 0x3B, 0xF7, 0x4D, 0x9F, 0x4D, 0x5F, 0x4D, 0x5F, 0x4D, 0x5F, 0x4D, 0x5F, 0x4D, 0x5F, 0x4D,
    0x5F, 0x4D, 0x5F, 0x4D, 0x5F, 0x4D, 0x5F, 0x4D, 0x5F, 0x4D, 0x5F, 0xFF, 0x4D, 0x5F, 0x4D, 0x5F,
    0x4D, 0x5F, 0x4D, 0x5F, 0x4D, 0x5F, 0x4D, 0x5F, 0x4D, 0x5F, 0x4D, 0x5F, 0x4D, 0x5F, 0x4D, 0x5F,
    0x4D, 0x5F, 0x4D, 0x5F, 0x4D, 0x5F, 0x4D, 0x5F, 0x4D, 0x5F, 0x4D, 0x5F, 0x4D, 0x5F, 0x4D, 0x5F,
    0x4D, 0x5F, 0x4D, 0x5F, 0x4D, 0x5F, 0x4D, 0x5F, 0x4D, 0x5F, 0x4D, 0x5F, 0x4D, 0x5F, 0x4D, 0x5F,
    0x4D, 0x5F, 0x4D, 0x5F, 0x4D, 0x5F, 0x4D, 0x5F, 0x4D, 0x5F, 0x4D, 0x5F, 0x4D, 0x5F, 0x4D, 0x5F,
    0x4D, 0x5F, 0x4D, 0x5F, 0x4D, 0x5F, 0x4D, 0x5F, 0x4D, 0x5F, 0x4D, 0x5F, 0x4D, 0x5F, 0x4D, 0x5F,
    0x4D, 0x5F, 0x4D, 0x5F, 0x4D, 0x5F, 0x4D, 0x5F, 0x4D, 0x5F, 0x4D, 0x5F, 0x4D, 0x5F, 0x4D, 0x5F,
    0x4D, 0x5F, 0x4D, 0x5F, 0x4D, 0x5F, 0x4D, 0x5F, 0x4D, 0x5F, 0x4D, 0x5F, 0x4D, 0x5F, 0x4D, 0x5F,
    0x4D, 0x5F, 0x4D, 0x5F, 0x4D, 0x5F, 0x4D, 0x5F, 0x4D, 0x5F, 0x4D, 0x5F, 0xFF, 0x4D, 0x5F, 0x4D,
    0x5F, 0x4D, 0x5F, 0x4D, 0x5F, 0x4D, 0x5F, 0x4D, 0x5F, 0x4D, 0x5F, 0x4D, 0x5F, 0x4D, 0x5F, 0x4D,
    0x5F, 0x4D, 0x5F, 0x4D, 0x5F, 0x4D, 0x5F, 0x4D, 0x5F, 0x4D, 0x5F, 0x4D, 0x5F, 0x4D, 0x5F, 0x4D,
    0x5F, 0x4D, 0x5F, 0x4D, 0x5F, 0x4D, 0x5F, 0x4D, 0x5F, 0x4D, 0x5F, 0x4D, 0x5F, 0x4D, 0x5F, 0x4D,
    0x5F, 0x4D, 0x5F, 0x4D, 0x5F, 0x4D, 0x5F, 0x4D, 0x5F, 0x4D, 0x5F, 0x4D, 0x5F, 0x4D, 0x5F, 0x4D,
    0x5F, 0x4D, 0x5F, 0x4D, 0x5F, 0x4D, 0x5F, 0x4D, 0x5F, 0x4D, 0x5F, 0x4D, 0x5F, 0x4D, 0x5F, 0x4D,
    0x5F, 0x4D, 0x5F, 0x4D, 0x5F, 0x4D, 0x5F, 0x4D, 0x5F, 0x4D, 0x5F, 0x4D, 0x5F, 0x4D, 0x5F, 0x4D,
    0x5F, 0x4D, 0x5F, 0x4D, 0x5F, 0x4D, 0x5F, 0x4D, 0x5F, 0x4D, 0x5F, 0x4D, 0x5F, 0x4D, 0x5F, 0x4D,
    0x5F, 0x4D, 0x5F, 0x4D, 0x5F, 0x4D, 0x5F, 0x4D, 0x5F, 0x4D, 0x5F, 0x4D, 0x5F, 0xCF, 0x4D, 0x5F,
    0x4D, 0x5F, 0x4D, 0x5F, 0x4D, 0x5F, 0x4D, 0x5F, 0x4D, 0x5F, 0x4D, 0x5F, 0x4D, 0x5F, 0x4D, 0x5F,
    0x4D, 0x5F, 0x4D, 0x5F, 0x4D, 0x5F, 0x4D, 0x5F, 0x4D, 0x5F, 0x4D, 0x5F, 0x4D, 0x5F, 0x4D, 0x5F,
    0x4D, 0x5F, 0x4D, 0x5F, 0x4D, 0x5F, 0x4D, 0x5F, 0x4D, 0x5F, 0x4D, 0x5F, 0x4D, 0x5F, 0x4D, 0x5F,
    0x4D, 0x5F, 0x4D, 0x5F, 0x4D, 0x5F, 0x4D, 0x5F, 0x4D, 0x5F, 0x4D, 0x5F, 0x4D, 0x5F, 0x4D, 0x5F,
    0x4D, 0x5F, 0x4D, 0x5F, 0x4D, 0x5F, 0x4D, 0x5F, 0x4D, 0x5F, 0x4D, 0x5F, 0x11, 0x68, 0x0C, 0x00,
    0xFF, 0x20, 0x63, 0xAA, 0x2F, 0xF2, 0xF5, 0xFB, 0x37, 0xFB, 0x57, 0xFB, 0x57, 0xFB, 0x57, 0xFB,
    0x57, 0xFB, 0x57, 0xFB, 0x57, 0xFB, 0x57, 0xFB, 0x57, 0xFB, 0x57, 0xFB, 0x57, 0xFB, 0x57, 0xFB,
    0x57, 0xFB, 0x57, 0xFB, 0x57, 0xFB, 0x57, 0xFB, 0x57, 0xFB, 0x57, 0xFB, 0x57, 0xFB, 0x57, 0xFB,
    0x57, 0xFB, 0x57, 0xFB, 0x57, 0xFB, 0x57, 0xFB, 0x57, 0xFB, 0x57, 0xFB, 0x57, 0xFB, 0x57, 0xFB,
    0x57, 0xFB, 0x57, 0xFB, 0x57, 0xFB, 0x57, 0xFB, 0x57, 0xFB, 0x57, 0xFB, 0x57, 0xFB, 0x57, 0xFB,
    0x57, 0xFB, 0x57, 0xFB, 0x57, 0xFB, 0x57, 0xFB, 0x57, 0xFB, 0x57, 0xFB, 0x57, 0xFB, 0x57, 0xFB,
    0x57, 0xFB, 0x57, 0xFB, 0x78, 0xFB, 0x78, 0xFB, 0x78, 0xAA, 0x2F, 0x08, 0x83, 0x44, 0x9B, 0x4D,
    0x7F, 0x4D, 0x5F, 0x4D, 0x5F, 0x4D, 0x5F, 0x4D, 0x5F, 0x4D, 0x5F, 0x4D, 0x5F, 0x4D, 0x5F, 0x4D,
    0x5F, 0xFF, 0x4D, 0x5F, 0x4D, 0x5F, 0x4D, 0x5F, 0x4D, 0x5F, 0x4D, 0x5F, 0x4D, 0x5F, 0x4D, 0x5F,
    0x4D, 0x5F, 0x4D, 0x5F, 0x4D, 0x5F, 0x4D, 0x5F, 0x4D, 0x5F, 0x4D, 0x5F, 0x4D, 0x5F, 0x4D, 0x5F,
    0x4D, 0x5F, 0x4D, 0x5F, 0x4D, 0x5F, 0x4D, 0x5F, 0x4D, 0x5F, 0x4D, 0x5F, 0x4D, 0x5F, 0x4D, 0x5F,
    0x4D, 0x5F, 0x4D, 0x5F, 0x4D, 0x5F, 0x4D, 0x5F, 0x4D, 0x5F, 0x4D, 0x5F, 0x4D, 0x5F, 0x4D, 0x5F,
    0x4D, 0x5F, 0x4D, 0x5F, 0x4D, 0x5F, 0x4D, 0x5F, 0x4D, 0x5F, 0x4D, 0x5F, 0x4D, 0x5F, 0x4D, 0x5F,
    0x4D, 0x5F, 0x4D, 0x5F, 0x4D, 0x5F, 0x4D, 0x5F, 0x4D, 0x5F, 0x4D, 0x5F, 0x4D, 0x5F, 0x4D, 0x5F,
    0x4D, 0x5F, 0x4D, 0x5F, 0x4D, 0x5F, 0x4D, 0x5F, 0x4D, 0x5F, 0x4D, 0x5F, 0x4D, 0x5F, 0x4D, 0x5F,
    0x4D, 0x5F, 0x4D, 0x5F, 0x4D, 0x5F, 0x4D, 0x5F, 0x4D, 0x5F, 0x4D, 0x5F, 0x4D, 0x5F, 0x4D, 0x5F,
    0x4D, 0x5F, 0xFF, 0x4D, 0x5F, 0x4D, 0x5F, 0x4D, 0x5F, 0x4D, 0x5F, 0x4D, 0x5F, 0x4D, 0x5F, 0x4D,
    0x5F, 0x4D, 0x5F, 0x4D, 0x5F, 0x4D, 0x5F, 0x4D, 0x5F, 0x4D, 0x5F, 0x4D, 0x5F, 0x4D, 0x5F, 0x4D,
    0x5F, 0x4D, 0x5F, 0x4D, 0x5F, 0x4D, 0x5F, 0x4D, 0x5F, 0x4D, 0x5F, 0x4D, 0x5F, 0x4D, 0x5F, 0x4D,
    0x5F, 0x4D, 0x5F, 0x4D, 0x5F, 0x4D, 0x5F, 0x4D, 0x5F, 0x4D, 0x5F, 0x4D, 0x5F, 0x4D, 0x5F, 0x4D,
    0x5F, 0x4D, 0x5F, 0x4D, 0x5F, 0x4D, 0x5F, 0x4D, 0x5F, 0x4D, 0x5F, 0x4D, 0x5F, 0x4D, 0x5F, 0x4D,
    0x5F, 0x4D, 0x5F, 0x4D, 0x5F, 0x4D, 0x5F, 0x4D, 0x5F, 0x4D, 0x5F, 0x4D, 0x5F, 0x4D, 0x5F, 0x4D,
    0x5F, 0x4D, 0x5F, 0x4D, 0x5F, 0x4D, 0x5F, 0x4D, 0x5F, 0x4D, 0x5F, 0x4D, 0x5F, 0x4D, 0x5F, 0x4D,
    0x5F, 0x4D, 0x5F, 0x4D, 0x5F, 0x4D, 0x5F, 0x4D, 0x5F, 0x4D, 0x5F, 0x4D, 0x5F, 0x4D, 0x5F, 0x4D,
    0x5F, 0x4D, 0x5F, 0xD3, 0x4D, 0x5F, 0x4D, 0x5F, 0x4D, 0x5F, 0x4D, 0x5F, 0x4D, 0x5F, 0x4D, 0x5F,
    0x4D, 0x5F, 0x4D, 0x5F, 0x4D, 0x5F, 0x4D, 0x5F, 0x4D, 0x5F, 0x4D, 0x5F, 0x4D, 0x5F, 0x4D, 0x5F,
    0x4D, 0x5F, 0x4D, 0x5F, 0x4D, 0x5F, 0x4D, 0x5F, 0x4D, 0x5F, 0x4D, 0x5F, 0x4D, 0x5F, 0x4D, 0x5F,
    0x4D, 0x5F, 0x4D, 0x5F, 0x4D, 0x5F, 0x4D, 0x5F, 0x4D, 0x5F, 0x4D, 0x5F, 0x4D, 0x5F, 0x4D, 0x5F,
    0x4D, 0x5F, 0x4D, 0x5F, 0x4D, 0x5F, 0x4D, 0x5F, 0x4D, 0x5F, 0x4D, 0x5F, 0x4D, 0x5F, 0x4D, 0x5F,
    0x4D, 0x5F, 0x4D, 0x5F, 0x4D, 0x7F, 0x1A, 0x2C, 0x0B, 0x00, 0xFF, 0x21, 0xD2, 0xB3, 0xFB, 0x78,
    0xFB, 0x36, 0xFB, 0x16, 0xFB, 0x16, 0xFB, 0x16, 0xFB, 0x16, 0xFB, 0x16, 0xFB, 0x16, 0xFB, 0x16,
    0xFB, 0x16, 0xFB, 0x16, 0xFB, 0x16, 0xFB, 0x16, 0xFB, 0x16, 0xFB, 0x16, 0xFB, 0x16, 0xFB, 0x16,
    0xFB, 0x16, 0xFB, 0x16, 0xFB, 0x16, 0xFB, 0x16, 0xFB, 0x16, 0xFB, 0x16, 0xFB, 0x16, 0xFB, 0x16,
    0xFB, 0x16, 0xFB, 0x16, 0xFB, 0x16, 0xFB, 0x16, 0xFB, 0x16, 0xFB, 0x16, 0xFB, 0x16, 0xFB, 0x16,
    0xFB, 0x16, 0xFB, 0x16, 0xFB, 0x16, 0xFB, 0x16, 0xFB, 0x16, 0xFB, 0x16, 0xFB, 0x16, 0xFB, 0x16,
    0xFB, 0x16, 0xFB, 0x16, 0xFB, 0x16, 0xFB, 0x16, 0xFB, 0x16, 0xFB, 0x16, 0xFB, 0x16, 0xFB, 0x16,
    0xFB, 0x16, 0xFB, 0x16, 0xFB, 0x78, 0x59, 0x07, 0x22, 0xD0, 0x55, 0x9F, 0x4D, 0x5F, 0x4D, 0x5F,
    0x4D, 0x5F, 0x4D, 0x5F, 0x4D, 0x5F, 0x4D, 0x5F, 0x4D, 0x5F, 0x4D, 0xFF, 0x5F, 0x4D, 0x5F, 0x4D,
    0x5F, 0x4D, 0x5F, 0x4D, 0x5F, 0x4D, 0x5F, 0x4D, 0x5F, 0x4D, 0x5F, 0x4D, 0x5F, 0x4D, 0x5F, 0x4D,
    0x5F, 0x4D, 0x5F, 0x4D, 0x5F, 0x4D, 0x5F, 0x4D, 0x5F, 0x4D, 0x5F, 0x4D, 0x5F, 0x4D, 0x5F, 0x4D,
    0x5F, 0x4D, 0x5F, 0x4D, 0x5F, 0x4D, 0x5F, 0x4D, 0x5F, 0x4D, 0x5F, 0x4D, 0x5F, 0x4D, 0x5F, 0x4D,
    0x5F, 0x4D, 0x5F, 0x4D, 0x5F, 0x4D, 0x5F, 0x4D, 0x5F, 0x4D, 0x5F, 0x4D, 0x5F, 0x4D, 0x5F, 0x4D,
    0x5F, 0x4D, 0x5F, 0x4D, 0x5F, 0x4D, 0x5F, 0x4D, 0x5F, 0x4D, 0x5F, 0x4D, 0x5F, 0x4D, 0x5F, 0x4D,
    0x5F, 0x4D, 0x5F, 0x4D, 0x5F, 0x4D, 0x5F, 0x4D, 0x5F, 0x4D, 0x5F, 0x4D, 0x5F, 0x4D, 0x5F, 0x4D,
    0x5F, 0x4D, 0x5F, 0x4D, 0x5F, 0x4D, 0x5F, 0x4D, 0x5F, 0x4D, 0x5F, 0x4D, 0x5F, 0x4D, 0x5F, 0x4D,
    0x5F, 0x4D, 0x5F, 0x4D, 0x5F, 0x4D, 0x5F, 0x4D, 0x5F, 0x4D, 0x5F, 0x4D, 0xFF, 0x5F, 0x4D, 0x5F,
    0x4D, 0x5F, 0x4D, 0x5F, 0x4D, 0x5F, 0x4D, 0x5F, 0x4D, 0x5F, 0x4D, 0x5F, 0x4D, 0x5F, 0x4D, 0x5F,
    0x4D, 0x5F, 0x4D, 0x5F, 0x4D, 0x5F, 0x4D, 0x5F, 0x4D, 0x5F, 0x4D, 0x5F, 0x4D, 0x5F, 0x4D, 0x5F,
    0x4D, 0x5F, 0x4D, 0x5F, 0x4D, 0x5F, 0x4D, 0x5F, 0x4D, 0x5F, 0x4D, 0x5F, 0x4D, 0x5F, 0x4D, 0x5F,
    0x4D, 0x5F, 0x4D, 0x5F, 0x4D, 0x5F, 0x4D, 0x5F, 0x4D, 0x5F, 0x4D, 0x5F, 0x4D, 0x5F, 0x4D, 0x5F,
    0x4D, 0x5F, 0x4D, 0x5F, 0x4D, 0x5F, 0x4D, 0x5F, 0x4D, 0x5F, 0x4D, 0x5F, 0x4D, 0x5F, 0x4D, 0x5F,
    0x4D, 0x5F, 0x4D, 0x5F, 0x4D, 0x5F, 0x4D, 0x5F, 0x4D, 0x5F, 0x4D, 0x5F, 0x4D, 0x5F, 0x4D, 0x5F,
    0x4D, 0x5F, 0x4D, 0x5F, 0x4D, 0x5F, 0x4D, 0x5F, 0x4D, 0x5F, 0x4D, 0x5F, 0x4D, 0x5F, 0x4D, 0x5F,
    0x4D, 0x5F, 0x4D, 0x5F, 0x4D, 0x5F, 0x4D, 0x5F, 0x4D, 0x5F, 0x4D, 0x5F, 0x4D, 0xD4, 0x5F, 0x4D,
    0x5F, 0x4D, 0x5F, 0x4D, 0x5F, 0x4D, 0x5F, 0x4D, 0x5F, 0x4D, 0x5F, 0x4D, 0x5F, 0x4D, 0x5F, 0x4D,
    0x5F, 0x4D, 0x5F, 0x4D, 0x5F, 0x4D, 0x5F, 0x4D, 0x5F, 0x4D, 0x5F, 0x4D, 0x5F, 0x4D, 0x5F, 0x4D,
    0x5F, 0x4D, 0x5F, 0x4D, 0x5F, 0x4D, 0x5F, 0x4D, 0x5F, 0x4D, 0x5F, 0x4D, 0x5F, 0x4D, 0x5F, 0x4D,
    0x5F, 0x4D, 0x5F, 0x4D, 0x5F, 0x4D, 0x5F, 0x4D, 0x5F, 0x4D, 0x5F, 0x4D, 0x5F, 0x4D, 0x5F, 0x4D,
    0x5F, 0x4D, 0x5F, 0x4D, 0x5F, 0x4D, 0x5F, 0x4D, 0x5F, 0x4D, 0x5F, 0x4D, 0x5F, 0x4D, 0x5F, 0x4D,
    0x9F, 0x22, 0x6E, 0x0A, 0x00, 0xFF, 0x48, 0xE6, 0xFB, 0x37, 0xFB, 0x16, 0xFB, 0x36, 0xFB, 0x36,
    0xFB, 0x36, 0xFB, 0x36, 0xFB, 0x36, 0xFB, 0x36, 0xFB, 0x36, 0xFB, 0x36, 0xFB, 0x36, 0xFB, 0x36,
    0xFB, 0x36, 0xFB, 0x36, 0xFB, 0x36, 0xFB, 0x36, 0xFB, 0x36, 0xFB, 0x36, 0xFB, 0x36, 0xFB, 0x36,
    0xFB, 0x36, 0xFB, 0x36, 0xFB, 0x36, 0xFB, 0x36, 0xFB, 0x36, 0xFB, 0x36, 0xFB, 0x36, 0xFB, 0x36,
    0xFB, 0x36, 0xFB, 0x36, 0xFB, 0x36, 0xFB, 0x36, 0xFB, 0x36, 0xFB, 0x36, 0xFB, 0x36, 0xFB, 0x36,
    0xFB, 0x36, 0xFB, 0x36, 0xFB, 0x36, 0xFB, 0x36, 0xFB, 0x36, 0xFB, 0x36, 0xFB, 0x36, 0xFB, 0x36,
    0xFB, 0x36, 0xFB, 0x36, 0xFB, 0x36, 0xFB, 0x36, 0xFB, 0x36, 0xFB, 0x36, 0xFB, 0x36, 0xFB, 0x16,
    0xFB, 0x57, 0x89, 0xCC, 0x1A, 0x2C, 0x4D, 0x9F, 0x4D, 0x5F, 0x4D, 0x5F, 0x4D, 0x5F, 0x4D, 0x5F,
    0x4D, 0x5F, 0x4D, 0x5F, 0x4D, 0x5F, 0xFF, 0x4D, 0x5F, 0x4D, 0x5F, 0x4D, 0x5F, 0x4D, 0x5F, 0x4D,
    0x5F, 0x4D, 0x5F, 0x4D, 0x5F, 0x4D, 0x5F, 0x4D, 0x5F, 0x4D, 0x5F, 0x4D, 0x5F, 0x4D, 0x5F, 0x4D,
    0x5F, 0x4D, 0x5F, 0x4D, 0x5F, 0x4D, 0x5F, 0x4D, 0x5F, 0x4D, 0x5F, 0x4D, 0x5F, 0x4D, 0x5F, 0x4D,
    0x5F, 0x4D, 0x5F, 0x4D, 0x5F, 0x4D, 0x5F, 0x4D, 0x5F, 0x4D, 0x5F, 0x4D, 0x5F, 0x4D, 0x5F, 0x4D,
    0x5F, 0x4D, 0x5F, 0x4D, 0x5F, 0x4D, 0x5F, 0x4D, 0x5F, 0x4D, 0x5F, 0x4D, 0x5F, 0x4D, 0x5F, 0x4D,
    0x5F, 0x4D, 0x5F, 0x4D, 0x5F, 0x4D, 0x5F, 0x4D, 0x5F, 0x4D, 0x5F, 0x4D, 0x5F, 0x4D, 0x5F, 0x4D,
    0x5F, 0x4D, 0x5F, 0x4D, 0x5F, 0x4D, 0x5F, 0x4D, 0x5F, 0x4D, 0x5F, 0x4D, 0x5F, 0x4D, 0x5F, 0x4D,
    0x5F, 0x4D, 0x5F, 0x4D, 0x5F, 0x4D, 0x5F, 0x4D, 0x5F, 0x4D, 0x5F, 0x4D, 0x5F, 0x4D, 0x5F, 0x4D,
    0x5F, 0x4D, 0x5F, 0x4D, 0x5F, 0x4D, 0x5F, 0xFF, 0x4D, 0x5F, 0x4D, 0x5F, 0x4D, 0x5F, 0x4D, 0x5F,
    0x4D, 0x5F, 0x4D, 0x5F, 0x4D, 0x5F, 0x4D, 0x5F, 0x4D, 0x5F, 0x4D, 0x5F, 0x4D, 0x5F, 0x4D, 0x5F,
    0x4D, 0x5F, 0x4D, 0x5F, 0x4D, 0x5F, 0x4D, 0x5F, 0x4D, 0x5F, 0x4D, 0x5F, 0x4D, 0x5F, 0x4D, 0x5F,
    0x4D, 0x5F, 0x4D, 0x5F, 0x4D, 0x5F, 0x4D, 0x5F, 0x4D, 0x5F, 0x4D, 0x5F, 0x4D, 0x5F, 0x4D, 0x5F,
    0x4D, 0x5F, 0x4D, 0x5F, 0x4D, 0x5F, 0x4D, 0x5F, 0x4D, 0x5F, 0x4D, 0x5F, 0x4D, 0x5F, 0x4D, 0x5F,
    0x4D, 0x5F, 0x4D, 0x5F, 0x4D, 0x5F, 0x4D, 0x5F, 0x4D, 0x5F, 0x4D, 0x5F, 0x4D, 0x5F, 0x4D, 0x5F,
    0x4D, 0x5F, 0x4D, 0x5F, 0x4D, 0x5F, 0x4D, 0x5F, 0x4D, 0x5F, 0x4D, 0x5F, 0x4D, 0x5F, 0x4D, 0x5F,
    0x4D, 0x5F, 0x4D, 0x5F, 0x4D, 0x5F, 0x4D, 0x5F, 0x4D, 0x5F, 0x4D, 0x5F, 0x4D, 0x5F, 0x4D, 0x5F,
    0x4D, 0x5F, 0x4D, 0x5F, 0x4D, 0x5F, 0x4D, 0x5F, 0xD5, 0x4D, 0x5F, 0x4D, 0x5F, 0x4D, 0x5F, 0x4D,
    0x5F, 0x4D, 0x5F, 0x4D, 0x5F, 0x4D, 0x5F, 0x4D, 0x5F, 0x4D, 0x5F, 0x4D, 0x5F, 0x4D, 0x5F, 0x4D,
    0x5F, 0x4D, 0x5F, 0x4D, 0x5F, 0x4D, 0x5F, 0x4D, 0x5F, 0x4D, 0x5F, 0x4D, 0x5F, 0x4D, 0x5F, 0x4D,
    0x5F, 0x4D, 0x5F, 0x4D, 0x5F, 0x4D, 0x5F, 0x4D, 0x5F, 0x4D, 0x5F, 0x4D, 0x5F, 0x4D, 0x5F, 0x4D,
    0x5F, 0x4D, 0x5F, 0x4D, 0x5F, 0x4D, 0x5F, 0x4D, 0x5F, 0x4D, 0x5F, 0x4D, 0x5F, 0x4D, 0x5F, 0x4D,
    0x5F, 0x4D, 0x5F, 0x4D, 0x5F, 0x4D, 0x5F, 0x4D, 0x5F, 0x4D, 0x5F, 0x4D, 0x9F, 0x22, 0x6E, 0x0A,
    0x00, 0xFF, 0x69, 0x49, 0xFB, 0x37, 0xFB, 0x16, 0xFB, 0x36, 0xFB, 0x36, 0xFB, 0x36, 0xFB, 0x36,
    0xFB, 0x36, 0xFB, 0x36, 0xFB, 0x36, 0xFB, 0x36, 0xFB, 0x36, 0xFB, 0x36, 0xFB, 0x36, 0xFB, 0x36,
    0xFB, 0x36, 0xFB, 0x36, 0xFB, 0x36, 0xFB, 0x36, 0xFB, 0x36, 0xFB, 0x36, 0xFB, 0x36, 0xFB, 0x36,
    0xFB, 0x36, 0xFB, 0x36, 0xFB, 0x36, 0xFB, 0x36, 0xFB, 0x36, 0xFB, 0x36, 0xFB, 0x36, 0xFB, 0x36,
    0xFB, 0x36, 0xFB, 0x36, 0xFB, 0x36, 0xFB, 0x36, 0xFB, 0x36, 0xFB, 0x36, 0xFB, 0x36, 0xFB, 0x36,
    0xFB, 0x36, 0xFB, 0x36, 0xFB, 0x36, 0xFB, 0x36, 0xFB, 0x36, 0xFB, 0x36, 0xFB, 0x36, 0xFB, 0x36,
    0xFB, 0x36, 0xFB, 0x36, 0xFB, 0x36, 0xFB, 0x36, 0xFB, 0x36, 0xFB, 0x16, 0xFB, 0x57, 0xBA, 0x0F,
    0x11, 0x68, 0x4D, 0x9F, 0x4D, 0x5F, 0x4D, 0x5F, 0x4D, 0x5F, 0x4D, 0x5F, 0x4D, 0x5F, 0x4D, 0x5F,
    0x4D, 0x5F, 0xFF, 0x4D, 0x5F, 0x4D, 0x5F, 0x4D, 0x5F, 0x4D, 0x5F, 0x4D, 0x5F, 0x4D, 0x5F, 0x4D,
    0x5F, 0x4D, 0x5F, 0x4D, 0x5F, 0x4D, 0x5F, 0x4D, 0x5F, 0x4D, 0x5F, 0x4D, 0x5F, 0x4D, 0x5F, 0x4D,
    0x5F, 0x4D, 0x5F, 0x4D, 0x5F, 0x4D, 0x5F, 0x4D, 0x5F, 0x4D, 0x5F, 0x4D, 0x5F, 0x4D, 0x5F, 0x4D,
    0x5F, 0x4D, 0x5F, 0x4D, 0x5F, 0x4D, 0x5F, 0x4D, 0x5F, 0x4D, 0x5F, 0x4D, 0x5F, 0x4D, 0x5F, 0x4D,
    0x5F, 0x4D, 0x5F, 0x4D, 0x5F, 0x4D, 0x5F, 0x4D, 0x5F, 0x4D, 0x5F, 0x4D, 0x5F, 0x4D, 0x5F, 0x4D,
    0x5F, 0x4D, 0x5F, 0x4D, 0x5F, 0x4D, 0x5F, 0x4D, 0x5F, 0x4D, 0x5F, 0x4D, 0x5F, 0x4D, 0x5F, 0x4D,
    0x5F, 0x4D, 0x5F, 0x4D, 0x5F, 0x4D, 0x5F, 0x4D, 0x5F, 0x4D, 0x5F, 0x4D, 0x5F, 0x4D, 0x5F, 0x4D,
    0x5F, 0x4D, 0x5F, 0x4D, 0x5F, 0x4D, 0x5F, 0x4D, 0x5F, 0x4D, 0x5F, 0x4D, 0x5F, 0x4D, 0x5F, 0x4D,
    0x5F, 0x4D, 0x5F, 0xFF, 0x4D, 0x5F, 0x4D, 0x5F, 0x4D, 0x5F, 0x4D, 0x5F, 0x4D, 0x5F, 0x4D, 0x5F,
    0x4D, 0x5F, 0x4D, 0x5F, 0x4D, 0x5F, 0x4D, 0x5F, 0x4D, 0x5F, 0x4D, 0x5F, 0x4D, 0x5F, 0x4D, 0x5F,
    0x4D, 0x5F, 0x4D, 0x5F, 0x4D, 0x5F, 0x4D, 0x5F, 0x4D, 0x5F, 0x4D, 0x5F, 0x4D, 0x5F, 0x4D, 0x5F,
    0x4D, 0x5F, 0x4D, 0x5F, 0x4D, 0x5F, 0x4D, 0x5F, 0x4D, 0x5F, 0x4D, 0x5F, 0x4D, 0x5F, 0x4D, 0x5F,
    0x4D, 0x5F, 0x4D, 0x5F, 0x4D, 0x5F, 0x4D, 0x5F, 0x4D, 0x5F, 0x4D, 0x5F, 0x4D, 0x5F, 0x4D, 0x5F,
    0x4D, 0x5F, 0x4D, 0x5F, 0x4D, 0x5F, 0x4D, 0x5F, 0x4D, 0x5F, 0x4D, 0x5F, 0x4D, 0x5F, 0x4D, 0x5F,
    0x4D, 0x5F, 0x4D, 0x5F, 0x4D, 0x5F, 0x4D, 0x5F, 0x4D, 0x5F, 0x4D, 0x5F, 0x4D, 0x5F, 0x4D, 0x5F,
    0x4D, 0x5F, 0x4D, 0x5F, 0x4D, 0x5F, 0x4D, 0x5F, 0x4D, 0x5F, 0x4D, 0x5F, 0x4D, 0x5F, 0x4D, 0x5F,
    0x4D, 0x5F, 0x4D, 0x5F, 0xD5, 0x4D, 0x5F, 0x4D, 0x5F, 0x4D, 0x5F, 0x4D, 0x5F, 0x4D, 0x5F, 0x4D,
    0x5F, 0x4D, 0x5F, 0x4D, 0x5F, 0x4D, 0x5F, 0x4D, 0x5F, 0x4D, 0x5F, 0x4D, 0x5F, 0x4D, 0x5F, 0x4D,
    0x5F, 0x4D, 0x5F, 0x4D, 0x5F, 0x4D, 0x5F, 0x4D, 0x5F, 0x4D, 0x5F, 0x4D, 0x5F, 0x4D, 0x5F, 0x4D,
    0x5F, 0x4D, 0x5F, 0x4D, 0x5F, 0x4D, 0x5F, 0x4D, 0x5F, 0x4D, 0x5F, 0x4D, 0x5F, 0x4D, 0x5F, 0x4D,
    0x5F, 0x4D, 0x5F, 0x4D, 0x5F, 0x4D, 0x5F, 0x4D, 0x5F, 0x4D, 0x5F, 0x4D, 0x5F, 0x4D, 0x5F, 0x4D,
    0x5F, 0x4D, 0x5F, 0x4D, 0x5F, 0x4D, 0x5F, 0x4D, 0x9F, 0x22, 0xD0, 0x0A, 0x00, 0xFF, 0x69, 0x49,
    0xFB, 0x57, 0xFB, 0x16, 0xFB, 0x36, 0xFB, 0x36, 0xFB, 0x36, 0xFB, 0x36, 0xFB, 0x36, 0xFB, 0x36,
    0xFB, 0x36, 0xFB, 0x36, 0xFB, 0x36, 0xFB, 0x36, 0xFB, 0x36, 0xFB, 0x36, 0xFB, 0x36, 0xFB, 0x36,
    0xFB, 0x36, 0xFB, 0x36, 0xFB, 0x36, 0xFB, 0x36, 0xFB, 0x36, 0xFB, 0x36, 0xFB, 0x36, 0xFB, 0x36,
    0xFB, 0x36, 0xFB, 0x36, 0xFB, 0x36, 0xFB, 0x36, 0xFB, 0x36, 0xFB, 0x36, 0xFB, 0x36, 0xFB, 0x36,
    0xFB, 0x36, 0xFB, 0x36, 0xFB, 0x36, 0xFB, 0x36, 0xFB, 0x36, 0xFB, 0x36, 0xFB, 0x36, 0xFB, 0x36,
    0xFB, 0x36, 0xFB, 0x36, 0xFB, 0x36, 0xFB, 0x36, 0xFB, 0x36, 0xFB, 0x36, 0xFB, 0x36, 0xFB, 0x36,
    0xFB, 0x36, 0xFB, 0x36, 0xFB, 0x36, 0xFB, 0x16, 0xFB, 0x57, 0xBA, 0x0F, 0x11, 0x68, 0x4D, 0x7F,
    0x4D, 0x5F, 0x4D, 0x5F, 0x4D, 0x5F, 0x4D, 0x5F, 0x4D, 0x5F, 0x4D, 0x5F, 0x4D, 0x5F, 0xFF, 0x4D,
    0x5F, 0x4D, 0x5F, 0x4D, 0x5F, 0x4D, 0x5F, 0x4D, 0x5F, 0x4D, 0x5F, 0x4D, 0x5F, 0x4D, 0x5F, 0x4D,
    0x5F, 0x4D, 0x5F, 0x4D, 0x5F, 0x4D, 0x5F, 0x4D, 0x5F, 0x4D, 0x5F, 0x4D, 0x5F, 0x4D, 0x5F, 0x4D,
    0x5F, 0x4D, 0x5F, 0x4D, 0x5F, 0x4D, 0x5F, 0x4D, 0x5F, 0x4D, 0x5F, 0x4D, 0x5F, 0x4D, 0x5F, 0x4D,
    0x5F, 0x4D, 0x5F, 0x4D, 0x5F, 0x4D, 0x5F, 0x4D, 0x5F, 0x4D, 0x5F, 0x4D, 0x5F, 0x4D, 0x5F, 0x4D,
    0x5F, 0x4D, 0x5F, 0x4D, 0x5F, 0x4D, 0x5F, 0x4D, 0x5F, 0x4D, 0x5F, 0x4D, 0x5F, 0x4D, 0x5F, 0x4D,
    0x5F, 0x4D, 0x5F, 0x4D, 0x5F, 0x4D, 0x5F, 0x4D, 0x5F, 0x4D, 0x5F, 0x4D, 0x5F, 0x4D, 0x5F, 0x4D,
    0x5F, 0x4D, 0x5F, 0x4D, 0x5F, 0x4D, 0x5F, 0x4D, 0x5F, 0x4D, 0x5F, 0x4D, 0x5F, 0x4D, 0x5F, 0x4D,
    0x5F, 0x4D, 0x5F, 0x4D, 0x5F, 0x4D, 0x5F, 0x4D, 0x5F, 0x4D, 0x5F, 0x4D, 0x5F, 0x4D, 0x5F, 0xFF,
    0x4D, 0x5F, 0x4D, 0x5F, 0x4D, 0x5F, 0x4D, 0x5F, 0x4D, 0x5F, 0x4D, 0x5F, 0x4D, 0x5F, 0x4D, 0x5F,
    0x4D, 0x5F, 0x4D, 0x5F, 0x4D, 0x5F, 0x4D, 0x5F, 0x4D, 0x5F, 0x4D, 0x5F, 0x4D, 0x5F, 0x4D, 0x5F,
    0x4D, 0x5F, 0x4D, 0x5F, 0x4D, 0x5F, 0x4D, 0x5F, 0x4D, 0x5F, 0x4D, 0x5F, 0x4D, 0x5F, 0x4D, 0x5F,
    0x4D, 0x5F, 0x4D, 0x5F, 0x4D, 0x5F, 0x4D, 0x5F, 0x4D, 0x5F, 0x4D, 0x5F, 0x4D, 0x5F, 0x4D, 0x5F,
    0x4D, 0x5F, 0x4D, 0x5F, 0x4D, 0x5F, 0x4D, 0x5F, 0x4D, 0x5F, 0x4D, 0x5F, 0x4D, 0x5F, 0x4D, 0x5F,
    0x4D, 0x5F, 0x4D, 0x5F, 0x4D, 0x5F, 0x4D, 0x5F, 0x4D, 0x5F, 0x4D, 0x5F, 0x4D, 0x5F, 0x4D, 0x5F,
    0x4D, 0x5F, 0x4D, 0x5F, 0x4D, 0x5F, 0x4D, 0x5F, 0x4D, 0x5F, 0x4D, 0x5F, 0x4D, 0x5F, 0x4D, 0x5F,
    0x4D, 0x5F, 0x4D, 0x5F, 0x4D, 0x5F, 0x4D, 0x5F, 0x4D, 0x5F, 0x4D, 0x5F, 0x4D, 0x5F, 0x4D, 0x5F,
    0xD5, 0x4D, 0x5F, 0x4D, 0x5F, 0x4D, 0x5F, 0x4D, 0x5F, 0x4D, 0x5F, 0x4D, 0x5F, 0x4D, 0x5F, 0x4D,
    0x5F, 0x4D, 0x5F, 0x4D, 0x5F, 0x4D, 0x5F, 0x4D, 0x5F, 0x4D, 0x5F, 0x4D, 0x5F, 0x4D, 0x5F, 0x4D,
    0x5F, 0x4D, 0x5F, 0x4D, 0x5F, 0x4D, 0x5F, 0x4D, 0x5F, 0x4D, 0x5F, 0x4D, 0x5F, 0x4D, 0x5F, 0x4D,
    0x5F, 0x4D, 0x5F, 0x4D, 0x5F, 0x4D, 0x5F, 0x4D, 0x5F, 0x4D, 0x5F, 0x4D, 0x5F, 0x4D, 0x5F, 0x4D,
    0x5F, 0x4D, 0x5F, 0x4D, 0x5F, 0x4D, 0x5F, 0x4D, 0x5F, 0x4D, 0x5F, 0x4D, 0x5F, 0x4D, 0x5F, 0x4D,
    0x5F, 0x4D, 0x5F, 0x4D, 0x9F, 0x22, 0xD0, 0x0A, 0x00, 0xFF, 0x69, 0x49, 0xFB, 0x57, 0xFB, 0x16,
    0xFB, 0x36, 0xFB, 0x36, 0xFB, 0x36, 0xFB, 0x36, 0xFB, 0x36, 0xFB, 0x36, 0xFB, 0x36, 0xFB, 0x36,
    0xFB, 0x36, 0xFB, 0x36, 0xFB, 0x36, 0xFB, 0x36, 0xFB, 0x36, 0xFB, 0x36, 0xFB, 0x36, 0xFB, 0x36,
    0xFB, 0x36, 0xFB, 0x36, 0xFB, 0x36, 0xFB, 0x36, 0xFB, 0x36, 0xFB, 0x36, 0xFB, 0x36, 0xFB, 0x36,
    0xFB, 0x36, 0xFB, 0x36, 0xFB, 0x36, 0xFB, 0x36, 0xFB, 0x36, 0xFB, 0x36, 0xFB, 0x36, 0xFB, 0x36,
    0xFB, 0x36, 0xFB, 0x36, 0xFB, 0x36, 0xFB, 0x36, 0xFB, 0x36, 0xFB, 0x36, 0xFB, 0x36, 0xFB, 0x36,
    0xFB, 0x36, 0xFB, 0x36, 0xFB, 0x36, 0xFB, 0x36, 0xFB, 0x36, 0xFB, 0x36, 0xFB, 0x36, 0xFB, 0x36,
    0xFB, 0x36, 0xFB, 0x16, 0xFB, 0x57, 0xBA, 0x0F, 0x11, 0x68, 0x4D, 0x7F, 0x4D, 0x5F, 0x4D, 0x5F,
    0x4D, 0x5F, 0x4D, 0x5F, 0x4D, 0x5F, 0x4D, 0x5F, 0x4D, 0x5F, 0xFF, 0x4D, 0x5F, 0x4D, 0x5F, 0x4D,
    0x5F, 0x4D, 0x5F, 0x4D, 0x5F, 0x4D, 0x5F, 0x4D, 0x5F, 0x4D, 0x5F, 0x4D, 0x5F, 0x4D, 0x5F, 0x4D,
    0x5F, 0x4D, 0x5F, 0x4D, 0x5F, 0x4D, 0x5F, 0x4D, 0x5F, 0x4D, 0x5F, 0x4D, 0x5F, 0x4D, 0x5F, 0x4D,
    0x5F, 0x4D, 0x5F, 0x4D, 0x5F, 0x4D, 0x5F, 0x4D, 0x5F, 0x4D, 0x5F, 0x4D, 0x5F, 0x4D, 0x5F, 0x4D,
    0x5F, 0x4D, 0x5F, 0x4D, 0x5F, 0x4D, 0x5F, 0x4D, 0x5F, 0x4D, 0x5F, 0x4D, 0x5F, 0x4D, 0x5F, 0x4D,
    0x5F, 0x4D, 0x5F, 0x4D, 0x5F, 0x4D, 0x5F, 0x4D, 0x5F, 0x4D, 0x5F, 0x4D, 0x5F, 0x4D, 0x5F, 0x4D,
    0x5F, 0x4D, 0x5F, 0x4D, 0x5F, 0x4D, 0x5F, 0x4D, 0x5F, 0x4D, 0x5F, 0x4D, 0x5F, 0x4D, 0x5F, 0x4D,
    0x5F, 0x4D, 0x5F, 0x4D, 0x5F, 0x4D, 0x5F, 0x4D, 0x5F, 0x4D, 0x5F, 0x4D, 0x5F, 0x4D, 0x5F, 0x4D,
    0x5F, 0x4D, 0x5F, 0x4D, 0x5F, 0x4D, 0x5F, 0x4D, 0x5F, 0x4D, 0x5F, 0xFF, 0x4D, 0x5F, 0x4D, 0x5F,
    0x4D, 0x5F, 0x4D, 0x5F, 0x4D, 0x5F, 0x4D, 0x5F, 0x4D, 0x5F, 0x4D, 0x5F, 0x4D, 0x5F, 0x4D, 0x5F,
    0x4D, 0x5F, 0x4D, 0x5F, 0x4D, 0x5F, 0x4D, 0x5F, 0x4D, 0x5F, 0x4D, 0x5F, 0x4D, 0x5F, 0x4D, 0x5F,
    0x4D, 0x5F, 0x4D, 0x5F, 0x4D, 0x5F, 0x4D, 0x5F, 0x4D, 0x5F, 0x4D, 0x5F, 0x4D, 0x5F, 0x4D, 0x5F,
    0x4D, 0x5F, 0x4D, 0x5F, 0x4D, 0x5F, 0x4D, 0x5F, 0x4D, 0x5F, 0x4D, 0x5F, 0x4D, 0x5F, 0x4D, 0x5F,
    0x4D, 0x5F, 0x4D, 0x5F, 0x4D, 0x5F, 0x4D, 0x5F, 0x4D, 0x5F, 0x4D, 0x5F, 0x4D, 0x5F, 0x4D, 0x5F,
    0x4D, 0x5F, 0x4D, 0x5F, 0x4D, 0x5F, 0x4D, 0x5F, 0x4D, 0x5F, 0x4D, 0x5F, 0x4D, 0x5F, 0x4D, 0x5F,
    0x4D, 0x5F, 0x4D, 0x5F, 0x4D, 0x5F, 0x4D, 0x5F, 0x4D, 0x5F, 0x4D, 0x5F, 0x4D, 0x5F, 0x4D, 0x5F,
    0x4D, 0x5F, 0x4D, 0x5F, 0x4D, 0x5F, 0x4D, 0x5F, 0x4D, 0x5F, 0x4D, 0x5F, 0xD5, 0x4D, 0x5F, 0x4D,
    0x5F, 0x4D, 0x5F, 0x4D, 0x5F, 0x4D, 0x5F, 0x4D, 0x5F, 0x4D, 0x5F, 0x4D, 0x5F, 0x4D, 0x5F, 0x4D,
    0x5F, 0x4D, 0x5F, 0x4D, 0x5F, 0x4D, 0x5F, 0x4D, 0x5F, 0x4D, 0x5F, 0x4D, 0x5F, 0x4D, 0x5F, 0x4D,
    0x5F, 0x4D, 0x5F, 0x4D, 0x5F, 0x4D, 0x5F, 0x4D, 0x5F, 0x4D, 0x5F, 0x4D, 0x5F, 0x4D, 0x5F, 0x4D,
    0x5F, 0x4D, 0x5F, 0x4D, 0x5F, 0x4D, 0x5F, 0x4D, 0x5F, 0x4D, 0x5F, 0x4D, 0x5F, 0x4D, 0x5F, 0x4D,
    0x5F, 0x4D, 0x5F, 0x4D, 0x5F, 0x4D, 0x5F, 0x4D, 0x5F, 0x4D, 0x5F, 0x4D, 0x5F, 0x4D, 0x5F, 0x4D,
    0x9F, 0x22, 0x6E, 0x0A, 0x00, 0xFF, 0x59, 0x07, 0xFB, 0x37, 0xFB, 0x16, 0xFB, 0x36, 0xFB, 0x36,
    0xFB, 0x36, 0xFB, 0x36, 0xFB, 0x36, 0xFB, 0x36, 0xFB, 0x36, 0xFB, 0x36, 0xFB, 0x36, 0xFB, 0x36,
    0xFB, 0x36, 0xFB, 0x36, 0xFB, 0x36, 0xFB, 0x36, 0xFB, 0x36, 0xFB, 0x36, 0xFB, 0x36, 0xFB, 0x36,
    0xFB, 0x36, 0xFB, 0x36, 0xFB, 0x36, 0xFB, 0x36, 0xFB, 0x36, 0xFB, 0x36, 0xFB, 0x36, 0xFB, 0x36,
    0xFB, 0x36, 0xFB, 0x36, 0xFB, 0x36, 0xFB, 0x36, 0xFB, 0x36, 0xFB, 0x36, 0xFB, 0x36, 0xFB, 0x36,
    0xFB, 0x36, 0xFB, 0x36, 0xFB, 0x36, 0xFB, 0x36, 0xFB, 0x36, 0xFB, 0x36, 0xFB, 0x36, 0xFB, 0x36,
    0xFB, 0x36, 0xFB, 0x36, 0xFB, 0x36, 0xFB, 0x36, 0xFB, 0x36, 0xFB, 0x36, 0xFB, 0x36, 0xFB, 0x16,
    0xFB, 0x57, 0xBA, 0x0F, 0x11, 0x68, 0x4D, 0x9F, 0x4D, 0x5F, 0x4D, 0x5F, 0x4D, 0x5F, 0x4D, 0x5F,
    0x4D, 0x5F, 0x4D, 0x5F, 0x4D, 0x5F, 0xFF, 0x4D, 0x5F, 0x4D, 0x5F, 0x4D, 0x5F, 0x4D, 0x5F, 0x4D,
    0x5F, 0x4D, 0x5F, 0x4D, 0x5F, 0x4D, 0x5F, 0x4D, 0x5F, 0x4D, 0x5F, 0x4D, 0x5F, 0x4D, 0x5F, 0x4D,
    0x5F, 0x4D, 0x5F, 0x4D, 0x5F, 0x4D, 0x5F, 0x4D, 0x5F, 0x4D, 0x5F, 0x4D, 0x5F, 0x4D, 0x5F, 0x4D,
    0x5F, 0x4D, 0x5F, 0x4D, 0x5F, 0x4D, 0x5F, 0x4D, 0x5F, 0x4D, 0x5F, 0x4D, 0x5F, 0x4D, 0x5F, 0x4D,
    0x5F, 0x4D, 0x5F, 0x4D, 0x5F, 0x4D, 0x5F, 0x4D, 0x5F, 0x4D, 0x5F, 0x4D, 0x5F, 0x4D, 0x5F, 0x4D,
    0x5F, 0x4D, 0x5F, 0x4D, 0x5F, 0x4D, 0x5F, 0x4D, 0x5F, 0x4D, 0x5F, 0x4D, 0x5F, 0x4D, 0x5F, 0x4D,
    0x5F, 0x4D, 0x5F, 0x4D, 0x5F, 0x4D, 0x5F, 0x4D, 0x5F, 0x4D, 0x5F, 0x4D, 0x5F, 0x4D, 0x5F, 0x4D,
    0x5F, 0x4D, 0x5F, 0x4D, 0x5F, 0x4D, 0x5F, 0x4D, 0x5F, 0x4D, 0x5F, 0x4D, 0x5F, 0x4D, 0x5F, 0x4D,
    0x5F, 0x4D, 0x5F, 0x4D, 0x5F, 0x4D, 0x5F, 0xFF, 0x4D, 0x5F, 0x4D, 0x5F, 0x4D, 0x5F, 0x4D, 0x5F,
    0x4D, 0x5F, 0x4D, 0x5F, 0x4D, 0x5F, 0x4D, 0x5F, 0x4D, 0x5F, 0x4D, 0x5F, 0x4D, 0x5F, 0x4D, 0x5F,
    0x4D, 0x5F, 0x4D, 0x5F, 0x4D, 0x5F, 0x4D, 0x5F, 0x4D, 0x5F, 0x4D, 0x5F, 0x4D, 0x5F, 0x4D, 0x5F,
    0x4D, 0x5F, 0x4D, 0x5F, 0x4D, 0x5F, 0x4D, 0x5F, 0x4D, 0x5F, 0x4D, 0x5F, 0x4D, 0x5F, 0x4D, 0x5F,
    0x4D, 0x5F, 0x4D, 0x5F, 0x4D, 0x5F, 0x4D, 0x5F, 0x4D, 0x5F, 0x4D, 0x5F, 0x4D, 0x5F, 0x4D, 0x5F,
    0x4D, 0x5F, 0x4D, 0x5F, 0x4D, 0x5F, 0x4D, 0x5F, 0x4D, 0x5F, 0x4D, 0x5F, 0x4D, 0x5F, 0x4D, 0x5F,
    0x4D, 0x5F, 0x4D, 0x5F, 0x4D, 0x5F, 0x4D, 0x5F, 0x4D, 0x5F, 0x4D, 0x5F, 0x4D, 0x5F, 0x4D, 0x5F,
    0x4D, 0x5F, 0x4D, 0x5F, 0x4D, 0x5F, 0x4D, 0x5F, 0x4D, 0x5F, 0x4D, 0x5F, 0x4D, 0x5F, 0x4D, 0x5F,
    0x4D, 0x5F, 0x4D, 0x5F, 0x4D, 0x5F, 0x4D, 0x5F, 0xD5, 0x4D, 0x5F, 0x4D, 0x5F, 0x4D, 0x5F, 0x4D,
    0x5F, 0x4D, 0x5F, 0x4D, 0x5F, 0x4D, 0x5F, 0x4D, 0x5F, 0x4D, 0x5F, 0x4D, 0x5F, 0x4D, 0x5F, 0x4D,
    0x5F, 0x4D, 0x5F, 0x4D, 0x5F, 0x4D, 0x5F, 0x4D, 0x5F, 0x4D, 0x5F, 0x4D, 0x5F, 0x4D, 0x5F, 0x4D,
    0x5F, 0x4D, 0x5F, 0x4D, 0x5F, 0x4D, 0x5F, 0x4D, 0x5F, 0x4D, 0x5F, 0x4D, 0x5F, 0x4D, 0x5F, 0x4D,
    0x5F, 0x4D, 0x5F, 0x4D, 0x5F, 0x4D, 0x5F, 0x4D, 0x5F, 0x4D, 0x5F, 0x4D, 0x5F, 0x4D, 0x5F, 0x4D,
    0x5F, 0x4D, 0x5F, 0x4D, 0x5F, 0x4D, 0x5F, 0x4D, 0x5F, 0x4D, 0x5F, 0x4D, 0x7F, 0x11, 0xAA, 0x0A,
    0x00, 0xFF, 0x59, 0x07, 0xFB, 0x37, 0xFB, 0x16, 0xFB, 0x36, 0xFB, 0x36, 0xFB, 0x36, 0xFB, 0x36,
    0xFB, 0x36, 0xFB, 0x36, 0xFB, 0x36, 0xFB, 0x36, 0xFB, 0x36, 0xFB, 0x36, 0xFB, 0x36, 0xFB, 0x36,
    0xFB, 0x36, 0xFB, 0x36, 0xFB, 0x36, 0xFB, 0x36, 0xFB, 0x36, 0xFB, 0x36, 0xFB, 0x36, 0xFB, 0x36,
    0xFB, 0x36, 0xFB, 0x36, 0xFB, 0x36, 0xFB, 0x36, 0xFB, 0x36, 0xFB, 0x36, 0xFB, 0x36, 0xFB, 0x36,
    0xFB, 0x36, 0xFB, 0x36, 0xFB, 0x36, 0xFB, 0x36, 0xFB, 0x36, 0xFB, 0x36, 0xFB, 0x36, 0xFB, 0x36,
    0xFB, 0x36, 0xFB, 0x36, 0xFB, 0x36, 0xFB, 0x36, 0xFB, 0x36, 0xFB, 0x36, 0xFB, 0x36, 0xFB, 0x36,
    0xFB, 0x36, 0xFB, 0x36, 0xFB, 0x36, 0xFB, 0x36, 0xFB, 0x36, 0xFB, 0x16, 0xFB, 0x57, 0xAA, 0x2F,
    0x11, 0xAA, 0x4D, 0x9F, 0x4D, 0x5F, 0x4D, 0x5F, 0x4D, 0x5F, 0x4D, 0x5F, 0x4D, 0x5F, 0x4D, 0x5F,
    0x4D, 0x5F, 0xFF, 0x4D, 0x5F, 0x4D, 0x5F, 0x4D, 0x5F, 0x4D, 0x5F, 0x4D, 0x5F, 0x4D, 0x5F, 0x4D,
    0x5F, 0x4D, 0x5F, 0x4D, 0x5F, 0x4D, 0x5F, 0x4D, 0x5F, 0x4D, 0x5F, 0x4D, 0x5F, 0x4D, 0x5F, 0x4D,
    0x5F, 0x4D, 0x5F, 0x4D, 0x5F, 0x4D, 0x5F, 0x4D, 0x5F, 0x4D, 0x5F, 0x4D, 0x5F, 0x4D, 0x5F, 0x4D,
    0x5F, 0x4D, 0x5F, 0x4D, 0x5F, 0x4D, 0x5F, 0x4D, 0x5F, 0x4D, 0x5F, 0x4D, 0x5F, 0x4D, 0x5F, 0x4D,
    0x5F, 0x4D, 0x5F, 0x4D, 0x5F, 0x4D, 0x5F, 0x4D, 0x5F, 0x4D, 0x5F, 0x4D, 0x5F, 0x4D, 0x5F, 0x4D,
    0x5F, 0x4D, 0x5F, 0x4D, 0x5F, 0x4D, 0x5F, 0x4D, 0x5F, 0x4D, 0x5F, 0x4D, 0x5F, 0x4D, 0x5F, 0x4D,
    0x5F, 0x4D, 0x5F, 0x4D, 0x5F, 0x4D, 0x5F, 0x4D, 0x5F, 0x4D, 0x5F, 0x4D, 0x5F, 0x4D, 0x5F, 0x4D,
    0x5F, 0x4D, 0x5F, 0x4D, 0x5F, 0x4D, 0x5F, 0x4D, 0x5F, 0x4D, 0x5F, 0x4D, 0x5F, 0x4D, 0x5F, 0x4D,
    0x5F, 0x4D, 0x5F, 0xFF, 0x4D, 0x5F, 0x4D, 0x5F, 0x4D, 0x5F, 0x4D, 0x5F, 0x4D, 0x5F, 0x4D, 0x5F,
    0x4D, 0x5F, 0x4D, 0x5F, 0x4D, 0x5F, 0x4D, 0x5F, 0x4D, 0x5F, 0x4D, 0x5F, 0x4D, 0x5F, 0x4D, 0x5F,
    0x4D, 0x5F, 0x4D, 0x5F, 0x4D, 0x5F, 0x4D, 0x5F, 0x4D, 0x5F, 0x4D, 0x5F, 0x4D, 0x5F, 0x4D, 0x5F,
    0x4D, 0x5F, 0x4D, 0x5F, 0x4D, 0x5F, 0x4D, 0x5F, 0x4D, 0x5F, 0x4D, 0x5F, 0x4D, 0x5F, 0x4D, 0x5F,
    0x4D, 0x5F, 0x4D, 0x5F, 0x4D, 0x5F, 0x4D, 0x5F, 0x4D, 0x5F, 0x4D, 0x5F, 0x4D, 0x5F, 0x4D, 0x5F,
    0x4D, 0x5F, 0x4D, 0x5F, 0x4D, 0x5F, 0x4D, 0x5F, 0x4D, 0x5F, 0x4D, 0x5F, 0x4D, 0x5F, 0x4D, 0x5F,
    0x4D, 0x5F, 0x4D, 0x5F, 0x4D, 0x5F, 0x4D, 0x5F, 0x4D, 0x5F, 0x4D, 0x5F, 0x4D, 0x5F, 0x4D, 0x5F,
    0x4D, 0x5F, 0x4D, 0x5F, 0x4D, 0x5F, 0x4D, 0x5F, 0x4D, 0x5F, 0x4D, 0x5F, 0x4D, 0x5F, 0x4D, 0x5F,
    0x4D, 0x5F, 0x4D, 0x5F, 0xD5, 0x4D, 0x5F, 0x4D, 0x5F, 0x4D, 0x5F, 0x4D, 0x5F, 0x4D, 0x5F, 0x4D,
    0x5F, 0x4D, 0x5F, 0x4D, 0x5F, 0x4D, 0x5F, 0x4D, 0x5F, 0x4D, 0x5F, 0x4D, 0x5F, 0x4D, 0x5F, 0x4D,
    0x5F, 0x4D, 0x5F, 0x4D, 0x5F, 0x4D, 0x5F, 0x4D, 0x5F, 0x4D, 0x5F, 0x4D, 0x5F, 0x4D, 0x5F, 0x4D,
    0x5F, 0x4D, 0x5F, 0x4D, 0x5F, 0x4D, 0x5F, 0x4D, 0x5F, 0x4D, 0x5F, 0x4D, 0x5F, 0x4D, 0x5F, 0x4D,
    0x5F, 0x4D, 0x5F, 0x4D, 0x5F, 0x4D, 0x5F, 0x4D, 0x5F, 0x4D, 0x5F, 0x4D, 0x5F, 0x4D, 0x5F, 0x4D,
    0x5F, 0x4D, 0x5F, 0x4D, 0x5F, 0x4D, 0x5F, 0x4D, 0x5F, 0x11, 0x68, 0x0A, 0x00, 0xFF, 0x48, 0xE6,
    0xFB, 0x37, 0xFB, 0x36, 0xFB, 0x36, 0xFB, 0x36, 0xFB, 0x36, 0xFB, 0x36, 0xFB, 0x36, 0xFB, 0x36,
    0xFB, 0x36, 0xFB, 0x36, 0xFB, 0x36, 0xFB, 0x36, 0xFB, 0x36, 0xFB, 0x36, 0xFB, 0x36, 0xFB, 0x36,
    0xFB, 0x36, 0xFB, 0x36, 0xFB, 0x36, 0xFB, 0x36, 0xFB, 0x36, 0xFB, 0x36, 0xFB, 0x36, 0xFB, 0x36,
    0xFB, 0x36, 0xFB, 0x36, 0xFB, 0x36, 0xFB, 0x36, 0xFB, 0x36, 0xFB, 0x36, 0xFB, 0x36, 0xFB, 0x36,
    0xFB, 0x36, 0xFB, 0x36, 0xFB, 0x36, 0xFB, 0x36, 0xFB, 0x36, 0xFB, 0x36, 0xFB, 0x36, 0xFB, 0x36,
    0xFB, 0x36, 0xFB, 0x36, 0xFB, 0x36, 0xFB, 0x36, 0xFB, 0x36, 0xFB, 0x36, 0xFB, 0x36, 0xFB, 0x36,
    0xFB, 0x36, 0xFB, 0x36, 0xFB, 0x36, 0xFB, 0x16, 0xFB, 0x57, 0xBA, 0x0F, 0x11, 0x68, 0x4D, 0x7F,
    0x4D, 0x5F, 0x4D, 0x5F, 0x4D, 0x3F, 0x4D, 0x3F, 0x4D, 0x5F, 0x4D, 0x5F, 0x4D, 0x5F, 0xFF, 0x4D,
    0x5F, 0x4D, 0x5F, 0x4D, 0x5F, 0x4D, 0x5F, 0x4D, 0x5F, 0x4D, 0x5F, 0x4D, 0x5F, 0x4D, 0x5F, 0x4D,
    0x5F, 0x4D, 0x5F, 0x4D, 0x5F, 0x4D, 0x5F, 0x4D, 0x5F, 0x4D, 0x5F, 0x4D, 0x5F, 0x4D, 0x5F, 0x4D,
    0x5F, 0x4D, 0x5F, 0x4D, 0x5F, 0x4D, 0x5F, 0x4D, 0x5F, 0x4D, 0x5F, 0x4D, 0x5F, 0x4D, 0x5F, 0x4D,
    0x5F, 0x4D, 0x5F, 0x4D, 0x5F, 0x4D, 0x5F, 0x4D, 0x5F, 0x4D, 0x5F, 0x4D, 0x5F, 0x4D, 0x5F, 0x4D,
    0x5F, 0x4D, 0x5F, 0x4D, 0x5F, 0x4D, 0x5F, 0x4D, 0x5F, 0x4D, 0x5F, 0x4D, 0x5F, 0x4D, 0x5F, 0x4D,
    0x5F, 0x4D, 0x5F, 0x4D, 0x5F, 0x4D, 0x5F, 0x4D, 0x5F, 0x4D, 0x5F, 0x4D, 0x5F, 0x4D, 0x5F, 0x4D,
    0x5F, 0x4D, 0x5F, 0x4D, 0x5F, 0x4D, 0x5F, 0x4D, 0x5F, 0x4D, 0x5F, 0x4D, 0x5F, 0x4D, 0x5F, 0x4D,
    0x5F, 0x4D, 0x5F, 0x4D, 0x5F, 0x4D, 0x5F, 0x4D, 0x5F, 0x4D, 0x5F, 0x4D, 0x5F, 0x4D, 0x5F, 0xFF,
    0x4D, 0x5F, 0x4D, 0x5F, 0x4D, 0x5F, 0x4D, 0x5F, 0x4D, 0x5F, 0x4D, 0x5F, 0x4D, 0x5F, 0x4D, 0x5F,
    0x4D, 0x5F, 0x4D, 0x5F, 0x4D, 0x5F, 0x4D, 0x5F, 0x4D, 0x5F, 0x4D, 0x5F, 0x4D, 0x5F, 0x4D, 0x5F,
    0x4D, 0x5F, 0x4D, 0x5F, 0x4D, 0x5F, 0x4D, 0x5F, 0x4D, 0x5F, 0x4D, 0x5F, 0x4D, 0x5F, 0x4D, 0x5F,
    0x4D, 0x5F, 0x4D, 0x5F, 0x4D, 0x5F, 0x4D, 0x5F, 0x4D, 0x5F, 0x4D, 0x5F, 0x4D, 0x5F, 0x4D, 0x5F,
    0x4D, 0x5F, 0x4D, 0x5F, 0x4D, 0x5F, 0x4D, 0x5F, 0x4D, 0x5F, 0x4D, 0x5F, 0x4D, 0x5F, 0x4D, 0x5F,
    0x4D, 0x5F, 0x4D, 0x5F, 0x4D, 0x5F, 0x4D, 0x5F, 0x4D, 0x5F, 0x4D, 0x5F, 0x4D, 0x5F, 0x4D, 0x5F,
    0x4D, 0x5F, 0x4D, 0x5F, 0x4D, 0x5F, 0x4D, 0x5F, 0x4D, 0x5F, 0x4D, 0x5F, 0x4D, 0x5F, 0x4D, 0x5F,
    0x4D, 0x5F, 0x4D, 0x5F, 0x4D, 0x5F, 0x4D, 0x5F, 0x4D, 0x5F, 0x4D, 0x5F, 0x4D, 0x5F, 0x4D, 0x5F,
    0xD5, 0x4D, 0x5F, 0x4D, 0x5F, 0x4D, 0x5F, 0x4D, 0x5F, 0x4D, 0x5F, 0x4D, 0x5F, 0x4D, 0x5F, 0x4D,
    0x5F, 0x4D, 0x5F, 0x4D, 0x5F, 0x4D, 0x5F, 0x4D, 0x5F, 0x4D, 0x5F, 0x4D, 0x5F, 0x4D, 0x5F, 0x4D,
    0x5F, 0x4D, 0x5F, 0x4D, 0x5F, 0x4D, 0x5F, 0x4D, 0x5F, 0x4D, 0x5F, 0x4D, 0x5F, 0x4D, 0x5F, 0x4D,
    0x5F, 0x4D, 0x5F, 0x4D, 0x5F, 0x4D, 0x5F, 0x4D, 0x5F, 0x4D, 0x5F, 0x4D, 0x5F, 0x4D, 0x5F, 0x4D,
    0x5F, 0x4D, 0x5F, 0x4D, 0x5F, 0x4D, 0x5F, 0x4D, 0x5F, 0x4D, 0x5F, 0x4D, 0x5F, 0x4D, 0x5F, 0x4D,
    0x5F, 0x4D, 0x5F, 0x4D, 0x5F, 0x11, 0x68, 0x0A, 0x00, 0xFF, 0x48, 0xE6, 0xFB, 0x37, 0xFB, 0x36,
    0xFB, 0x36, 0xFB, 0x36, 0xFB, 0x36, 0xFB, 0x36, 0xFB, 0x36, 0xFB, 0x36, 0xFB, 0x36, 0xFB, 0x36,
    0xFB, 0x36, 0xFB, 0x36, 0xFB, 0x36, 0xFB, 0x36, 0xFB, 0x36, 0xFB, 0x36, 0xFB, 0x36, 0xFB, 0x36,
    0xFB, 0x36, 0xFB, 0x36, 0xFB, 0x36, 0xFB, 0x36, 0xFB, 0x36, 0xFB, 0x36, 0xFB, 0x36, 0xFB, 0x36,
    0xFB, 0x36, 0xFB, 0x36, 0xFB, 0x36, 0xFB, 0x36, 0xFB, 0x36, 0xFB, 0x36, 0xFB, 0x36, 0xFB, 0x36,
    0xFB, 0x36, 0xFB, 0x36, 0xFB, 0x36, 0xFB, 0x36, 0xFB, 0x36, 0xFB, 0x36, 0xFB, 0x36, 0xFB, 0x36,
    0xFB, 0x36, 0xFB, 0x36, 0xFB, 0x36, 0xFB, 0x36, 0xFB, 0x36, 0xFB, 0x36, 0xFB, 0x36, 0xFB, 0x36,
    0xFB, 0x36, 0xFB, 0x16, 0xFB, 0x57, 0xCA, 0x91, 0x09, 0x06, 0x4D, 0x1D, 0x4D, 0x5F, 0x55, 0x9F,
    0x3A, 0x8C, 0x3B, 0xB5, 0x55, 0x9F, 0x4D, 0x5F, 0x4D, 0x5F, 0xFF, 0x4D, 0x5F, 0x4D, 0x5F, 0x4D,
    0x5F, 0x4D, 0x5F, 0x4D, 0x5F, 0x4D, 0x5F, 0x4D, 0x5F, 0x4D, 0x5F, 0x4D, 0x5F, 0x4D, 0x5F, 0x4D,
    0x5F, 0x4D, 0x5F, 0x4D, 0x5F, 0x4D, 0x5F, 0x4D, 0x5F, 0x4D, 0x5F, 0x4D, 0x5F, 0x4D, 0x5F, 0x4D,
    0x5F, 0x4D, 0x5F, 0x4D, 0x5F, 0x4D, 0x5F, 0x4D, 0x5F, 0x4D, 0x5F, 0x4D, 0x5F, 0x4D, 0x5F, 0x4D,
    0x5F, 0x4D, 0x5F, 0x4D, 0x5F, 0x4D, 0x5F, 0x4D, 0x5F, 0x4D, 0x5F, 0x4D, 0x5F, 0x4D, 0x5F, 0x4D,
    0x5F, 0x4D, 0x5F, 0x4D, 0x5F, 0x4D, 0x5F, 0x4D, 0x5F, 0x4D, 0x5F, 0x4D, 0x5F, 0x4D, 0x5F, 0x4D,
    0x5F, 0x4D, 0x5F, 0x4D, 0x5F, 0x4D, 0x5F, 0x4D, 0x5F, 0x4D, 0x5F, 0x4D, 0x5F, 0x4D, 0x5F, 0x4D,
    0x5F, 0x4D, 0x5F, 0x4D, 0x5F, 0x4D, 0x5F, 0x4D, 0x5F, 0x4D, 0x5F, 0x4D, 0x5F, 0x4D, 0x5F, 0x4D,
    0x5F, 0x4D, 0x5F, 0x4D, 0x5F, 0x4D, 0x5F, 0x4D, 0x5F, 0x4D, 0x5F, 0xFF, 0x4D, 0x5F, 0x4D, 0x5F,
    0x4D, 0x5F, 0x4D, 0x5F, 0x4D, 0x5F, 0x4D, 0x5F, 0x4D, 0x5F, 0x4D, 0x5F, 0x4D, 0x5F, 0x4D, 0x5F,
    0x4D, 0x5F, 0x4D, 0x5F, 0x4D, 0x5F, 0x4D, 0x5F, 0x4D, 0x5F, 0x4D, 0x5F, 0x4D, 0x5F, 0x4D, 0x5F,
    0x4D, 0x5F, 0x4D, 0x5F, 0x4D, 0x5F, 0x4D, 0x5F, 0x4D, 0x5F, 0x4D, 0x5F, 0x4D, 0x5F, 0x4D, 0x5F,
    0x4D, 0x5F, 0x4D, 0x5F, 0x4D, 0x5F, 0x4D, 0x5F, 0x4D, 0x5F, 0x4D, 0x5F, 0x4D, 0x5F, 0x4D, 0x5F,
    0x4D, 0x5F, 0x4D, 0x5F, 0x4D, 0x5F, 0x4D, 0x5F, 0x4D, 0x5F, 0x4D, 0x5F, 0x4D, 0x5F, 0x4D, 0x5F,
    0x4D, 0x5F, 0x4D, 0x5F, 0x4D, 0x5F, 0x4D, 0x5F, 0x4D, 0x5F, 0x4D, 0x5F, 0x4D, 0x5F, 0x4D, 0x5F,
    0x4D, 0x5F, 0x4D, 0x5F, 0x4D, 0x5F, 0x4D, 0x5F, 0x4D, 0x5F, 0x4D, 0x5F, 0x4D, 0x5F, 0x4D, 0x5F,
    0x4D, 0x5F, 0x4D, 0x5F, 0x4D, 0x5F, 0x4D, 0x5F, 0x4D, 0x5F, 0x4D, 0x5F, 0xD5, 0x4D, 0x5F, 0x4D,
    0x5F, 0x4D, 0x5F, 0x4D, 0x5F, 0x4D, 0x5F, 0x4D, 0x5F, 0x4D, 0x5F, 0x4D, 0x5F, 0x4D, 0x5F, 0x4D,
    0x5F, 0x4D, 0x5F, 0x4D, 0x5F, 0x4D, 0x5F, 0x4D, 0x5F, 0x4D, 0x5F, 0x4D, 0x5F, 0x4D, 0x5F, 0x4D,
    0x5F, 0x4D, 0x5F, 0x4D, 0x5F, 0x4D, 0x5F, 0x4D, 0x5F, 0x4D, 0x5F, 0x4D, 0x5F, 0x4D, 0x5F, 0x4D,
    0x5F, 0x4D, 0x5F, 0x4D, 0x5F, 0x4D, 0x5F, 0x4D, 0x5F, 0x4D, 0x5F, 0x4D, 0x5F, 0x4D, 0x5F, 0x4D,
    0x5F, 0x4D, 0x5F, 0x4D, 0x5F, 0x4D, 0x5F, 0x4D, 0x5F, 0x4D, 0x5F, 0x4D, 0x5F, 0x4D, 0x5F, 0x4D,
    0x9F, 0x1A, 0x2C, 0x0A, 0x00, 0xFF, 0x59, 0x07, 0xFB, 0x37, 0xFB, 0x16, 0xFB, 0x36, 0xFB, 0x36,
    0xFB, 0x36, 0xFB, 0x36, 0xFB, 0x36, 0xFB, 0x36, 0xFB, 0x36, 0xFB, 0x36, 0xFB, 0x36, 0xFB, 0x36,
    0xFB, 0x36, 0xFB, 0x36, 0xFB, 0x36, 0xFB, 0x36, 0xFB, 0x36, 0xFB, 0x36, 0xFB, 0x36, 0xFB, 0x36,
    0xFB, 0x36, 0xFB, 0x36, 0xFB, 0x36, 0xFB, 0x36, 0xFB, 0x36, 0xFB, 0x36, 0xFB, 0x36, 0xFB, 0x36,
    0xFB, 0x36, 0xFB, 0x36, 0xFB, 0x36, 0xFB, 0x36, 0xFB, 0x36, 0xFB, 0x36, 0xFB, 0x36, 0xFB, 0x36,
    0xFB, 0x36, 0xFB, 0x36, 0xFB, 0x36, 0xFB, 0x36, 0xFB, 0x36, 0xFB, 0x36, 0xFB, 0x36, 0xFB, 0x36,
    0xFB, 0x36, 0xFB, 0x36, 0xFB, 0x36, 0xFB, 0x36, 0xFB, 0x36, 0xFB, 0x36, 0xFB, 0x36, 0xFB, 0x16,
    0xFB, 0x37, 0xD2, 0xB3, 0x08, 0x83, 0x44, 0x9B, 0x4D, 0x7F, 0x55, 0xFF, 0x3A, 0x8C, 0x3B, 0xB5,
    0x55, 0x9F, 0x4D, 0x5F, 0x4D, 0x5F, 0xFF, 0x4D, 0x5F, 0x4D, 0x5F, 0x4D, 0x5F, 0x4D, 0x5F, 0x4D,
    0x5F, 0x4D, 0x5F, 0x4D, 0x5F, 0x4D, 0x5F, 0x4D, 0x5F, 0x4D, 0x5F, 0x4D, 0x5F, 0x4D, 0x5F, 0x4D,
    0x5F, 0x4D, 0x5F, 0x4D, 0x5F, 0x4D, 0x5F, 0x4D, 0x5F, 0x4D, 0x5F, 0x4D, 0x5F, 0x4D, 0x5F, 0x4D,
    0x5F, 0x4D, 0x5F, 0x4D, 0x5F, 0x4D, 0x5F, 0x4D, 0x5F, 0x4D, 0x5F, 0x4D, 0x5F, 0x4D, 0x5F, 0x4D,
    0x5F, 0x4D, 0x5F, 0x4D, 0x5F, 0x4D, 0x5F, 0x4D, 0x5F, 0x4D, 0x5F, 0x4D, 0x5F, 0x4D, 0x5F, 0x4D,
    0x5F, 0x4D, 0x5F, 0x4D, 0x5F, 0x4D, 0x5F, 0x4D, 0x5F, 0x4D, 0x5F, 0x4D, 0x5F, 0x4D, 0x5F, 0x4D,
    0x5F, 0x4D, 0x5F, 0x4D, 0x5F, 0x4D, 0x5F, 0x4D, 0x5F, 0x4D, 0x5F, 0x4D, 0x5F, 0x4D, 0x5F, 0x4D,
    0x5F, 0x4D, 0x5F, 0x4D, 0x5F, 0x4D, 0x5F, 0x4D, 0x5F, 0x4D, 0x5F, 0x4D, 0x5F, 0x4D, 0x5F, 0x4D,
    0x5F, 0x4D, 0x5F, 0x4D, 0x5F, 0x4D, 0x5F, 0xFF, 0x4D, 0x5F, 0x4D, 0x5F, 0x4D, 0x5F, 0x4D, 0x5F,
    0x4D, 0x5F, 0x4D, 0x5F, 0x4D, 0x5F, 0x4D, 0x5F, 0x4D, 0x5F, 0x4D, 0x5F, 0x4D, 0x5F, 0x4D, 0x5F,
    0x4D, 0x5F, 0x4D, 0x5F, 0x4D, 0x5F, 0x4D, 0x5F, 0x4D, 0x5F, 0x4D, 0x5F, 0x4D, 0x5F, 0x4D, 0x5F,
    0x4D, 0x5F, 0x4D, 0x5F, 0x4D, 0x5F, 0x4D, 0x5F, 0x4D, 0x5F, 0x4D, 0x5F, 0x4D, 0x5F, 0x4D, 0x5F,
    0x4D, 0x5F, 0x4D, 0x5F, 0x4D, 0x5F, 0x4D, 0x5F, 0x4D, 0x5F, 0x4D, 0x5F, 0x4D, 0x5F, 0x4D, 0x5F,
    0x4D, 0x5F, 0x4D, 0x5F, 0x4D, 0x5F, 0x4D, 0x5F, 0x4D, 0x5F, 0x4D, 0x5F, 0x4D, 0x5F, 0x4D, 0x5F,
    0x4D, 0x5F, 0x4D, 0x5F, 0x4D, 0x5F, 0x4D, 0x5F, 0x4D, 0x5F, 0x4D, 0x5F, 0x4D, 0x5F, 0x4D, 0x5F,
    0x4D, 0x5F, 0x4D, 0x5F, 0x4D, 0x5F, 0x4D, 0x5F, 0x4D, 0x5F, 0x4D, 0x5F, 0x4D, 0x5F, 0x4D, 0x5F,
    0x4D, 0x5F, 0x4D, 0x5F, 0x4D, 0x5F, 0x4D, 0x5F, 0xD5, 0x4D, 0x5F, 0x4D, 0x5F, 0x4D, 0x5F, 0x4D,
    0x5F, 0x4D, 0x5F, 0x4D, 0x5F, 0x4D, 0x5F, 0x4D, 0x5F, 0x4D, 0x5F, 0x4D, 0x5F, 0x4D, 0x5F, 0x4D,
    0x5F, 0x4D, 0x5F, 0x4D, 0x5F, 0x4D, 0x5F, 0x4D, 0x5F, 0x4D, 0x5F, 0x4D, 0x5F, 0x4D, 0x5F, 0x4D,
    0x5F, 0x4D, 0x5F, 0x4D, 0x5F, 0x4D, 0x5F, 0x4D, 0x5F, 0x4D, 0x5F, 0x4D, 0x5F, 0x4D, 0x5F, 0x4D,
    0x5F, 0x4D, 0x5F, 0x4D, 0x5F, 0x4D, 0x5F, 0x4D, 0x5F, 0x4D, 0x5F, 0x4D, 0x5F, 0x4D, 0x5F, 0x4D,
    0x5F, 0x4D, 0x5F, 0x4D, 0x5F, 0x4D, 0x5F, 0x4D, 0x5F, 0x4D, 0x5F, 0x55, 0x9F, 0x33, 0x32, 0x0A,
    0x00, 0xFF, 0x69, 0x49, 0xFB, 0x37, 0xFB, 0x16, 0xFB, 0x36, 0xFB, 0x36, 0xFB, 0x36, 0xFB, 0x36,
    0xFB, 0x36, 0xFB, 0x36, 0xFB, 0x36, 0xFB, 0x36, 0xFB, 0x36, 0xFB, 0x36, 0xFB, 0x36, 0xFB, 0x36,
    0xFB, 0x36, 0xFB, 0x36, 0xFB, 0x36, 0xFB, 0x36, 0xFB, 0x36, 0xFB, 0x36, 0xFB, 0x36, 0xFB, 0x36,
    0xFB, 0x36, 0xFB, 0x36, 0xFB, 0x36, 0xFB, 0x36, 0xFB, 0x36, 0xFB, 0x36, 0xFB, 0x36, 0xFB, 0x36,
    0xFB, 0x36, 0xFB, 0x36, 0xFB, 0x36, 0xFB, 0x36, 0xFB, 0x36, 0xFB, 0x36, 0xFB, 0x36, 0xFB, 0x36,
    0xFB, 0x36, 0xFB, 0x36, 0xFB, 0x36, 0xFB, 0x36, 0xFB, 0x36, 0xFB, 0x36, 0xFB, 0x36, 0xFB, 0x36,
    0xFB, 0x36, 0xFB, 0x36, 0xFB, 0x36, 0xFB, 0x36, 0xFB, 0x36, 0xFB, 0x16, 0xFB, 0x37, 0xD2, 0xB3,
    0x08, 0x83, 0x44, 0x9B, 0x4D, 0x9F, 0x3A, 0x8C, 0xAD, 0x24, 0x73, 0x84, 0x3B, 0xB5, 0x4D, 0x9F,
    0x4D, 0x5F, 0xFF, 0x4D, 0x5F, 0x4D, 0x5F, 0x4D, 0x5F, 0x4D, 0x5F, 0x4D, 0x5F, 0x4D, 0x5F, 0x4D,
    0x5F, 0x4D, 0x5F, 0x4D, 0x5F, 0x4D, 0x5F, 0x4D, 0x5F, 0x4D, 0x5F, 0x4D, 0x5F, 0x4D, 0x5F, 0x4D,
    0x5F, 0x4D, 0x5F, 0x4D, 0x5F, 0x4D, 0x5F, 0x4D, 0x5F, 0x4D, 0x5F, 0x4D, 0x5F, 0x4D, 0x5F, 0x4D,
    0x5F, 0x4D, 0x5F, 0x4D, 0x5F, 0x4D, 0x5F, 0x4D, 0x5F, 0x4D, 0x5F, 0x4D, 0x5F, 0x4D, 0x5F, 0x4D,
    0x5F, 0x4D, 0x5F, 0x4D, 0x5F, 0x4D, 0x5F, 0x4D, 0x5F, 0x4D, 0x5F, 0x4D, 0x5F, 0x4D, 0x5F, 0x4D,
    0x5F, 0x4D, 0x5F, 0x4D, 0x5F, 0x4D, 0x5F, 0x4D, 0x5F, 0x4D, 0x5F, 0x4D, 0x5F, 0x4D, 0x5F, 0x4D,
    0x5F, 0x4D, 0x5F, 0x4D, 0x5F, 0x4D, 0x5F, 0x4D, 0x5F, 0x4D, 0x5F, 0x4D, 0x5F, 0x4D, 0x5F, 0x4D,
    0x5F, 0x4D, 0x5F, 0x4D, 0x5F, 0x4D, 0x5F, 0x4D, 0x5F, 0x4D, 0x5F, 0x4D, 0x5F, 0x4D, 0x5F, 0x4D,
    0x5F, 0x4D, 0x5F, 0xFF, 0x4D, 0x5F, 0x4D, 0x5F, 0x4D, 0x5F, 0x4D, 0x5F, 0x4D, 0x5F, 0x4D, 0x5F,
    0x4D, 0x5F, 0x4D, 0x5F, 0x4D, 0x5F, 0x4D, 0x5F, 0x4D, 0x5F, 0x4D, 0x5F, 0x4D, 0x5F, 0x4D, 0x5F,
    0x4D, 0x5F, 0x4D, 0x5F, 0x4D, 0x5F, 0x4D, 0x5F, 0x4D, 0x5F, 0x4D, 0x5F, 0x4D, 0x5F, 0x4D, 0x5F,
    0x4D, 0x5F, 0x4D, 0x5F, 0x4D, 0x5F, 0x4D, 0x5F, 0x4D, 0x5F, 0x4D, 0x5F, 0x4D, 0x5F, 0x4D, 0x5F,
    0x4D, 0x5F, 0x4D, 0x5F, 0x4D, 0x5F, 0x4D, 0x5F, 0x4D, 0x5F, 0x4D, 0x5F, 0x4D, 0x5F, 0x4D, 0x5F,
    0x4D, 0x5F, 0x4D, 0x5F, 0x4D, 0x5F, 0x4D, 0x5F, 0x4D, 0x5F, 0x4D, 0x5F, 0x4D, 0x5F, 0x4D, 0x5F,
    0x4D, 0x5F, 0x4D, 0x5F, 0x4D, 0x5F, 0x4D, 0x5F, 0x4D, 0x5F, 0x4D, 0x5F, 0x4D, 0x5F, 0x4D, 0x5F,
    0x4D, 0x5F, 0x4D, 0x5F, 0x4D, 0x5F, 0x4D, 0x5F, 0x4D, 0x5F, 0x4D, 0x5F, 0x4D, 0x5F, 0x4D, 0x5F,
    0x4D, 0x5F, 0x4D, 0x5F, 0xD7, 0x4D, 0x5F, 0x4D, 0x5F, 0x4D, 0x5F, 0x4D, 0x5F, 0x4D, 0x5F, 0x4D,
    0x5F, 0x4D, 0x5F, 0x4D, 0x5F, 0x4D, 0x5F, 0x4D, 0x5F, 0x4D, 0x5F, 0x4D, 0x5F, 0x4D, 0x5F, 0x4D,
    0x5F, 0x4D, 0x5F, 0x4D, 0x5F, 0x4D, 0x5F, 0x4D, 0x5F, 0x4D, 0x5F, 0x4D, 0x5F, 0x4D, 0x5F, 0x4D,
    0x5F, 0x4D, 0x5F, 0x4D, 0x5F, 0x4D, 0x5F, 0x4D, 0x5F, 0x4D, 0x5F, 0x4D, 0x5F, 0x4D, 0x5F, 0x4D,
    0x5F, 0x4D, 0x5F, 0x4D, 0x5F, 0x4D, 0x5F, 0x4D, 0x5F, 0x4D, 0x5F, 0x4D, 0x5F, 0x4D, 0x5F, 0x4D,
    0x5F, 0x4D, 0x5F, 0x4D, 0x5F, 0x4D, 0x5F, 0x4D, 0x9F, 0x44, 0x58, 0x00, 0x21, 0x08, 0x00, 0xFF,
    0x69, 0x49, 0xFB, 0x57, 0xFB, 0x16, 0xFB, 0x36, 0xFB, 0x36, 0xFB, 0x36, 0xFB, 0x36, 0xFB, 0x36,
    0xFB, 0x36, 0xFB, 0x36, 0xFB, 0x36, 0xFB, 0x36, 0xFB, 0x36, 0xFB, 0x36, 0xFB, 0x36, 0xFB, 0x36,
    0xFB, 0x36, 0xFB, 0x36, 0xFB, 0x36, 0xFB, 0x36, 0xFB, 0x36, 0xFB, 0x36, 0xFB, 0x36, 0xFB, 0x36,
    0xFB, 0x36, 0xFB, 0x36, 0xFB, 0x36, 0xFB, 0x36, 0xFB, 0x36, 0xFB, 0x36, 0xFB, 0x36, 0xFB, 0x36,
    0xFB, 0x36, 0xFB, 0x36, 0xFB, 0x36, 0xFB, 0x36, 0xFB, 0x36, 0xFB, 0x36, 0xFB, 0x36, 0xFB, 0x36,
    0xFB, 0x36, 0xFB, 0x36, 0xFB, 0x36, 0xFB, 0x36, 0xFB, 0x36, 0xFB, 0x36, 0xFB, 0x36, 0xFB, 0x36,
    0xFB, 0x36, 0xFB, 0x36, 0xFB, 0x36, 0xFB, 0x36, 0xFB, 0x16, 0xFB, 0x57, 0xCA, 0x91, 0x09, 0x06,
    0x4D, 0x1D, 0x55, 0xFF, 0x11, 0x68, 0xC6, 0x05, 0x63, 0x04, 0x22, 0xD0, 0x55, 0xFF, 0x4D, 0x3F,
    0xFF, 0x4D, 0x5F, 0x4D, 0x5F, 0x4D, 0x5F, 0x4D, 0x5F, 0x4D, 0x5F, 0x4D, 0x5F, 0x4D, 0x5F, 0x4D,
    0x5F, 0x4D, 0x5F, 0x4D, 0x5F, 0x4D, 0x5F, 0x4D, 0x5F, 0x4D, 0x5F, 0x4D, 0x5F, 0x4D, 0x5F, 0x4D,
    0x5F, 0x4D, 0x5F, 0x4D, 0x5F, 0x4D, 0x5F, 0x4D, 0x5F, 0x4D, 0x5F, 0x4D, 0x5F, 0x4D, 0x5F, 0x4D,
    0x5F, 0x4D, 0x5F, 0x4D, 0x5F, 0x4D, 0x5F, 0x4D, 0x5F, 0x4D, 0x5F, 0x4D, 0x5F, 0x4D, 0x5F, 0x4D,
    0x5F, 0x4D, 0x5F, 0x4D, 0x5F, 0x4D, 0x5F, 0x4D, 0x5F, 0x4D, 0x5F, 0x4D, 0x5F, 0x4D, 0x5F, 0x4D,
    0x5F, 0x4D, 0x5F, 0x4D, 0x5F, 0x4D, 0x5F, 0x4D, 0x5F, 0x4D, 0x5F, 0x4D, 0x5F, 0x4D, 0x5F, 0x4D,
    0x5F, 0x4D, 0x5F, 0x4D, 0x5F, 0x4D, 0x5F, 0x4D, 0x5F, 0x4D, 0x5F, 0x4D, 0x5F, 0x4D, 0x5F, 0x4D,
    0x5F, 0x4D, 0x5F, 0x4D, 0x5F, 0x4D, 0x5F, 0x4D, 0x5F, 0x4D, 0x5F, 0x4D, 0x5F, 0x4D, 0x5F, 0x4D,
    0x5F, 0xFF, 0x4D, 0x5F, 0x4D, 0x5F, 0x4D, 0x5F, 0x4D, 0x5F, 0x4D, 0x5F, 0x4D, 0x5F, 0x4D, 0x5F,
    0x4D, 0x5F, 0x4D, 0x5F, 0x4D, 0x5F, 0x4D, 0x5F, 0x4D, 0x5F, 0x4D, 0x5F, 0x4D, 0x5F, 0x4D, 0x5F,
    0x4D, 0x5F, 0x4D, 0x5F, 0x4D, 0x5F, 0x4D, 0x5F, 0x4D, 0x5F, 0x4D, 0x5F, 0x4D, 0x5F, 0x4D, 0x5F,
    0x4D, 0x5F, 0x4D, 0x5F, 0x4D, 0x5F, 0x4D, 0x5F, 0x4D, 0x5F, 0x4D, 0x5F, 0x4D, 0x5F, 0x4D, 0x5F,
    0x4D, 0x5F, 0x4D, 0x5F, 0x4D, 0x5F, 0x4D, 0x5F, 0x4D, 0x5F, 0x4D, 0x5F, 0x4D, 0x5F, 0x4D, 0x5F,
    0x4D, 0x5F, 0x4D, 0x5F, 0x4D, 0x5F, 0x4D, 0x5F, 0x4D, 0x5F, 0x4D, 0x5F, 0x4D, 0x5F, 0x4D, 0x5F,
    0x4D, 0x5F, 0x4D, 0x5F, 0x4D, 0x5F, 0x4D, 0x5F, 0x4D, 0x5F, 0x4D, 0x5F, 0x4D, 0x5F, 0x4D, 0x5F,
    0x4D, 0x5F, 0x4D, 0x5F, 0x4D, 0x5F, 0x4D, 0x5F, 0x4D, 0x5F, 0x4D, 0x5F, 0x4D, 0x5F, 0x4D, 0x5F,
    0x4D, 0x5F, 0xD7, 0x4D, 0x5F, 0x4D, 0x5F, 0x4D, 0x5F, 0x4D, 0x5F, 0x4D, 0x5F, 0x4D, 0x5F, 0x4D,
    0x5F, 0x4D, 0x5F, 0x4D, 0x5F, 0x4D, 0x5F, 0x4D, 0x5F, 0x4D, 0x5F, 0x4D, 0x5F, 0x4D, 0x5F, 0x4D,
    0x5F, 0x4D, 0x5F, 0x4D, 0x5F, 0x4D, 0x5F, 0x4D, 0x5F, 0x4D, 0x5F, 0x4D, 0x5F, 0x4D, 0x5F, 0x4D,
    0x5F, 0x4D, 0x5F, 0x4D, 0x5F, 0x4D, 0x5F, 0x4D, 0x5F, 0x4D, 0x5F, 0x4D, 0x5F, 0x4D, 0x5F, 0x4D,
    0x5F, 0x4D, 0x5F, 0x4D, 0x5F, 0x4D, 0x5F, 0x4D, 0x5F, 0x4D, 0x5F, 0x4D, 0x5F, 0x4D, 0x5F, 0x4D,
    0x5F, 0x4D, 0x5F, 0x4D, 0x5F, 0x4D, 0x5F, 0x4D, 0x5F, 0x11, 0x68, 0x08, 0x00, 0xFF, 0x69, 0x49,
    0xFB, 0x57, 0xFB, 0x16, 0xFB, 0x36, 0xFB, 0x36, 0xFB, 0x36, 0xFB, 0x36, 0xFB, 0x36, 0xFB, 0x36,
    0xFB, 0x36, 0xFB, 0x36, 0xFB, 0x36, 0xFB, 0x36, 0xFB, 0x36, 0xFB, 0x36, 0xFB, 0x36, 0xFB, 0x36,
    0xFB, 0x36, 0xFB, 0x36, 0xFB, 0x36, 0xFB, 0x36, 0xFB, 0x36, 0xFB, 0x36, 0xFB, 0x36, 0xFB, 0x36,
    0xFB, 0x36, 0xFB, 0x36, 0xFB, 0x36, 0xFB, 0x36, 0xFB, 0x36, 0xFB, 0x36, 0xFB, 0x36, 0xFB, 0x36,
    0xFB, 0x36, 0xFB, 0x36, 0xFB, 0x36, 0xFB, 0x36, 0xFB, 0x36, 0xFB, 0x36, 0xFB, 0x36, 0xFB, 0x36,
    0xFB, 0x36, 0xFB, 0x36, 0xFB, 0x36, 0xFB, 0x36, 0xFB, 0x36, 0xFB, 0x36, 0xFB, 0x36, 0xFB, 0x36,
    0xFB, 0x36, 0xFB, 0x36, 0xFB, 0x36, 0xFB, 0x16, 0xFB, 0x57, 0xBA, 0x50, 0x11, 0x68, 0x4D, 0x5F,
    0x22, 0xD0, 0xAD, 0x24, 0xF7, 0x65, 0xDE, 0xC5, 0x73, 0x84, 0x3B, 0xF7, 0x4D, 0x9F, 0xFF, 0x4D,
    0x5F, 0x4D, 0x5F, 0x4D, 0x5F, 0x4D, 0x5F, 0x4D, 0x5F, 0x4D, 0x5F, 0x4D, 0x5F, 0x4D, 0x5F, 0x4D,
    0x5F, 0x4D, 0x5F, 0x4D, 0x5F, 0x4D, 0x5F, 0x4D, 0x5F, 0x4D, 0x5F, 0x4D, 0x5F, 0x4D, 0x5F, 0x4D,
    0x5F, 0x4D, 0x5F, 0x4D, 0x5F, 0x4D, 0x5F, 0x4D, 0x5F, 0x4D, 0x5F, 0x4D, 0x5F, 0x4D, 0x5F, 0x4D,
    0x5F, 0x4D, 0x5F, 0x4D, 0x5F, 0x4D, 0x5F, 0x4D, 0x5F, 0x4D, 0x5F, 0x4D, 0x5F, 0x4D, 0x5F, 0x4D,
    0x5F, 0x4D, 0x5F, 0x4D, 0x5F, 0x4D, 0x5F, 0x4D, 0x5F, 0x4D, 0x5F, 0x4D, 0x5F, 0x4D, 0x5F, 0x4D,
    0x5F, 0x4D, 0x5F, 0x4D, 0x5F, 0x4D, 0x5F, 0x4D, 0x5F, 0x4D, 0x5F, 0x4D, 0x5F, 0x4D, 0x5F, 0x4D,
    0x5F, 0x4D, 0x5F, 0x4D, 0x5F, 0x4D, 0x5F, 0x4D, 0x5F, 0x4D, 0x5F, 0x4D, 0x5F, 0x4D, 0x5F, 0x4D,
    0x5F, 0x4D, 0x5F, 0x4D, 0x5F, 0x4D, 0x5F, 0x4D, 0x5F, 0x4D, 0x5F, 0x4D, 0x5F, 0x4D, 0x5F, 0xFF,
    0x4D, 0x5F, 0x4D, 0x5F, 0x4D, 0x5F, 0x4D, 0x5F, 0x4D, 0x5F, 0x4D, 0x5F, 0x4D, 0x5F, 0x4D, 0x5F,
    0x4D, 0x5F, 0x4D, 0x5F, 0x4D, 0x5F, 0x4D, 0x5F, 0x4D, 0x5F, 0x4D, 0x5F, 0x4D, 0x5F, 0x4D, 0x5F,
    0x4D, 0x5F, 0x4D, 0x5F, 0x4D, 0x5F, 0x4D, 0x5F, 0x4D, 0x5F, 0x4D, 0x5F, 0x4D, 0x5F, 0x4D, 0x5F,
    0x4D, 0x5F, 0x4D, 0x5F, 0x4D, 0x5F, 0x4D, 0x5F, 0x4D, 0x5F, 0x4D, 0x5F, 0x4D, 0x5F, 0x4D, 0x5F,
    0x4D, 0x5F, 0x4D, 0x5F, 0x4D, 0x5F, 0x4D, 0x5F, 0x4D, 0x5F, 0x4D, 0x5F, 0x4D, 0x5F, 0x4D, 0x5F,
    0x4D, 0x5F, 0x4D, 0x5F, 0x4D, 0x5F, 0x4D, 0x5F, 0x4D, 0x5F, 0x4D, 0x5F, 0x4D, 0x5F, 0x4D, 0x5F,
    0x4D, 0x5F, 0x4D, 0x5F, 0x4D, 0x5F, 0x4D, 0x5F, 0x4D, 0x5F, 0x4D, 0x5F, 0x4D, 0x5F, 0x4D, 0x5F,
    0x4D, 0x5F, 0x4D, 0x5F, 0x4D, 0x5F, 0x4D, 0x5F, 0x4D, 0x5F, 0x4D, 0x5F, 0x4D, 0x5F, 0x4D, 0x5F,
    0xD9, 0x4D, 0x5F, 0x4D, 0x5F, 0x4D, 0x5F, 0x4D, 0x5F, 0x4D, 0x5F, 0x4D, 0x5F, 0x4D, 0x5F, 0x4D,
    0x5F, 0x4D, 0x5F, 0x4D, 0x5F, 0x4D, 0x5F, 0x4D, 0x5F, 0x4D, 0x5F, 0x4D, 0x5F, 0x4D, 0x5F, 0x4D,
    0x5F, 0x4D, 0x5F, 0x4D, 0x5F, 0x4D, 0x5F, 0x4D, 0x5F, 0x4D, 0x5F, 0x4D, 0x5F, 0x4D, 0x5F, 0x4D,
    0x5F, 0x4D, 0x5F, 0x4D, 0x5F, 0x4D, 0x5F, 0x4D, 0x5F, 0x4D, 0x5F, 0x4D, 0x5F, 0x4D, 0x5F, 0x4D,
    0x5F, 0x4D, 0x5F, 0x4D, 0x5F, 0x4D, 0x5F, 0x4D, 0x5F, 0x4D, 0x5F, 0x4D, 0x5F, 0x4D, 0x5F, 0x4D,
    0x5F, 0x4D, 0x5F, 0x4D, 0x5F, 0x4D, 0x7F, 0x44, 0x58, 0x08, 0x83, 0x05, 0x00, 0xFF, 0x21, 0x59,
    0x07, 0xFB, 0x37, 0xFB, 0x16, 0xFB, 0x36, 0xFB, 0x36, 0xFB, 0x36, 0xFB, 0x36, 0xFB, 0x36, 0xFB,
    0x36, 0xFB, 0x36, 0xFB, 0x36, 0xFB, 0x36, 0xFB, 0x36, 0xFB, 0x36, 0xFB, 0x36, 0xFB, 0x36, 0xFB,
    0x36, 0xFB, 0x36, 0xFB, 0x36, 0xFB, 0x36, 0xFB, 0x36, 0xFB, 0x36, 0xFB, 0x36, 0xFB, 0x36, 0xFB,
    0x36, 0xFB, 0x36, 0xFB, 0x36, 0xFB, 0x36, 0xFB, 0x36, 0xFB, 0x36, 0xFB, 0x36, 0xFB, 0x36, 0xFB,
    0x36, 0xFB, 0x36, 0xFB, 0x36, 0xFB, 0x36, 0xFB, 0x36, 0xFB, 0x36, 0xFB, 0x36, 0xFB, 0x36, 0xFB,
    0x36, 0xFB, 0x36, 0xFB, 0x36, 0xFB, 0x36, 0xFB, 0x36, 0xFB, 0x36, 0xFB, 0x36, 0xFB, 0x36, 0xFB,
    0x36, 0xFB, 0x36, 0xFB, 0x36, 0xFB, 0x36, 0xFB, 0x16, 0xFB, 0x57, 0xBA, 0x0F, 0x11, 0x68, 0x4D,
    0x9F, 0x11, 0x68, 0xC6, 0x05, 0xFF, 0xE5, 0xFF, 0xE5, 0x73, 0x84, 0x22, 0xD0, 0x55, 0xFF, 0x9F,
    0x4D, 0x3F, 0x4D, 0x5F, 0x4D, 0x5F, 0x4D, 0x5F, 0x4D, 0x5F, 0x4D, 0x5F, 0x4D, 0x5F, 0x4D, 0x5F,
    0x4D, 0x5F, 0x4D, 0x5F, 0x4D, 0x5F, 0x4D, 0x5F, 0x4D, 0x5F, 0x4D, 0x5F, 0x4D, 0x5F, 0x4D, 0x5F,
    0x4D, 0x5F, 0x4D, 0x5F, 0x4D, 0x5F, 0x4D, 0x5F, 0x4D, 0x5F, 0x4D, 0x5F, 0x4D, 0x5F, 0x4D, 0x5F,
    0x4D, 0x5F, 0x4D, 0x5F, 0x4D, 0x5F, 0x4D, 0x5F, 0x4D, 0x5F, 0x4D, 0x5F, 0x4D, 0x5F, 0x4D, 0x5F,
    0x4D, 0x5F, 0x4D, 0x5F, 0x4D, 0x5F, 0x4D, 0x5F, 0x4D, 0x5F, 0x4D, 0x5F, 0x4D, 0x5F, 0x4D, 0x5F,
    0x4D, 0x5F, 0x4D, 0x5F, 0x4D, 0x5F, 0x4D, 0x5F, 0x4D, 0x5F, 0x4D, 0x5F, 0x4D, 0x5F, 0x4D, 0x5F,
    0x4D, 0x5F, 0x4D, 0x5F, 0x4D, 0x5F, 0x4D, 0x5F, 0x4D, 0x5F, 0x4D, 0x5F, 0x4D, 0x5F, 0x4D, 0x5F,
    0x4D, 0x5F, 0x4D, 0x5F, 0x4D, 0x5F, 0x4D, 0x5F, 0x4D, 0x5F, 0x4D, 0x5F, 0x4D, 0x5F, 0x4D, 0xFF,
    0x5F, 0x4D, 0x5F, 0x4D, 0x5F, 0x4D, 0x5F, 0x4D, 0x5F, 0x4D, 0x5F, 0x4D, 0x5F, 0x4D, 0x5F, 0x4D,
    0x5F, 0x4D, 0x5F, 0x4D, 0x5F, 0x4D, 0x5F, 0x4D, 0x5F, 0x4D, 0x5F, 0x4D, 0x5F, 0x4D, 0x5F, 0x4D,
    0x5F, 0x4D, 0x5F, 0x4D, 0x5F, 0x4D, 0x5F, 0x4D, 0x5F, 0x4D, 0x5F, 0x4D, 0x5F, 0x4D, 0x5F, 0x4D,
    0x5F, 0x4D, 0x5F, 0x4D, 0x5F, 0x4D, 0x5F, 0x4D, 0x5F, 0x4D, 0x5F, 0x4D, 0x5F, 0x4D, 0x5F, 0x4D,
    0x5F, 0x4D, 0x5F, 0x4D, 0x5F, 0x4D, 0x5F, 0x4D, 0x5F, 0x4D, 0x5F, 0x4D, 0x5F, 0x4D, 0x5F, 0x4D,
    0x5F, 0x4D, 0x5F, 0x4D, 0x5F, 0x4D, 0x5F, 0x4D, 0x5F, 0x4D, 0x5F, 0x4D, 0x5F, 0x4D, 0x5F, 0x4D,
    0x5F, 0x4D, 0x5F, 0x4D, 0x5F, 0x4D, 0x5F, 0x4D, 0x5F, 0x4D, 0x5F, 0x4D, 0x5F, 0x4D, 0x5F, 0x4D,
    0x5F, 0x4D, 0x5F, 0x4D, 0x5F, 0x4D, 0x5F, 0x4D, 0x5F, 0x4D, 0x5F, 0x4D, 0x5F, 0x4D, 0x5F, 0x4D,
    0xFF, 0x5F, 0x4D, 0x5F, 0x4D, 0x5F, 0x4D, 0x5F, 0x4D, 0x5F, 0x4D, 0x5F, 0x4D, 0x5F, 0x4D, 0x5F,
    0x4D, 0x5F, 0x4D, 0x5F, 0x4D, 0x5F, 0x4D, 0x5F, 0x4D, 0x5F, 0x4D, 0x5F, 0x4D, 0x5F, 0x4D, 0x5F,
    0x4D, 0x5F, 0x4D, 0x5F, 0x4D, 0x5F, 0x4D, 0x5F, 0x4D, 0x5F, 0x4D, 0x5F, 0x4D, 0x5F, 0x4D, 0x5F,
    0x4D, 0x5F, 0x4D, 0x5F, 0x4D, 0x5F, 0x4D, 0x5F, 0x4D, 0x5F, 0x4D, 0x5F, 0x4D, 0x5F, 0x4D, 0x5F,
    0x4D, 0x5F, 0x4D, 0x5F, 0x4D, 0x5F, 0x4D, 0x5F, 0x4D, 0x5F, 0x4D, 0x5F, 0x4D, 0x5F, 0x4D, 0x5F,
    0x4D, 0x5F, 0x4D, 0x5F, 0x4D, 0x5F, 0x4D, 0x5F, 0x4D, 0x7F, 0x4D, 0x3F, 0x3B, 0xF7, 0x22, 0xD0,
    0x09, 0x06, 0x48, 0xE6, 0xFB, 0x37, 0xFB, 0x16, 0xFB, 0x36, 0xFB, 0x36, 0xFB, 0x36, 0xFB, 0x36,
    0xFB, 0x36, 0xFB, 0x36, 0xFB, 0x36, 0xFB, 0x36, 0xFB, 0x36, 0xFB, 0x36, 0xFB, 0x36, 0xFB, 0x36,
    0xFB, 0xFF, 0x36, 0xFB, 0x36, 0xFB, 0x36, 0xFB, 0x36, 0xFB, 0x36, 0xFB, 0x36, 0xFB, 0x36, 0xFB,
    0x36, 0xFB, 0x36, 0xFB, 0x36, 0xFB, 0x36, 0xFB, 0x36, 0xFB, 0x36, 0xFB, 0x36, 0xFB, 0x36, 0xFB,
    0x36, 0xFB, 0x36, 0xFB, 0x36, 0xFB, 0x36, 0xFB, 0x36, 0xFB, 0x36, 0xFB, 0x36, 0xFB, 0x36, 0xFB,
    0x36, 0xFB, 0x36, 0xFB, 0x36, 0xFB, 0x36, 0xFB, 0x36, 0xFB, 0x36, 0xFB, 0x36, 0xFB, 0x36, 0xFB,
    0x36, 0xFB, 0x36, 0xFB, 0x36, 0xFB, 0x36, 0xFB, 0x36, 0xFB, 0x36, 0xFB, 0x16, 0xFB, 0x57, 0xA1,
    0xED, 0x11, 0xAA, 0x4D, 0x9F, 0x11, 0xAA, 0xC6, 0x05, 0xFF, 0xE5, 0xFF, 0xE5, 0x63, 0x04, 0x33,
    0x32, 0x55, 0xFF, 0x55, 0x9F, 0x4D, 0x9F, 0x4D, 0x3F, 0x4D, 0x5F, 0x4D, 0x5F, 0x4D, 0x5F, 0x4D,
    0x5F, 0x4D, 0x5F, 0x4D, 0x5F, 0x4D, 0x5F, 0x4D, 0x5F, 0x4D, 0x5F, 0x4D, 0x5F, 0x4D, 0x5F, 0x4D,
    0x5F, 0x4D, 0xFF, 0x5F, 0x4D, 0x5F, 0x4D, 0x5F, 0x4D, 0x5F, 0x4D, 0x5F, 0x4D, 0x5F, 0x4D, 0x5F,
    0x4D, 0x5F, 0x4D, 0x5F, 0x4D, 0x5F, 0x4D, 0x5F, 0x4D, 0x5F, 0x4D, 0x5F, 0x4D, 0x5F, 0x4D, 0x5F,
    0x4D, 0x5F, 0x4D, 0x5F, 0x4D, 0x5F, 0x4D, 0x5F, 0x4D, 0x5F, 0x4D, 0x5F, 0x4D, 0x5F, 0x4D, 0x5F,
    0x4D, 0x5F, 0x4D, 0x5F, 0x4D, 0x5F, 0x4D, 0x5F, 0x4D, 0x5F, 0x4D, 0x5F, 0x4D, 0x5F, 0x4D, 0x5F,
    0x4D, 0x5F, 0x4D, 0x5F, 0x4D, 0x5F, 0x4D, 0x5F, 0x4D, 0x5F, 0x4D, 0x5F, 0x4D, 0x5F, 0x4D, 0x5F,
    0x4D, 0x5F, 0x4D, 0x5F, 0x4D, 0x5F, 0x4D, 0x5F, 0x4D, 0x5F, 0x4D, 0x5F, 0x4D, 0x5F, 0x4D, 0x5F,
    0x4D, 0x5F, 0x4D, 0x5F, 0x4D, 0x5F, 0x4D, 0x5F, 0x4D, 0x5F, 0x4D, 0x5F, 0x4D, 0x5F, 0x4D, 0x5F,
    0x4D, 0x5F, 0x4D, 0x5F, 0x4D, 0x5F, 0x4D, 0x5F, 0x4D, 0x5F, 0x4D, 0x5F, 0x4D, 0x5F, 0x4D, 0x5F,
    0x4D, 0x5F, 0x4D, 0xFF, 0x5F, 0x4D, 0x5F, 0x4D, 0x5F, 0x4D, 0x5F, 0x4D, 0x5F, 0x4D, 0x5F, 0x4D,
    0x5F, 0x4D, 0x5F, 0x4D, 0x5F, 0x4D, 0x5F, 0x4D, 0x5F, 0x4D, 0x5F, 0x4D, 0x5F, 0x4D, 0x5F, 0x4D,
    0x5F, 0x4D, 0x5F, 0x4D, 0x5F, 0x4D, 0x5F, 0x4D, 0x5F, 0x4D, 0x5F, 0x4D, 0x5F, 0x4D, 0x5F, 0x4D,
    0x5F, 0x4D, 0x5F, 0x4D, 0x5F, 0x4D, 0x5F, 0x4D, 0x5F, 0x4D, 0x5F, 0x4D, 0x5F, 0x4D, 0x5F, 0x4D,
    0x5F, 0x4D, 0x5F, 0x4D, 0x5F, 0x4D, 0x5F, 0x4D, 0x5F, 0x4D, 0x5F, 0x4D, 0x5F, 0x4D, 0x5F, 0x4D,
    0x5F, 0x4D, 0x5F, 0x4D, 0x5F, 0x4D, 0x5F, 0x4D, 0x5F, 0x4D, 0x5F, 0x4D, 0x5F, 0x4D, 0x5F, 0x4D,
    0x5F, 0x4D, 0x5F, 0x4D, 0x5F, 0x4D, 0x5F, 0x4D, 0x5F, 0x4D, 0x5F, 0x4D, 0x5F, 0x4D, 0x5F, 0x4D,
    0x5F, 0x4D, 0x5F, 0x4D, 0x5F, 0x4D, 0x5F, 0x4D, 0x5F, 0x4D, 0x5F, 0x4D, 0x5F, 0x4D, 0x5F, 0x4D,
    0x5F, 0x4D, 0x5F, 0x4D, 0xFF, 0x5F, 0x4D, 0x5F, 0x4D, 0x5F, 0x4D, 0x5F, 0x4D, 0x5F, 0x4D, 0x5F,
    0x4D, 0x5F, 0x4D, 0x5F, 0x4D, 0x5F, 0x4D, 0x5F, 0x4D, 0x5F, 0x4D, 0x5F, 0x4D, 0x5F, 0x4D, 0x5F,
    0x4D, 0x5F, 0x4D, 0x5F, 0x4D, 0x5F, 0x4D, 0x5F, 0x4D, 0x5F, 0x4D, 0x5F, 0x4D, 0x5F, 0x4D, 0x5F,
    0x4D, 0x5F, 0x4D, 0x5F, 0x4D, 0x5F, 0x4D, 0x5F, 0x4D, 0x5F, 0x4D, 0x5F, 0x4D, 0x7F, 0x44, 0x9B,
    0x22, 0xD0, 0x11, 0xAA, 0x08, 0x83, 0x20, 0x63, 0xF2, 0xF5, 0xFB, 0x36, 0xFB, 0x16, 0xFB, 0x36,
    0xFB, 0x36, 0xFB, 0x36, 0xFB, 0x36, 0xFB, 0x36, 0xFB, 0x36, 0xFB, 0x36, 0xFB, 0x36, 0xFB, 0x36,
    0xFB, 0x36, 0xFB, 0x36, 0xFB, 0x36, 0xFB, 0x36, 0xFB, 0x36, 0xFB, 0x36, 0xFB, 0x16, 0xFB, 0x16,
    0xFB, 0x16, 0xFB, 0x16, 0xFB, 0x16, 0xFB, 0x16, 0xFB, 0x16, 0xFB, 0x16, 0xFB, 0x16, 0xFB, 0x16,
    0xFB, 0x16, 0xFB, 0x16, 0xFB, 0xFF, 0x16, 0xFB, 0x16, 0xFB, 0x16, 0xFB, 0x16, 0xFB, 0x16, 0xFB,
    0x16, 0xFB, 0x16, 0xFB, 0x16, 0xFB, 0x16, 0xFB, 0x16, 0xFB, 0x16, 0xFB, 0x16, 0xFB, 0x16, 0xFB,
    0x16, 0xFB, 0x16, 0xFB, 0x16, 0xFB, 0x16, 0xFB, 0x36, 0xFB, 0x36, 0xFB, 0x36, 0xFB, 0x36, 0xFB,
    0x37, 0xFB, 0x78, 0x59, 0x07, 0x33, 0x32, 0x55, 0xFF, 0x11, 0x68, 0xC6, 0x05, 0xFF, 0xE5, 0xFF,
    0xE5, 0xDE, 0xC5, 0x63, 0x04, 0x11, 0xAA, 0x11, 0xAA, 0x3B, 0xF7, 0x55, 0xFF, 0x55, 0x9F, 0x55,
    0x9F, 0x4D, 0x3F, 0x4D, 0x5F, 0x4D, 0x5F, 0x4D, 0x5F, 0x4D, 0x5F, 0x4D, 0x5F, 0x4D, 0x5F, 0x4D,
    0x5F, 0x4D, 0x5F, 0x4D, 0x5F, 0x4D, 0x5F, 0x4D, 0x5F, 0x4D, 0x5F, 0x4D, 0x5F, 0x4D, 0x5F, 0x4D,
    0x5F, 0x4D, 0x5F, 0x4D, 0x5F, 0x4D, 0x5F, 0x4D, 0x5F, 0x4D, 0x5F, 0x4D, 0x5F, 0x4D, 0x5F, 0x4D,
    0x5F, 0x4D, 0x5F, 0x4D, 0x5F, 0x4D, 0xFF, 0x5F, 0x4D, 0x5F, 0x4D, 0x5F, 0x4D, 0x5F, 0x4D, 0x5F,
    0x4D, 0x5F, 0x4D, 0x5F, 0x4D, 0x5F, 0x4D, 0x5F, 0x4D, 0x5F, 0x4D, 0x5F, 0x4D, 0x5F, 0x4D, 0x5F,
    0x4D, 0x5F, 0x4D, 0x5F, 0x4D, 0x5F, 0x4D, 0x5F, 0x4D, 0x5F, 0x4D, 0x5F, 0x4D, 0x5F, 0x4D, 0x5F,
    0x4D, 0x5F, 0x4D, 0x5F, 0x4D, 0x5F, 0x4D, 0x5F, 0x4D, 0x5F, 0x4D, 0x5F, 0x4D, 0x5F, 0x4D, 0x5F,
    0x4D, 0x5F, 0x4D, 0x5F, 0x4D, 0x5F, 0x4D, 0x5F, 0x4D, 0x5F, 0x4D, 0x5F, 0x4D, 0x5F, 0x4D, 0x5F,
    0x4D, 0x5F, 0x4D, 0x5F, 0x4D, 0x5F, 0x4D, 0x5F, 0x4D, 0x5F, 0x4D, 0x5F, 0x4D, 0x5F, 0x4D, 0x5F,
    0x4D, 0x5F, 0x4D, 0x5F, 0x4D, 0x5F, 0x4D, 0x5F, 0x4D, 0x5F, 0x4D, 0x5F, 0x4D, 0x5F, 0x4D, 0x5F,
    0x4D, 0x5F, 0x4D, 0x5F, 0x4D, 0x5F, 0x4D, 0x5F, 0x4D, 0x5F, 0x4D, 0x5F, 0x4D, 0x5F, 0x4D, 0x5F,
    0x4D, 0x5F, 0x4D, 0x5F, 0x4D, 0x5F, 0x4D, 0xFF, 0x5F, 0x4D, 0x5F, 0x4D, 0x5F, 0x4D, 0x5F, 0x4D,
    0x5F, 0x4D, 0x5F, 0x4D, 0x5F, 0x4D, 0x5F, 0x4D, 0x5F, 0x4D, 0x5F, 0x4D, 0x5F, 0x4D, 0x5F, 0x4D,
    0x5F, 0x4D, 0x5F, 0x4D, 0x5F, 0x4D, 0x5F, 0x4D, 0x5F, 0x4D, 0x5F, 0x4D, 0x5F, 0x4D, 0x5F, 0x4D,
    0x5F, 0x4D, 0x5F, 0x4D, 0x5F, 0x4D, 0x5F, 0x4D, 0x5F, 0x4D, 0x5F, 0x4D, 0x5F, 0x4D, 0x5F, 0x4D,
    0x5F, 0x4D, 0x5F, 0x4D, 0x5F, 0x4D, 0x5F, 0x4D, 0x5F, 0x4D, 0x5F, 0x4D, 0x5F, 0x4D, 0x5F, 0x4D,
    0x5F, 0x4D, 0x5F, 0x4D, 0x5F, 0x4D, 0x5F, 0x4D, 0x5F, 0x4D, 0x5F, 0x4D, 0x5F, 0x4D, 0x5F, 0x4D,
    0x5F, 0x4D, 0x5F, 0x4D, 0x5F, 0x4D, 0x5F, 0x4D, 0x5F, 0x4D, 0x5F, 0x4D, 0x5F, 0x4D, 0x5F, 0x4D,
    0x5F, 0x4D, 0x5F, 0x4D, 0x5F, 0x4D, 0x5F, 0x4D, 0x5F, 0x4D, 0x5F, 0x4D, 0x5F, 0x4D, 0x5F, 0x4D,
    0x5F, 0x4D, 0x5F, 0x4D, 0x5F, 0x4D, 0x5F, 0x4D, 0x9A, 0x5F, 0x4D, 0x5F, 0x4D, 0x5F, 0x4D, 0x5F,
    0x4D, 0x5F, 0x4D, 0x5F, 0x4D, 0x5F, 0x4D, 0x5F, 0x4D, 0x5F, 0x4D, 0x5F, 0x4D, 0x5F, 0x4D, 0x9F,
    0x3B, 0xF7, 0x00, 0x21, 0x08, 0x00, 0xFF, 0xBA, 0x50, 0xFB, 0x78, 0xFB, 0x36, 0xFB, 0x36, 0xFB,
    0x36, 0xFB, 0x36, 0xFB, 0x36, 0xFB, 0x36, 0xFB, 0x36, 0xFB, 0x36, 0xFB, 0x36, 0xFB, 0x36, 0xFB,
    0x36, 0xFB, 0x36, 0xFB, 0x36, 0xFB, 0x36, 0xFB, 0x36, 0xFB, 0x36, 0xFB, 0x36, 0xFB, 0x37, 0xFB,
    0x37, 0xFB, 0x37, 0xFB, 0x37, 0xFB, 0x37, 0xFB, 0x37, 0xFB, 0x37, 0xFB, 0x37, 0xFB, 0x37, 0xFB,
    0x37, 0xFB, 0x37, 0xFB, 0x57, 0xFB, 0x57, 0xFB, 0x57, 0xFB, 0x57, 0xFB, 0x57, 0xFB, 0x57, 0xFB,
    0x57, 0xFB, 0x57, 0xFB, 0x57, 0xFB, 0x57, 0xFB, 0x57, 0xFB, 0x57, 0xFB, 0x57, 0xFB, 0x57, 0xFB,
    0x57, 0xFB, 0x37, 0xFB, 0x37, 0xFB, 0x37, 0xFB, 0x36, 0xF2, 0xF5, 0xE2, 0xD4, 0xE2, 0xD4, 0x79,
    0x8A, 0x08, 0x83, 0x22, 0x6E, 0x33, 0x32, 0x74, 0x0B, 0xF7, 0x65, 0xFF, 0xE5, 0xFF, 0xC4, 0xFF,
    0xE5, 0xC6, 0x05, 0x73, 0x84, 0x73, 0x84, 0xFF, 0x74, 0x0B, 0x22, 0xD0, 0x22, 0x6E, 0x3B, 0xF7,
    0x55, 0xFF, 0x55, 0x9F, 0x4D, 0x5F, 0x4D, 0x5F, 0x4D, 0x5F, 0x4D, 0x5F, 0x4D, 0x5F, 0x4D, 0x5F,
    0x4D, 0x5F, 0x4D, 0x5F, 0x4D, 0x5F, 0x4D, 0x5F, 0x4D, 0x5F, 0x4D, 0x5F, 0x4D, 0x5F, 0x4D, 0x5F,
    0x4D, 0x5F, 0x4D, 0x5F, 0x4D, 0x5F, 0x4D, 0x5F, 0x4D, 0x5F, 0x4D, 0x5F, 0x4D, 0x5F, 0x4D, 0x5F,
    0x4D, 0x5F, 0x4D, 0x5F, 0x4D, 0x5F, 0x4D, 0x5F, 0x4D, 0x5F, 0x4D, 0x5F, 0x4D, 0x5F, 0x4D, 0x5F,
    0x4D, 0x5F, 0x4D, 0x5F, 0x4D, 0x5F, 0x4D, 0x5F, 0x4D, 0x5F, 0x4D, 0x5F, 0x4D, 0x5F, 0x4D, 0x5F,
    0x4D, 0x5F, 0x4D, 0x5F, 0x4D, 0x5F, 0x4D, 0x5F, 0x4D, 0x5F, 0x4D, 0x5F, 0x4D, 0x5F, 0x4D, 0x5F,
    0x4D, 0x5F, 0x4D, 0x5F, 0x4D, 0x5F, 0x4D, 0x5F, 0x4D, 0x5F, 0x4D, 0x5F, 0x4D, 0x5F, 0x4D, 0x5F,
    0x4D, 0x5F, 0x4D, 0x5F, 0x4D, 0x5F, 0x4D, 0x5F, 0xFF, 0x4D, 0x5F, 0x4D, 0x5F, 0x4D, 0x5F, 0x4D,
    0x5F, 0x4D, 0x5F, 0x4D, 0x5F, 0x4D, 0x5F, 0x4D, 0x5F, 0x4D, 0x5F, 0x4D, 0x5F, 0x4D, 0x5F, 0x4D,
    0x5F, 0x4D, 0x5F, 0x4D, 0x5F, 0x4D, 0x5F, 0x4D, 0x5F, 0x4D, 0x5F, 0x4D, 0x5F, 0x4D, 0x5F, 0x4D,
    0x5F, 0x4D, 0x5F, 0x4D, 0x5F, 0x4D, 0x5F, 0x4D, 0x5F, 0x4D, 0x5F, 0x4D, 0x5F, 0x4D, 0x5F, 0x4D,
    0x5F, 0x4D, 0x5F, 0x4D, 0x5F, 0x4D, 0x5F, 0x4D, 0x5F, 0x4D, 0x5F, 0x4D, 0x5F, 0x4D, 0x5F, 0x4D,
    0x5F, 0x4D, 0x5F, 0x4D, 0x5F, 0x4D, 0x5F, 0x4D, 0x5F, 0x4D, 0x5F, 0x4D, 0x5F, 0x4D, 0x5F, 0x4D,
    0x5F, 0x4D, 0x5F, 0x4D, 0x5F, 0x4D, 0x5F, 0x4D, 0x5F, 0x4D, 0x5F, 0x4D, 0x5F, 0x4D, 0x5F, 0x4D,
    0x5F, 0x4D, 0x5F, 0x4D, 0x5F, 0x4D, 0x5F, 0x4D, 0x5F, 0x4D, 0x5F, 0x4D, 0x5F, 0x4D, 0x5F, 0x4D,
    0x5F, 0x4D, 0x5F, 0x4D, 0x5F, 0x4D, 0x5F, 0x4D, 0x5F, 0xD5, 0x4D, 0x5F, 0x4D, 0x5F, 0x4D, 0x5F,
    0x4D, 0x5F, 0x4D, 0x5F, 0x4D, 0x5F, 0x4D, 0x5F, 0x4D, 0x5F, 0x4D, 0x5F, 0x4D, 0x5F, 0x4D, 0x5F,
    0x4D, 0x5F, 0x4D, 0x5F, 0x4D, 0x5F, 0x4D, 0x5F, 0x4D, 0x5F, 0x4D, 0x5F, 0x4D, 0x5F, 0x4D, 0x5F,
    0x4D, 0x5F, 0x4D, 0x5F, 0x4D, 0x5F, 0x4D, 0x5F, 0x4D, 0x5F, 0x4D, 0x5F, 0x4D, 0x5F, 0x4D, 0x5F,
    0x4D, 0x5F, 0x4D, 0x5F, 0x4D, 0x5F, 0x4D, 0x5F, 0x4D, 0x5F, 0x4D, 0x5F, 0x4D, 0x5F, 0x4D, 0x5F,
    0x4D, 0x5F, 0x4D, 0x5F, 0x4D, 0x5F, 0x4D, 0x5F, 0x4D, 0x5F, 0x4D, 0x7F, 0x4D, 0x1D, 0x09, 0x06,
    0x0A, 0x00, 0xFF, 0x20, 0x63, 0xAA, 0x2F, 0xE2, 0xD4, 0xE2, 0xD4, 0xE2, 0xD4, 0xE2, 0xD4, 0xE2,
    0xD4, 0xE2, 0xD4, 0xE2, 0xD4, 0xE2, 0xD4, 0xE2, 0xD4, 0xE2, 0xD4, 0xE2, 0xD4, 0xE2, 0xD4, 0xE2,
    0xD4, 0xE2, 0xD4, 0xE2, 0xD4, 0xE2, 0xD4, 0xE2, 0xD4, 0xE2, 0xD4, 0xE2, 0xD4, 0xE2, 0xD4, 0xD2,
    0xB3, 0xD2, 0xB3, 0xD2, 0xB3, 0xD2, 0xB3, 0xD2, 0xB3, 0xD2, 0xB3, 0xCA, 0x91, 0xCA, 0x91, 0xBA,
    0x50, 0xBA, 0x50, 0xA1, 0xED, 0x89, 0xCC, 0x79, 0x8A, 0x79, 0x8A, 0x69, 0x49, 0x69, 0x49, 0x69,
    0x49, 0x69, 0x49, 0x69, 0x49, 0x69, 0x49, 0x59, 0x07, 0x59, 0x07, 0x59, 0x07, 0x59, 0x07, 0x59,
    0x07, 0x48, 0xE6, 0x30, 0xA5, 0x30, 0xA5, 0x11, 0x68, 0x00, 0x21, 0x00, 0x21, 0x8C, 0x45, 0x8C,
    0x45, 0x8C, 0x45, 0xF7, 0x65, 0xFF, 0xE5, 0xFF, 0xC4, 0xFF, 0xE5, 0xFF, 0xC4, 0xFF, 0xE5, 0xFF,
    0xE5, 0xFF, 0xE5, 0xFF, 0xDE, 0xC5, 0xAD, 0x24, 0xAD, 0x24, 0x8C, 0x45, 0x33, 0x32, 0x3B, 0xB5,
    0x4D, 0x7F, 0x4D, 0x5F, 0x4D, 0x5F, 0x4D, 0x5F, 0x4D, 0x5F, 0x4D, 0x5F, 0x4D, 0x5F, 0x4D, 0x5F,
    0x4D, 0x5F, 0x4D, 0x5F, 0x4D, 0x5F, 0x4D, 0x5F, 0x4D, 0x5F, 0x4D, 0x5F, 0x4D, 0x5F, 0x4D, 0x5F,
    0x4D, 0x5F, 0x4D, 0x5F, 0x4D, 0x5F, 0x4D, 0x5F, 0x4D, 0x5F, 0x4D, 0x5F, 0x4D, 0x5F, 0x4D, 0x5F,
    0x4D, 0x5F, 0x4D, 0x5F, 0x4D, 0x5F, 0x4D, 0x5F, 0x4D, 0x5F, 0x4D, 0x5F, 0x4D, 0x5F, 0x4D, 0x5F,
    0x4D, 0x5F, 0x4D, 0x5F, 0x4D, 0x5F, 0x4D, 0x5F, 0x4D, 0x5F, 0x4D, 0x5F, 0x4D, 0x5F, 0x4D, 0x5F,
    0x4D, 0x5F, 0x4D, 0x5F, 0x4D, 0x5F, 0x4D, 0x5F, 0x4D, 0x5F, 0x4D, 0x5F, 0x4D, 0x5F, 0x4D, 0x5F,
    0x4D, 0x5F, 0x4D, 0x5F, 0x4D, 0x5F, 0x4D, 0x5F, 0x4D, 0x5F, 0x4D, 0x5F, 0x4D, 0x5F, 0x4D, 0x5F,
    0x4D, 0x5F, 0x4D, 0x5F, 0xFF, 0x4D, 0x5F, 0x4D, 0x5F, 0x4D, 0x5F, 0x4D, 0x5F, 0x4D, 0x5F, 0x4D,
    0x5F, 0x4D, 0x5F, 0x4D, 0x5F, 0x4D, 0x5F, 0x4D, 0x5F, 0x4D, 0x5F, 0x4D, 0x5F, 0x4D, 0x5F, 0x4D,
    0x5F, 0x4D, 0x5F, 0x4D, 0x5F, 0x4D, 0x5F, 0x4D, 0x5F, 0x4D, 0x5F, 0x4D, 0x5F, 0x4D, 0x5F, 0x4D,
    0x5F, 0x4D, 0x5F, 0x4D, 0x5F, 0x4D, 0x5F, 0x4D, 0x5F, 0x4D, 0x5F, 0x4D, 0x5F, 0x4D, 0x5F, 0x4D,
    0x5F, 0x4D, 0x5F, 0x4D, 0x5F, 0x4D, 0x5F, 0x4D, 0x5F, 0x4D, 0x5F, 0x4D, 0x5F, 0x4D, 0x5F, 0x4D,
    0x5F, 0x4D, 0x5F, 0x4D, 0x5F, 0x4D, 0x5F, 0x4D, 0x5F, 0x4D, 0x5F, 0x4D, 0x5F, 0x4D, 0x5F, 0x4D,
    0x5F, 0x4D, 0x5F, 0x4D, 0x5F, 0x4D, 0x5F, 0x4D, 0x5F, 0x4D, 0x5F, 0x4D, 0x5F, 0x4D, 0x5F, 0x4D,
    0x5F, 0x4D, 0x5F, 0x4D, 0x5F, 0x4D, 0x5F, 0x4D, 0x5F, 0x4D, 0x5F, 0x4D, 0x5F, 0x4D, 0x5F, 0x4D,
    0x5F, 0x4D, 0x5F, 0x4D, 0x5F, 0xD3, 0x4D, 0x5F, 0x4D, 0x5F, 0x4D, 0x5F, 0x4D, 0x5F, 0x4D, 0x5F,
    0x4D, 0x5F, 0x4D, 0x5F, 0x4D, 0x5F, 0x4D, 0x5F, 0x4D, 0x5F, 0x4D, 0x5F, 0x4D, 0x5F, 0x4D, 0x5F,
    0x4D, 0x5F, 0x4D, 0x5F, 0x4D, 0x5F, 0x4D, 0x5F, 0x4D, 0x5F, 0x4D, 0x5F, 0x4D, 0x5F, 0x4D, 0x5F,
    0x4D, 0x5F, 0x4D, 0x5F, 0x4D, 0x5F, 0x4D, 0x5F, 0x4D, 0x5F, 0x4D, 0x5F, 0x4D, 0x5F, 0x4D, 0x5F,
    0x4D, 0x5F, 0x4D, 0x5F, 0x4D, 0x5F, 0x4D, 0x5F, 0x4D, 0x5F, 0x4D, 0x5F, 0x4D, 0x5F, 0x4D, 0x5F,
    0x4D, 0x5F, 0x4D, 0x5F, 0x4D, 0x5F, 0x55, 0x9F, 0x3B, 0xB5, 0x11, 0x00, 0xA6, 0x21, 0x10, 0x41,
    0x10, 0x41, 0x10, 0x41, 0x10, 0x41, 0x10, 0x41, 0x10, 0x41, 0x10, 0x41, 0x10, 0x41, 0x10, 0x41,
    0x10, 0x41, 0x10, 0x41, 0x10, 0x41, 0x10, 0x41, 0x10, 0x41, 0x10, 0x41, 0x10, 0x41, 0x00, 0x21,
    0x00, 0x21, 0x00, 0x21, 0x35, 0x00, 0xFF, 0x21, 0x11, 0xAA, 0x33, 0x32, 0x73, 0x84, 0x8C, 0x45,
    0xFF, 0xE5, 0xFF, 0xE5, 0xFF, 0xE5, 0xFF, 0xC4, 0xFF, 0xC4, 0xFF, 0xE5, 0xFF, 0xE5, 0xFF, 0xE5,
    0xFF, 0xC4, 0xFF, 0xE5, 0xFF, 0xE5, 0xDE, 0xC5, 0x8C, 0x45, 0xAD, 0x24, 0x8C, 0x45, 0x1A, 0x2C,
    0x33, 0x32, 0x4D, 0x7F, 0x4D, 0x5F, 0x4D, 0x5F, 0x4D, 0x5F, 0x4D, 0x5F, 0x4D, 0x5F, 0x4D, 0x5F,
    0x4D, 0x5F, 0x4D, 0x5F, 0x4D, 0x5F, 0x4D, 0x5F, 0x4D, 0x5F, 0x4D, 0x5F, 0x4D, 0x5F, 0x4D, 0x5F,
    0x4D, 0x5F, 0x4D, 0x5F, 0x4D, 0x5F, 0x4D, 0x5F, 0x4D, 0x5F, 0x4D, 0x5F, 0x4D, 0x5F, 0x4D, 0x5F,
    0x4D, 0x5F, 0x4D, 0x5F, 0x4D, 0x5F, 0x4D, 0x5F, 0x4D, 0x5F, 0x4D, 0x5F, 0x4D, 0x5F, 0x4D, 0x5F,
    0x4D, 0x5F, 0x4D, 0x5F, 0x4D, 0x5F, 0x4D, 0x5F, 0x4D, 0x5F, 0x4D, 0x5F, 0x4D, 0x5F, 0x4D, 0x5F,
    0x4D, 0x5F, 0x4D, 0x5F, 0x4D, 0x5F, 0x4D, 0xFF, 0x5F, 0x4D, 0x5F, 0x4D, 0x5F, 0x4D, 0x5F, 0x4D,
    0x5F, 0x4D, 0x5F, 0x4D, 0x5F, 0x4D, 0x5F, 0x4D, 0x5F, 0x4D, 0x5F, 0x4D, 0x5F, 0x4D, 0x5F, 0x4D,
    0x5F, 0x4D, 0x5F, 0x4D, 0x5F, 0x4D, 0x5F, 0x4D, 0x5F, 0x4D, 0x5F, 0x4D, 0x5F, 0x4D, 0x5F, 0x4D,
    0x5F, 0x4D, 0x5F, 0x4D, 0x5F, 0x4D, 0x5F, 0x4D, 0x5F, 0x4D, 0x5F, 0x4D, 0x5F, 0x4D, 0x5F, 0x4D,
    0x5F, 0x4D, 0x5F, 0x4D, 0x5F, 0x4D, 0x5F, 0x4D, 0x5F, 0x4D, 0x5F, 0x4D, 0x5F, 0x4D, 0x5F, 0x4D,
    0x5F, 0x4D, 0x5F, 0x4D, 0x5F, 0x4D, 0x5F, 0x4D, 0x5F, 0x4D, 0x5F, 0x4D, 0x5F, 0x4D, 0x5F, 0x4D,
    0x5F, 0x4D, 0x5F, 0x4D, 0x5F, 0x4D, 0x5F, 0x4D, 0x5F, 0x4D, 0x5F, 0x4D, 0x5F, 0x4D, 0x5F, 0x4D,
    0x5F, 0x4D, 0x5F, 0x4D, 0x5F, 0x4D, 0x5F, 0x4D, 0x5F, 0x4D, 0x5F, 0x4D, 0x5F, 0x4D, 0x5F, 0x4D,
    0x5F, 0x4D, 0x5F, 0x4D, 0x5F, 0x4D, 0x5F, 0x4D, 0xF2, 0x5F, 0x4D, 0x5F, 0x4D, 0x5F, 0x4D, 0x5F,
    0x4D, 0x5F, 0x4D, 0x5F, 0x4D, 0x5F, 0x4D, 0x5F, 0x4D, 0x5F, 0x4D, 0x5F, 0x4D, 0x5F, 0x4D, 0x5F,
    0x4D, 0x5F, 0x4D, 0x5F, 0x4D, 0x5F, 0x4D, 0x5F, 0x4D, 0x5F, 0x4D, 0x5F, 0x4D, 0x5F, 0x4D, 0x5F,
    0x4D, 0x5F, 0x4D, 0x5F, 0x4D, 0x5F, 0x4D, 0x5F, 0x4D, 0x5F, 0x4D, 0x5F, 0x4D, 0x5F, 0x4D, 0x5F,
    0x4D, 0x5F, 0x4D, 0x5F, 0x4D, 0x5F, 0x4D, 0x5F, 0x4D, 0x5F, 0x4D, 0x5F, 0x4D, 0x5F, 0x4D, 0x5F,
    0x4D, 0x5F, 0x4D, 0x5F, 0x4D, 0x5F, 0x4D, 0x5F, 0x4D, 0x5F, 0x4D, 0x5F, 0x4D, 0x5F, 0x4D, 0x5F,
    0x4D, 0x5F, 0x4D, 0x5F, 0x4D, 0x5F, 0x4D, 0x5F, 0x4D, 0x5F, 0x4D, 0x5F, 0x4D, 0x5F, 0x4D, 0x5F,
    0x4D, 0x5F, 0x4D, 0x5F, 0x4D, 0x5F, 0x4D, 0x5F, 0x55, 0x9F, 0x22, 0xD0, 0x40, 0x00, 0x95, 0x10,
    0x41, 0x10, 0x41, 0x20, 0x63, 0x20, 0x63, 0x20, 0x63, 0x20, 0x63, 0x20, 0x63, 0x20, 0x63, 0x20,
    0x63, 0x10, 0x41, 0x00, 0x21, 0x18, 0x00, 0xFF, 0x08, 0x83, 0x3A, 0x8C, 0xC6, 0x05, 0xC6, 0x05,
    0xAD, 0x24, 0xAD, 0x24, 0xFF, 0xC4, 0xFF, 0xE5, 0xFF, 0xE5, 0xFF, 0xC4, 0xFF, 0xE5, 0xFF, 0xC4,
    0xFF, 0xE5, 0xDE, 0xC5, 0xAD, 0x24, 0x74, 0x0B, 0x11, 0xAA, 0x11, 0x68, 0x33, 0x32, 0x55, 0xFF,
    0x4D, 0x9F, 0x4D, 0x5F, 0x4D, 0x5F, 0x4D, 0x5F, 0x4D, 0x5F, 0x4D, 0x5F, 0x4D, 0x5F, 0x4D, 0x5F,
    0x4D, 0x5F, 0x4D, 0x5F, 0x4D, 0x5F, 0x4D, 0x5F, 0x4D, 0x5F, 0x4D, 0x5F, 0x4D, 0x5F, 0x4D, 0x5F,
    0x4D, 0x5F, 0x4D, 0x5F, 0x4D, 0x5F, 0x4D, 0x5F, 0x4D, 0x5F, 0x4D, 0x5F, 0x4D, 0x5F, 0x4D, 0x5F,
    0x4D, 0x5F, 0x4D, 0x5F, 0x4D, 0x5F, 0x4D, 0x5F, 0x4D, 0x5F, 0x4D, 0x5F, 0x4D, 0x5F, 0x4D, 0x5F,
    0x4D, 0x5F, 0x4D, 0x5F, 0x4D, 0x5F, 0x4D, 0x5F, 0x4D, 0x5F, 0x4D, 0x5F, 0x4D, 0x5F, 0x4D, 0x5F,
    0x4D, 0x5F, 0x4D, 0x5F, 0x4D, 0x5F, 0x4D, 0x5F, 0xFF, 0x4D, 0x5F, 0x4D, 0x5F, 0x4D, 0x5F, 0x4D,
    0x5F, 0x4D, 0x5F, 0x4D, 0x5F, 0x4D, 0x5F, 0x4D, 0x5F, 0x4D, 0x5F, 0x4D, 0x5F, 0x4D, 0x5F, 0x4D,
    0x5F, 0x4D, 0x5F, 0x4D, 0x5F, 0x4D, 0x5F, 0x4D, 0x5F, 0x4D, 0x5F, 0x4D, 0x5F, 0x4D, 0x5F, 0x4D,
    0x5F, 0x4D, 0x5F, 0x4D, 0x5F, 0x4D, 0x5F, 0x4D, 0x5F, 0x4D, 0x5F, 0x4D, 0x5F, 0x4D, 0x5F, 0x4D,
    0x5F, 0x4D, 0x5F, 0x4D, 0x5F, 0x4D, 0x5F, 0x4D, 0x5F, 0x4D, 0x5F, 0x4D, 0x5F, 0x4D, 0x5F, 0x4D,
    0x5F, 0x4D, 0x5F, 0x4D, 0x5F, 0x4D, 0x5F, 0x4D, 0x5F, 0x4D, 0x5F, 0x4D, 0x5F, 0x4D, 0x5F, 0x4D,
    0x5F, 0x4D, 0x5F, 0x4D, 0x5F, 0x4D, 0x5F, 0x4D, 0x5F, 0x4D, 0x5F, 0x4D, 0x5F, 0x4D, 0x5F, 0x4D,
    0x5F, 0x4D, 0x5F, 0x4D, 0x5F, 0x4D, 0x5F, 0x4D, 0x5F, 0x4D, 0x5F, 0x4D, 0x5F, 0x4D, 0x5F, 0x4D,
    0x5F, 0x4D, 0x5F, 0x4D, 0x5F, 0x4D, 0x5F, 0x4D, 0x5F, 0xF1, 0x4D, 0x5F, 0x4D, 0x5F, 0x4D, 0x5F,
    0x4D, 0x5F, 0x4D, 0x5F, 0x4D, 0x5F, 0x4D, 0x5F, 0x4D, 0x5F, 0x4D, 0x5F, 0x4D, 0x5F, 0x4D, 0x5F,
    0x4D, 0x5F, 0x4D, 0x5F, 0x4D, 0x5F, 0x4D, 0x5F, 0x4D, 0x5F, 0x4D, 0x5F, 0x4D, 0x5F, 0x4D, 0x5F,
    0x4D, 0x5F, 0x4D, 0x5F, 0x4D, 0x5F, 0x4D, 0x5F, 0x4D, 0x5F, 0x4D, 0x5F, 0x4D, 0x5F, 0x4D, 0x5F,
    0x4D, 0x5F, 0x4D, 0x5F, 0x4D, 0x5F, 0x4D, 0x5F, 0x4D, 0x5F, 0x4D, 0x5F, 0x4D, 0x5F, 0x4D, 0x5F,
    0x4D, 0x5F, 0x4D, 0x5F, 0x4D, 0x5F, 0x4D, 0x5F, 0x4D, 0x5F, 0x4D, 0x5F, 0x4D, 0x5F, 0x4D, 0x5F,
    0x4D, 0x5F, 0x4D, 0x5F, 0x4D, 0x5F, 0x4D, 0x5F, 0x4D, 0x5F, 0x4D, 0x5F, 0x4D, 0x5F, 0x4D, 0x5F,
    0x4D, 0x5F, 0x4D, 0x5F, 0x4D, 0x5F, 0x4D, 0x5F, 0x4D, 0x9F, 0x22, 0x6E, 0x10, 0x00, 0xE1, 0x30,
    0xA5, 0x69, 0x49, 0x89, 0xCC, 0xA1, 0xED, 0xA1, 0xED, 0xA1, 0xED, 0xA1, 0xED, 0xAA, 0x2F, 0xAA,
    0x2F, 0xAA, 0x2F, 0xAA, 0x2F, 0xAA, 0x2F, 0xAA, 0x2F, 0xAA, 0x2F, 0xBA, 0x0F, 0xBA, 0x50, 0xBA,
    0x50, 0xBA, 0x50, 0xBA, 0x50, 0xBA, 0x50, 0xCA, 0x91, 0xCA, 0x91, 0xD2, 0xB3, 0xD2, 0xB3, 0xE2,
    0xD4, 0xF2, 0xF5, 0xF2, 0xF5, 0xF2, 0xF5, 0xFB, 0x16, 0xFB, 0x16, 0xFB, 0x16, 0xF2, 0xF5, 0xF2,
    0xF5, 0xE2, 0xD4, 0xD2, 0xB3, 0xCA, 0x91, 0xCA, 0x91, 0xBA, 0x50, 0xBA, 0x50, 0xAA, 0x2F, 0xAA,
    0x2F, 0xA1, 0xED, 0x89, 0xCC, 0x79, 0x8A, 0x69, 0x49, 0x59, 0x07, 0x48, 0xE6, 0x30, 0xA5, 0x11,
    0x68, 0x02, 0x00, 0xFF, 0x09, 0x06, 0x1A, 0x2C, 0x1A, 0x2C, 0x8C, 0x45, 0xAD, 0x24, 0xF7, 0x65,
    0xFF, 0xE5, 0xFF, 0xC4, 0xFF, 0xE5, 0xDE, 0xC5, 0x74, 0x0B, 0x11, 0xAA, 0x3B, 0xF7, 0x55, 0xFF,
    0x55, 0x9F, 0x55, 0x9F, 0x4D, 0x3F, 0x4D, 0x5F, 0x4D, 0x5F, 0x4D, 0x5F, 0x4D, 0x5F, 0x4D, 0x5F,
    0x4D, 0x5F, 0x4D, 0x5F, 0x4D, 0x5F, 0x4D, 0x5F, 0x4D, 0x5F, 0x4D, 0x5F, 0x4D, 0x5F, 0x4D, 0x5F,
    0x4D, 0x5F, 0x4D, 0x5F, 0x4D, 0x5F, 0x4D, 0x5F, 0x4D, 0x5F, 0x4D, 0x5F, 0x4D, 0x5F, 0x4D, 0x5F,
    0x4D, 0x5F, 0x4D, 0x5F, 0x4D, 0x5F, 0x4D, 0x5F, 0x4D, 0x5F, 0x4D, 0x5F, 0x4D, 0x5F, 0x4D, 0x5F,
    0x4D, 0x5F, 0x4D, 0x5F, 0x4D, 0x5F, 0x4D, 0x5F, 0x4D, 0x5F, 0x4D, 0x5F, 0x4D, 0x5F, 0x4D, 0x5F,
    0x4D, 0x5F, 0x4D, 0x5F, 0x4D, 0x5F, 0x4D, 0x5F, 0x4D, 0x5F, 0x4D, 0x5F, 0x4D, 0x5F, 0x4D, 0x5F,
    0x4D, 0x5F, 0x4D, 0x5F, 0xFF, 0x4D, 0x5F, 0x4D, 0x5F, 0x4D, 0x5F, 0x4D, 0x5F, 0x4D, 0x5F, 0x4D,
    0x5F, 0x4D, 0x5F, 0x4D, 0x5F, 0x4D, 0x5F, 0x4D, 0x5F, 0x4D, 0x5F, 0x4D, 0x5F, 0x4D, 0x5F, 0x4D,
    0x5F, 0x4D, 0x5F, 0x4D, 0x5F, 0x4D, 0x5F, 0x4D, 0x5F, 0x4D, 0x5F, 0x4D, 0x5F, 0x4D, 0x5F, 0x4D,
    0x5F, 0x4D, 0x5F, 0x4D, 0x5F, 0x4D, 0x5F, 0x4D, 0x5F, 0x4D, 0x5F, 0x4D, 0x5F, 0x4D, 0x5F, 0x4D,
    0x5F, 0x4D, 0x5F, 0x4D, 0x5F, 0x4D, 0x5F, 0x4D, 0x5F, 0x4D, 0x5F, 0x4D, 0x5F, 0x4D, 0x5F, 0x4D,
    0x5F, 0x4D, 0x5F, 0x4D, 0x5F, 0x4D, 0x5F, 0x4D, 0x5F, 0x4D, 0x5F, 0x4D, 0x5F, 0x4D, 0x5F, 0x4D,
    0x5F, 0x4D, 0x5F, 0x4D, 0x5F, 0x4D, 0x5F, 0x4D, 0x5F, 0x4D, 0x5F, 0x4D, 0x5F, 0x4D, 0x5F, 0x4D,
    0x5F, 0x4D, 0x5F, 0x4D, 0x5F, 0x4D, 0x5F, 0x4D, 0x5F, 0x4D, 0x5F, 0x4D, 0x5F, 0x4D, 0x5F, 0x4D,
    0x5F, 0x4D, 0x5F, 0x4D, 0x5F, 0xEB, 0x4D, 0x5F, 0x4D, 0x5F, 0x4D, 0x5F, 0x4D, 0x5F, 0x4D, 0x5F,
    0x4D, 0x5F, 0x4D, 0x5F, 0x4D, 0x5F, 0x4D, 0x5F, 0x4D, 0x5F, 0x4D, 0x5F, 0x4D, 0x5F, 0x4D, 0x5F,
    0x4D, 0x5F, 0x4D, 0x5F, 0x4D, 0x5F, 0x4D, 0x5F, 0x4D, 0x5F, 0x4D, 0x5F, 0x4D, 0x5F, 0x4D, 0x5F,
    0x4D, 0x5F, 0x4D, 0x5F, 0x4D, 0x5F, 0x4D, 0x5F, 0x4D, 0x5F, 0x4D, 0x5F, 0x4D, 0x5F, 0x4D, 0x5F,
    0x4D, 0x5F, 0x4D, 0x5F, 0x4D, 0x5F, 0x4D, 0x5F, 0x4D, 0x5F, 0x4D, 0x5F, 0x4D, 0x5F, 0x4D, 0x5F,
    0x4D, 0x5F, 0x4D, 0x5F, 0x4D, 0x5F, 0x4D, 0x5F, 0x4D, 0x5F, 0x4D, 0x5F, 0x4D, 0x5F, 0x4D, 0x5F,
    0x4D, 0x5F, 0x4D, 0x5F, 0x4D, 0x5F, 0x4D, 0x5F, 0x4D, 0x5F, 0x4D, 0x5F, 0x4D, 0x5F, 0x4D, 0x9F,
    0x22, 0x6E, 0x0C, 0x00, 0xFF, 0x20, 0x63, 0xBA, 0x50, 0xFB, 0x36, 0xFB, 0x57, 0xFB, 0x57, 0xFB,
    0x57, 0xFB, 0x57, 0xFB, 0x57, 0xFB, 0x57, 0xFB, 0x57, 0xFB, 0x57, 0xFB, 0x57, 0xFB, 0x57, 0xFB,
    0x57, 0xFB, 0x57, 0xFB, 0x57, 0xFB, 0x57, 0xFB, 0x57, 0xFB, 0x57, 0xFB, 0x57, 0xFB, 0x57, 0xFB,
    0x57, 0xFB, 0x37, 0xFB, 0x37, 0xFB, 0x37, 0xFB, 0x37, 0xFB, 0x36, 0xFB, 0x36, 0xFB, 0x36, 0xFB,
    0x36, 0xFB, 0x36, 0xFB, 0x36, 0xFB, 0x36, 0xFB, 0x36, 0xFB, 0x36, 0xFB, 0x36, 0xFB, 0x37, 0xFB,
    0x37, 0xFB, 0x37, 0xFB, 0x57, 0xFB, 0x57, 0xFB, 0x57, 0xFB, 0x57, 0xFB, 0x57, 0xFB, 0x57, 0xFB,
    0x57, 0xFB, 0x57, 0xFB, 0x57, 0xFB, 0x57, 0xFB, 0x36, 0xD2, 0xB3, 0x89, 0xCC, 0x21, 0x23, 0x3B,
    0xF7, 0x55, 0xFF, 0x22, 0x6E, 0x11, 0xAA, 0xAD, 0x24, 0xF7, 0x65, 0xFF, 0xE5, 0xFF, 0xE5, 0x63,
    0x04, 0x22, 0xD0, 0x55, 0xFF, 0xFF, 0x4D, 0x7F, 0x4D, 0x3F, 0x4D, 0x5F, 0x4D, 0x5F, 0x4D, 0x5F,
    0x4D, 0x5F, 0x4D, 0x5F, 0x4D, 0x5F, 0x4D, 0x5F, 0x4D, 0x5F, 0x4D, 0x5F, 0x4D, 0x5F, 0x4D, 0x5F,
    0x4D, 0x5F, 0x4D, 0x5F, 0x4D, 0x5F, 0x4D, 0x5F, 0x4D, 0x5F, 0x4D, 0x5F, 0x4D, 0x5F, 0x4D, 0x5F,
    0x4D, 0x5F, 0x4D, 0x5F, 0x4D, 0x5F, 0x4D, 0x5F, 0x4D, 0x5F, 0x4D, 0x5F, 0x4D, 0x5F, 0x4D, 0x5F,
    0x4D, 0x5F, 0x4D, 0x5F, 0x4D, 0x5F, 0x4D, 0x5F, 0x4D, 0x5F, 0x4D, 0x5F, 0x4D, 0x5F, 0x4D, 0x5F,
    0x4D, 0x5F, 0x4D, 0x5F, 0x4D, 0x5F, 0x4D, 0x5F, 0x4D, 0x5F, 0x4D, 0x5F, 0x4D, 0x5F, 0x4D, 0x5F,
    0x4D, 0x5F, 0x4D, 0x5F, 0x4D, 0x5F, 0x4D, 0x5F, 0x4D, 0x5F, 0x4D, 0x5F, 0x4D, 0x5F, 0x4D, 0x5F,
    0x4D, 0x5F, 0x4D, 0x5F, 0x4D, 0x5F, 0x4D, 0x5F, 0x4D, 0x5F, 0x4D, 0x5F, 0x4D, 0x5F, 0x4D, 0x5F,
    0x4D, 0x5F, 0x4D, 0x5F, 0x4D, 0x5F, 0xFF, 0x4D, 0x5F, 0x4D, 0x5F, 0x4D, 0x5F, 0x4D, 0x5F, 0x4D,
    0x5F, 0x4D, 0x5F, 0x4D, 0x5F, 0x4D, 0x5F, 0x4D, 0x5F, 0x4D, 0x5F, 0x4D, 0x5F, 0x4D, 0x5F, 0x4D,
    0x5F, 0x4D, 0x5F, 0x4D, 0x5F, 0x4D, 0x5F, 0x4D, 0x5F, 0x4D, 0x5F, 0x4D, 0x5F, 0x4D, 0x5F, 0x4D,
    0x5F, 0x4D, 0x5F, 0x4D, 0x5F, 0x4D, 0x5F, 0x4D, 0x5F, 0x4D, 0x5F, 0x4D, 0x5F, 0x4D, 0x5F, 0x4D,
    0x5F, 0x4D, 0x5F, 0x4D, 0x5F, 0x4D, 0x5F, 0x4D, 0x5F, 0x4D, 0x5F, 0x4D, 0x5F, 0x4D, 0x5F, 0x4D,
    0x5F, 0x4D, 0x5F, 0x4D, 0x5F, 0x4D, 0x5F, 0x4D, 0x5F, 0x4D, 0x5F, 0x4D, 0x5F, 0x4D, 0x5F, 0x4D,
    0x5F, 0x4D, 0x5F, 0x4D, 0x5F, 0x4D, 0x5F, 0x4D, 0x5F, 0x4D, 0x5F, 0x4D, 0x5F, 0x4D, 0x5F, 0x4D,
    0x5F, 0x4D, 0x5F, 0x4D, 0x5F, 0x4D, 0x5F, 0x4D, 0x5F, 0x4D, 0x5F, 0x4D, 0x5F, 0x4D, 0x5F, 0x4D,
    0x5F, 0x4D, 0x5F, 0x4D, 0x5F, 0x4D, 0x5F, 0xD3, 0x4D, 0x5F, 0x4D, 0x5F, 0x4D, 0x5F, 0x4D, 0x5F,
    0x4D, 0x5F, 0x4D, 0x5F, 0x4D, 0x5F, 0x4D, 0x5F, 0x4D, 0x5F, 0x4D, 0x5F, 0x4D, 0x5F, 0x4D, 0x5F,
    0x4D, 0x5F, 0x4D, 0x5F, 0x4D, 0x5F, 0x4D, 0x5F, 0x4D, 0x5F, 0x4D, 0x5F, 0x4D, 0x5F, 0x4D, 0x5F,
    0x4D, 0x5F, 0x4D, 0x5F, 0x4D, 0x5F, 0x4D, 0x5F, 0x4D, 0x5F, 0x4D, 0x5F, 0x4D, 0x5F, 0x4D, 0x5F,
    0x4D, 0x5F, 0x4D, 0x5F, 0x4D, 0x5F, 0x4D, 0x5F, 0x4D, 0x5F, 0x4D, 0x5F, 0x4D, 0x5F, 0x4D, 0x5F,
    0x4D, 0x5F, 0x4D, 0x5F, 0x4D, 0x5F, 0x4D, 0x5F, 0x4D, 0x9F, 0x1A, 0x2C, 0x0C, 0x00, 0xFF, 0xCA,
    0x91, 0xFB, 0x78, 0xFB, 0x16, 0xFB, 0x16, 0xFB, 0x16, 0xFB, 0x16, 0xFB, 0x16, 0xFB, 0x16, 0xFB,
    0x16, 0xFB, 0x16, 0xFB, 0x16, 0xFB, 0x16, 0xFB, 0x16, 0xFB, 0x16, 0xFB, 0x16, 0xFB, 0x16, 0xFB,
    0x16, 0xFB, 0x16, 0xFB, 0x16, 0xFB, 0x16, 0xFB, 0x16, 0xFB, 0x16, 0xFB, 0x16, 0xFB, 0x16, 0xFB,
    0x16, 0xFB, 0x16, 0xFB, 0x16, 0xFB, 0x36, 0xFB, 0x36, 0xFB, 0x36, 0xFB, 0x36, 0xFB, 0x36, 0xFB,
    0x36, 0xFB, 0x36, 0xFB, 0x36, 0xFB, 0x36, 0xFB, 0x16, 0xFB, 0x16, 0xFB, 0x16, 0xFB, 0x16, 0xFB,
    0x16, 0xFB, 0x16, 0xFB, 0x16, 0xFB, 0x16, 0xFB, 0x16, 0xFB, 0x16, 0xFB, 0x16, 0xFB, 0x16, 0xFB,
    0x16, 0xFB, 0x36, 0xFB, 0x37, 0xFB, 0x78, 0xCA, 0x91, 0x10, 0x41, 0x44, 0x58, 0x55, 0xFF, 0x55,
    0xFF, 0x11, 0x68, 0xAD, 0x24, 0xFF, 0xE5, 0xFF, 0xE5, 0x73, 0x84, 0x22, 0x6E, 0x55, 0x9F, 0xFF,
    0x4D, 0x3F, 0x4D, 0x5F, 0x4D, 0x5F, 0x4D, 0x5F, 0x4D, 0x5F, 0x4D, 0x5F, 0x4D, 0x5F, 0x4D, 0x5F,
    0x4D, 0x5F, 0x4D, 0x5F, 0x4D, 0x5F, 0x4D, 0x5F, 0x4D, 0x5F, 0x4D, 0x5F, 0x4D, 0x5F, 0x4D, 0x5F,
    0x4D, 0x5F, 0x4D, 0x5F, 0x4D, 0x5F, 0x4D, 0x5F, 0x4D, 0x5F, 0x4D, 0x5F, 0x4D, 0x5F, 0x4D, 0x5F,
    0x4D, 0x5F, 0x4D, 0x5F, 0x4D, 0x5F, 0x4D, 0x5F, 0x4D, 0x5F, 0x4D, 0x5F, 0x4D, 0x5F, 0x4D, 0x5F,
    0x4D, 0x5F, 0x4D, 0x5F, 0x4D, 0x5F, 0x4D, 0x5F, 0x4D, 0x5F, 0x4D, 0x5F, 0x4D, 0x5F, 0x4D, 0x5F,
    0x4D, 0x5F, 0x4D, 0x5F, 0x4D, 0x5F, 0x4D, 0x5F, 0x4D, 0x5F, 0x4D, 0x5F, 0x4D, 0x5F, 0x4D, 0x5F,
    0x4D, 0x5F, 0x4D, 0x5F, 0x4D, 0x5F, 0x4D, 0x5F, 0x4D, 0x5F, 0x4D, 0x5F, 0x4D, 0x5F, 0x4D, 0x5F,
    0x4D, 0x5F, 0x4D, 0x5F, 0x4D, 0x5F, 0x4D, 0x5F, 0x4D, 0x5F, 0x4D, 0x5F, 0x4D, 0x5F, 0x4D, 0x5F,
    0xFF, 0x4D, 0x5F, 0x4D, 0x5F, 0x4D, 0x5F, 0x4D, 0x5F, 0x4D, 0x5F, 0x4D, 0x5F, 0x4D, 0x5F, 0x4D,
    0x5F, 0x4D, 0x5F, 0x4D, 0x5F, 0x4D, 0x5F, 0x4D, 0x5F, 0x4D, 0x5F, 0x4D, 0x5F, 0x4D, 0x5F, 0x4D,
    0x5F, 0x4D, 0x5F, 0x4D, 0x5F, 0x4D, 0x5F, 0x4D, 0x5F, 0x4D, 0x5F, 0x4D, 0x5F, 0x4D, 0x5F, 0x4D,
    0x5F, 0x4D, 0x5F, 0x4D, 0x5F, 0x4D, 0x5F, 0x4D, 0x5F, 0x4D, 0x5F, 0x4D, 0x5F, 0x4D, 0x5F, 0x4D,
    0x5F, 0x4D, 0x5F, 0x4D, 0x5F, 0x4D, 0x5F, 0x4D, 0x5F, 0x4D, 0x5F, 0x4D, 0x5F, 0x4D, 0x5F, 0x4D,
    0x5F, 0x4D, 0x5F, 0x4D, 0x5F, 0x4D, 0x5F, 0x4D, 0x5F, 0x4D, 0x5F, 0x4D, 0x5F, 0x4D, 0x5F, 0x4D,
    0x5F, 0x4D, 0x5F, 0x4D, 0x5F, 0x4D, 0x5F, 0x4D, 0x5F, 0x4D, 0x5F, 0x4D, 0x5F, 0x4D, 0x5F, 0x4D,
    0x5F, 0x4D, 0x5F, 0x4D, 0x5F, 0x4D, 0x5F, 0x4D, 0x5F, 0x4D, 0x5F, 0x4D, 0x5F, 0x4D, 0x5F, 0x4D,
    0x5F, 0xD3, 0x4D, 0x5F, 0x4D, 0x5F, 0x4D, 0x5F, 0x4D, 0x5F, 0x4D, 0x5F, 0x4D, 0x5F, 0x4D, 0x5F,
    0x4D, 0x5F, 0x4D, 0x5F, 0x4D, 0x5F, 0x4D, 0x5F, 0x4D, 0x5F, 0x4D, 0x5F, 0x4D, 0x5F, 0x4D, 0x5F,
    0x4D, 0x5F, 0x4D, 0x5F, 0x4D, 0x5F, 0x4D, 0x5F, 0x4D, 0x5F, 0x4D, 0x5F, 0x4D, 0x5F, 0x4D, 0x5F,
    0x4D, 0x5F, 0x4D, 0x5F, 0x4D, 0x5F, 0x4D, 0x5F, 0x4D, 0x5F, 0x4D, 0x5F, 0x4D, 0x5F, 0x4D, 0x5F,
    0x4D, 0x5F, 0x4D, 0x5F, 0x4D, 0x5F, 0x4D, 0x5F, 0x4D, 0x5F, 0x4D, 0x5F, 0x4D, 0x5F, 0x4D, 0x5F,
    0x4D, 0x5F, 0x4D, 0x9F, 0x22, 0x6E, 0x0A, 0x00, 0xFF, 0x30, 0xA5, 0xFB, 0x36, 0xFB, 0x16, 0xFB,
    0x36, 0xFB, 0x36, 0xFB, 0x36, 0xFB, 0x36, 0xFB, 0x36, 0xFB, 0x36, 0xFB, 0x36, 0xFB, 0x36, 0xFB,
    0x36, 0xFB, 0x36, 0xFB, 0x36, 0xFB, 0x36, 0xFB, 0x36, 0xFB, 0x36, 0xFB, 0x36, 0xFB, 0x36, 0xFB,
    0x36, 0xFB, 0x36, 0xFB, 0x36, 0xFB, 0x36, 0xFB, 0x36, 0xFB, 0x36, 0xFB, 0x36, 0xFB, 0x36, 0xFB,
    0x36, 0xFB, 0x36, 0xFB, 0x36, 0xFB, 0x36, 0xFB, 0x36, 0xFB, 0x36, 0xFB, 0x36, 0xFB, 0x36, 0xFB,
    0x36, 0xFB, 0x36, 0xFB, 0x36, 0xFB, 0x36, 0xFB, 0x36, 0xFB, 0x36, 0xFB, 0x36, 0xFB, 0x36, 0xFB,
    0x36, 0xFB, 0x36, 0xFB, 0x36, 0xFB, 0x36, 0xFB, 0x36, 0xFB, 0x36, 0xFB, 0x36, 0xFB, 0x36, 0xFB,
    0x36, 0xFB, 0x16, 0xFB, 0x78, 0x69, 0x49, 0x1A, 0x2C, 0x4D, 0x9F, 0x4D, 0x7F, 0x11, 0x68, 0xAD,
    0x24, 0xFF, 0xE5, 0xF7, 0x65, 0x73, 0x84, 0x3B, 0xB5, 0xFF, 0x55, 0x9F, 0x4D, 0x5F, 0x4D, 0x5F,
    0x4D, 0x5F, 0x4D, 0x5F, 0x4D, 0x5F, 0x4D, 0x5F, 0x4D, 0x5F, 0x4D, 0x5F, 0x4D, 0x5F, 0x4D, 0x5F,
    0x4D, 0x5F, 0x4D, 0x5F, 0x4D, 0x5F, 0x4D, 0x5F, 0x4D, 0x5F, 0x4D, 0x5F, 0x4D, 0x5F, 0x4D, 0x5F,
    0x4D, 0x5F, 0x4D, 0x5F, 0x4D, 0x5F, 0x4D, 0x5F, 0x4D, 0x5F, 0x4D, 0x5F, 0x4D, 0x5F, 0x4D, 0x5F,
    0x4D, 0x5F, 0x4D, 0x5F, 0x4D, 0x5F, 0x4D, 0x5F, 0x4D, 0x5F, 0x4D, 0x5F, 0x4D, 0x5F, 0x4D, 0x5F,
    0x4D, 0x5F, 0x4D, 0x5F, 0x4D, 0x5F, 0x4D, 0x5F, 0x4D, 0x5F, 0x4D, 0x5F, 0x4D, 0x5F, 0x4D, 0x5F,
    0x4D, 0x5F, 0x4D, 0x5F, 0x4D, 0x5F, 0x4D, 0x5F, 0x4D, 0x5F, 0x4D, 0x5F, 0x4D, 0x5F, 0x4D, 0x5F,
    0x4D, 0x5F, 0x4D, 0x5F, 0x4D, 0x5F, 0x4D, 0x5F, 0x4D, 0x5F, 0x4D, 0x5F, 0x4D, 0x5F, 0x4D, 0x5F,
    0x4D, 0x5F, 0x4D, 0x5F, 0x4D, 0x5F, 0x4D, 0x5F, 0x4D, 0x5F, 0xFF, 0x4D, 0x5F, 0x4D, 0x5F, 0x4D,
    0x5F, 0x4D, 0x5F, 0x4D, 0x5F, 0x4D, 0x5F, 0x4D, 0x5F, 0x4D, 0x5F, 0x4D, 0x5F, 0x4D, 0x5F, 0x4D,
    0x5F, 0x4D, 0x5F, 0x4D, 0x5F, 0x4D, 0x5F, 0x4D, 0x5F, 0x4D, 0x5F, 0x4D, 0x5F, 0x4D, 0x5F, 0x4D,
    0x5F, 0x4D, 0x5F, 0x4D, 0x5F, 0x4D, 0x5F, 0x4D, 0x5F, 0x4D, 0x5F, 0x4D, 0x5F, 0x4D, 0x5F, 0x4D,
    0x5F, 0x4D, 0x5F, 0x4D, 0x5F, 0x4D, 0x5F, 0x4D, 0x5F, 0x4D, 0x5F, 0x4D, 0x5F, 0x4D, 0x5F, 0x4D,
    0x5F, 0x4D, 0x5F, 0x4D, 0x5F, 0x4D, 0x5F, 0x4D, 0x5F, 0x4D, 0x5F, 0x4D, 0x5F, 0x4D, 0x5F, 0x4D,
    0x5F, 0x4D, 0x5F, 0x4D, 0x5F, 0x4D, 0x5F, 0x4D, 0x5F, 0x4D, 0x5F, 0x4D, 0x5F, 0x4D, 0x5F, 0x4D,
    0x5F, 0x4D, 0x5F, 0x4D, 0x5F, 0x4D, 0x5F, 0x4D, 0x5F, 0x4D, 0x5F, 0x4D, 0x5F, 0x4D, 0x5F, 0x4D,
    0x5F, 0x4D, 0x5F, 0x4D, 0x5F, 0x4D, 0x5F, 0x4D, 0x5F, 0x4D, 0x5F, 0xD5, 0x4D, 0x5F, 0x4D, 0x5F,
    0x4D, 0x5F, 0x4D, 0x5F, 0x4D, 0x5F, 0x4D, 0x5F, 0x4D, 0x5F, 0x4D, 0x5F, 0x4D, 0x5F, 0x4D, 0x5F,
    0x4D, 0x5F, 0x4D, 0x5F, 0x4D, 0x5F, 0x4D, 0x5F, 0x4D, 0x5F, 0x4D, 0x5F, 0x4D, 0x5F, 0x4D, 0x5F,
    0x4D, 0x5F, 0x4D, 0x5F, 0x4D, 0x5F, 0x4D, 0x5F, 0x4D, 0x5F, 0x4D, 0x5F, 0x4D, 0x5F, 0x4D, 0x5F,
    0x4D, 0x5F, 0x4D, 0x5F, 0x4D, 0x5F, 0x4D, 0x5F, 0x4D, 0x5F, 0x4D, 0x5F, 0x4D, 0x5F, 0x4D, 0x5F,
    0x4D, 0x5F, 0x4D, 0x5F, 0x4D, 0x5F, 0x4D, 0x5F, 0x4D, 0x5F, 0x4D, 0x5F, 0x4D, 0x5F, 0x4D, 0x9F,
    0x22, 0x6E, 0x0A, 0x00, 0xFF, 0x48, 0xE6, 0xFB, 0x37, 0xFB, 0x36, 0xFB, 0x36, 0xFB, 0x36, 0xFB,
    0x36, 0xFB, 0x36, 0xFB, 0x36, 0xFB, 0x36, 0xFB, 0x36, 0xFB, 0x36, 0xFB, 0x36, 0xFB, 0x36, 0xFB,
    0x36, 0xFB, 0x36, 0xFB, 0x36, 0xFB, 0x36, 0xFB, 0x36, 0xFB, 0x36, 0xFB, 0x36, 0xFB, 0x36, 0xFB,
    0x36, 0xFB, 0x36, 0xFB, 0x36, 0xFB, 0x36, 0xFB, 0x36, 0xFB, 0x36, 0xFB, 0x36, 0xFB, 0x36, 0xFB,
    0x36, 0xFB, 0x36, 0xFB, 0x36, 0xFB, 0x36, 0xFB, 0x36, 0xFB, 0x36, 0xFB, 0x36, 0xFB, 0x36, 0xFB,
    0x36, 0xFB, 0x36, 0xFB, 0x36, 0xFB, 0x36, 0xFB, 0x36, 0xFB, 0x36, 0xFB, 0x36, 0xFB, 0x36, 0xFB,
    0x36, 0xFB, 0x36, 0xFB, 0x36, 0xFB, 0x36, 0xFB, 0x36, 0xFB, 0x36, 0xFB, 0x36, 0xFB, 0x16, 0xFB,
    0x57, 0xBA, 0x0F, 0x11, 0x68, 0x4D, 0x7F, 0x4D, 0x7F, 0x3A, 0x8C, 0xAD, 0x24, 0xFF, 0xE5, 0x63,
    0x04, 0x33, 0x32, 0x55, 0xFF, 0xFF, 0x4D, 0x5F, 0x4D, 0x5F, 0x4D, 0x5F, 0x4D, 0x5F, 0x4D, 0x5F,
    0x4D, 0x5F, 0x4D, 0x5F, 0x4D, 0x5F, 0x4D, 0x5F, 0x4D, 0x5F, 0x4D, 0x5F, 0x4D, 0x5F, 0x4D, 0x5F,
    0x4D, 0x5F, 0x4D, 0x5F, 0x4D, 0x5F, 0x4D, 0x5F, 0x4D, 0x5F, 0x4D, 0x5F, 0x4D, 0x5F, 0x4D, 0x5F,
    0x4D, 0x5F, 0x4D, 0x5F, 0x4D, 0x5F, 0x4D, 0x5F, 0x4D, 0x5F, 0x4D, 0x5F, 0x4D, 0x5F, 0x4D, 0x5F,
    0x4D, 0x5F, 0x4D, 0x5F, 0x4D, 0x5F, 0x4D, 0x5F, 0x4D, 0x5F, 0x4D, 0x5F, 0x4D, 0x5F, 0x4D, 0x5F,
    0x4D, 0x5F, 0x4D, 0x5F, 0x4D, 0x5F, 0x4D, 0x5F, 0x4D, 0x5F, 0x4D, 0x5F, 0x4D, 0x5F, 0x4D, 0x5F,
    0x4D, 0x5F, 0x4D, 0x5F, 0x4D, 0x5F, 0x4D, 0x5F, 0x4D, 0x5F, 0x4D, 0x5F, 0x4D, 0x5F, 0x4D, 0x5F,
    0x4D, 0x5F, 0x4D, 0x5F, 0x4D, 0x5F, 0x4D, 0x5F, 0x4D, 0x5F, 0x4D, 0x5F, 0x4D, 0x5F, 0x4D, 0x5F,
    0x4D, 0x5F, 0x4D, 0x5F, 0x4D, 0x5F, 0xFF, 0x4D, 0x5F, 0x4D, 0x5F, 0x4D, 0x5F, 0x4D, 0x5F, 0x4D,
    0x5F, 0x4D, 0x5F, 0x4D, 0x5F, 0x4D, 0x5F, 0x4D, 0x5F, 0x4D, 0x5F, 0x4D, 0x5F, 0x4D, 0x5F, 0x4D,
    0x5F, 0x4D, 0x5F, 0x4D, 0x5F, 0x4D, 0x5F, 0x4D, 0x5F, 0x4D, 0x5F, 0x4D, 0x5F, 0x4D, 0x5F, 0x4D,
    0x5F, 0x4D, 0x5F, 0x4D, 0x5F, 0x4D, 0x5F, 0x4D, 0x5F, 0x4D, 0x5F, 0x4D, 0x5F, 0x4D, 0x5F, 0x4D,
    0x5F, 0x4D, 0x5F, 0x4D, 0x5F, 0x4D, 0x5F, 0x4D, 0x5F, 0x4D, 0x5F, 0x4D, 0x5F, 0x4D, 0x5F, 0x4D,
    0x5F, 0x4D, 0x5F, 0x4D, 0x5F, 0x4D, 0x5F, 0x4D, 0x5F, 0x4D, 0x5F, 0x4D, 0x5F, 0x4D, 0x5F, 0x4D,
    0x5F, 0x4D, 0x5F, 0x4D, 0x5F, 0x4D, 0x5F, 0x4D, 0x5F, 0x4D, 0x5F, 0x4D, 0x5F, 0x4D, 0x5F, 0x4D,
    0x5F, 0x4D, 0x5F, 0x4D, 0x5F, 0x4D, 0x5F, 0x4D, 0x5F, 0x4D, 0x5F, 0x4D, 0x5F, 0x4D, 0x5F, 0x4D,
    0x5F, 0x4D, 0x5F, 0x4D, 0x5F, 0x4D, 0x5F, 0xD5, 0x4D, 0x5F, 0x4D, 0x5F, 0x4D, 0x5F, 0x4D, 0x5F,
    0x4D, 0x5F, 0x4D, 0x5F, 0x4D, 0x5F, 0x4D, 0x5F, 0x4D, 0x5F, 0x4D, 0x5F, 0x4D, 0x5F, 0x4D, 0x5F,
    0x4D, 0x5F, 0x4D, 0x5F, 0x4D, 0x5F, 0x4D, 0x5F, 0x4D, 0x5F, 0x4D, 0x5F, 0x4D, 0x5F, 0x4D, 0x5F,
    0x4D, 0x5F, 0x4D, 0x5F, 0x4D, 0x5F, 0x4D, 0x5F, 0x4D, 0x5F, 0x4D, 0x5F, 0x4D, 0x5F, 0x4D, 0x5F,
    0x4D, 0x5F, 0x4D, 0x5F, 0x4D, 0x5F, 0x4D, 0x5F, 0x4D, 0x5F, 0x4D, 0x5F, 0x4D, 0x5F, 0x4D, 0x5F,
    0x4D, 0x5F, 0x4D, 0x5F, 0x4D, 0x5F, 0x4D, 0x5F, 0x4D, 0x5F, 0x4D, 0x9F, 0x22, 0xD0, 0x0A, 0x00,
    0xFF, 0x59, 0x07, 0xFB, 0x37, 0xFB, 0x16, 0xFB, 0x36, 0xFB, 0x36, 0xFB, 0x36, 0xFB, 0x36, 0xFB,
    0x36, 0xFB, 0x36, 0xFB, 0x36, 0xFB, 0x36, 0xFB, 0x36, 0xFB, 0x36, 0xFB, 0x36, 0xFB, 0x36, 0xFB,
    0x36, 0xFB, 0x36, 0xFB, 0x36, 0xFB, 0x36, 0xFB, 0x36, 0xFB, 0x36, 0xFB, 0x36, 0xFB, 0x36, 0xFB,
    0x36, 0xFB, 0x36, 0xFB, 0x36, 0xFB, 0x36, 0xFB, 0x36, 0xFB, 0x36, 0xFB, 0x36, 0xFB, 0x36, 0xFB,
    0x36, 0xFB, 0x36, 0xFB, 0x36, 0xFB, 0x36, 0xFB, 0x36, 0xFB, 0x36, 0xFB, 0x36, 0xFB, 0x36, 0xFB,
    0x36, 0xFB, 0x36, 0xFB, 0x36, 0xFB, 0x36, 0xFB, 0x36, 0xFB, 0x36, 0xFB, 0x36, 0xFB, 0x36, 0xFB,
    0x36, 0xFB, 0x36, 0xFB, 0x36, 0xFB, 0x36, 0xFB, 0x36, 0xFB, 0x16, 0xFB, 0x57, 0xBA, 0x0F, 0x11,
    0x68, 0x4D, 0x7F, 0x4D, 0x5F, 0x55, 0x9F, 0x1A, 0x2C, 0xAD, 0x24, 0x73, 0x84, 0x22, 0xD0, 0x55,
    0x9F, 0xFF, 0x4D, 0x5F, 0x4D, 0x5F, 0x4D, 0x5F, 0x4D, 0x5F, 0x4D, 0x5F, 0x4D, 0x5F, 0x4D, 0x5F,
    0x4D, 0x5F, 0x4D, 0x5F, 0x4D, 0x5F, 0x4D, 0x5F, 0x4D, 0x5F, 0x4D, 0x5F, 0x4D, 0x5F, 0x4D, 0x5F,
    0x4D, 0x5F, 0x4D, 0x5F, 0x4D, 0x5F, 0x4D, 0x5F, 0x4D, 0x5F, 0x4D, 0x5F, 0x4D, 0x5F, 0x4D, 0x5F,
    0x4D, 0x5F, 0x4D, 0x5F, 0x4D, 0x5F, 0x4D, 0x5F, 0x4D, 0x5F, 0x4D, 0x5F, 0x4D, 0x5F, 0x4D, 0x5F,
    0x4D, 0x5F, 0x4D, 0x5F, 0x4D, 0x5F, 0x4D, 0x5F, 0x4D, 0x5F, 0x4D, 0x5F, 0x4D, 0x5F, 0x4D, 0x5F,
    0x4D, 0x5F, 0x4D, 0x5F, 0x4D, 0x5F, 0x4D, 0x5F, 0x4D, 0x5F, 0x4D, 0x5F, 0x4D, 0x5F, 0x4D, 0x5F,
    0x4D, 0x5F, 0x4D, 0x5F, 0x4D, 0x5F, 0x4D, 0x5F, 0x4D, 0x5F, 0x4D, 0x5F, 0x4D, 0x5F, 0x4D, 0x5F,
    0x4D, 0x5F, 0x4D, 0x5F, 0x4D, 0x5F, 0x4D, 0x5F, 0x4D, 0x5F, 0x4D, 0x5F, 0x4D, 0x5F, 0x4D, 0x5F,
    0x4D, 0x5F, 0xFF, 0x4D, 0x5F, 0x4D, 0x5F, 0x4D, 0x5F, 0x4D, 0x5F, 0x4D, 0x5F, 0x4D, 0x5F, 0x4D,
    0x5F, 0x4D, 0x5F, 0x4D, 0x5F, 0x4D, 0x5F, 0x4D, 0x5F, 0x4D, 0x5F, 0x4D, 0x5F, 0x4D, 0x5F, 0x4D,
    0x5F, 0x4D, 0x5F, 0x4D, 0x5F, 0x4D, 0x5F, 0x4D, 0x5F, 0x4D, 0x5F, 0x4D, 0x5F, 0x4D, 0x5F, 0x4D,
    0x5F, 0x4D, 0x5F, 0x4D, 0x5F, 0x4D, 0x5F, 0x4D, 0x5F, 0x4D, 0x5F, 0x4D, 0x5F, 0x4D, 0x5F, 0x4D,
    0x5F, 0x4D, 0x5F, 0x4D, 0x5F, 0x4D, 0x5F, 0x4D, 0x5F, 0x4D, 0x5F, 0x4D, 0x5F, 0x4D, 0x5F, 0x4D,
    0x5F, 0x4D, 0x5F, 0x4D, 0x5F, 0x4D, 0x5F, 0x4D, 0x5F, 0x4D, 0x5F, 0x4D, 0x5F, 0x4D, 0x5F, 0x4D,
    0x5F, 0x4D, 0x5F, 0x4D, 0x5F, 0x4D, 0x5F, 0x4D, 0x5F, 0x4D, 0x5F, 0x4D, 0x5F, 0x4D, 0x5F, 0x4D,
    0x5F, 0x4D, 0x5F, 0x4D, 0x5F, 0x4D, 0x5F, 0x4D, 0x5F, 0x4D, 0x5F, 0x4D, 0x5F, 0x4D, 0x5F, 0x4D,
    0x5F, 0x4D, 0x5F, 0xD5, 0x4D, 0x5F, 0x4D, 0x5F, 0x4D, 0x5F, 0x4D, 0x5F, 0x4D, 0x5F, 0x4D, 0x5F,
    0x4D, 0x5F, 0x4D, 0x5F, 0x4D, 0x5F, 0x4D, 0x5F, 0x4D, 0x5F, 0x4D, 0x5F, 0x4D, 0x5F, 0x4D, 0x5F,
    0x4D, 0x5F, 0x4D, 0x5F, 0x4D, 0x5F, 0x4D, 0x5F, 0x4D, 0x5F, 0x4D, 0x5F, 0x4D, 0x5F, 0x4D, 0x5F,
    0x4D, 0x5F, 0x4D, 0x5F, 0x4D, 0x5F, 0x4D, 0x5F, 0x4D, 0x5F, 0x4D, 0x5F, 0x4D, 0x5F, 0x4D, 0x5F,
    0x4D, 0x5F, 0x4D, 0x5F, 0x4D, 0x5F, 0x4D, 0x5F, 0x4D, 0x5F, 0x4D, 0x5F, 0x4D, 0x5F, 0x4D, 0x5F,
    0x4D, 0x5F, 0x4D, 0x5F, 0x4D, 0x5F, 0x4D, 0x9F, 0x22, 0xD0, 0x0A, 0x00, 0xFF, 0x59, 0x07, 0xFB,
    0x37, 0xFB, 0x16, 0xFB, 0x36, 0xFB, 0x36, 0xFB, 0x36, 0xFB, 0x36, 0xFB, 0x36, 0xFB, 0x36, 0xFB,
    0x36, 0xFB, 0x36, 0xFB, 0x36, 0xFB, 0x36, 0xFB, 0x36, 0xFB, 0x36, 0xFB, 0x36, 0xFB, 0x36, 0xFB,
    0x36, 0xFB, 0x36, 0xFB, 0x36, 0xFB, 0x36, 0xFB, 0x36, 0xFB, 0x36, 0xFB, 0x36, 0xFB, 0x36, 0xFB,
    0x36, 0xFB, 0x36, 0xFB, 0x36, 0xFB, 0x36, 0xFB, 0x36, 0xFB, 0x36, 0xFB, 0x36, 0xFB, 0x36, 0xFB,
    0x36, 0xFB, 0x36, 0xFB, 0x36, 0xFB, 0x36, 0xFB, 0x36, 0xFB, 0x36, 0xFB, 0x36, 0xFB, 0x36, 0xFB,
    0x36, 0xFB, 0x36, 0xFB, 0x36, 0xFB, 0x36, 0xFB, 0x36, 0xFB, 0x36, 0xFB, 0x36, 0xFB, 0x36, 0xFB,
    0x36, 0xFB, 0x36, 0xFB, 0x36, 0xFB, 0x16, 0xFB, 0x57, 0xBA, 0x0F, 0x11, 0x68, 0x4D, 0x7F, 0x4D,
    0x5F, 0x55, 0x9F, 0x3A, 0x8C, 0xAD, 0x24, 0x73, 0x84, 0x33, 0x32, 0x55, 0x9F, 0xFF, 0x4D, 0x5F,
    0x4D, 0x5F, 0x4D, 0x5F, 0x4D, 0x5F, 0x4D, 0x5F, 0x4D, 0x5F, 0x4D, 0x5F, 0x4D, 0x5F, 0x4D, 0x5F,
    0x4D, 0x5F, 0x4D, 0x5F, 0x4D, 0x5F, 0x4D, 0x5F, 0x4D, 0x5F, 0x4D, 0x5F, 0x4D, 0x5F, 0x4D, 0x5F,
    0x4D, 0x5F, 0x4D, 0x5F, 0x4D, 0x5F, 0x4D, 0x5F, 0x4D, 0x5F, 0x4D, 0x5F, 0x4D, 0x5F, 0x4D, 0x5F,
    0x4D, 0x5F, 0x4D, 0x5F, 0x4D, 0x5F, 0x4D, 0x5F, 0x4D, 0x5F, 0x4D, 0x5F, 0x4D, 0x5F, 0x4D, 0x5F,
    0x4D, 0x5F, 0x4D, 0x5F, 0x4D, 0x5F, 0x4D, 0x5F, 0x4D, 0x5F, 0x4D, 0x5F, 0x4D, 0x5F, 0x4D, 0x5F,
    0x4D, 0x5F, 0x4D, 0x5F, 0x4D, 0x5F, 0x4D, 0x5F, 0x4D, 0x5F, 0x4D, 0x5F, 0x4D, 0x5F, 0x4D, 0x5F,
    0x4D, 0x5F, 0x4D, 0x5F, 0x4D, 0x5F, 0x4D, 0x5F, 0x4D, 0x5F, 0x4D, 0x5F, 0x4D, 0x5F, 0x4D, 0x5F,
    0x4D, 0x5F, 0x4D, 0x5F, 0x4D, 0x5F, 0x4D, 0x5F, 0x4D, 0x5F, 0x4D, 0x5F, 0x4D, 0x5F, 0xFF, 0x4D,
    0x5F, 0x4D, 0x5F, 0x4D, 0x5F, 0x4D, 0x5F, 0x4D, 0x5F, 0x4D, 0x5F, 0x4D, 0x5F, 0x4D, 0x5F, 0x4D,
    0x5F, 0x4D, 0x5F, 0x4D, 0x5F, 0x4D, 0x5F, 0x4D, 0x5F, 0x4D, 0x5F, 0x4D, 0x5F, 0x4D, 0x5F, 0x4D,
    0x5F, 0x4D, 0x5F, 0x4D, 0x5F, 0x4D, 0x5F, 0x4D, 0x5F, 0x4D, 0x5F, 0x4D, 0x5F, 0x4D, 0x5F, 0x4D,
    0x5F, 0x4D, 0x5F, 0x4D, 0x5F, 0x4D, 0x5F, 0x4D, 0x5F, 0x4D, 0x5F, 0x4D, 0x5F, 0x4D, 0x5F, 0x4D,
    0x5F, 0x4D, 0x5F, 0x4D, 0x5F, 0x4D, 0x5F, 0x4D, 0x5F, 0x4D, 0x5F, 0x4D, 0x5F, 0x4D, 0x5F, 0x4D,
    0x5F, 0x4D, 0x5F, 0x4D, 0x5F, 0x4D, 0x5F, 0x4D, 0x5F, 0x4D, 0x5F, 0x4D, 0x5F, 0x4D, 0x5F, 0x4D,
    0x5F, 0x4D, 0x5F, 0x4D, 0x5F, 0x4D, 0x5F, 0x4D, 0x5F, 0x4D, 0x5F, 0x4D, 0x5F, 0x4D, 0x5F, 0x4D,
    0x5F, 0x4D, 0x5F, 0x4D, 0x5F, 0x4D, 0x5F, 0x4D, 0x5F, 0x4D, 0x5F, 0x4D, 0x5F, 0x4D, 0x5F, 0xD5,
    0x4D, 0x5F, 0x4D, 0x5F, 0x4D, 0x5F, 0x4D, 0x5F, 0x4D, 0x5F, 0x4D, 0x5F, 0x4D, 0x5F, 0x4D, 0x5F,
    0x4D, 0x5F, 0x4D, 0x5F, 0x4D, 0x5F, 0x4D, 0x5F, 0x4D, 0x5F, 0x4D, 0x5F, 0x4D, 0x5F, 0x4D, 0x5F,
    0x4D, 0x5F, 0x4D, 0x5F, 0x4D, 0x5F, 0x4D, 0x5F, 0x4D, 0x5F, 0x4D, 0x5F, 0x4D, 0x5F, 0x4D, 0x5F,
    0x4D, 0x5F, 0x4D, 0x5F, 0x4D, 0x5F, 0x4D, 0x5F, 0x4D, 0x5F, 0x4D, 0x5F, 0x4D, 0x5F, 0x4D, 0x5F,
    0x4D, 0x5F, 0x4D, 0x5F, 0x4D, 0x5F, 0x4D, 0x5F, 0x4D, 0x5F, 0x4D, 0x5F, 0x4D, 0x5F, 0x4D, 0x5F,
    0x4D, 0x5F, 0x4D, 0x9F, 0x22, 0xD0, 0x0A, 0x00, 0xFF, 0x59, 0x07, 0xFB, 0x37, 0xFB, 0x16, 0xFB,
    0x36, 0xFB, 0x36, 0xFB, 0x36, 0xFB, 0x36, 0xFB, 0x36, 0xFB, 0x36, 0xFB, 0x36, 0xFB, 0x36, 0xFB,
    0x36, 0xFB, 0x36, 0xFB, 0x36, 0xFB, 0x36, 0xFB, 0x36, 0xFB, 0x36, 0xFB, 0x36, 0xFB, 0x36, 0xFB,
    0x36, 0xFB, 0x36, 0xFB, 0x36, 0xFB, 0x36, 0xFB, 0x36, 0xFB, 0x36, 0xFB, 0x36, 0xFB, 0x36, 0xFB,
    0x36, 0xFB, 0x36, 0xFB, 0x36, 0xFB, 0x36, 0xFB, 0x36, 0xFB, 0x36, 0xFB, 0x36, 0xFB, 0x36, 0xFB,
    0x36, 0xFB, 0x36, 0xFB, 0x36, 0xFB, 0x36, 0xFB, 0x36, 0xFB, 0x36, 0xFB, 0x36, 0xFB, 0x36, 0xFB,
    0x36, 0xFB, 0x36, 0xFB, 0x36, 0xFB, 0x36, 0xFB, 0x36, 0xFB, 0x36, 0xFB, 0x36, 0xFB, 0x36, 0xFB,
    0x36, 0xFB, 0x16, 0xFB, 0x57, 0xBA, 0x50, 0x11, 0x68, 0x4D, 0x7F, 0x4D, 0x5F, 0x4D, 0x5F, 0x55,
    0x9F, 0x3A, 0x8C, 0x33, 0x32, 0x55, 0x9F, 0x4D, 0x5F, 0xFF, 0x4D, 0x5F, 0x4D, 0x5F, 0x4D, 0x5F,
    0x4D, 0x5F, 0x4D, 0x5F, 0x4D, 0x5F, 0x4D, 0x5F, 0x4D, 0x5F, 0x4D, 0x5F, 0x4D, 0x5F, 0x4D, 0x5F,
    0x4D, 0x5F, 0x4D, 0x5F, 0x4D, 0x5F, 0x4D, 0x5F, 0x4D, 0x5F, 0x4D, 0x5F, 0x4D, 0x5F, 0x4D, 0x5F,
    0x4D, 0x5F, 0x4D, 0x5F, 0x4D, 0x5F, 0x4D, 0x5F, 0x4D, 0x5F, 0x4D, 0x5F, 0x4D, 0x5F, 0x4D, 0x5F,
    0x4D, 0x5F, 0x4D, 0x5F, 0x4D, 0x5F, 0x4D, 0x5F, 0x4D, 0x5F, 0x4D, 0x5F, 0x4D, 0x5F, 0x4D, 0x5F,
    0x4D, 0x5F, 0x4D, 0x5F, 0x4D, 0x5F, 0x4D, 0x5F, 0x4D, 0x5F, 0x4D, 0x5F, 0x4D, 0x5F, 0x4D, 0x5F,
    0x4D, 0x5F, 0x4D, 0x5F, 0x4D, 0x5F, 0x4D, 0x5F, 0x4D, 0x5F, 0x4D, 0x5F, 0x4D, 0x5F, 0x4D, 0x5F,
    0x4D, 0x5F, 0x4D, 0x5F, 0x4D, 0x5F, 0x4D, 0x5F, 0x4D, 0x5F, 0x4D, 0x5F, 0x4D, 0x5F, 0x4D, 0x5F,
    0x4D, 0x5F, 0x4D, 0x5F, 0x4D, 0x5F, 0x4D, 0x5F, 0x4D, 0x5F, 0xFF, 0x4D, 0x5F, 0x4D, 0x5F, 0x4D,
    0x5F, 0x4D, 0x5F, 0x4D, 0x5F, 0x4D, 0x5F, 0x4D, 0x5F, 0x4D, 0x5F, 0x4D, 0x5F, 0x4D, 0x5F, 0x4D,
    0x5F, 0x4D, 0x5F, 0x4D, 0x5F, 0x4D, 0x5F, 0x4D, 0x5F, 0x4D, 0x5F, 0x4D, 0x5F, 0x4D, 0x5F, 0x4D,
    0x5F, 0x4D, 0x5F, 0x4D, 0x5F, 0x4D, 0x5F, 0x4D, 0x5F, 0x4D, 0x5F, 0x4D, 0x5F, 0x4D, 0x5F, 0x4D,
    0x5F, 0x4D, 0x5F, 0x4D, 0x5F, 0x4D, 0x5F, 0x4D, 0x5F, 0x4D, 0x5F, 0x4D, 0x5F, 0x4D, 0x5F, 0x4D,
    0x5F, 0x4D, 0x5F, 0x4D, 0x5F, 0x4D, 0x5F, 0x4D, 0x5F, 0x4D, 0x5F, 0x4D, 0x5F, 0x4D, 0x5F, 0x4D,
    0x5F, 0x4D, 0x5F, 0x4D, 0x5F, 0x4D, 0x5F, 0x4D, 0x5F, 0x4D, 0x5F, 0x4D, 0x5F, 0x4D, 0x5F, 0x4D,
    0x5F, 0x4D, 0x5F, 0x4D, 0x5F, 0x4D, 0x5F, 0x4D, 0x5F, 0x4D, 0x5F, 0x4D, 0x5F, 0x4D, 0x5F, 0x4D,
    0x5F, 0x4D, 0x5F, 0x4D, 0x5F, 0x4D, 0x5F, 0x4D, 0x5F, 0x4D, 0x5F, 0xD5, 0x4D, 0x5F, 0x4D, 0x5F,
    0x4D, 0x5F, 0x4D, 0x5F, 0x4D, 0x5F, 0x4D, 0x5F, 0x4D, 0x5F, 0x4D, 0x5F, 0x4D, 0x5F, 0x4D, 0x5F,
    0x4D, 0x5F, 0x4D, 0x5F, 0x4D, 0x5F, 0x4D, 0x5F, 0x4D, 0x5F, 0x4D, 0x5F, 0x4D, 0x5F, 0x4D, 0x5F,
    0x4D, 0x5F, 0x4D, 0x5F, 0x4D, 0x5F, 0x4D, 0x5F, 0x4D, 0x5F, 0x4D, 0x5F, 0x4D, 0x5F, 0x4D, 0x5F,
    0x4D, 0x5F, 0x4D, 0x5F, 0x4D, 0x5F, 0x4D, 0x5F, 0x4D, 0x5F, 0x4D, 0x5F, 0x4D, 0x5F, 0x4D, 0x5F,
    0x4D, 0x5F, 0x4D, 0x5F, 0x4D, 0x5F, 0x4D, 0x5F, 0x4D, 0x5F, 0x4D, 0x5F, 0x4D, 0x5F, 0x4D, 0x9F,
    0x22, 0xD0, 0x0A, 0x00, 0xFF, 0x59, 0x07, 0xFB, 0x37, 0xFB, 0x16, 0xFB, 0x36, 0xFB, 0x36, 0xFB,
    0x36, 0xFB, 0x36, 0xFB, 0x36, 0xFB, 0x36, 0xFB, 0x36, 0xFB, 0x36, 0xFB, 0x36, 0xFB, 0x36, 0xFB,
    0x36, 0xFB, 0x36, 0xFB, 0x36, 0xFB, 0x36, 0xFB, 0x36, 0xFB, 0x36, 0xFB, 0x36, 0xFB, 0x36, 0xFB,
    0x36, 0xFB, 0x36, 0xFB, 0x36, 0xFB, 0x36, 0xFB, 0x36, 0xFB, 0x36, 0xFB, 0x36, 0xFB, 0x36, 0xFB,
    0x36, 0xFB, 0x36, 0xFB, 0x36, 0xFB, 0x36, 0xFB, 0x36, 0xFB, 0x36, 0xFB, 0x36, 0xFB, 0x36, 0xFB,
    0x36, 0xFB, 0x36, 0xFB, 0x36, 0xFB, 0x36, 0xFB, 0x36, 0xFB, 0x36, 0xFB, 0x36, 0xFB, 0x36, 0xFB,
    0x36, 0xFB, 0x36, 0xFB, 0x36, 0xFB, 0x36, 0xFB, 0x36, 0xFB, 0x36, 0xFB, 0x36, 0xFB, 0x16, 0xFB,
    0x37, 0xCA, 0x91, 0x11, 0x68, 0x4D, 0x5F, 0x4D, 0x5F, 0x4D, 0x3F, 0x55, 0x9F, 0x22, 0x6E, 0x33,
    0x32, 0x55, 0x9F, 0x4D, 0x5F, 0xFF, 0x4D, 0x5F, 0x4D, 0x5F, 0x4D, 0x5F, 0x4D, 0x5F, 0x4D, 0x5F,
    0x4D, 0x5F, 0x4D, 0x5F, 0x4D, 0x5F, 0x4D, 0x5F, 0x4D, 0x5F, 0x4D, 0x5F, 0x4D, 0x5F, 0x4D, 0x5F,
    0x4D, 0x5F, 0x4D, 0x5F, 0x4D, 0x5F, 0x4D, 0x5F, 0x4D, 0x5F, 0x4D, 0x5F, 0x4D, 0x5F, 0x4D, 0x5F,
    0x4D, 0x5F, 0x4D, 0x5F, 0x4D, 0x5F, 0x4D, 0x5F, 0x4D, 0x5F, 0x4D, 0x5F, 0x4D, 0x5F, 0x4D, 0x5F,
    0x4D, 0x5F, 0x4D, 0x5F, 0x4D, 0x5F, 0x4D, 0x5F, 0x4D, 0x5F, 0x4D, 0x5F, 0x4D, 0x5F, 0x4D, 0x5F,
    0x4D, 0x5F, 0x4D, 0x5F, 0x4D, 0x5F, 0x4D, 0x5F, 0x4D, 0x5F, 0x4D, 0x5F, 0x4D, 0x5F, 0x4D, 0x5F,
    0x4D, 0x5F, 0x4D, 0x5F, 0x4D, 0x5F, 0x4D, 0x5F, 0x4D, 0x5F, 0x4D, 0x5F, 0x4D, 0x5F, 0x4D, 0x5F,
    0x4D, 0x5F, 0x4D, 0x5F, 0x4D, 0x5F, 0x4D, 0x5F, 0x4D, 0x5F, 0x4D, 0x5F, 0x4D, 0x5F, 0x4D, 0x5F,
    0x4D, 0x5F, 0x4D, 0x5F, 0x4D, 0x5F, 0xFF, 0x4D, 0x5F, 0x4D, 0x5F, 0x4D, 0x5F, 0x4D, 0x5F, 0x4D,
    0x5F, 0x4D, 0x5F, 0x4D, 0x5F, 0x4D, 0x5F, 0x4D, 0x5F, 0x4D, 0x5F, 0x4D, 0x5F, 0x4D, 0x5F, 0x4D,
    0x5F, 0x4D, 0x5F, 0x4D, 0x5F, 0x4D, 0x5F, 0x4D, 0x5F, 0x4D, 0x5F, 0x4D, 0x5F, 0x4D, 0x5F, 0x4D,
    0x5F, 0x4D, 0x5F, 0x4D, 0x5F, 0x4D, 0x5F, 0x4D, 0x5F, 0x4D, 0x5F, 0x4D, 0x5F, 0x4D, 0x5F, 0x4D,
    0x5F, 0x4D, 0x5F, 0x4D, 0x5F, 0x4D, 0x5F, 0x4D, 0x5F, 0x4D, 0x5F, 0x4D, 0x5F, 0x4D, 0x5F, 0x4D,
    0x5F, 0x4D, 0x5F, 0x4D, 0x5F, 0x4D, 0x5F, 0x4D, 0x5F, 0x4D, 0x5F, 0x4D, 0x5F, 0x4D, 0x5F, 0x4D,
    0x5F, 0x4D, 0x5F, 0x4D, 0x5F, 0x4D, 0x5F, 0x4D, 0x5F, 0x4D, 0x5F, 0x4D, 0x5F, 0x4D, 0x5F, 0x4D,
    0x5F, 0x4D, 0x5F, 0x4D, 0x5F, 0x4D, 0x5F, 0x4D, 0x5F, 0x4D, 0x5F, 0x4D, 0x5F, 0x4D, 0x5F, 0x4D,
    0x5F, 0x4D, 0x5F, 0x4D, 0x5F, 0x4D, 0x5F, 0xD5, 0x4D, 0x5F, 0x4D, 0x5F, 0x4D, 0x5F, 0x4D, 0x5F,
    0x4D, 0x5F, 0x4D, 0x5F, 0x4D, 0x5F, 0x4D, 0x5F, 0x4D, 0x5F, 0x4D, 0x5F, 0x4D, 0x5F, 0x4D, 0x5F,
    0x4D, 0x5F, 0x4D, 0x5F, 0x4D, 0x5F, 0x4D, 0x5F, 0x4D, 0x5F, 0x4D, 0x5F, 0x4D, 0x5F, 0x4D, 0x5F,
    0x4D, 0x5F, 0x4D, 0x5F, 0x4D, 0x5F, 0x4D, 0x5F, 0x4D, 0x5F, 0x4D, 0x5F, 0x4D, 0x5F, 0x4D, 0x5F,
    0x4D, 0x5F, 0x4D, 0x5F, 0x4D, 0x5F, 0x4D, 0x5F, 0x4D, 0x5F, 0x4D, 0x5F, 0x4D, 0x5F, 0x4D, 0x5F,
    0x4D, 0x5F, 0x4D, 0x5F, 0x4D, 0x5F, 0x4D, 0x5F, 0x4D, 0x5F, 0x4D, 0x9F, 0x22, 0xD0, 0x0A, 0x00,
    0xFF, 0x48, 0xE6, 0xFB, 0x37, 0xFB, 0x16, 0xFB, 0x36, 0xFB, 0x36, 0xFB, 0x36, 0xFB, 0x36, 0xFB,
    0x36, 0xFB, 0x36, 0xFB, 0x36, 0xFB, 0x36, 0xFB, 0x36, 0xFB, 0x36, 0xFB, 0x36, 0xFB, 0x36, 0xFB,
    0x36, 0xFB, 0x36, 0xFB, 0x36, 0xFB, 0x36, 0xFB, 0x36, 0xFB, 0x36, 0xFB, 0x36, 0xFB, 0x36, 0xFB,
    0x36, 0xFB, 0x36, 0xFB, 0x36, 0xFB, 0x36, 0xFB, 0x36, 0xFB, 0x36, 0xFB, 0x36, 0xFB, 0x36, 0xFB,
    0x36, 0xFB, 0x36, 0xFB, 0x36, 0xFB, 0x36, 0xFB, 0x36, 0xFB, 0x36, 0xFB, 0x36, 0xFB, 0x36, 0xFB,
    0x36, 0xFB, 0x36, 0xFB, 0x36, 0xFB, 0x36, 0xFB, 0x36, 0xFB, 0x36, 0xFB, 0x36, 0xFB, 0x36, 0xFB,
    0x36, 0xFB, 0x36, 0xFB, 0x36, 0xFB, 0x36, 0xFB, 0x36, 0xFB, 0x16, 0xFB, 0x37, 0xD2, 0xB3, 0x09,
    0x06, 0x4D, 0x1D, 0x4D, 0x7F, 0x4D, 0x5F, 0x4D, 0x5F, 0x4D, 0x3F, 0x4D, 0x3F, 0x4D, 0x5F, 0x4D,
    0x5F, 0xFF, 0x4D, 0x5F, 0x4D, 0x5F, 0x4D, 0x5F, 0x4D, 0x5F, 0x4D, 0x5F, 0x4D, 0x5F, 0x4D, 0x5F,
    0x4D, 0x5F, 0x4D, 0x5F, 0x4D, 0x5F, 0x4D, 0x5F, 0x4D, 0x5F, 0x4D, 0x5F, 0x4D, 0x5F, 0x4D, 0x5F,
    0x4D, 0x5F, 0x4D, 0x5F, 0x4D, 0x5F, 0x4D, 0x5F, 0x4D, 0x5F, 0x4D, 0x5F, 0x4D, 0x5F, 0x4D, 0x5F,
    0x4D, 0x5F, 0x4D, 0x5F, 0x4D, 0x5F, 0x4D, 0x5F, 0x4D, 0x5F, 0x4D, 0x5F, 0x4D, 0x5F, 0x4D, 0x5F,
    0x4D, 0x5F, 0x4D, 0x5F, 0x4D, 0x5F, 0x4D, 0x5F, 0x4D, 0x5F, 0x4D, 0x5F, 0x4D, 0x5F, 0x4D, 0x5F,
    0x4D, 0x5F, 0x4D, 0x5F, 0x4D, 0x5F, 0x4D, 0x5F, 0x4D, 0x5F, 0x4D, 0x5F, 0x4D, 0x5F, 0x4D, 0x5F,
    0x4D, 0x5F, 0x4D, 0x5F, 0x4D, 0x5F, 0x4D, 0x5F, 0x4D, 0x5F, 0x4D, 0x5F, 0x4D, 0x5F, 0x4D, 0x5F,
    0x4D, 0x5F, 0x4D, 0x5F, 0x4D, 0x5F, 0x4D, 0x5F, 0x4D, 0x5F, 0x4D, 0x5F, 0x4D, 0x5F, 0x4D, 0x5F,
    0x4D, 0x5F, 0xFF, 0x4D, 0x5F, 0x4D, 0x5F, 0x4D, 0x5F, 0x4D, 0x5F, 0x4D, 0x5F, 0x4D, 0x5F, 0x4D,
    0x5F, 0x4D, 0x5F, 0x4D, 0x5F, 0x4D, 0x5F, 0x4D, 0x5F, 0x4D, 0x5F, 0x4D, 0x5F, 0x4D, 0x5F, 0x4D,
    0x5F, 0x4D, 0x5F, 0x4D, 0x5F, 0x4D, 0x5F, 0x4D, 0x5F, 0x4D, 0x5F, 0x4D, 0x5F, 0x4D, 0x5F, 0x4D,
    0x5F, 0x4D, 0x5F, 0x4D, 0x5F, 0x4D, 0x5F, 0x4D, 0x5F, 0x4D, 0x5F, 0x4D, 0x5F, 0x4D, 0x5F, 0x4D,
    0x5F, 0x4D, 0x5F, 0x4D, 0x5F, 0x4D, 0x5F, 0x4D, 0x5F, 0x4D, 0x5F, 0x4D, 0x5F, 0x4D, 0x5F, 0x4D,
    0x5F, 0x4D, 0x5F, 0x4D, 0x5F, 0x4D, 0x5F, 0x4D, 0x5F, 0x4D, 0x5F, 0x4D, 0x5F, 0x4D, 0x5F, 0x4D,
    0x5F, 0x4D, 0x5F, 0x4D, 0x5F, 0x4D, 0x5F, 0x4D, 0x5F, 0x4D, 0x5F, 0x4D, 0x5F, 0x4D, 0x5F, 0x4D,
    0x5F, 0x4D, 0x5F, 0x4D, 0x5F, 0x4D, 0x5F, 0x4D, 0x5F, 0x4D, 0x5F, 0x4D, 0x5F, 0x4D, 0x5F, 0x4D,
    0x5F, 0x4D, 0x5F, 0xD5, 0x4D, 0x5F, 0x4D, 0x5F, 0x4D, 0x5F, 0x4D, 0x5F, 0x4D, 0x5F, 0x4D, 0x5F,
    0x4D, 0x5F, 0x4D, 0x5F, 0x4D, 0x5F, 0x4D, 0x5F, 0x4D, 0x5F, 0x4D, 0x5F, 0x4D, 0x5F, 0x4D, 0x5F,
    0x4D, 0x5F, 0x4D, 0x5F, 0x4D, 0x5F, 0x4D, 0x5F, 0x4D, 0x5F, 0x4D, 0x5F, 0x4D, 0x5F, 0x4D, 0x5F,
    0x4D, 0x5F, 0x4D, 0x5F, 0x4D, 0x5F, 0x4D, 0x5F, 0x4D, 0x5F, 0x4D, 0x5F, 0x4D, 0x5F, 0x4D, 0x5F,
    0x4D, 0x5F, 0x4D, 0x5F, 0x4D, 0x5F, 0x4D, 0x5F, 0x4D, 0x5F, 0x4D, 0x5F, 0x4D, 0x5F, 0x4D, 0x5F,
    0x4D, 0x5F, 0x4D, 0x5F, 0x4D, 0x5F, 0x4D, 0x9F, 0x22, 0xD0, 0x0A, 0x00, 0xFF, 0x48, 0xE6, 0xFB,
    0x37, 0xFB, 0x16, 0xFB, 0x36, 0xFB, 0x36, 0xFB, 0x36, 0xFB, 0x36, 0xFB, 0x36, 0xFB, 0x36, 0xFB,
    0x36, 0xFB, 0x36, 0xFB, 0x36, 0xFB, 0x36, 0xFB, 0x36, 0xFB, 0x36, 0xFB, 0x36, 0xFB, 0x36, 0xFB,
    0x36, 0xFB, 0x36, 0xFB, 0x36, 0xFB, 0x36, 0xFB, 0x36, 0xFB, 0x36, 0xFB, 0x36, 0xFB, 0x36, 0xFB,
    0x36, 0xFB, 0x36, 0xFB, 0x36, 0xFB, 0x36, 0xFB, 0x36, 0xFB, 0x36, 0xFB, 0x36, 0xFB, 0x36, 0xFB,
    0x36, 0xFB, 0x36, 0xFB, 0x36, 0xFB, 0x36, 0xFB, 0x36, 0xFB, 0x36, 0xFB, 0x36, 0xFB, 0x36, 0xFB,
    0x36, 0xFB, 0x36, 0xFB, 0x36, 0xFB, 0x36, 0xFB, 0x36, 0xFB, 0x36, 0xFB, 0x36, 0xFB, 0x36, 0xFB,
    0x36, 0xFB, 0x36, 0xFB, 0x36, 0xFB, 0x36, 0xFB, 0x37, 0xE2, 0xD4, 0x09, 0x06, 0x44, 0x9B, 0x4D,
    0x7F, 0x4D, 0x5F, 0x4D, 0x5F, 0x4D, 0x5F, 0x4D, 0x5F, 0x4D, 0x5F, 0x4D, 0x5F, 0xFF, 0x4D, 0x5F,
    0x4D, 0x5F, 0x4D, 0x5F, 0x4D, 0x5F, 0x4D, 0x5F, 0x4D, 0x5F, 0x4D, 0x5F, 0x4D, 0x5F, 0x4D, 0x5F,
    0x4D, 0x5F, 0x4D, 0x5F, 0x4D, 0x5F, 0x4D, 0x5F, 0x4D, 0x5F, 0x4D, 0x5F, 0x4D, 0x5F, 0x4D, 0x5F,
    0x4D, 0x5F, 0x4D, 0x5F, 0x4D, 0x5F, 0x4D, 0x5F, 0x4D, 0x5F, 0x4D, 0x5F, 0x4D, 0x5F, 0x4D, 0x5F,
    0x4D, 0x5F, 0x4D, 0x5F, 0x4D, 0x5F, 0x4D, 0x5F, 0x4D, 0x5F, 0x4D, 0x5F, 0x4D, 0x5F, 0x4D, 0x5F,
    0x4D, 0x5F, 0x4D, 0x5F, 0x4D, 0x5F, 0x4D, 0x5F, 0x4D, 0x5F, 0x4D, 0x5F, 0x4D, 0x5F, 0x4D, 0x5F,
    0x4D, 0x5F, 0x4D, 0x5F, 0x4D, 0x5F, 0x4D, 0x5F, 0x4D, 0x5F, 0x4D, 0x5F, 0x4D, 0x5F, 0x4D, 0x5F,
    0x4D, 0x5F, 0x4D, 0x5F, 0x4D, 0x5F, 0x4D, 0x5F, 0x4D, 0x5F, 0x4D, 0x5F, 0x4D, 0x5F, 0x4D, 0x5F,
    0x4D, 0x5F, 0x4D, 0x5F, 0x4D, 0x5F, 0x4D, 0x5F, 0x4D, 0x5F, 0x4D, 0x5F, 0x4D, 0x5F, 0xFF, 0x4D,
    0x5F, 0x4D, 0x5F, 0x4D, 0x5F, 0x4D, 0x5F, 0x4D, 0x5F, 0x4D, 0x5F, 0x4D, 0x5F, 0x4D, 0x5F, 0x4D,
    0x5F, 0x4D, 0x5F, 0x4D, 0x5F, 0x4D, 0x5F, 0x4D, 0x5F, 0x4D, 0x5F, 0x4D, 0x5F, 0x4D, 0x5F, 0x4D,
    0x5F, 0x4D, 0x5F, 0x4D, 0x5F, 0x4D, 0x5F, 0x4D, 0x5F, 0x4D, 0x5F, 0x4D, 0x5F, 0x4D, 0x5F, 0x4D,
    0x5F, 0x4D, 0x5F, 0x4D, 0x5F, 0x4D, 0x5F, 0x4D, 0x5F, 0x4D, 0x5F, 0x4D, 0x5F, 0x4D, 0x5F, 0x4D,
    0x5F, 0x4D, 0x5F, 0x4D, 0x5F, 0x4D, 0x5F, 0x4D, 0x5F, 0x4D, 0x5F, 0x4D, 0x5F, 0x4D, 0x5F, 0x4D,
    0x5F, 0x4D, 0x5F, 0x4D, 0x5F, 0x4D, 0x5F, 0x4D, 0x5F, 0x4D, 0x5F, 0x4D, 0x5F, 0x4D, 0x5F, 0x4D,
    0x5F, 0x4D, 0x5F, 0x4D, 0x5F, 0x4D, 0x5F, 0x4D, 0x5F, 0x4D, 0x5F, 0x4D, 0x5F, 0x4D, 0x5F, 0x4D,
    0x5F, 0x4D, 0x5F, 0x4D, 0x5F, 0x4D, 0x5F, 0x4D, 0x5F, 0x4D, 0x5F, 0x4D, 0x5F, 0x4D, 0x5F, 0xD5,
    0x4D, 0x5F, 0x4D, 0x5F, 0x4D, 0x5F, 0x4D, 0x5F, 0x4D, 0x5F, 0x4D, 0x5F, 0x4D, 0x5F, 0x4D, 0x5F,
    0x4D, 0x5F, 0x4D, 0x5F, 0x4D, 0x5F, 0x4D, 0x5F, 0x4D, 0x5F, 0x4D, 0x5F, 0x4D, 0x5F, 0x4D, 0x5F,
    0x4D, 0x5F, 0x4D, 0x5F, 0x4D, 0x5F, 0x4D, 0x5F, 0x4D, 0x5F, 0x4D, 0x5F, 0x4D, 0x5F, 0x4D, 0x5F,
    0x4D, 0x5F, 0x4D, 0x5F, 0x4D, 0x5F, 0x4D, 0x5F, 0x4D, 0x5F, 0x4D, 0x5F, 0x4D, 0x5F, 0x4D, 0x5F,
    0x4D, 0x5F, 0x4D, 0x5F, 0x4D, 0x5F, 0x4D, 0x5F, 0x4D, 0x5F, 0x4D, 0x5F, 0x4D, 0x5F, 0x4D, 0x5F,
    0x4D, 0x5F, 0x4D, 0x9F, 0x22, 0xD0, 0x0A, 0x00, 0xFF, 0x48, 0xE6, 0xFB, 0x37, 0xFB, 0x36, 0xFB,
    0x36, 0xFB, 0x36, 0xFB, 0x36, 0xFB, 0x36, 0xFB, 0x36, 0xFB, 0x36, 0xFB, 0x36, 0xFB, 0x36, 0xFB,
    0x36, 0xFB, 0x36, 0xFB, 0x36, 0xFB, 0x36, 0xFB, 0x36, 0xFB, 0x36, 0xFB, 0x36, 0xFB, 0x36, 0xFB,
    0x36, 0xFB, 0x36, 0xFB, 0x36, 0xFB, 0x36, 0xFB, 0x36, 0xFB, 0x36, 0xFB, 0x36, 0xFB, 0x36, 0xFB,
    0x36, 0xFB, 0x36, 0xFB, 0x36, 0xFB, 0x36, 0xFB, 0x36, 0xFB, 0x36, 0xFB, 0x36, 0xFB, 0x36, 0xFB,
    0x36, 0xFB, 0x36, 0xFB, 0x36, 0xFB, 0x36, 0xFB, 0x36, 0xFB, 0x36, 0xFB, 0x36, 0xFB, 0x36, 0xFB,
    0x36, 0xFB, 0x36, 0xFB, 0x36, 0xFB, 0x36, 0xFB, 0x36, 0xFB, 0x36, 0xFB, 0x36, 0xFB, 0x36, 0xFB,
    0x36, 0xFB, 0x36, 0xFB, 0x36, 0xF2, 0xF5, 0x30, 0xA5, 0x44, 0x9B, 0x4D, 0x9F, 0x4D, 0x5F, 0x4D,
    0x5F, 0x4D, 0x5F, 0x4D, 0x5F, 0x4D, 0x5F, 0x4D, 0x5F, 0xFF, 0x4D, 0x5F, 0x4D, 0x5F, 0x4D, 0x5F,
    0x4D, 0x5F, 0x4D, 0x5F, 0x4D, 0x5F, 0x4D, 0x5F, 0x4D, 0x5F, 0x4D, 0x5F, 0x4D, 0x5F, 0x4D, 0x5F,
    0x4D, 0x5F, 0x4D, 0x5F, 0x4D, 0x5F, 0x4D, 0x5F, 0x4D, 0x5F, 0x4D, 0x5F, 0x4D, 0x5F, 0x4D, 0x5F,
    0x4D, 0x5F, 0x4D, 0x5F, 0x4D, 0x5F, 0x4D, 0x5F, 0x4D, 0x5F, 0x4D, 0x5F, 0x4D, 0x5F, 0x4D, 0x5F,
    0x4D, 0x5F, 0x4D, 0x5F, 0x4D, 0x5F, 0x4D, 0x5F, 0x4D, 0x5F, 0x4D, 0x5F, 0x4D, 0x5F, 0x4D, 0x5F,
    0x4D, 0x5F, 0x4D, 0x5F, 0x4D, 0x5F, 0x4D, 0x5F, 0x4D, 0x5F, 0x4D, 0x5F, 0x4D, 0x5F, 0x4D, 0x5F,
    0x4D, 0x5F, 0x4D, 0x5F, 0x4D, 0x5F, 0x4D, 0x5F, 0x4D, 0x5F, 0x4D, 0x5F, 0x4D, 0x5F, 0x4D, 0x5F,
    0x4D, 0x5F, 0x4D, 0x5F, 0x4D, 0x5F, 0x4D, 0x5F, 0x4D, 0x5F, 0x4D, 0x5F, 0x4D, 0x5F, 0x4D, 0x5F,
    0x4D, 0x5F, 0x4D, 0x5F, 0x4D, 0x5F, 0x4D, 0x5F, 0x4D, 0x5F, 0xFF, 0x4D, 0x5F, 0x4D, 0x5F, 0x4D,
    0x5F, 0x4D, 0x5F, 0x4D, 0x5F, 0x4D, 0x5F, 0x4D, 0x5F, 0x4D, 0x5F, 0x4D, 0x5F, 0x4D, 0x5F, 0x4D,
    0x5F, 0x4D, 0x5F, 0x4D, 0x5F, 0x4D, 0x5F, 0x4D, 0x5F, 0x4D, 0x5F, 0x4D, 0x5F, 0x4D, 0x5F, 0x4D,
    0x5F, 0x4D, 0x5F, 0x4D, 0x5F, 0x4D, 0x5F, 0x4D, 0x5F, 0x4D, 0x5F, 0x4D, 0x5F, 0x4D, 0x5F, 0x4D,
    0x5F, 0x4D, 0x5F, 0x4D, 0x5F, 0x4D, 0x5F, 0x4D, 0x5F, 0x4D, 0x5F, 0x4D, 0x5F, 0x4D, 0x5F, 0x4D,
    0x5F, 0x4D, 0x5F, 0x4D, 0x5F, 0x4D, 0x5F, 0x4D, 0x5F, 0x4D, 0x5F, 0x4D, 0x5F, 0x4D, 0x5F, 0x4D,
    0x5F, 0x4D, 0x5F, 0x4D, 0x5F, 0x4D, 0x5F, 0x4D, 0x5F, 0x4D, 0x5F, 0x4D, 0x5F, 0x4D, 0x5F, 0x4D,
    0x5F, 0x4D, 0x5F, 0x4D, 0x5F, 0x4D, 0x5F, 0x4D, 0x5F, 0x4D, 0x5F, 0x4D, 0x5F, 0x4D, 0x5F, 0x4D,
    0x5F, 0x4D, 0x5F, 0x4D, 0x5F, 0x4D, 0x5F, 0x4D, 0x5F, 0x4D, 0x5F, 0xD5, 0x4D, 0x5F, 0x4D, 0x5F,
    0x4D, 0x5F, 0x4D, 0x5F, 0x4D, 0x5F, 0x4D, 0x5F, 0x4D, 0x5F, 0x4D, 0x5F, 0x4D, 0x5F, 0x4D, 0x5F,
    0x4D, 0x5F, 0x4D, 0x5F, 0x4D, 0x5F, 0x4D, 0x5F, 0x4D, 0x5F, 0x4D, 0x5F, 0x4D, 0x5F, 0x4D, 0x5F,
    0x4D, 0x5F, 0x4D, 0x5F, 0x4D, 0x5F, 0x4D, 0x5F, 0x4D, 0x5F, 0x4D, 0x5F, 0x4D, 0x5F, 0x4D, 0x5F,
    0x4D, 0x5F, 0x4D, 0x5F, 0x4D, 0x5F, 0x4D, 0x5F, 0x4D, 0x5F, 0x4D, 0x5F, 0x4D, 0x5F, 0x4D, 0x5F,
    0x4D, 0x5F, 0x4D, 0x5F, 0x4D, 0x5F, 0x4D, 0x5F, 0x4D, 0x5F, 0x4D, 0x5F, 0x4D, 0x5F, 0x55, 0x9F,
    0x22, 0xD0, 0x0A, 0x00, 0xFF, 0x48, 0xE6, 0xFB, 0x37, 0xFB, 0x36, 0xFB, 0x36, 0xFB, 0x36, 0xFB,
    0x36, 0xFB, 0x36, 0xFB, 0x36, 0xFB, 0x36, 0xFB, 0x36, 0xFB, 0x36, 0xFB, 0x36, 0xFB, 0x36, 0xFB,
    0x36, 0xFB, 0x36, 0xFB, 0x36, 0xFB, 0x36, 0xFB, 0x36, 0xFB, 0x36, 0xFB, 0x36, 0xFB, 0x36, 0xFB,
    0x36, 0xFB, 0x36, 0xFB, 0x36, 0xFB, 0x36, 0xFB, 0x36, 0xFB, 0x36, 0xFB, 0x36, 0xFB, 0x36, 0xFB,
    0x36, 0xFB, 0x36, 0xFB, 0x36, 0xFB, 0x36, 0xFB, 0x36, 0xFB, 0x36, 0xFB, 0x36, 0xFB, 0x36, 0xFB,
    0x36, 0xFB, 0x36, 0xFB, 0x36, 0xFB, 0x36, 0xFB, 0x36, 0xFB, 0x36, 0xFB, 0x36, 0xFB, 0x36, 0xFB,
    0x36, 0xFB, 0x36, 0xFB, 0x36, 0xFB, 0x36, 0xFB, 0x36, 0xFB, 0x36, 0xFB, 0x36, 0xFB, 0x36, 0xFB,
    0x36, 0xF2, 0xF5, 0x30, 0xA5, 0x44, 0x9B, 0x4D, 0x9F, 0x4D, 0x5F, 0x4D, 0x5F, 0x4D, 0x5F, 0x4D,
    0x5F, 0x4D, 0x5F, 0x4D, 0x5F, 0xFF, 0x4D, 0x5F, 0x4D, 0x5F, 0x4D, 0x5F, 0x4D, 0x5F, 0x4D, 0x5F,
    0x4D, 0x5F, 0x4D, 0x5F, 0x4D, 0x5F, 0x4D, 0x5F, 0x4D, 0x5F, 0x4D, 0x5F, 0x4D, 0x5F, 0x4D, 0x5F,
    0x4D, 0x5F, 0x4D, 0x5F, 0x4D, 0x5F, 0x4D, 0x5F, 0x4D, 0x5F, 0x4D, 0x5F, 0x4D, 0x5F, 0x4D, 0x5F,
    0x4D, 0x5F, 0x4D, 0x5F, 0x4D, 0x5F, 0x4D, 0x5F, 0x4D, 0x5F, 0x4D, 0x5F, 0x4D, 0x5F, 0x4D, 0x5F,
    0x4D, 0x5F, 0x4D, 0x5F, 0x4D, 0x5F, 0x4D, 0x5F, 0x4D, 0x5F, 0x4D, 0x5F, 0x4D, 0x5F, 0x4D, 0x5F,
    0x4D, 0x5F, 0x4D, 0x5F, 0x4D, 0x5F, 0x4D, 0x5F, 0x4D, 0x5F, 0x4D, 0x5F, 0x4D, 0x5F, 0x4D, 0x5F,
    0x4D, 0x5F, 0x4D, 0x5F, 0x4D, 0x5F, 0x4D, 0x5F, 0x4D, 0x5F, 0x4D, 0x5F, 0x4D, 0x5F, 0x4D, 0x5F,
    0x4D, 0x5F, 0x4D, 0x5F, 0x4D, 0x5F, 0x4D, 0x5F, 0x4D, 0x5F, 0x4D, 0x5F, 0x4D, 0x5F, 0x4D, 0x5F,
    0x4D, 0x5F, 0x4D, 0x5F, 0x4D, 0x5F, 0xFF, 0x4D, 0x5F, 0x4D, 0x5F, 0x4D, 0x5F, 0x4D, 0x5F, 0x4D,
    0x5F, 0x4D, 0x5F, 0x4D, 0x5F, 0x4D, 0x5F, 0x4D, 0x5F, 0x4D, 0x5F, 0x4D, 0x5F, 0x4D, 0x5F, 0x4D,
    0x5F, 0x4D, 0x5F, 0x4D, 0x5F, 0x4D, 0x5F, 0x4D, 0x5F, 0x4D, 0x5F, 0x4D, 0x5F, 0x4D, 0x5F, 0x4D,
    0x5F, 0x4D, 0x5F, 0x4D, 0x5F, 0x4D, 0x5F, 0x4D, 0x5F, 0x4D, 0x5F, 0x4D, 0x5F, 0x4D, 0x5F, 0x4D,
    0x5F, 0x4D, 0x5F, 0x4D, 0x5F, 0x4D, 0x5F, 0x4D, 0x5F, 0x4D, 0x5F, 0x4D, 0x5F, 0x4D, 0x5F, 0x4D,
    0x5F, 0x4D, 0x5F, 0x4D, 0x5F, 0x4D, 0x5F, 0x4D, 0x5F, 0x4D, 0x5F, 0x4D, 0x5F, 0x4D, 0x5F, 0x4D,
    0x5F, 0x4D, 0x5F, 0x4D, 0x5F, 0x4D, 0x5F, 0x4D, 0x5F, 0x4D, 0x5F, 0x4D, 0x5F, 0x4D, 0x5F, 0x4D,
    0x5F, 0x4D, 0x5F, 0x4D, 0x5F, 0x4D, 0x5F, 0x4D, 0x5F, 0x4D, 0x5F, 0x4D, 0x5F, 0x4D, 0x5F, 0x4D,
    0x5F, 0x4D, 0x5F, 0x4D, 0x5F, 0x4D, 0x5F, 0xD5, 0x4D, 0x5F, 0x4D, 0x5F, 0x4D, 0x5F, 0x4D, 0x5F,
    0x4D, 0x5F, 0x4D, 0x5F, 0x4D, 0x5F, 0x4D, 0x5F, 0x4D, 0x5F, 0x4D, 0x5F, 0x4D, 0x5F, 0x4D, 0x5F,
    0x4D, 0x5F, 0x4D, 0x5F, 0x4D, 0x5F, 0x4D, 0x5F, 0x4D, 0x5F, 0x4D, 0x5F, 0x4D, 0x5F, 0x4D, 0x5F,
    0x4D, 0x5F, 0x4D, 0x5F, 0x4D, 0x5F, 0x4D, 0x5F, 0x4D, 0x5F, 0x4D, 0x5F, 0x4D, 0x5F, 0x4D, 0x5F,
    0x4D, 0x5F, 0x4D, 0x5F, 0x4D, 0x5F, 0x4D, 0x5F, 0x4D, 0x5F, 0x4D, 0x5F, 0x4D, 0x5F, 0x4D, 0x5F,
    0x4D, 0x5F, 0x4D, 0x5F, 0x4D, 0x5F, 0x4D, 0x5F, 0x4D, 0x5F, 0x4D, 0x9F, 0x3B, 0xF7, 0x0A, 0x00,
    0xFF, 0x48, 0xE6, 0xFB, 0x37, 0xFB, 0x36, 0xFB, 0x36, 0xFB, 0x36, 0xFB, 0x36, 0xFB, 0x36, 0xFB,
    0x36, 0xFB, 0x36, 0xFB, 0x36, 0xFB, 0x36, 0xFB, 0x36, 0xFB, 0x36, 0xFB, 0x36, 0xFB, 0x36, 0xFB,
    0x36, 0xFB, 0x36, 0xFB, 0x36, 0xFB, 0x36, 0xFB, 0x36, 0xFB, 0x36, 0xFB, 0x36, 0xFB, 0x36, 0xFB,
    0x36, 0xFB, 0x36, 0xFB, 0x36, 0xFB, 0x36, 0xFB, 0x36, 0xFB, 0x36, 0xFB, 0x36, 0xFB, 0x36, 0xFB,
    0x36, 0xFB, 0x36, 0xFB, 0x36, 0xFB, 0x36, 0xFB, 0x36, 0xFB, 0x36, 0xFB, 0x36, 0xFB, 0x36, 0xFB,
    0x36, 0xFB, 0x36, 0xFB, 0x36, 0xFB, 0x36, 0xFB, 0x36, 0xFB, 0x36, 0xFB, 0x36, 0xFB, 0x36, 0xFB,
    0x36, 0xFB, 0x36, 0xFB, 0x36, 0xFB, 0x36, 0xFB, 0x36, 0xFB, 0x36, 0xFB, 0x36, 0xF2, 0xF5, 0x30,
    0xA5, 0x44, 0x58, 0x4D, 0x9F, 0x4D, 0x5F, 0x4D, 0x5F, 0x4D, 0x5F, 0x4D, 0x5F, 0x4D, 0x5F, 0x4D,
    0x5F, 0xFF, 0x4D, 0x5F, 0x4D, 0x5F, 0x4D, 0x5F, 0x4D, 0x5F, 0x4D, 0x5F, 0x4D, 0x5F, 0x4D, 0x5F,
    0x4D, 0x5F, 0x4D, 0x5F, 0x4D, 0x5F, 0x4D, 0x5F, 0x4D, 0x5F, 0x4D, 0x5F, 0x4D, 0x5F, 0x4D, 0x5F,
    0x4D, 0x5F, 0x4D, 0x5F, 0x4D, 0x5F, 0x4D, 0x5F, 0x4D, 0x5F, 0x4D, 0x5F, 0x4D, 0x5F, 0x4D, 0x5F,
    0x4D, 0x5F, 0x4D, 0x5F, 0x4D, 0x5F, 0x4D, 0x5F, 0x4D, 0x5F, 0x4D, 0x5F, 0x4D, 0x5F, 0x4D, 0x5F,
    0x4D, 0x5F, 0x4D, 0x5F, 0x4D, 0x5F, 0x4D, 0x5F, 0x4D, 0x5F, 0x4D, 0x5F, 0x4D, 0x5F, 0x4D, 0x5F,
    0x4D, 0x5F, 0x4D, 0x5F, 0x4D, 0x5F, 0x4D, 0x5F, 0x4D, 0x5F, 0x4D, 0x5F, 0x4D, 0x5F, 0x4D, 0x5F,
    0x4D, 0x5F, 0x4D, 0x5F, 0x4D, 0x5F, 0x4D, 0x5F, 0x4D, 0x5F, 0x4D, 0x5F, 0x4D, 0x5F, 0x4D, 0x5F,
    0x4D, 0x5F, 0x4D, 0x5F, 0x4D, 0x5F, 0x4D, 0x5F, 0x4D, 0x5F, 0x4D, 0x5F, 0x4D, 0x5F, 0x4D, 0x5F,
    0x4D, 0x5F, 0xFF, 0x4D, 0x5F, 0x4D, 0x5F, 0x4D, 0x5F, 0x4D, 0x5F, 0x4D, 0x5F, 0x4D, 0x5F, 0x4D,
    0x5F, 0x4D, 0x5F, 0x4D, 0x5F, 0x4D, 0x5F, 0x4D, 0x5F, 0x4D, 0x5F, 0x4D, 0x5F, 0x4D, 0x5F, 0x4D,
    0x5F, 0x4D, 0x5F, 0x4D, 0x5F, 0x4D, 0x5F, 0x4D, 0x5F, 0x4D, 0x5F, 0x4D, 0x5F, 0x4D, 0x5F, 0x4D,
    0x5F, 0x4D, 0x5F, 0x4D, 0x5F, 0x4D, 0x5F, 0x4D, 0x5F, 0x4D, 0x5F, 0x4D, 0x5F, 0x4D, 0x5F, 0x4D,
    0x5F, 0x4D, 0x5F, 0x4D, 0x5F, 0x4D, 0x5F, 0x4D, 0x5F, 0x4D, 0x5F, 0x4D, 0x5F, 0x4D, 0x5F, 0x4D,
    0x5F, 0x4D, 0x5F, 0x4D, 0x5F, 0x4D, 0x5F, 0x4D, 0x5F, 0x4D, 0x5F, 0x4D, 0x5F, 0x4D, 0x5F, 0x4D,
    0x5F, 0x4D, 0x5F, 0x4D, 0x5F, 0x4D, 0x5F, 0x4D, 0x5F, 0x4D, 0x5F, 0x4D, 0x5F, 0x4D, 0x5F, 0x4D,
    0x5F, 0x4D, 0x5F, 0x4D, 0x5F, 0x4D, 0x5F, 0x4D, 0x5F, 0x4D, 0x5F, 0x4D, 0x5F, 0x4D, 0x5F, 0x4D,
    0x5F, 0x4D, 0x5F, 0xD7, 0x4D, 0x5F, 0x4D, 0x5F, 0x4D, 0x5F, 0x4D, 0x5F, 0x4D, 0x5F, 0x4D, 0x5F,
    0x4D, 0x5F, 0x4D, 0x5F, 0x4D, 0x5F, 0x4D, 0x5F, 0x4D, 0x5F, 0x4D, 0x5F, 0x4D, 0x5F, 0x4D, 0x5F,
    0x4D, 0x5F, 0x4D, 0x5F, 0x4D, 0x5F, 0x4D, 0x5F, 0x4D, 0x5F, 0x4D, 0x5F, 0x4D, 0x5F, 0x4D, 0x5F,
    0x4D, 0x5F, 0x4D, 0x5F, 0x4D, 0x5F, 0x4D, 0x5F, 0x4D, 0x5F, 0x4D, 0x5F, 0x4D, 0x5F, 0x4D, 0x5F,
    0x4D, 0x5F, 0x4D, 0x5F, 0x4D, 0x5F, 0x4D, 0x5F, 0x4D, 0x5F, 0x4D, 0x5F, 0x4D, 0x5F, 0x4D, 0x5F,
    0x4D, 0x5F, 0x4D, 0x5F, 0x4D, 0x5F, 0x4D, 0x5F, 0x4D, 0x5F, 0x11, 0xAA, 0x08, 0x00, 0xFF, 0x48,
    0xE6, 0xFB, 0x37, 0xFB, 0x36, 0xFB, 0x36, 0xFB, 0x36, 0xFB, 0x36, 0xFB, 0x36, 0xFB, 0x36, 0xFB,
    0x36, 0xFB, 0x36, 0xFB, 0x36, 0xFB, 0x36, 0xFB, 0x36, 0xFB, 0x36, 0xFB, 0x36, 0xFB, 0x36, 0xFB,
    0x36, 0xFB, 0x36, 0xFB, 0x36, 0xFB, 0x36, 0xFB, 0x36, 0xFB, 0x36, 0xFB, 0x36, 0xFB, 0x36, 0xFB,
    0x36, 0xFB, 0x36, 0xFB, 0x36, 0xFB, 0x36, 0xFB, 0x36, 0xFB, 0x36, 0xFB, 0x36, 0xFB, 0x36, 0xFB,
    0x36, 0xFB, 0x36, 0xFB, 0x36, 0xFB, 0x36, 0xFB, 0x36, 0xFB, 0x36, 0xFB, 0x36, 0xFB, 0x36, 0xFB,
    0x36, 0xFB, 0x36, 0xFB, 0x36, 0xFB, 0x36, 0xFB, 0x36, 0xFB, 0x36, 0xFB, 0x36, 0xFB, 0x36, 0xFB,
    0x36, 0xFB, 0x36, 0xFB, 0x36, 0xFB, 0x36, 0xFB, 0x36, 0xFB, 0x36, 0xF2, 0xF5, 0x20, 0x63, 0x44,
    0x9B, 0x4D, 0x9F, 0x4D, 0x5F, 0x4D, 0x5F, 0x4D, 0x5F, 0x4D, 0x5F, 0x4D, 0x5F, 0x4D, 0x5F, 0xFF,
    0x4D, 0x5F, 0x4D, 0x5F, 0x4D, 0x5F, 0x4D, 0x5F, 0x4D, 0x5F, 0x4D, 0x5F, 0x4D, 0x5F, 0x4D, 0x5F,
    0x4D, 0x5F, 0x4D, 0x5F, 0x4D, 0x5F, 0x4D, 0x5F, 0x4D, 0x5F, 0x4D, 0x5F, 0x4D, 0x5F, 0x4D, 0x5F,
    0x4D, 0x5F, 0x4D, 0x5F, 0x4D, 0x5F, 0x4D, 0x5F, 0x4D, 0x5F, 0x4D, 0x5F, 0x4D, 0x5F, 0x4D, 0x5F,
    0x4D, 0x5F, 0x4D, 0x5F, 0x4D, 0x5F, 0x4D, 0x5F, 0x4D, 0x5F, 0x4D, 0x5F, 0x4D, 0x5F, 0x4D, 0x5F,
    0x4D, 0x5F, 0x4D, 0x5F, 0x4D, 0x5F, 0x4D, 0x5F, 0x4D, 0x5F, 0x4D, 0x5F, 0x4D, 0x5F, 0x4D, 0x5F,
    0x4D, 0x5F, 0x4D, 0x5F, 0x4D, 0x5F, 0x4D, 0x5F, 0x4D, 0x5F, 0x4D, 0x5F, 0x4D, 0x5F, 0x4D, 0x5F,
    0x4D, 0x5F, 0x4D, 0x5F, 0x4D, 0x5F, 0x4D, 0x5F, 0x4D, 0x5F, 0x4D, 0x5F, 0x4D, 0x5F, 0x4D, 0x5F,
    0x4D, 0x5F, 0x4D, 0x5F, 0x4D, 0x5F, 0x4D, 0x5F, 0x4D, 0x5F, 0x4D, 0x5F, 0x4D, 0x5F, 0x4D, 0x5F,
    0xFF, 0x4D, 0x5F, 0x4D, 0x5F, 0x4D, 0x5F, 0x4D, 0x5F, 0x4D, 0x5F, 0x4D, 0x5F, 0x4D, 0x5F, 0x4D,
    0x5F, 0x4D, 0x5F, 0x4D, 0x5F, 0x4D, 0x5F, 0x4D, 0x5F, 0x4D, 0x5F, 0x4D, 0x5F, 0x4D, 0x5F, 0x4D,
    0x5F, 0x4D, 0x5F, 0x4D, 0x5F, 0x4D, 0x5F, 0x4D, 0x5F, 0x4D, 0x5F, 0x4D, 0x5F, 0x4D, 0x5F, 0x4D,
    0x5F, 0x4D, 0x5F, 0x4D, 0x5F, 0x4D, 0x5F, 0x4D, 0x5F, 0x4D, 0x5F, 0x4D, 0x5F, 0x4D, 0x5F, 0x4D,
    0x5F, 0x4D, 0x5F, 0x4D, 0x5F, 0x4D, 0x5F, 0x4D, 0x5F, 0x4D, 0x5F, 0x4D, 0x5F, 0x4D, 0x5F, 0x4D,
    0x5F, 0x4D, 0x5F, 0x4D, 0x5F, 0x4D, 0x5F, 0x4D, 0x5F, 0x4D, 0x5F, 0x4D, 0x5F, 0x4D, 0x5F, 0x4D,
    0x5F, 0x4D, 0x5F, 0x4D, 0x5F, 0x4D, 0x5F, 0x4D, 0x5F, 0x4D, 0x5F, 0x4D, 0x5F, 0x4D, 0x5F, 0x4D,
    0x5F, 0x4D, 0x5F, 0x4D, 0x5F, 0x4D, 0x5F, 0x4D, 0x5F, 0x4D, 0x5F, 0x4D, 0x5F, 0x4D, 0x5F, 0x4D,
    0x5F, 0xDB, 0x4D, 0x5F, 0x4D, 0x5F, 0x4D, 0x5F, 0x4D, 0x5F, 0x4D, 0x5F, 0x4D, 0x5F, 0x4D, 0x5F,
    0x4D, 0x5F, 0x4D, 0x5F, 0x4D, 0x5F, 0x4D, 0x5F, 0x4D, 0x5F, 0x4D, 0x5F, 0x4D, 0x5F, 0x4D, 0x5F,
    0x4D, 0x5F, 0x4D, 0x5F, 0x4D, 0x5F, 0x4D, 0x5F, 0x4D, 0x5F, 0x4D, 0x5F, 0x4D, 0x5F, 0x4D, 0x5F,
    0x4D, 0x5F, 0x4D, 0x5F, 0x4D, 0x5F, 0x4D, 0x5F, 0x4D, 0x5F, 0x4D, 0x5F, 0x4D, 0x5F, 0x4D, 0x5F,
    0x4D, 0x5F, 0x4D, 0x5F, 0x4D, 0x5F, 0x4D, 0x5F, 0x4D, 0x5F, 0x4D, 0x5F, 0x4D, 0x5F, 0x4D, 0x5F,
    0x4D, 0x5F, 0x4D, 0x5F, 0x4D, 0x5F, 0x4D, 0x7F, 0x4D, 0x1D, 0x1A, 0x2C, 0x00, 0x21, 0x04, 0x00,
    0xFF, 0x48, 0xE6, 0xFB, 0x37, 0xFB, 0x36, 0xFB, 0x36, 0xFB, 0x36, 0xFB, 0x36, 0xFB, 0x36, 0xFB,
    0x36, 0xFB, 0x36, 0xFB, 0x36, 0xFB, 0x36, 0xFB, 0x36, 0xFB, 0x36, 0xFB, 0x36, 0xFB, 0x36, 0xFB,
    0x36, 0xFB, 0x36, 0xFB, 0x36, 0xFB, 0x36, 0xFB, 0x36, 0xFB, 0x36, 0xFB, 0x36, 0xFB, 0x36, 0xFB,
    0x36, 0xFB, 0x36, 0xFB, 0x36, 0xFB, 0x36, 0xFB, 0x36, 0xFB, 0x36, 0xFB, 0x36, 0xFB, 0x36, 0xFB,
    0x36, 0xFB, 0x36, 0xFB, 0x36, 0xFB, 0x36, 0xFB, 0x36, 0xFB, 0x36, 0xFB, 0x36, 0xFB, 0x36, 0xFB,
    0x36, 0xFB, 0x36, 0xFB, 0x36, 0xFB, 0x36, 0xFB, 0x36, 0xFB, 0x36, 0xFB, 0x36, 0xFB, 0x36, 0xFB,
    0x36, 0xFB, 0x36, 0xFB, 0x36, 0xFB, 0x36, 0xFB, 0x36, 0xFB, 0x16, 0xFB, 0x37, 0xD2, 0xB3, 0x08,
    0x83, 0x44, 0x9B, 0x4D, 0x7F, 0x4D, 0x5F, 0x4D, 0x5F, 0x4D, 0x5F, 0x4D, 0x5F, 0x4D, 0x5F, 0x4D,
    0x5F, 0xFF, 0x4D, 0x5F, 0x4D, 0x5F, 0x4D, 0x5F, 0x4D, 0x5F, 0x4D, 0x5F, 0x4D, 0x5F, 0x4D, 0x5F,
    0x4D, 0x5F, 0x4D, 0x5F, 0x4D, 0x5F, 0x4D, 0x5F, 0x4D, 0x5F, 0x4D, 0x5F, 0x4D, 0x5F, 0x4D, 0x5F,
    0x4D, 0x5F, 0x4D, 0x5F, 0x4D, 0x5F, 0x4D, 0x5F, 0x4D, 0x5F, 0x4D, 0x5F, 0x4D, 0x5F, 0x4D, 0x5F,
    0x4D, 0x5F, 0x4D, 0x5F, 0x4D, 0x5F, 0x4D, 0x5F, 0x4D, 0x5F, 0x4D, 0x5F, 0x4D, 0x5F, 0x4D, 0x5F,
    0x4D, 0x5F, 0x4D, 0x5F, 0x4D, 0x5F, 0x4D, 0x5F, 0x4D, 0x5F, 0x4D, 0x5F, 0x4D, 0x5F, 0x4D, 0x5F,
    0x4D, 0x5F, 0x4D, 0x5F, 0x4D, 0x5F, 0x4D, 0x5F, 0x4D, 0x5F, 0x4D, 0x5F, 0x4D, 0x5F, 0x4D, 0x5F,
    0x4D, 0x5F, 0x4D, 0x5F, 0x4D, 0x5F, 0x4D, 0x5F, 0x4D, 0x5F, 0x4D, 0x5F, 0x4D, 0x5F, 0x4D, 0x5F,
    0x4D, 0x5F, 0x4D, 0x5F, 0x4D, 0x5F, 0x4D, 0x5F, 0x4D, 0x5F, 0x4D, 0x5F, 0x4D, 0x5F, 0x4D, 0x5F,
    0x4D, 0x5F, 0xFF, 0x4D, 0x5F, 0x4D, 0x5F, 0x4D, 0x5F, 0x4D, 0x5F, 0x4D, 0x5F, 0x4D, 0x5F, 0x4D,
    0x5F, 0x4D, 0x5F, 0x4D, 0x5F, 0x4D, 0x5F, 0x4D, 0x5F, 0x4D, 0x5F, 0x4D, 0x5F, 0x4D, 0x5F, 0x4D,
    0x5F, 0x4D, 0x5F, 0x4D, 0x5F, 0x4D, 0x5F, 0x4D, 0x5F, 0x4D, 0x5F, 0x4D, 0x5F, 0x4D, 0x5F, 0x4D,
    0x5F, 0x4D, 0x5F, 0x4D, 0x5F, 0x4D, 0x5F, 0x4D, 0x5F, 0x4D, 0x5F, 0x4D, 0x5F, 0x4D, 0x5F, 0x4D,
    0x5F, 0x4D, 0x5F, 0x4D, 0x5F, 0x4D, 0x5F, 0x4D, 0x5F, 0x4D, 0x5F, 0x4D, 0x5F, 0x4D, 0x5F, 0x4D,
    0x5F, 0x4D, 0x5F, 0x4D, 0x5F, 0x4D, 0x5F, 0x4D, 0x5F, 0x4D, 0x5F, 0x4D, 0x5F, 0x4D, 0x5F, 0x4D,
    0x5F, 0x4D, 0x5F, 0x4D, 0x5F, 0x4D, 0x5F, 0x4D, 0x5F, 0x4D, 0x5F, 0x4D, 0x5F, 0x4D, 0x5F, 0x4D,
    0x5F, 0x4D, 0x5F, 0x4D, 0x5F, 0x4D, 0x5F, 0x4D, 0x5F, 0x4D, 0x5F, 0x4D, 0x5F, 0x4D, 0x5F, 0x4D,
    0x5F, 0x4D, 0x5F, 0xFF, 0x4D, 0x5F, 0x4D, 0x5F, 0x4D, 0x5F, 0x4D, 0x5F, 0x4D, 0x5F, 0x4D, 0x5F,
    0x4D, 0x5F, 0x4D, 0x5F, 0x4D, 0x5F, 0x4D, 0x5F, 0x4D, 0x5F, 0x4D, 0x5F, 0x4D, 0x5F, 0x4D, 0x5F,
    0x4D, 0x5F, 0x4D, 0x5F, 0x4D, 0x5F, 0x4D, 0x5F, 0x4D, 0x5F, 0x4D, 0x5F, 0x4D, 0x5F, 0x4D, 0x5F,
    0x4D, 0x5F, 0x4D, 0x5F, 0x4D, 0x5F, 0x4D, 0x5F, 0x4D, 0x5F, 0x4D, 0x5F, 0x4D, 0x5F, 0x4D, 0x5F,
    0x4D, 0x5F, 0x4D, 0x5F, 0x4D, 0x5F, 0x4D, 0x5F, 0x4D, 0x5F, 0x4D, 0x5F, 0x4D, 0x5F, 0x4D, 0x5F,
    0x4D, 0x5F, 0x4D, 0x5F, 0x4D, 0x5F, 0x4D, 0x5F, 0x4D, 0x5F, 0x4D, 0x7F, 0x4D, 0x7F, 0x44, 0x9B,
    0x44, 0x9B, 0x22, 0xD0, 0x48, 0xE6, 0xFB, 0x37, 0xFB, 0x36, 0xFB, 0x36, 0xFB, 0x36, 0xFB, 0x36,
    0xFB, 0x36, 0xFB, 0x36, 0xFB, 0x36, 0xFB, 0x36, 0xFB, 0x36, 0xFB, 0x36, 0xFB, 0x36, 0xFB, 0x36,
    0xFB, 0x36, 0xFB, 0x36, 0xFF, 0xFB, 0x36, 0xFB, 0x36, 0xFB, 0x36, 0xFB, 0x36, 0xFB, 0x36, 0xFB,
    0x36, 0xFB, 0x36, 0xFB, 0x36, 0xFB, 0x36, 0xFB, 0x36, 0xFB, 0x36, 0xFB, 0x36, 0xFB, 0x36, 0xFB,
    0x36, 0xFB, 0x36, 0xFB, 0x16, 0xFB, 0x16, 0xFB, 0x16, 0xFB, 0x16, 0xFB, 0x36, 0xFB, 0x36, 0xFB,
    0x36, 0xFB, 0x36, 0xFB, 0x36, 0xFB, 0x36, 0xFB, 0x36, 0xFB, 0x36, 0xFB, 0x36, 0xFB, 0x36, 0xFB,
    0x36, 0xFB, 0x36, 0xFB, 0x36, 0xFB, 0x36, 0xFB, 0x36, 0xFB, 0x36, 0xFB, 0x36, 0xFB, 0x16, 0xFB,
    0x37, 0xCA, 0x91, 0x09, 0x06, 0x4D, 0x1D, 0x4D, 0x7F, 0x4D, 0x5F, 0x4D, 0x5F, 0x4D, 0x5F, 0x4D,
    0x5F, 0x4D, 0x5F, 0x4D, 0x5F, 0x4D, 0x5F, 0x4D, 0x5F, 0x4D, 0x5F, 0x4D, 0x5F, 0x4D, 0x5F, 0x4D,
    0x5F, 0x4D, 0x5F, 0x4D, 0x5F, 0x4D, 0x5F, 0x4D, 0x5F, 0x4D, 0x5F, 0x4D, 0x5F, 0x4D, 0x5F, 0x4D,
    0x5F, 0x4D, 0x5F, 0x4D, 0x5F, 0xFF, 0x4D, 0x5F, 0x4D, 0x5F, 0x4D, 0x5F, 0x4D, 0x5F, 0x4D, 0x5F,
    0x4D, 0x5F, 0x4D, 0x5F, 0x4D, 0x5F, 0x4D, 0x5F, 0x4D, 0x5F, 0x4D, 0x5F, 0x4D, 0x5F, 0x4D, 0x5F,
    0x4D, 0x5F, 0x4D, 0x5F, 0x4D, 0x5F, 0x4D, 0x5F, 0x4D, 0x5F, 0x4D, 0x5F, 0x4D, 0x5F, 0x4D, 0x5F,
    0x4D, 0x5F, 0x4D, 0x5F, 0x4D, 0x5F, 0x4D, 0x5F, 0x4D, 0x5F, 0x4D, 0x5F, 0x4D, 0x5F, 0x4D, 0x5F,
    0x4D, 0x5F, 0x4D, 0x5F, 0x4D, 0x5F, 0x4D, 0x5F, 0x4D, 0x5F, 0x4D, 0x5F, 0x4D, 0x5F, 0x4D, 0x5F,
    0x4D, 0x5F, 0x4D, 0x5F, 0x4D, 0x5F, 0x4D, 0x5F, 0x4D, 0x5F, 0x4D, 0x5F, 0x4D, 0x5F, 0x4D, 0x5F,
    0x4D, 0x5F, 0x4D, 0x5F, 0x4D, 0x5F, 0x4D, 0x5F, 0x4D, 0x5F, 0x4D, 0x5F, 0x4D, 0x5F, 0x4D, 0x5F,
    0x4D, 0x5F, 0x4D, 0x5F, 0x4D, 0x5F, 0x4D, 0x5F, 0x4D, 0x5F, 0x4D, 0x5F, 0x4D, 0x5F, 0x4D, 0x5F,
    0x4D, 0x5F, 0x4D, 0x5F, 0x4D, 0x5F, 0xFF, 0x4D, 0x5F, 0x4D, 0x5F, 0x4D, 0x5F, 0x4D, 0x5F, 0x4D,
    0x5F, 0x4D, 0x5F, 0x4D, 0x5F, 0x4D, 0x5F, 0x4D, 0x5F, 0x4D, 0x5F, 0x4D, 0x5F, 0x4D, 0x5F, 0x4D,
    0x5F, 0x4D, 0x5F, 0x4D, 0x5F, 0x4D, 0x5F, 0x4D, 0x5F, 0x4D, 0x5F, 0x4D, 0x5F, 0x4D, 0x5F, 0x4D,
    0x5F, 0x4D, 0x5F, 0x4D, 0x5F, 0x4D, 0x5F, 0x4D, 0x5F, 0x4D, 0x5F, 0x4D, 0x5F, 0x4D, 0x5F, 0x4D,
    0x5F, 0x4D, 0x5F, 0x4D, 0x5F, 0x4D, 0x5F, 0x4D, 0x5F, 0x4D, 0x5F, 0x4D, 0x5F, 0x4D, 0x5F, 0x4D,
    0x5F, 0x4D, 0x5F, 0x4D, 0x5F, 0x4D, 0x5F, 0x4D, 0x5F, 0x4D, 0x5F, 0x4D, 0x5F, 0x4D, 0x5F, 0x4D,
    0x5F, 0x4D, 0x5F, 0x4D, 0x5F, 0x4D, 0x5F, 0x4D, 0x5F, 0x4D, 0x5F, 0x4D, 0x5F, 0x4D, 0x5F, 0x4D,
    0x5F, 0x4D, 0x5F, 0x4D, 0x5F, 0x4D, 0x5F, 0x4D, 0x5F, 0x4D, 0x5F, 0x4D, 0x5F, 0x4D, 0x5F, 0x4D,
    0x5F, 0x4D, 0x5F, 0x4D, 0x5F, 0x4D, 0x5F, 0xFF, 0x4D, 0x5F, 0x4D, 0x5F, 0x4D, 0x5F, 0x4D, 0x5F,
    0x4D, 0x5F, 0x4D, 0x5F, 0x4D, 0x5F, 0x4D, 0x5F, 0x4D, 0x5F, 0x4D, 0x5F, 0x4D, 0x5F, 0x4D, 0x5F,
    0x4D, 0x5F, 0x4D, 0x5F, 0x4D, 0x5F, 0x4D, 0x5F, 0x4D, 0x5F, 0x4D, 0x5F, 0x4D, 0x5F, 0x4D, 0x5F,
    0x4D, 0x5F, 0x4D, 0x5F, 0x4D, 0x5F, 0x4D, 0x5F, 0x4D, 0x5F, 0x4D, 0x5F, 0x4D, 0x5F, 0x4D, 0x5F,
    0x4D, 0x5F, 0x4D, 0x7F, 0x55, 0xFF, 0x44, 0x58, 0x20, 0x63, 0xF2, 0xF5, 0xFB, 0x36, 0xFB, 0x16,
    0xFB, 0x16, 0xFB, 0x16, 0xFB, 0x16, 0xFB, 0x16, 0xFB, 0x16, 0xFB, 0x16, 0xFB, 0x16, 0xFB, 0x16,
    0xFB, 0x36, 0xFB, 0x36, 0xFB, 0x36, 0xFB, 0x36, 0xFB, 0x36, 0xFB, 0x36, 0xFB, 0x36, 0xFB, 0x36,
    0xFB, 0x36, 0xFB, 0x36, 0xFB, 0x36, 0xFB, 0x36, 0xFB, 0x36, 0xFB, 0x36, 0xFB, 0x36, 0xFB, 0x36,
    0xFB, 0x36, 0xFB, 0x36, 0xFB, 0x36, 0xFB, 0x37, 0xFF, 0xFB, 0x57, 0xFB, 0x57, 0xFB, 0x57, 0xFB,
    0x36, 0xFB, 0x36, 0xFB, 0x36, 0xFB, 0x36, 0xFB, 0x36, 0xFB, 0x36, 0xFB, 0x36, 0xFB, 0x36, 0xFB,
    0x36, 0xFB, 0x36, 0xFB, 0x36, 0xFB, 0x36, 0xFB, 0x36, 0xFB, 0x36, 0xFB, 0x36, 0xFB, 0x36, 0xFB,
    0x36, 0xFB, 0x16, 0xFB, 0x57, 0xCA, 0x91, 0x11, 0x68, 0x4D, 0x7F, 0x4D, 0x5F, 0x4D, 0x5F, 0x4D,
    0x5F, 0x4D, 0x5F, 0x4D, 0x5F, 0x4D, 0x5F, 0x4D, 0x5F, 0x4D, 0x5F, 0x4D, 0x5F, 0x4D, 0x5F, 0x4D,
    0x5F, 0x4D, 0x5F, 0x4D, 0x5F, 0x4D, 0x5F, 0x4D, 0x5F, 0x4D, 0x5F, 0x4D, 0x5F, 0x4D, 0x5F, 0x4D,
    0x5F, 0x4D, 0x5F, 0x4D, 0x5F, 0x4D, 0x5F, 0x4D, 0x5F, 0x4D, 0x5F, 0x4D, 0x5F, 0x4D, 0x5F, 0x4D,
    0x5F, 0x4D, 0x5F, 0x4D, 0x5F, 0x4D, 0x5F, 0x4D, 0x5F, 0x4D, 0x5F, 0x4D, 0x5F, 0x4D, 0x5F, 0x4D,
    0x5F, 0x4D, 0x5F, 0x4D, 0x5F, 0x4D, 0x5F, 0x4D, 0x5F, 0xFF, 0x4D, 0x5F, 0x4D, 0x5F, 0x4D, 0x5F,
    0x4D, 0x5F, 0x4D, 0x5F, 0x4D, 0x5F, 0x4D, 0x5F, 0x4D, 0x5F, 0x4D, 0x5F, 0x4D, 0x5F, 0x4D, 0x5F,
    0x4D, 0x5F, 0x4D, 0x5F, 0x4D, 0x5F, 0x4D, 0x5F, 0x4D, 0x5F, 0x4D, 0x5F, 0x4D, 0x5F, 0x4D, 0x5F,
    0x4D, 0x5F, 0x4D, 0x5F, 0x4D, 0x5F, 0x4D, 0x5F, 0x4D, 0x5F, 0x4D, 0x5F, 0x4D, 0x5F, 0x4D, 0x5F,
    0x4D, 0x5F, 0x4D, 0x5F, 0x4D, 0x5F, 0x4D, 0x5F, 0x4D, 0x5F, 0x4D, 0x5F, 0x4D, 0x5F, 0x4D, 0x5F,
    0x4D, 0x5F, 0x4D, 0x5F, 0x4D, 0x5F, 0x4D, 0x5F, 0x4D, 0x5F, 0x4D, 0x5F, 0x4D, 0x5F, 0x4D, 0x5F,
    0x4D, 0x5F, 0x4D, 0x5F, 0x4D, 0x5F, 0x4D, 0x5F, 0x4D, 0x5F, 0x4D, 0x5F, 0x4D, 0x5F, 0x4D, 0x5F,
    0x4D, 0x5F, 0x4D, 0x5F, 0x4D, 0x5F, 0x4D, 0x5F, 0x4D, 0x5F, 0x4D, 0x5F, 0x4D, 0x5F, 0x4D, 0x5F,
    0x4D, 0x5F, 0x4D, 0x5F, 0x4D, 0x5F, 0x4D, 0x5F, 0x4D, 0x5F, 0xFF, 0x4D, 0x5F, 0x4D, 0x5F, 0x4D,
    0x5F, 0x4D, 0x5F, 0x4D, 0x5F, 0x4D, 0x5F, 0x4D, 0x5F, 0x4D, 0x5F, 0x4D, 0x5F, 0x4D, 0x5F, 0x4D,
    0x5F, 0x4D, 0x5F, 0x4D, 0x5F, 0x4D, 0x5F, 0x4D, 0x5F, 0x4D, 0x5F, 0x4D, 0x5F, 0x4D, 0x5F, 0x4D,
    0x5F, 0x4D, 0x5F, 0x4D, 0x5F, 0x4D, 0x5F, 0x4D, 0x5F, 0x4D, 0x5F, 0x4D, 0x5F, 0x4D, 0x5F, 0x4D,
    0x5F, 0x4D, 0x5F, 0x4D, 0x5F, 0x4D, 0x5F, 0x4D, 0x5F, 0x4D, 0x5F, 0x4D, 0x5F, 0x4D, 0x5F, 0x4D,
    0x5F, 0x4D, 0x5F, 0x4D, 0x5F, 0x4D, 0x5F, 0x4D, 0x5F, 0x4D, 0x5F, 0x4D, 0x5F, 0x4D, 0x5F, 0x4D,
    0x5F, 0x4D, 0x5F, 0x4D, 0x5F, 0x4D, 0x5F, 0x4D, 0x5F, 0x4D, 0x5F, 0x4D, 0x5F, 0x4D, 0x5F, 0x4D,
    0x5F, 0x4D, 0x5F, 0x4D, 0x5F, 0x4D, 0x5F, 0x4D, 0x5F, 0x4D, 0x5F, 0x4D, 0x5F, 0x4D, 0x5F, 0x4D,
    0x5F, 0x4D, 0x5F, 0x4D, 0x5F, 0x4D, 0x5F, 0x4D, 0x5F, 0x4D, 0x5F, 0xFF, 0x4D, 0x5F, 0x4D, 0x5F,
    0x4D, 0x5F, 0x4D, 0x5F, 0x4D, 0x5F, 0x4D, 0x5F, 0x4D, 0x5F, 0x4D, 0x5F, 0x4D, 0x5F, 0x4D, 0x5F,
    0x4D, 0x5F, 0x4D, 0x5F, 0x4D, 0x5F, 0x4D, 0x5F, 0x4D, 0x5F, 0x4D, 0x3F, 0x09, 0x06, 0x89, 0xCC,
    0xFB, 0x78, 0xFB, 0x57, 0xFB, 0x57, 0xFB, 0x57, 0xFB, 0x57, 0xFB, 0x57, 0xFB, 0x57, 0xFB, 0x57,
    0xFB, 0x57, 0xFB, 0x37, 0xFB, 0x36, 0xFB, 0x36, 0xFB, 0x36, 0xFB, 0x36, 0xFB, 0x36, 0xFB, 0x36,
    0xFB, 0x36, 0xFB, 0x36, 0xFB, 0x36, 0xFB, 0x36, 0xFB, 0x36, 0xFB, 0x36, 0xFB, 0x36, 0xFB, 0x36,
    0xFB, 0x36, 0xFB, 0x36, 0xFB, 0x36, 0xFB, 0x36, 0xFB, 0x36, 0xD2, 0xB3, 0xBA, 0x50, 0xBA, 0x50,
    0xBA, 0x50, 0xF2, 0xF5, 0xFB, 0x36, 0xFB, 0x36, 0xFB, 0x36, 0xFB, 0x36, 0xFB, 0x36, 0xFB, 0x36,
    0xFB, 0x36, 0xFB, 0x36, 0xFB, 0x36, 0xFB, 0x36, 0xFB, 0x36, 0xFB, 0x36, 0xFF, 0xFB, 0x36, 0xFB,
    0x36, 0xFB, 0x36, 0xFB, 0x36, 0xFB, 0x16, 0xFB, 0x57, 0xBA, 0x50, 0x11, 0x68, 0x4D, 0x7F, 0x4D,
    0x5F, 0x4D, 0x5F, 0x4D, 0x5F, 0x4D, 0x5F, 0x4D, 0x5F, 0x4D, 0x5F, 0x4D, 0x5F, 0x4D, 0x5F, 0x4D,
    0x5F, 0x4D, 0x5F, 0x4D, 0x5F, 0x4D, 0x5F, 0x4D, 0x5F, 0x4D, 0x5F, 0x4D, 0x5F, 0x4D, 0x5F, 0x4D,
    0x5F, 0x4D, 0x5F, 0x4D, 0x5F, 0x4D, 0x5F, 0x4D, 0x5F, 0x4D, 0x5F, 0x4D, 0x5F, 0x4D, 0x5F, 0x4D,
    0x5F, 0x4D, 0x5F, 0x4D, 0x5F, 0x4D, 0x5F, 0x4D, 0x5F, 0x4D, 0x5F, 0x4D, 0x5F, 0x4D, 0x5F, 0x4D,
    0x5F, 0x4D, 0x5F, 0x4D, 0x5F, 0x4D, 0x5F, 0x4D, 0x5F, 0x4D, 0x5F, 0x4D, 0x5F, 0x4D, 0x5F, 0x4D,
    0x5F, 0x4D, 0x5F, 0x4D, 0x5F, 0x4D, 0x5F, 0x4D, 0x5F, 0x4D, 0x5F, 0x4D, 0x5F, 0x4D, 0x5F, 0x4D,
    0x5F, 0x4D, 0x5F, 0x4D, 0x5F, 0x4D, 0x5F, 0x4D, 0x5F, 0x4D, 0x5F, 0x4D, 0x5F, 0xFF, 0x4D, 0x5F,
    0x4D, 0x5F, 0x4D, 0x5F, 0x4D, 0x5F, 0x4D, 0x5F, 0x4D, 0x5F, 0x4D, 0x5F, 0x4D, 0x5F, 0x4D, 0x5F,
    0x4D, 0x5F, 0x4D, 0x5F, 0x4D, 0x5F, 0x4D, 0x5F, 0x4D, 0x5F, 0x4D, 0x5F, 0x4D, 0x5F, 0x4D, 0x5F,
    0x4D, 0x5F, 0x4D, 0x5F, 0x4D, 0x5F, 0x4D, 0x5F, 0x4D, 0x5F, 0x4D, 0x5F, 0x4D, 0x5F, 0x4D, 0x5F,
    0x4D, 0x5F, 0x4D, 0x5F, 0x4D, 0x5F, 0x4D, 0x5F, 0x4D, 0x5F, 0x4D, 0x5F, 0x4D, 0x5F, 0x4D, 0x5F,
    0x4D, 0x5F, 0x4D, 0x5F, 0x4D, 0x5F, 0x4D, 0x5F, 0x4D, 0x5F, 0x4D, 0x5F, 0x4D, 0x5F, 0x4D, 0x5F,
    0x4D, 0x5F, 0x4D, 0x5F, 0x4D, 0x5F, 0x4D, 0x5F, 0x4D, 0x5F, 0x4D, 0x5F, 0x4D, 0x5F, 0x4D, 0x5F,
    0x4D, 0x5F, 0x4D, 0x5F, 0x4D, 0x5F, 0x4D, 0x5F, 0x4D, 0x5F, 0x4D, 0x5F, 0x4D, 0x5F, 0x4D, 0x5F,
    0x4D, 0x5F, 0x4D, 0x5F, 0x4D, 0x5F, 0x4D, 0x5F, 0x4D, 0x5F, 0x4D, 0x5F, 0x4D, 0x5F, 0xFF, 0x4D,
    0x5F, 0x4D, 0x5F, 0x4D, 0x5F, 0x4D, 0x5F, 0x4D, 0x5F, 0x4D, 0x5F, 0x4D, 0x5F, 0x4D, 0x5F, 0x4D,
    0x5F, 0x4D, 0x5F, 0x4D, 0x5F, 0x4D, 0x5F, 0x4D, 0x5F, 0x4D, 0x5F, 0x4D, 0x5F, 0x4D, 0x5F, 0x4D,
    0x5F, 0x4D, 0x5F, 0x4D, 0x5F, 0x4D, 0x5F, 0x4D, 0x5F, 0x4D, 0x5F, 0x4D, 0x5F, 0x4D, 0x5F, 0x4D,
    0x5F, 0x4D, 0x5F, 0x4D, 0x5F, 0x4D, 0x5F, 0x4D, 0x5F, 0x4D, 0x5F, 0x4D, 0x5F, 0x4D, 0x5F, 0x4D,
    0x5F, 0x4D, 0x5F, 0x4D, 0x5F, 0x4D, 0x5F, 0x4D, 0x5F, 0x4D, 0x5F, 0x4D, 0x5F, 0x4D, 0x5F, 0x4D,
    0x5F, 0x4D, 0x5F, 0x4D, 0x5F, 0x4D, 0x5F, 0x4D, 0x5F, 0x4D, 0x5F, 0x4D, 0x5F, 0x4D, 0x5F, 0x4D,
    0x5F, 0x4D, 0x5F, 0x4D, 0x5F, 0x4D, 0x5F, 0x4D, 0x5F, 0x4D, 0x5F, 0x4D, 0x5F, 0x4D, 0x5F, 0x4D,
    0x5F, 0x4D, 0x5F, 0x4D, 0x5F, 0x4D, 0x5F, 0x4D, 0x5F, 0x4D, 0x5F, 0x4D, 0x5F, 0x4D, 0x9F, 0xBD,
    0x44, 0x58, 0x08, 0x83, 0x59, 0x07, 0xBA, 0x0F, 0xBA, 0x0F, 0xBA, 0x0F, 0xA1, 0xED, 0x79, 0x8A,
    0x59, 0x07, 0x48, 0xE6, 0x48, 0xE6, 0xAA, 0x2F, 0xFB, 0x37, 0xFB, 0x16, 0xFB, 0x36, 0xFB, 0x36,
    0xFB, 0x36, 0xFB, 0x36, 0xFB, 0x36, 0xFB, 0x36, 0xFB, 0x36, 0xFB, 0x36, 0xFB, 0x36, 0xFB, 0x36,
    0xFB, 0x36, 0xFB, 0x36, 0xFB, 0x36, 0xFB, 0x36, 0xFB, 0x16, 0xFB, 0x37, 0xBA, 0x50, 0x08, 0x00,
    0xFF, 0x48, 0xE6, 0xFB, 0x36, 0xFB, 0x36, 0xFB, 0x36, 0xFB, 0x36, 0xFB, 0x36, 0xFB, 0x36, 0xFB,
    0x36, 0xFB, 0x36, 0xFB, 0x36, 0xFB, 0x36, 0xFB, 0x36, 0xFB, 0x36, 0xFB, 0x36, 0xFB, 0x36, 0xFB,
    0x36, 0xFB, 0x36, 0xFB, 0x16, 0xFB, 0x57, 0xBA, 0x0F, 0x11, 0x68, 0x4D, 0x7F, 0x4D, 0x5F, 0x4D,
    0x5F, 0x4D, 0x5F, 0x4D, 0x5F, 0x4D, 0x5F, 0x4D, 0x5F, 0x4D, 0x5F, 0x4D, 0x5F, 0x4D, 0x5F, 0x4D,
    0x5F, 0x4D, 0x5F, 0x4D, 0x5F, 0x4D, 0x5F, 0x4D, 0x5F, 0x4D, 0x5F, 0x4D, 0x5F, 0x4D, 0x5F, 0x4D,
    0x5F, 0x4D, 0x5F, 0x4D, 0x5F, 0x4D, 0x5F, 0x4D, 0x5F, 0x4D, 0x5F, 0x4D, 0x5F, 0x4D, 0x5F, 0x4D,
    0x5F, 0x4D, 0x5F, 0x4D, 0x5F, 0x4D, 0x5F, 0x4D, 0x5F, 0x4D, 0x5F, 0x4D, 0x5F, 0x4D, 0x5F, 0x4D,
    0x5F, 0x4D, 0x5F, 0x4D, 0x5F, 0x4D, 0x5F, 0x4D, 0x5F, 0x4D, 0x5F, 0x4D, 0x5F, 0x4D, 0x5F, 0x4D,
    0x5F, 0xFF, 0x4D, 0x5F, 0x4D, 0x5F, 0x4D, 0x5F, 0x4D, 0x5F, 0x4D, 0x5F, 0x4D, 0x5F, 0x4D, 0x5F,
    0x4D, 0x5F, 0x4D, 0x5F, 0x4D, 0x5F, 0x4D, 0x5F, 0x4D, 0x5F, 0x4D, 0x5F, 0x4D, 0x5F, 0x4D, 0x5F,
    0x4D, 0x5F, 0x4D, 0x5F, 0x4D, 0x5F, 0x4D, 0x5F, 0x4D, 0x5F, 0x4D, 0x5F, 0x4D, 0x5F, 0x4D, 0x5F,
    0x4D, 0x5F, 0x4D, 0x5F, 0x4D, 0x5F, 0x4D, 0x5F, 0x4D, 0x5F, 0x4D, 0x5F, 0x4D, 0x5F, 0x4D, 0x5F,
    0x4D, 0x5F, 0x4D, 0x5F, 0x4D, 0x5F, 0x4D, 0x5F, 0x4D, 0x5F, 0x4D, 0x5F, 0x4D, 0x5F, 0x4D, 0x5F,
    0x4D, 0x5F, 0x4D, 0x5F, 0x4D, 0x5F, 0x4D, 0x5F, 0x4D, 0x5F, 0x4D, 0x5F, 0x4D, 0x5F, 0x4D, 0x5F,
    0x4D, 0x5F, 0x4D, 0x5F, 0x4D, 0x5F, 0x4D, 0x5F, 0x4D, 0x5F, 0x4D, 0x5F, 0x4D, 0x5F, 0x4D, 0x5F,
    0x4D, 0x5F, 0x4D, 0x5F, 0x4D, 0x5F, 0x4D, 0x5F, 0x4D, 0x5F, 0x4D, 0x5F, 0x4D, 0x5F, 0x4D, 0x5F,
    0x4D, 0x5F, 0xFF, 0x4D, 0x5F, 0x4D, 0x5F, 0x4D, 0x5F, 0x4D, 0x5F, 0x4D, 0x5F, 0x4D, 0x5F, 0x4D,
    0x5F, 0x4D, 0x5F, 0x4D, 0x5F, 0x4D, 0x5F, 0x4D, 0x5F, 0x4D, 0x5F, 0x4D, 0x5F, 0x4D, 0x5F, 0x4D,
    0x5F, 0x4D, 0x5F, 0x4D, 0x5F, 0x4D, 0x5F, 0x4D, 0x5F, 0x4D, 0x5F, 0x4D, 0x5F, 0x4D, 0x5F, 0x4D,
    0x5F, 0x4D, 0x5F, 0x4D, 0x5F, 0x4D, 0x5F, 0x4D, 0x5F, 0x4D, 0x5F, 0x4D, 0x5F, 0x4D, 0x5F, 0x4D,
    0x5F, 0x4D, 0x5F, 0x4D, 0x5F, 0x4D, 0x5F, 0x4D, 0x5F, 0x4D, 0x5F, 0x4D, 0x5F, 0x4D, 0x5F, 0x4D,
    0x5F, 0x4D, 0x5F, 0x4D, 0x5F, 0x4D, 0x5F, 0x4D, 0x5F, 0x4D, 0x5F, 0x4D, 0x5F, 0x4D, 0x5F, 0x4D,
    0x5F, 0x4D, 0x5F, 0x4D, 0x5F, 0x4D, 0x5F, 0x4D, 0x5F, 0x4D, 0x5F, 0x4D, 0x5F, 0x4D, 0x5F, 0x4D,
    0x5F, 0x4D, 0x5F, 0x4D, 0x5F, 0x4D, 0x5F, 0x4D, 0x5F, 0x4D, 0x5F, 0x4D, 0x5F, 0x4D, 0x5F, 0x4D,
    0x5F, 0x4D, 0x5F, 0xA5, 0x4D, 0x5F, 0x4D, 0x5F, 0x4D, 0x5F, 0x4D, 0x5F, 0x4D, 0x5F, 0x4D, 0x5F,
    0x4D, 0x5F, 0x4D, 0x5F, 0x4D, 0x5F, 0x4D, 0x5F, 0x4D, 0x5F, 0x4D, 0x5F, 0x4D, 0x5F, 0x4D, 0x9F,
    0x44, 0x9B, 0x1A, 0x2C, 0x11, 0x68, 0x11, 0xAA, 0x08, 0x83, 0x0A, 0x00, 0xA7, 0x20, 0x63, 0xFB,
    0x36, 0xFB, 0x36, 0xFB, 0x36, 0xFB, 0x36, 0xFB, 0x36, 0xFB, 0x36, 0xFB, 0x36, 0xFB, 0x36, 0xFB,
    0x36, 0xFB, 0x36, 0xFB, 0x36, 0xFB, 0x36, 0xFB, 0x36, 0xFB, 0x36, 0xFB, 0x36, 0xFB, 0x36, 0xFB,
    0x16, 0xFB, 0x57, 0x89, 0xCC, 0x09, 0x00, 0xFF, 0x21, 0xD2, 0xB3, 0xFB, 0x37, 0xFB, 0x16, 0xFB,
    0x36, 0xFB, 0x36, 0xFB, 0x36, 0xFB, 0x36, 0xFB, 0x36, 0xFB, 0x36, 0xFB, 0x36, 0xFB, 0x36, 0xFB,
    0x36, 0xFB, 0x36, 0xFB, 0x36, 0xFB, 0x36, 0xFB, 0x36, 0xFB, 0x16, 0xFB, 0x57, 0xBA, 0x0F, 0x11,
    0x68, 0x4D, 0x9F, 0x4D, 0x5F, 0x4D, 0x5F, 0x4D, 0x5F, 0x4D, 0x5F, 0x4D, 0x5F, 0x4D, 0x5F, 0x4D,
    0x5F, 0x4D, 0x5F, 0x4D, 0x5F, 0x4D, 0x5F, 0x4D, 0x5F, 0x4D, 0x5F, 0x4D, 0x5F, 0x4D, 0x5F, 0x4D,
    0x5F, 0x4D, 0x5F, 0x4D, 0x5F, 0x4D, 0x5F, 0x4D, 0x5F, 0x4D, 0x5F, 0x4D, 0x5F, 0x4D, 0x5F, 0x4D,
    0x5F, 0x4D, 0x5F, 0x4D, 0x5F, 0x4D, 0x5F, 0x4D, 0x5F, 0x4D, 0x5F, 0x4D, 0x5F, 0x4D, 0x5F, 0x4D,
    0x5F, 0x4D, 0x5F, 0x4D, 0x5F, 0x4D, 0x5F, 0x4D, 0x5F, 0x4D, 0x5F, 0x4D, 0x5F, 0x4D, 0x5F, 0x4D,
    0x5F, 0x4D, 0x5F, 0x4D, 0x5F, 0x4D, 0x5F, 0x4D, 0xFF, 0x5F, 0x4D, 0x5F, 0x4D, 0x5F, 0x4D, 0x5F,
    0x4D, 0x5F, 0x4D, 0x5F, 0x4D, 0x5F, 0x4D, 0x5F, 0x4D, 0x5F, 0x4D, 0x5F, 0x4D, 0x5F, 0x4D, 0x5F,
    0x4D, 0x5F, 0x4D, 0x5F, 0x4D, 0x5F, 0x4D, 0x5F, 0x4D, 0x5F, 0x4D, 0x5F, 0x4D, 0x5F, 0x4D, 0x5F,
    0x4D, 0x5F, 0x4D, 0x5F, 0x4D, 0x5F, 0x4D, 0x5F, 0x4D, 0x5F, 0x4D, 0x5F, 0x4D, 0x5F, 0x4D, 0x5F,
    0x4D, 0x5F, 0x4D, 0x5F, 0x4D, 0x5F, 0x4D, 0x5F, 0x4D, 0x5F, 0x4D, 0x5F, 0x4D, 0x5F, 0x4D, 0x5F,
    0x4D, 0x5F, 0x4D, 0x5F, 0x4D, 0x5F, 0x4D, 0x5F, 0x4D, 0x5F, 0x4D, 0x5F, 0x4D, 0x5F, 0x4D, 0x5F,
    0x4D, 0x5F, 0x4D, 0x5F, 0x4D, 0x5F, 0x4D, 0x5F, 0x4D, 0x5F, 0x4D, 0x5F, 0x4D, 0x5F, 0x4D, 0x5F,
    0x4D, 0x5F, 0x4D, 0x5F, 0x4D, 0x5F, 0x4D, 0x5F, 0x4D, 0x5F, 0x4D, 0x5F, 0x4D, 0x5F, 0x4D, 0x5F,
    0x4D, 0x5F, 0x4D, 0x5F, 0x4D, 0x5F, 0x4D, 0x5F, 0x4D, 0xFF, 0x5F, 0x4D, 0x5F, 0x4D, 0x5F, 0x4D,
    0x5F, 0x4D, 0x5F, 0x4D, 0x5F, 0x4D, 0x5F, 0x4D, 0x5F, 0x4D, 0x5F, 0x4D, 0x5F, 0x4D, 0x5F, 0x4D,
    0x5F, 0x4D, 0x5F, 0x4D, 0x5F, 0x4D, 0x5F, 0x4D, 0x5F, 0x4D, 0x5F, 0x4D, 0x5F, 0x4D, 0x5F, 0x4D,
    0x5F, 0x4D, 0x5F, 0x4D, 0x5F, 0x4D, 0x5F, 0x4D, 0x5F, 0x4D, 0x5F, 0x4D, 0x5F, 0x4D, 0x5F, 0x4D,
    0x5F, 0x4D, 0x5F, 0x4D, 0x5F, 0x4D, 0x5F, 0x4D, 0x5F, 0x4D, 0x5F, 0x4D, 0x5F, 0x4D, 0x5F, 0x4D,
    0x5F, 0x4D, 0x5F, 0x4D, 0x5F, 0x4D, 0x5F, 0x4D, 0x5F, 0x4D, 0x5F, 0x4D, 0x5F, 0x4D, 0x5F, 0x4D,
    0x5F, 0x4D, 0x5F, 0x4D, 0x5F, 0x4D, 0x5F, 0x4D, 0x5F, 0x4D, 0x5F, 0x4D, 0x5F, 0x4D, 0x5F, 0x4D,
    0x5F, 0x4D, 0x5F, 0x4D, 0x5F, 0x4D, 0x5F, 0x4D, 0x5F, 0x4D, 0x5F, 0x4D, 0x5F, 0x4D, 0x5F, 0x4D,
    0x5F, 0x4D, 0x5F, 0x4D, 0x5F, 0x4D, 0x5F, 0x4D, 0x5F, 0x4D, 0xA4, 0x5F, 0x4D, 0x5F, 0x4D, 0x5F,
    0x4D, 0x5F, 0x4D, 0x5F, 0x4D, 0x5F, 0x4D, 0x5F, 0x4D, 0x5F, 0x4D, 0x5F, 0x4D, 0x5F, 0x4D, 0x5F,
    0x4D, 0x5F, 0x4D, 0x5F, 0x4D, 0x5F, 0x4D, 0x7F, 0x55, 0x9F, 0x4D, 0x9F, 0x55, 0xFF, 0x3B, 0xF7,
    0x05, 0x00, 0x82, 0x21, 0x00, 0x21, 0x02, 0x00, 0xA7, 0x30, 0xA5, 0xFB, 0x16, 0xFB, 0x36, 0xFB,
    0x36, 0xFB, 0x36, 0xFB, 0x36, 0xFB, 0x36, 0xFB, 0x36, 0xFB, 0x36, 0xFB, 0x36, 0xFB, 0x36, 0xFB,
    0x36, 0xFB, 0x36, 0xFB, 0x36, 0xFB, 0x36, 0xFB, 0x36, 0xFB, 0x36, 0xFB, 0x16, 0xFB, 0x57, 0x79,
    0x8A, 0x0A, 0x00, 0xFF, 0xCA, 0x91, 0xFB, 0x37, 0xFB, 0x16, 0xFB, 0x36, 0xFB, 0x36, 0xFB, 0x36,
    0xFB, 0x36, 0xFB, 0x36, 0xFB, 0x36, 0xFB, 0x36, 0xFB, 0x36, 0xFB, 0x36, 0xFB, 0x36, 0xFB, 0x36,
    0xFB, 0x36, 0xFB, 0x36, 0xFB, 0x16, 0xFB, 0x57, 0xA1, 0xED, 0x11, 0xAA, 0x4D, 0x9F, 0x4D, 0x5F,
    0x4D, 0x5F, 0x4D, 0x5F, 0x4D, 0x5F, 0x4D, 0x5F, 0x4D, 0x5F, 0x4D, 0x5F, 0x4D, 0x5F, 0x4D, 0x5F,
    0x4D, 0x5F, 0x4D, 0x5F, 0x4D, 0x5F, 0x4D, 0x5F, 0x4D, 0x5F, 0x4D, 0x5F, 0x4D, 0x5F, 0x4D, 0x5F,
    0x4D, 0x5F, 0x4D, 0x5F, 0x4D, 0x5F, 0x4D, 0x5F, 0x4D, 0x5F, 0x4D, 0x5F, 0x4D, 0x5F, 0x4D, 0x5F,
    0x4D, 0x5F, 0x4D, 0x5F, 0x4D, 0x5F, 0x4D, 0x5F, 0x4D, 0x5F, 0x4D, 0x5F, 0x4D, 0x5F, 0x4D, 0x5F,
    0x4D, 0x5F, 0x4D, 0x5F, 0x4D, 0x5F, 0x4D, 0x5F, 0x4D, 0x5F, 0x4D, 0x5F, 0x4D, 0x5F, 0x4D, 0x5F,
    0x4D, 0x5F, 0x4D, 0x5F, 0xFF, 0x4D, 0x5F, 0x4D, 0x5F, 0x4D, 0x5F, 0x4D, 0x5F, 0x4D, 0x5F, 0x4D,
    0x5F, 0x4D, 0x5F, 0x4D, 0x5F, 0x4D, 0x5F, 0x4D, 0x5F, 0x4D, 0x5F, 0x4D, 0x5F, 0x4D, 0x5F, 0x4D,
    0x5F, 0x4D, 0x5F, 0x4D, 0x5F, 0x4D, 0x5F, 0x4D, 0x5F, 0x4D, 0x5F, 0x4D, 0x5F, 0x4D, 0x5F, 0x4D,
    0x5F, 0x4D, 0x5F, 0x4D, 0x5F, 0x4D, 0x5F, 0x4D, 0x5F, 0x4D, 0x5F, 0x4D, 0x5F, 0x4D, 0x5F, 0x4D,
    0x5F, 0x4D, 0x5F, 0x4D, 0x5F, 0x4D, 0x5F, 0x4D, 0x5F, 0x4D, 0x5F, 0x4D, 0x5F, 0x4D, 0x5F, 0x4D,
    0x5F, 0x4D, 0x5F, 0x4D, 0x5F, 0x4D, 0x5F, 0x4D, 0x5F, 0x4D, 0x5F, 0x4D, 0x5F, 0x4D, 0x5F, 0x4D,
    0x5F, 0x4D, 0x5F, 0x4D, 0x5F, 0x4D, 0x5F, 0x4D, 0x5F, 0x4D, 0x5F, 0x4D, 0x5F, 0x4D, 0x5F, 0x4D,
    0x5F, 0x4D, 0x5F, 0x4D, 0x5F, 0x4D, 0x5F, 0x4D, 0x5F, 0x4D, 0x5F, 0x4D, 0x5F, 0x4D, 0x5F, 0x4D,
    0x5F, 0x4D, 0x5F, 0x4D, 0x5F, 0xFF, 0x4D, 0x5F, 0x4D, 0x5F, 0x4D, 0x5F, 0x4D, 0x5F, 0x4D, 0x5F,
    0x4D, 0x5F, 0x4D, 0x5F, 0x4D, 0x5F, 0x4D, 0x5F, 0x4D, 0x5F, 0x4D, 0x5F, 0x4D, 0x5F, 0x4D, 0x5F,
    0x4D, 0x5F, 0x4D, 0x5F, 0x4D, 0x5F, 0x4D, 0x5F, 0x4D, 0x5F, 0x4D, 0x5F, 0x4D, 0x5F, 0x4D, 0x5F,
    0x4D, 0x5F, 0x4D, 0x5F, 0x4D, 0x5F, 0x4D, 0x5F, 0x4D, 0x5F, 0x4D, 0x5F, 0x4D, 0x5F, 0x4D, 0x5F,
    0x4D, 0x5F, 0x4D, 0x5F, 0x4D, 0x5F, 0x4D, 0x5F, 0x4D, 0x5F, 0x4D, 0x5F, 0x4D, 0x5F, 0x4D, 0x5F,
    0x4D, 0x5F, 0x4D, 0x5F, 0x4D, 0x5F, 0x4D, 0x5F, 0x4D, 0x5F, 0x4D, 0x5F, 0x4D, 0x5F, 0x4D, 0x5F,
    0x4D, 0x5F, 0x4D, 0x5F, 0x4D, 0x5F, 0x4D, 0x5F, 0x4D, 0x5F, 0x4D, 0x5F, 0x4D, 0x5F, 0x4D, 0x5F,
    0x4D, 0x5F, 0x4D, 0x5F, 0x4D, 0x5F, 0x4D, 0x5F, 0x4D, 0x5F, 0x4D, 0x5F, 0x4D, 0x5F, 0x4D, 0x5F,
    0x4D, 0x5F, 0x4D, 0x5F, 0x4D, 0x5F, 0xA5, 0x4D, 0x5F, 0x4D, 0x5F, 0x4D, 0x5F, 0x4D, 0x5F, 0x4D,
    0x5F, 0x4D, 0x5F, 0x4D, 0x5F, 0x4D, 0x5F, 0x4D, 0x5F, 0x4D, 0x5F, 0x4D, 0x5F, 0x4D, 0x5F, 0x4D,
    0x5F, 0x4D, 0x5F, 0x4D, 0x5F, 0x4D, 0x5F, 0x4D, 0x5F, 0x4D, 0x5F, 0x1A, 0x2C, 0x08, 0x00, 0xA7,
    0x48, 0xE6, 0xFB, 0x36, 0xFB, 0x36, 0xFB, 0x36, 0xFB, 0x36, 0xFB, 0x36, 0xFB, 0x36, 0xFB, 0x36,
    0xFB, 0x36, 0xFB, 0x36, 0xFB, 0x36, 0xFB, 0x36, 0xFB, 0x36, 0xFB, 0x36, 0xFB, 0x36, 0xFB, 0x36,
    0xFB, 0x36, 0xFB, 0x16, 0xFB, 0x57, 0x89, 0xCC, 0x09, 0x00, 0xFF, 0x21, 0xD2, 0xB3, 0xFB, 0x37,
    0xFB, 0x16, 0xFB, 0x36, 0xFB, 0x36, 0xFB, 0x36, 0xFB, 0x36, 0xFB, 0x36, 0xFB, 0x36, 0xFB, 0x36,
    0xFB, 0x36, 0xFB, 0x36, 0xFB, 0x36, 0xFB, 0x36, 0xFB, 0x36, 0xFB, 0x36, 0xFB, 0x16, 0xFB, 0x57,
    0x59, 0x07, 0x22, 0xD0, 0x55, 0x9F, 0x4D, 0x5F, 0x4D, 0x5F, 0x4D, 0x5F, 0x4D, 0x5F, 0x4D, 0x5F,
    0x4D, 0x5F, 0x4D, 0x5F, 0x4D, 0x5F, 0x4D, 0x5F, 0x4D, 0x5F, 0x4D, 0x5F, 0x4D, 0x5F, 0x4D, 0x5F,
    0x4D, 0x5F, 0x4D, 0x5F, 0x4D, 0x5F, 0x4D, 0x5F, 0x4D, 0x5F, 0x4D, 0x5F, 0x4D, 0x5F, 0x4D, 0x5F,
    0x4D, 0x5F, 0x4D, 0x5F, 0x4D, 0x5F, 0x4D, 0x5F, 0x4D, 0x5F, 0x4D, 0x5F, 0x4D, 0x5F, 0x4D, 0x5F,
    0x4D, 0x5F, 0x4D, 0x5F, 0x4D, 0x5F, 0x4D, 0x5F, 0x4D, 0x5F, 0x4D, 0x5F, 0x4D, 0x5F, 0x4D, 0x5F,
    0x4D, 0x5F, 0x4D, 0x5F, 0x4D, 0x5F, 0x4D, 0x5F, 0x4D, 0x5F, 0x4D, 0xFF, 0x5F, 0x4D, 0x5F, 0x4D,
    0x5F, 0x4D, 0x5F, 0x4D, 0x5F, 0x4D, 0x5F, 0x4D, 0x5F, 0x4D, 0x5F, 0x4D, 0x5F, 0x4D, 0x5F, 0x4D,
    0x5F, 0x4D, 0x5F, 0x4D, 0x5F, 0x4D, 0x5F, 0x4D, 0x5F, 0x4D, 0x5F, 0x4D, 0x5F, 0x4D, 0x5F, 0x4D,
    0x5F, 0x4D, 0x5F, 0x4D, 0x5F, 0x4D, 0x5F, 0x4D, 0x5F, 0x4D, 0x5F, 0x4D, 0x5F, 0x4D, 0x5F, 0x4D,
    0x5F, 0x4D, 0x5F, 0x4D, 0x5F, 0x4D, 0x5F, 0x4D, 0x5F, 0x4D, 0x5F, 0x4D, 0x5F, 0x4D, 0x5F, 0x4D,
    0x5F, 0x4D, 0x5F, 0x4D, 0x5F, 0x4D, 0x5F, 0x4D, 0x5F, 0x4D, 0x5F, 0x4D, 0x5F, 0x4D, 0x5F, 0x4D,
    0x5F, 0x4D, 0x5F, 0x4D, 0x5F, 0x4D, 0x5F, 0x4D, 0x5F, 0x4D, 0x5F, 0x4D, 0x5F, 0x4D, 0x5F, 0x4D,
    0x5F, 0x4D, 0x5F, 0x4D, 0x5F, 0x4D, 0x5F, 0x4D, 0x5F, 0x4D, 0x5F, 0x4D, 0x5F, 0x4D, 0x5F, 0x4D,
    0x5F, 0x4D, 0x5F, 0x4D, 0x5F, 0x4D, 0x5F, 0x4D, 0x5F, 0x4D, 0x5F, 0x4D, 0xFF, 0x5F, 0x4D, 0x5F,
    0x4D, 0x5F, 0x4D, 0x5F, 0x4D, 0x5F, 0x4D, 0x5F, 0x4D, 0x5F, 0x4D, 0x5F, 0x4D, 0x5F, 0x4D, 0x5F,
    0x4D, 0x5F, 0x4D, 0x5F, 0x4D, 0x5F, 0x4D, 0x5F, 0x4D, 0x5F, 0x4D, 0x5F, 0x4D, 0x5F, 0x4D, 0x5F,
    0x4D, 0x5F, 0x4D, 0x5F, 0x4D, 0x5F, 0x4D, 0x5F, 0x4D, 0x5F, 0x4D, 0x5F, 0x4D, 0x5F, 0x4D, 0x5F,
    0x4D, 0x5F, 0x4D, 0x5F, 0x4D, 0x5F, 0x4D, 0x5F, 0x4D, 0x5F, 0x4D, 0x5F, 0x4D, 0x5F, 0x4D, 0x5F,
    0x4D, 0x5F, 0x4D, 0x5F, 0x4D, 0x5F, 0x4D, 0x5F, 0x4D, 0x5F, 0x4D, 0x5F, 0x4D, 0x5F, 0x4D, 0x5F,
    0x4D, 0x5F, 0x4D, 0x5F, 0x4D, 0x5F, 0x4D, 0x5F, 0x4D, 0x5F, 0x4D, 0x5F, 0x4D, 0x5F, 0x4D, 0x5F,
    0x4D, 0x5F, 0x4D, 0x5F, 0x4D, 0x5F, 0x4D, 0x5F, 0x4D, 0x5F, 0x4D, 0x5F, 0x4D, 0x5F, 0x4D, 0x5F,
    0x4D, 0x5F, 0x4D, 0x5F, 0x4D, 0x5F, 0x4D, 0x5F, 0x4D, 0x5F, 0x4D, 0x5F, 0x4D, 0xD6, 0x5F, 0x4D,
    0x5F, 0x4D, 0x5F, 0x4D, 0x5F, 0x4D, 0x5F, 0x4D, 0x5F, 0x4D, 0x5F, 0x4D, 0x5F, 0x4D, 0x5F, 0x4D,
    0x5F, 0x4D, 0x5F, 0x4D, 0x5F, 0x4D, 0x5F, 0x4D, 0x5F, 0x4D, 0x5F, 0x4D, 0x5F, 0x4D, 0x5F, 0x4D,
    0x5F, 0x4D, 0x5F, 0x4D, 0x7F, 0x3B, 0xF7, 0x1A, 0x2C, 0x11, 0xAA, 0x08, 0x83, 0x59, 0x07, 0xFB,
    0x37, 0xFB, 0x16, 0xFB, 0x36, 0xFB, 0x36, 0xFB, 0x36, 0xFB, 0x36, 0xFB, 0x36, 0xFB, 0x36, 0xFB,
    0x36, 0xFB, 0x36, 0xFB, 0x36, 0xFB, 0x36, 0xFB, 0x36, 0xFB, 0x36, 0xFB, 0x36, 0xFB, 0x36, 0xFB,
    0x16, 0xFB, 0x57, 0xA1, 0xED, 0x08, 0x00, 0xFF, 0x20, 0x63, 0xF2, 0xF5, 0xFB, 0x36, 0xFB, 0x36,
    0xFB, 0x36, 0xFB, 0x36, 0xFB, 0x36, 0xFB, 0x36, 0xFB, 0x36, 0xFB, 0x36, 0xFB, 0x36, 0xFB, 0x36,
    0xFB, 0x36, 0xFB, 0x36, 0xFB, 0x36, 0xFB, 0x36, 0xFB, 0x16, 0xFB, 0x37, 0xE2, 0xD4, 0x08, 0x83,
    0x44, 0x9B, 0x4D, 0x9F, 0x4D, 0x5F, 0x4D, 0x5F, 0x4D, 0x5F, 0x4D, 0x5F, 0x4D, 0x5F, 0x4D, 0x5F,
    0x4D, 0x5F, 0x4D, 0x5F, 0x4D, 0x5F, 0x4D, 0x5F, 0x4D, 0x5F, 0x4D, 0x5F, 0x4D, 0x5F, 0x4D, 0x5F,
    0x4D, 0x5F, 0x4D, 0x5F, 0x4D, 0x5F, 0x4D, 0x5F, 0x4D, 0x5F, 0x4D, 0x5F, 0x4D, 0x5F, 0x4D, 0x5F,
    0x4D, 0x5F, 0x4D, 0x5F, 0x4D, 0x5F, 0x4D, 0x5F, 0x4D, 0x5F, 0x4D, 0x5F, 0x4D, 0x5F, 0x4D, 0x5F,
    0x4D, 0x5F, 0x4D, 0x5F, 0x4D, 0x5F, 0x4D, 0x5F, 0x4D, 0x5F, 0x4D, 0x5F, 0x4D, 0x5F, 0x4D, 0x5F,
    0x4D, 0x5F, 0x4D, 0x5F, 0x4D, 0x5F, 0x4D, 0x5F, 0xFF, 0x4D, 0x5F, 0x4D, 0x5F, 0x4D, 0x5F, 0x4D,
    0x5F, 0x4D, 0x5F, 0x4D, 0x5F, 0x4D, 0x5F, 0x4D, 0x5F, 0x4D, 0x5F, 0x4D, 0x5F, 0x4D, 0x5F, 0x4D,
    0x5F, 0x4D, 0x5F, 0x4D, 0x5F, 0x4D, 0x5F, 0x4D, 0x5F, 0x4D, 0x5F, 0x4D, 0x5F, 0x4D, 0x5F, 0x4D,
    0x5F, 0x4D, 0x5F, 0x4D, 0x5F, 0x4D, 0x5F, 0x4D, 0x5F, 0x4D, 0x5F, 0x4D, 0x5F, 0x4D, 0x5F, 0x4D,
    0x5F, 0x4D, 0x5F, 0x4D, 0x5F, 0x4D, 0x5F, 0x4D, 0x5F, 0x4D, 0x5F, 0x4D, 0x5F, 0x4D, 0x5F, 0x4D,
    0x5F, 0x4D, 0x5F, 0x4D, 0x5F, 0x4D, 0x5F, 0x4D, 0x5F, 0x4D, 0x5F, 0x4D, 0x5F, 0x4D, 0x5F, 0x4D,
    0x5F, 0x4D, 0x5F, 0x4D, 0x5F, 0x4D, 0x5F, 0x4D, 0x5F, 0x4D, 0x5F, 0x4D, 0x5F, 0x4D, 0x5F, 0x4D,
    0x5F, 0x4D, 0x5F, 0x4D, 0x5F, 0x4D, 0x5F, 0x4D, 0x5F, 0x4D, 0x5F, 0x4D, 0x5F, 0x4D, 0x5F, 0x4D,
    0x5F, 0x4D, 0x5F, 0x4D, 0x5F, 0x4D, 0x5F, 0x4D, 0x5F, 0xFF, 0x4D, 0x5F, 0x4D, 0x5F, 0x4D, 0x5F,
    0x4D, 0x5F, 0x4D, 0x5F, 0x4D, 0x5F, 0x4D, 0x5F, 0x4D, 0x5F, 0x4D, 0x5F, 0x4D, 0x5F, 0x4D, 0x5F,
    0x4D, 0x5F, 0x4D, 0x5F, 0x4D, 0x5F, 0x4D, 0x5F, 0x4D, 0x5F, 0x4D, 0x5F, 0x4D, 0x5F, 0x4D, 0x5F,
    0x4D, 0x5F, 0x4D, 0x5F, 0x4D, 0x5F, 0x4D, 0x5F, 0x4D, 0x5F, 0x4D, 0x5F, 0x4D, 0x5F, 0x4D, 0x5F,
    0x4D, 0x5F, 0x4D, 0x5F, 0x4D, 0x5F, 0x4D, 0x5F, 0x4D, 0x5F, 0x4D, 0x5F, 0x4D, 0x5F, 0x4D, 0x5F,
    0x4D, 0x5F, 0x4D, 0x5F, 0x4D, 0x5F, 0x4D, 0x5F, 0x4D, 0x5F, 0x4D, 0x5F, 0x4D, 0x5F, 0x4D, 0x5F,
    0x4D, 0x5F, 0x4D, 0x5F, 0x4D, 0x5F, 0x4D, 0x5F, 0x4D, 0x5F, 0x4D, 0x5F, 0x4D, 0x5F, 0x4D, 0x5F,
    0x4D, 0x5F, 0x4D, 0x5F, 0x4D, 0x5F, 0x4D, 0x5F, 0x4D, 0x5F, 0x4D, 0x5F, 0x4D, 0x5F, 0x4D, 0x5F,
    0x4D, 0x5F, 0x4D, 0x5F, 0x4D, 0x5F, 0x4D, 0x5F, 0x4D, 0x5F, 0xD7, 0x4D, 0x5F, 0x4D, 0x5F, 0x4D,
    0x5F, 0x4D, 0x5F, 0x4D, 0x5F, 0x4D, 0x5F, 0x4D, 0x5F, 0x4D, 0x5F, 0x4D, 0x5F, 0x4D, 0x5F, 0x4D,
    0x5F, 0x4D, 0x5F, 0x4D, 0x5F, 0x4D, 0x5F, 0x4D, 0x5F, 0x4D, 0x5F, 0x4D, 0x5F, 0x4D, 0x5F, 0x4D,
    0x5F, 0x4D, 0x5F, 0x4D, 0x9F, 0x4D, 0x7F, 0x55, 0xFF, 0x22, 0xD0, 0x59, 0x07, 0xFB, 0x57, 0xFB,
    0x16, 0xFB, 0x36, 0xFB, 0x36, 0xFB, 0x36, 0xFB, 0x36, 0xFB, 0x36, 0xFB, 0x36, 0xFB, 0x36, 0xFB,
    0x36, 0xFB, 0x36, 0xFB, 0x36, 0xFB, 0x36, 0xFB, 0x36, 0xFB, 0x36, 0xFB, 0x36, 0xFB, 0x16, 0xFB,
    0x57, 0xA1, 0xED, 0x08, 0x00, 0xFF, 0x20, 0x63, 0xF2, 0xF5, 0xFB, 0x36, 0xFB, 0x16, 0xFB, 0x36,
    0xFB, 0x36, 0xFB, 0x16, 0xFB, 0x16, 0xFB, 0x36, 0xFB, 0x36, 0xFB, 0x36, 0xFB, 0x16, 0xFB, 0x16,
    0xFB, 0x16, 0xFB, 0x16, 0xFB, 0x16, 0xFB, 0x36, 0xFB, 0x57, 0x48, 0xE6, 0x1A, 0x2C, 0x55, 0x9F,
    0x4D, 0x5F, 0x4D, 0x5F, 0x4D, 0x5F, 0x4D, 0x5F, 0x4D, 0x5F, 0x4D, 0x5F, 0x4D, 0x5F, 0x4D, 0x5F,
    0x4D, 0x5F, 0x4D, 0x5F, 0x4D, 0x5F, 0x4D, 0x5F, 0x4D, 0x5F, 0x4D, 0x5F, 0x4D, 0x5F, 0x4D, 0x5F,
    0x4D, 0x5F, 0x4D, 0x5F, 0x4D, 0x5F, 0x4D, 0x5F, 0x4D, 0x5F, 0x4D, 0x5F, 0x4D, 0x5F, 0x4D, 0x5F,
    0x4D, 0x5F, 0x4D, 0x5F, 0x4D, 0x5F, 0x4D, 0x5F, 0x4D, 0x5F, 0x4D, 0x5F, 0x4D, 0x5F, 0x4D, 0x5F,
    0x4D, 0x5F, 0x4D, 0x5F, 0x4D, 0x5F, 0x4D, 0x5F, 0x4D, 0x5F, 0x4D, 0x5F, 0x4D, 0x5F, 0x4D, 0x5F,
    0x4D, 0x5F, 0x4D, 0x5F, 0x4D, 0x5F, 0xFF, 0x4D, 0x5F, 0x4D, 0x5F, 0x4D, 0x5F, 0x4D, 0x5F, 0x4D,
    0x5F, 0x4D, 0x5F, 0x4D, 0x5F, 0x4D, 0x5F, 0x4D, 0x5F, 0x4D, 0x5F, 0x4D, 0x5F, 0x4D, 0x5F, 0x4D,
    0x5F, 0x4D, 0x5F, 0x4D, 0x5F, 0x4D, 0x5F, 0x4D, 0x5F, 0x4D, 0x5F, 0x4D, 0x5F, 0x4D, 0x5F, 0x4D,
    0x5F, 0x4D, 0x5F, 0x4D, 0x5F, 0x4D, 0x5F, 0x4D, 0x5F, 0x4D, 0x5F, 0x4D, 0x5F, 0x4D, 0x5F, 0x4D,
    0x5F, 0x4D, 0x5F, 0x4D, 0x5F, 0x4D, 0x5F, 0x4D, 0x5F, 0x4D, 0x5F, 0x4D, 0x5F, 0x4D, 0x5F, 0x4D,
    0x5F, 0x4D, 0x5F, 0x4D, 0x5F, 0x4D, 0x5F, 0x4D, 0x5F, 0x4D, 0x5F, 0x4D, 0x5F, 0x4D, 0x5F, 0x4D,
    0x5F, 0x4D, 0x5F, 0x4D, 0x5F, 0x4D, 0x5F, 0x4D, 0x5F, 0x4D, 0x5F, 0x4D, 0x5F, 0x4D, 0x5F, 0x4D,
    0x5F, 0x4D, 0x5F, 0x4D, 0x5F, 0x4D, 0x5F, 0x4D, 0x5F, 0x4D, 0x5F, 0x4D, 0x5F, 0x4D, 0x5F, 0x4D,
    0x5F, 0x4D, 0x5F, 0x4D, 0x5F, 0x4D, 0x5F, 0xFF, 0x4D, 0x5F, 0x4D, 0x5F, 0x4D, 0x5F, 0x4D, 0x5F,
    0x4D, 0x5F, 0x4D, 0x5F, 0x4D, 0x5F, 0x4D, 0x5F, 0x4D, 0x5F, 0x4D, 0x5F, 0x4D, 0x5F, 0x4D, 0x5F,
    0x4D, 0x5F, 0x4D, 0x5F, 0x4D, 0x5F, 0x4D, 0x5F, 0x4D, 0x5F, 0x4D, 0x5F, 0x4D, 0x5F, 0x4D, 0x5F,
    0x4D, 0x5F, 0x4D, 0x5F, 0x4D, 0x5F, 0x4D, 0x5F, 0x4D, 0x5F, 0x4D, 0x5F, 0x4D, 0x5F, 0x4D, 0x5F,
    0x4D, 0x5F, 0x4D, 0x5F, 0x4D, 0x5F, 0x4D, 0x5F, 0x4D, 0x5F, 0x4D, 0x5F, 0x4D, 0x5F, 0x4D, 0x5F,
    0x4D, 0x5F, 0x4D, 0x5F, 0x4D, 0x5F, 0x4D, 0x5F, 0x4D, 0x5F, 0x4D, 0x5F, 0x4D, 0x5F, 0x4D, 0x5F,
    0x4D, 0x5F, 0x4D, 0x5F, 0x4D, 0x5F, 0x4D, 0x5F, 0x4D, 0x5F, 0x4D, 0x5F, 0x4D, 0x5F, 0x4D, 0x5F,
    0x4D, 0x5F, 0x4D, 0x5F, 0x4D, 0x5F, 0x4D, 0x5F, 0x4D, 0x5F, 0x4D, 0x5F, 0x4D, 0x5F, 0x4D, 0x5F,
    0x4D, 0x5F, 0x4D, 0x5F, 0x4D, 0x5F, 0x4D, 0x5F, 0xD7, 0x4D, 0x5F, 0x4D, 0x5F, 0x4D, 0x5F, 0x4D,
    0x5F, 0x4D, 0x5F, 0x4D, 0x5F, 0x4D, 0x5F, 0x4D, 0x5F, 0x4D, 0x5F, 0x4D, 0x5F, 0x4D, 0x5F, 0x4D,
    0x5F, 0x4D, 0x5F, 0x4D, 0x5F, 0x4D, 0x5F, 0x4D, 0x5F, 0x4D, 0x5F, 0x4D, 0x5F, 0x4D, 0x5F, 0x4D,
    0x5F, 0x4D, 0x5F, 0x4D, 0x3F, 0x4D, 0x9F, 0x3B, 0xF7, 0x30, 0xA5, 0xFB, 0x36, 0xFB, 0x36, 0xFB,
    0x16, 0xFB, 0x16, 0xFB, 0x16, 0xFB, 0x16, 0xFB, 0x16, 0xFB, 0x16, 0xFB, 0x16, 0xFB, 0x16, 0xFB,
    0x16, 0xFB, 0x16, 0xFB, 0x16, 0xFB, 0x16, 0xFB, 0x16, 0xFB, 0x16, 0xFB, 0x36, 0xFB, 0x37, 0x48,
    0xE6, 0x0A, 0x00, 0xFF, 0xCA, 0x91, 0xFB, 0x78, 0xFB, 0x36, 0xFB, 0x36, 0xFB, 0x36, 0xFB, 0x37,
    0xFB, 0x37, 0xFB, 0x37, 0xFB, 0x36, 0xFB, 0x36, 0xFB, 0x37, 0xFB, 0x37, 0xFB, 0x57, 0xFB, 0x57,
    0xFB, 0x78, 0xFB, 0x36, 0x69, 0x49, 0x09, 0x06, 0x4D, 0x1D, 0x4D, 0x7F, 0x4D, 0x5F, 0x4D, 0x5F,
    0x4D, 0x5F, 0x4D, 0x5F, 0x4D, 0x5F, 0x4D, 0x5F, 0x4D, 0x5F, 0x4D, 0x5F, 0x4D, 0x5F, 0x4D, 0x5F,
    0x4D, 0x5F, 0x4D, 0x5F, 0x4D, 0x5F, 0x4D, 0x5F, 0x4D, 0x5F, 0x4D, 0x5F, 0x4D, 0x5F, 0x4D, 0x5F,
    0x4D, 0x5F, 0x4D, 0x5F, 0x4D, 0x5F, 0x4D, 0x5F, 0x4D, 0x5F, 0x4D, 0x5F, 0x4D, 0x5F, 0x4D, 0x5F,
    0x4D, 0x5F, 0x4D, 0x5F, 0x4D, 0x5F, 0x4D, 0x5F, 0x4D, 0x5F, 0x4D, 0x5F, 0x4D, 0x5F, 0x4D, 0x5F,
    0x4D, 0x5F, 0x4D, 0x5F, 0x4D, 0x5F, 0x4D, 0x5F, 0x4D, 0x5F, 0x4D, 0x5F, 0x4D, 0x5F, 0x4D, 0x5F,
    0x4D, 0x5F, 0x4D, 0x5F, 0xFF, 0x4D, 0x5F, 0x4D, 0x5F, 0x4D, 0x5F, 0x4D, 0x5F, 0x4D, 0x5F, 0x4D,
    0x5F, 0x4D, 0x5F, 0x4D, 0x5F, 0x4D, 0x5F, 0x4D, 0x5F, 0x4D, 0x5F, 0x4D, 0x5F, 0x4D, 0x5F, 0x4D,
    0x5F, 0x4D, 0x5F, 0x4D, 0x5F, 0x4D, 0x5F, 0x4D, 0x5F, 0x4D, 0x5F, 0x4D, 0x5F, 0x4D, 0x5F, 0x4D,
    0x5F, 0x4D, 0x5F, 0x4D, 0x5F, 0x4D, 0x5F, 0x4D, 0x5F, 0x4D, 0x5F, 0x4D, 0x5F, 0x4D, 0x5F, 0x4D,
    0x5F, 0x4D, 0x5F, 0x4D, 0x5F, 0x4D, 0x5F, 0x4D, 0x5F, 0x4D, 0x5F, 0x4D, 0x5F, 0x4D, 0x5F, 0x4D,
    0x5F, 0x4D, 0x5F, 0x4D, 0x5F, 0x4D, 0x5F, 0x4D, 0x5F, 0x4D, 0x5F, 0x4D, 0x5F, 0x4D, 0x5F, 0x4D,
    0x5F, 0x4D, 0x5F, 0x4D, 0x5F, 0x4D, 0x5F, 0x4D, 0x5F, 0x4D, 0x5F, 0x4D, 0x5F, 0x4D, 0x5F, 0x4D,
    0x5F, 0x4D, 0x5F, 0x4D, 0x5F, 0x4D, 0x5F, 0x4D, 0x5F, 0x4D, 0x5F, 0x4D, 0x5F, 0x4D, 0x5F, 0x4D,
    0x5F, 0x4D, 0x5F, 0x4D, 0x5F, 0xFF, 0x4D, 0x5F, 0x4D, 0x5F, 0x4D, 0x5F, 0x4D, 0x5F, 0x4D, 0x5F,
    0x4D, 0x5F, 0x4D, 0x5F, 0x4D, 0x5F, 0x4D, 0x5F, 0x4D, 0x5F, 0x4D, 0x5F, 0x4D, 0x5F, 0x4D, 0x5F,
    0x4D, 0x5F, 0x4D, 0x5F, 0x4D, 0x5F, 0x4D, 0x5F, 0x4D, 0x5F, 0x4D, 0x5F, 0x4D, 0x5F, 0x4D, 0x5F,
    0x4D, 0x5F, 0x4D, 0x5F, 0x4D, 0x5F, 0x4D, 0x5F, 0x4D, 0x5F, 0x4D, 0x5F, 0x4D, 0x5F, 0x4D, 0x5F,
    0x4D, 0x5F, 0x4D, 0x5F, 0x4D, 0x5F, 0x4D, 0x5F, 0x4D, 0x5F, 0x4D, 0x5F, 0x4D, 0x5F, 0x4D, 0x5F,
    0x4D, 0x5F, 0x4D, 0x5F, 0x4D, 0x5F, 0x4D, 0x5F, 0x4D, 0x5F, 0x4D, 0x5F, 0x4D, 0x5F, 0x4D, 0x5F,
    0x4D, 0x5F, 0x4D, 0x5F, 0x4D, 0x5F, 0x4D, 0x5F, 0x4D, 0x5F, 0x4D, 0x5F, 0x4D, 0x5F, 0x4D, 0x5F,
    0x4D, 0x5F, 0x4D, 0x5F, 0x4D, 0x5F, 0x4D, 0x5F, 0x4D, 0x5F, 0x4D, 0x5F, 0x4D, 0x5F, 0x4D, 0x5F,
    0x4D, 0x5F, 0x4D, 0x5F, 0x4D, 0x5F, 0xD3, 0x4D, 0x5F, 0x4D, 0x5F, 0x4D, 0x5F, 0x4D, 0x5F, 0x4D,
    0x5F, 0x4D, 0x5F, 0x4D, 0x5F, 0x4D, 0x5F, 0x4D, 0x5F, 0x4D, 0x5F, 0x4D, 0x5F, 0x4D, 0x5F, 0x4D,
    0x5F, 0x4D, 0x5F, 0x4D, 0x5F, 0x4D, 0x5F, 0x4D, 0x5F, 0x4D, 0x5F, 0x4D, 0x5F, 0x4D, 0x5F, 0x4D,
    0x5F, 0x4D, 0x7F, 0x4D, 0x1D, 0x08, 0x83, 0x69, 0x49, 0xFB, 0x16, 0xFB, 0x37, 0xFB, 0x57, 0xFB,
    0x37, 0xFB, 0x37, 0xFB, 0x37, 0xFB, 0x37, 0xFB, 0x37, 0xFB, 0x57, 0xFB, 0x57, 0xFB, 0x57, 0xFB,
    0x57, 0xFB, 0x57, 0xFB, 0x57, 0xFB, 0x57, 0xF2, 0xF5, 0x59, 0x07, 0x0C, 0x00, 0xFF, 0x20, 0x63,
    0xCA, 0x91, 0xFB, 0x16, 0xFB, 0x16, 0xE2, 0xD4, 0xD2, 0xB3, 0xE2, 0xD4, 0xE2, 0xD4, 0xE2, 0xD4,
    0xE2, 0xD4, 0xD2, 0xB3, 0xCA, 0x91, 0xBA, 0x0F, 0x89, 0xCC, 0x69, 0x49, 0x10, 0x41, 0x00, 0x21,
    0x44, 0x58, 0x55, 0xFF, 0x4D, 0x5F, 0x4D, 0x5F, 0x4D, 0x5F, 0x4D, 0x5F, 0x4D, 0x5F, 0x4D, 0x5F,
    0x4D, 0x5F, 0x4D, 0x5F, 0x4D, 0x5F, 0x4D, 0x5F, 0x4D, 0x5F, 0x4D, 0x5F, 0x4D, 0x5F, 0x4D, 0x5F,
    0x4D, 0x5F, 0x4D, 0x5F, 0x4D, 0x5F, 0x4D, 0x5F, 0x4D, 0x5F, 0x4D, 0x5F, 0x4D, 0x5F, 0x4D, 0x5F,
    0x4D, 0x5F, 0x4D, 0x5F, 0x4D, 0x5F, 0x4D, 0x5F, 0x4D, 0x5F, 0x4D, 0x5F, 0x4D, 0x5F, 0x4D, 0x5F,
    0x4D, 0x5F, 0x4D, 0x5F, 0x4D, 0x5F, 0x4D, 0x5F, 0x4D, 0x5F, 0x4D, 0x5F, 0x4D, 0x5F, 0x4D, 0x5F,
    0x4D, 0x5F, 0x4D, 0x5F, 0x4D, 0x5F, 0x4D, 0x5F, 0x4D, 0x5F, 0x4D, 0x5F, 0x4D, 0x5F, 0xFF, 0x4D,
    0x5F, 0x4D, 0x5F, 0x4D, 0x5F, 0x4D, 0x5F, 0x4D, 0x5F, 0x4D, 0x5F, 0x4D, 0x5F, 0x4D, 0x5F, 0x4D,
    0x5F, 0x4D, 0x5F, 0x4D, 0x5F, 0x4D, 0x5F, 0x4D, 0x5F, 0x4D, 0x5F, 0x4D, 0x5F, 0x4D, 0x5F, 0x4D,
    0x5F, 0x4D, 0x5F, 0x4D, 0x5F, 0x4D, 0x5F, 0x4D, 0x5F, 0x4D, 0x5F, 0x4D, 0x5F, 0x4D, 0x5F, 0x4D,
    0x5F, 0x4D, 0x5F, 0x4D, 0x5F, 0x4D, 0x5F, 0x4D, 0x5F, 0x4D, 0x5F, 0x4D, 0x5F, 0x4D, 0x5F, 0x4D,
    0x5F, 0x4D, 0x5F, 0x4D, 0x5F, 0x4D, 0x5F, 0x4D, 0x5F, 0x4D, 0x5F, 0x4D, 0x5F, 0x4D, 0x5F, 0x4D,
    0x5F, 0x4D, 0x5F, 0x4D, 0x5F, 0x4D, 0x5F, 0x4D, 0x5F, 0x4D, 0x5F, 0x4D, 0x5F, 0x4D, 0x5F, 0x4D,
    0x5F, 0x4D, 0x5F, 0x4D, 0x5F, 0x4D, 0x5F, 0x4D, 0x5F, 0x4D, 0x5F, 0x4D, 0x5F, 0x4D, 0x5F, 0x4D,
    0x5F, 0x4D, 0x5F, 0x4D, 0x5F, 0x4D, 0x5F, 0x4D, 0x5F, 0x4D, 0x5F, 0x4D, 0x5F, 0x4D, 0x5F, 0xFF,
    0x4D, 0x5F, 0x4D, 0x5F, 0x4D, 0x5F, 0x4D, 0x5F, 0x4D, 0x5F, 0x4D, 0x5F, 0x4D, 0x5F, 0x4D, 0x5F,
    0x4D, 0x5F, 0x4D, 0x5F, 0x4D, 0x5F, 0x4D, 0x5F, 0x4D, 0x5F, 0x4D, 0x5F, 0x4D, 0x5F, 0x4D, 0x5F,
    0x4D, 0x5F, 0x4D, 0x5F, 0x4D, 0x5F, 0x4D, 0x5F, 0x4D, 0x5F, 0x4D, 0x5F, 0x4D, 0x5F, 0x4D, 0x5F,
    0x4D, 0x5F, 0x4D, 0x5F, 0x4D, 0x5F, 0x4D, 0x5F, 0x4D, 0x5F, 0x4D, 0x5F, 0x4D, 0x5F, 0x4D, 0x5F,
    0x4D, 0x5F, 0x4D, 0x5F, 0x4D, 0x5F, 0x4D, 0x5F, 0x4D, 0x5F, 0x4D, 0x5F, 0x4D, 0x5F, 0x4D, 0x5F,
    0x4D, 0x5F, 0x4D, 0x5F, 0x4D, 0x5F, 0x4D, 0x5F, 0x4D, 0x5F, 0x4D, 0x5F, 0x4D, 0x5F, 0x4D, 0x5F,
    0x4D, 0x5F, 0x4D, 0x5F, 0x4D, 0x5F, 0x4D, 0x5F, 0x4D, 0x5F, 0x4D, 0x5F, 0x4D, 0x5F, 0x4D, 0x5F,
    0x4D, 0x5F, 0x4D, 0x5F, 0x4D, 0x5F, 0x4D, 0x5F, 0x4D, 0x5F, 0x4D, 0x5F, 0x4D, 0x5F, 0x4D, 0x5F,
    0xAD, 0x4D, 0x5F, 0x4D, 0x5F, 0x4D, 0x5F, 0x4D, 0x5F, 0x4D, 0x5F, 0x4D, 0x5F, 0x4D, 0x5F, 0x4D,
    0x5F, 0x4D, 0x5F, 0x4D, 0x5F, 0x4D, 0x5F, 0x4D, 0x5F, 0x4D, 0x5F, 0x4D, 0x5F, 0x4D, 0x5F, 0x4D,
    0x5F, 0x4D, 0x5F, 0x4D, 0x5F, 0x4D, 0x5F, 0x4D, 0x5F, 0x4D, 0x5F, 0x4D, 0x9F, 0x22, 0xD0, 0x04,
    0x00, 0x9F, 0x20, 0x63, 0x48, 0xE6, 0x48, 0xE6, 0x48, 0xE6, 0x48, 0xE6, 0x48, 0xE6, 0x48, 0xE6,
    0x48, 0xE6, 0x48, 0xE6, 0x59, 0x07, 0x59, 0x07, 0x69, 0x49, 0x79, 0x8A, 0x79, 0x8A, 0x69, 0x49,
    0x10, 0x41, 0x12, 0x00, 0x83, 0x10, 0x41, 0x20, 0x63, 0x06, 0x00, 0xFF, 0x10, 0x41, 0x10, 0x41,
    0x20, 0x63, 0x10, 0x41, 0x20, 0x63, 0x30, 0xA5, 0x30, 0xA5, 0x30, 0xA5, 0x48, 0xE6, 0x48, 0xE6,
    0x08, 0x83, 0x22, 0xD0, 0x4D, 0x9F, 0x4D, 0x5F, 0x4D, 0x5F, 0x4D, 0x5F, 0x4D, 0x5F, 0x4D, 0x5F,
    0x4D, 0x5F, 0x4D, 0x5F, 0x4D, 0x5F, 0x4D, 0x5F, 0x4D, 0x5F, 0x4D, 0x5F, 0x4D, 0x5F, 0x4D, 0x5F,
    0x4D, 0x5F, 0x4D, 0x5F, 0x4D, 0x5F, 0x4D, 0x5F, 0x4D, 0x5F, 0x4D, 0x5F, 0x4D, 0x5F, 0x4D, 0x5F,
    0x4D, 0x5F, 0x4D, 0x5F, 0x4D, 0x5F, 0x4D, 0x5F, 0x4D, 0x5F, 0x4D, 0x5F, 0x4D, 0x5F, 0x4D, 0x5F,
    0x4D, 0x5F, 0x4D, 0x5F, 0x4D, 0x5F, 0x4D, 0x5F, 0x4D, 0x5F, 0x4D, 0x5F, 0x4D, 0x5F, 0x4D, 0x5F,
    0x4D, 0x5F, 0x4D, 0x5F, 0x4D, 0x5F, 0x4D, 0x5F, 0x4D, 0x5F, 0x4D, 0x5F, 0x4D, 0x5F, 0x4D, 0x5F,
    0x4D, 0x5F, 0x4D, 0x5F, 0x4D, 0x5F, 0x4D, 0x5F, 0x4D, 0x5F, 0x4D, 0x5F, 0xFF, 0x4D, 0x5F, 0x4D,
    0x5F, 0x4D, 0x5F, 0x4D, 0x5F, 0x4D, 0x5F, 0x4D, 0x5F, 0x4D, 0x5F, 0x4D, 0x5F, 0x4D, 0x5F, 0x4D,
    0x5F, 0x4D, 0x5F, 0x4D, 0x5F, 0x4D, 0x5F, 0x4D, 0x5F, 0x4D, 0x5F, 0x4D, 0x5F, 0x4D, 0x5F, 0x4D,
    0x5F, 0x4D, 0x5F, 0x4D, 0x5F, 0x4D, 0x5F, 0x4D, 0x5F, 0x4D, 0x5F, 0x4D, 0x5F, 0x4D, 0x5F, 0x4D,
    0x5F, 0x4D, 0x5F, 0x4D, 0x5F, 0x4D, 0x5F, 0x4D, 0x5F, 0x4D, 0x5F, 0x4D, 0x5F, 0x4D, 0x5F, 0x4D,
    0x5F, 0x4D, 0x5F, 0x4D, 0x5F, 0x4D, 0x5F, 0x4D, 0x5F, 0x4D, 0x5F, 0x4D, 0x5F, 0x4D, 0x5F, 0x4D,
    0x5F, 0x4D, 0x5F, 0x4D, 0x5F, 0x4D, 0x5F, 0x4D, 0x5F, 0x4D, 0x5F, 0x4D, 0x5F, 0x4D, 0x5F, 0x4D,
    0x5F, 0x4D, 0x5F, 0x4D, 0x5F, 0x4D, 0x5F, 0x4D, 0x5F, 0x4D, 0x5F, 0x4D, 0x5F, 0x4D, 0x5F, 0x4D,
    0x5F, 0x4D, 0x5F, 0x4D, 0x5F, 0x4D, 0x5F, 0x4D, 0x5F, 0x4D, 0x5F, 0x4D, 0x5F, 0xFF, 0x4D, 0x5F,
    0x4D, 0x5F, 0x4D, 0x5F, 0x4D, 0x5F, 0x4D, 0x5F, 0x4D, 0x5F, 0x4D, 0x5F, 0x4D, 0x5F, 0x4D, 0x5F,
    0x4D, 0x5F, 0x4D, 0x5F, 0x4D, 0x5F, 0x4D, 0x5F, 0x4D, 0x5F, 0x4D, 0x5F, 0x4D, 0x5F, 0x4D, 0x5F,
    0x4D, 0x5F, 0x4D, 0x5F, 0x4D, 0x5F, 0x4D, 0x5F, 0x4D, 0x5F, 0x4D, 0x5F, 0x4D, 0x5F, 0x4D, 0x5F,
    0x4D, 0x5F, 0x4D, 0x5F, 0x4D, 0x5F, 0x4D, 0x5F, 0x4D, 0x5F, 0x4D, 0x5F, 0x4D, 0x5F, 0x4D, 0x5F,
    0x4D, 0x5F, 0x4D, 0x5F, 0x4D, 0x5F, 0x4D, 0x5F, 0x4D, 0x5F, 0x4D, 0x5F, 0x4D, 0x5F, 0x4D, 0x5F,
    0x4D, 0x5F, 0x4D, 0x5F, 0x4D, 0x5F, 0x4D, 0x5F, 0x4D, 0x5F, 0x4D, 0x5F, 0x4D, 0x5F, 0x4D, 0x5F,
    0x4D, 0x5F, 0x4D, 0x5F, 0x4D, 0x5F, 0x4D, 0x5F, 0x4D, 0x5F, 0x4D, 0x5F, 0x4D, 0x5F, 0x4D, 0x5F,
    0x4D, 0x5F, 0x4D, 0x5F, 0x4D, 0x5F, 0x4D, 0x5F, 0x4D, 0x5F, 0x4D, 0x5F, 0x4D, 0x5F, 0x9D, 0x4D,
    0x5F, 0x4D, 0x5F, 0x4D, 0x5F, 0x4D, 0x5F, 0x4D, 0x5F, 0x4D, 0x5F, 0x4D, 0x5F, 0x4D, 0x5F, 0x4D,
    0x5F, 0x4D, 0x5F, 0x4D, 0x5F, 0x4D, 0x5F, 0x4D, 0x5F, 0x4D, 0x9F, 0x3B, 0xB5, 0x26, 0x00, 0xFF,
    0x10, 0x41, 0x20, 0x63, 0x30, 0xA5, 0x59, 0x07, 0x69, 0x49, 0x69, 0x49, 0x79, 0x8A, 0x89, 0xCC,
    0x89, 0xCC, 0x89, 0xCC, 0x89, 0xCC, 0xA1, 0xED, 0xBA, 0x50, 0xBA, 0x50, 0xCA, 0x91, 0xCA, 0x91,
    0xD2, 0xB3, 0xE2, 0xD4, 0xF2, 0xF5, 0xFB, 0x36, 0xFB, 0x37, 0xFB, 0x57, 0xFB, 0x57, 0xFB, 0x37,
    0xCA, 0x91, 0x10, 0x41, 0x44, 0x58, 0x4D, 0x9F, 0x4D, 0x5F, 0x4D, 0x5F, 0x4D, 0x5F, 0x4D, 0x5F,
    0x4D, 0x5F, 0x4D, 0x5F, 0x4D, 0x5F, 0x4D, 0x5F, 0x4D, 0x5F, 0x4D, 0x5F, 0x4D, 0x5F, 0x4D, 0x5F,
    0x4D, 0x5F, 0x4D, 0x5F, 0x4D, 0x5F, 0x4D, 0x5F, 0x4D, 0x5F, 0x4D, 0x5F, 0x4D, 0x5F, 0x4D, 0x5F,
    0x4D, 0x5F, 0x4D, 0x5F, 0x4D, 0x5F, 0x4D, 0x5F, 0x4D, 0x5F, 0x4D, 0x5F, 0x4D, 0x5F, 0x4D, 0x5F,
    0x4D, 0x5F, 0x4D, 0x5F, 0x4D, 0x5F, 0x4D, 0x5F, 0x4D, 0x5F, 0x4D, 0x5F, 0x4D, 0x5F, 0x4D, 0x5F,
    0xFF, 0x4D, 0x5F, 0x4D, 0x5F, 0x4D, 0x5F, 0x4D, 0x5F, 0x4D, 0x5F, 0x4D, 0x5F, 0x4D, 0x5F, 0x4D,
    0x5F, 0x4D, 0x5F, 0x4D, 0x5F, 0x4D, 0x5F, 0x4D, 0x5F, 0x4D, 0x5F, 0x4D, 0x5F, 0x4D, 0x5F, 0x4D,
    0x5F, 0x4D, 0x5F, 0x4D, 0x5F, 0x4D, 0x5F, 0x4D, 0x5F, 0x4D, 0x5F, 0x4D, 0x5F, 0x4D, 0x5F, 0x4D,
    0x5F, 0x4D, 0x5F, 0x4D, 0x5F, 0x4D, 0x5F, 0x4D, 0x5F, 0x4D, 0x5F, 0x4D, 0x5F, 0x4D, 0x5F, 0x4D,
    0x5F, 0x4D, 0x5F, 0x4D, 0x5F, 0x4D, 0x5F, 0x4D, 0x5F, 0x4D, 0x5F, 0x4D, 0x5F, 0x4D, 0x5F, 0x4D,
    0x5F, 0x4D, 0x5F, 0x4D, 0x5F, 0x4D, 0x5F, 0x4D, 0x5F, 0x4D, 0x5F, 0x4D, 0x5F, 0x4D, 0x5F, 0x4D,
    0x5F, 0x4D, 0x5F, 0x4D, 0x5F, 0x4D, 0x5F, 0x4D, 0x5F, 0x4D, 0x5F, 0x4D, 0x5F, 0x4D, 0x5F, 0x4D,
    0x5F, 0x4D, 0x5F, 0x4D, 0x5F, 0x4D, 0x5F, 0x4D, 0x5F, 0x4D, 0x5F, 0x4D, 0x5F, 0x4D, 0x5F, 0x4D,
    0x5F, 0xFF, 0x4D, 0x5F, 0x4D, 0x5F, 0x4D, 0x5F, 0x4D, 0x5F, 0x4D, 0x5F, 0x4D, 0x5F, 0x4D, 0x5F,
    0x4D, 0x5F, 0x4D, 0x5F, 0x4D, 0x5F, 0x4D, 0x5F, 0x4D, 0x5F, 0x4D, 0x5F, 0x4D, 0x5F, 0x4D, 0x5F,
    0x4D, 0x5F, 0x4D, 0x5F, 0x4D, 0x5F, 0x4D, 0x5F, 0x4D, 0x5F, 0x4D, 0x5F, 0x4D, 0x5F, 0x4D, 0x5F,
    0x4D, 0x5F, 0x4D, 0x5F, 0x4D, 0x5F, 0x4D, 0x5F, 0x4D, 0x5F, 0x4D, 0x5F, 0x4D, 0x5F, 0x4D, 0x5F,
    0x4D, 0x5F, 0x4D, 0x5F, 0x4D, 0x5F, 0x4D, 0x5F, 0x4D, 0x5F, 0x4D, 0x5F, 0x4D, 0x5F, 0x4D, 0x5F,
    0x4D, 0x5F, 0x4D, 0x5F, 0x4D, 0x5F, 0x4D, 0x5F, 0x4D, 0x5F, 0x4D, 0x5F, 0x4D, 0x5F, 0x4D, 0x5F,
    0x4D, 0x5F, 0x4D, 0x5F, 0x4D, 0x5F, 0x4D, 0x5F, 0x4D, 0x5F, 0x4D, 0x5F, 0x4D, 0x5F, 0x4D, 0x5F,
    0x4D, 0x5F, 0x4D, 0x5F, 0x4D, 0x5F, 0x4D, 0x5F, 0x4D, 0x5F, 0x4D, 0x5F, 0x4D, 0x5F, 0x4D, 0x5F,
    0x4D, 0x5F, 0xB9, 0x4D, 0x5F, 0x4D, 0x5F, 0x4D, 0x5F, 0x4D, 0x5F, 0x4D, 0x5F, 0x4D, 0x5F, 0x4D,
    0x5F, 0x4D, 0x5F, 0x4D, 0x5F, 0x4D, 0x5F, 0x4D, 0x5F, 0x4D, 0x5F, 0x4D, 0x5F, 0x4D, 0x5F, 0x4D,
    0x5F, 0x4D, 0x5F, 0x4D, 0x5F, 0x4D, 0x5F, 0x4D, 0x5F, 0x4D, 0x5F, 0x4D, 0x5F, 0x4D, 0x5F, 0x4D,
    0x5F, 0x4D, 0x5F, 0x4D, 0x5F, 0x4D, 0x5F, 0x4D, 0x7F, 0x4D, 0x1D, 0x09, 0x06, 0x14, 0x00, 0xFF,
    0x20, 0x63, 0x30, 0xA5, 0x59, 0x07, 0x79, 0x8A, 0x89, 0xCC, 0xA1, 0xED, 0xBA, 0x50, 0xD2, 0xB3,
    0xE2, 0xD4, 0xF2, 0xF5, 0xF2, 0xF5, 0xFB, 0x36, 0xFB, 0x37, 0xFB, 0x57, 0xFB, 0x57, 0xFB, 0x57,
    0xFB, 0x57, 0xFB, 0x57, 0xFB, 0x57, 0xFB, 0x57, 0xFB, 0x57, 0xFB, 0x57, 0xFB, 0x57, 0xFB, 0x57,
    0xFB, 0x37, 0xFB, 0x37, 0xFB, 0x37, 0xFB, 0x36, 0xFB, 0x36, 0xFB, 0x36, 0xFB, 0x16, 0xFB, 0x16,
    0xFB, 0x16, 0xFB, 0x78, 0x69, 0x49, 0x22, 0x6E, 0x55, 0x9F, 0x4D, 0x5F, 0x4D, 0x5F, 0x4D, 0x5F,
    0x4D, 0x5F, 0x4D, 0x5F, 0x4D, 0x5F, 0x4D, 0x5F, 0x4D, 0x5F, 0x4D, 0x5F, 0x4D, 0x5F, 0x4D, 0x5F,
    0x4D, 0x5F, 0x4D, 0x5F, 0x4D, 0x5F, 0x4D, 0x5F, 0x4D, 0x5F, 0x4D, 0x5F, 0x4D, 0x5F, 0x4D, 0x5F,
    0x4D, 0x5F, 0x4D, 0x5F, 0x4D, 0x5F, 0x4D, 0x5F, 0x4D, 0x5F, 0x4D, 0x5F, 0x4D, 0x5F, 0x4D, 0x5F,
    0xFF, 0x4D, 0x5F, 0x4D, 0x5F, 0x4D, 0x5F, 0x4D, 0x5F, 0x4D, 0x5F, 0x4D, 0x5F, 0x4D, 0x5F, 0x4D,
    0x5F, 0x4D, 0x5F, 0x4D, 0x5F, 0x4D, 0x5F, 0x4D, 0x5F, 0x4D, 0x5F, 0x4D, 0x5F, 0x4D, 0x5F, 0x4D,
    0x5F, 0x4D, 0x5F, 0x4D, 0x5F, 0x4D, 0x5F, 0x4D, 0x5F, 0x4D, 0x5F, 0x4D, 0x5F, 0x4D, 0x5F, 0x4D,
    0x5F, 0x4D, 0x5F, 0x4D, 0x5F, 0x4D, 0x5F, 0x4D, 0x5F, 0x4D, 0x5F, 0x4D, 0x5F, 0x4D, 0x5F, 0x4D,
    0x5F, 0x4D, 0x5F, 0x4D, 0x5F, 0x4D, 0x5F, 0x4D, 0x5F, 0x4D, 0x5F, 0x4D, 0x5F, 0x4D, 0x5F, 0x4D,
    0x5F, 0x4D, 0x5F, 0x4D, 0x5F, 0x4D, 0x5F, 0x4D, 0x5F, 0x4D, 0x5F, 0x4D, 0x5F, 0x4D, 0x5F, 0x4D,
    0x5F, 0x4D, 0x5F, 0x4D, 0x5F, 0x4D, 0x5F, 0x4D, 0x5F, 0x4D, 0x5F, 0x4D, 0x5F, 0x4D, 0x5F, 0x4D,
    0x5F, 0x4D, 0x5F, 0x4D, 0x5F, 0x4D, 0x5F, 0x4D, 0x5F, 0x4D, 0x5F, 0x4D, 0x5F, 0x4D, 0x5F, 0x4D,
    0x5F, 0xFF, 0x4D, 0x5F, 0x4D, 0x5F, 0x4D, 0x5F, 0x4D, 0x5F, 0x4D, 0x5F, 0x4D, 0x5F, 0x4D, 0x5F,
    0x4D, 0x5F, 0x4D, 0x5F, 0x4D, 0x5F, 0x4D, 0x5F, 0x4D, 0x5F, 0x4D, 0x5F, 0x4D, 0x5F, 0x4D, 0x5F,
    0x4D, 0x5F, 0x4D, 0x5F, 0x4D, 0x5F, 0x4D, 0x5F, 0x4D, 0x5F, 0x4D, 0x5F, 0x4D, 0x5F, 0x4D, 0x5F,
    0x4D, 0x5F, 0x4D, 0x5F, 0x4D, 0x5F, 0x4D, 0x5F, 0x4D, 0x5F, 0x4D, 0x5F, 0x4D, 0x5F, 0x4D, 0x5F,
    0x4D, 0x5F, 0x4D, 0x5F, 0x4D, 0x5F, 0x4D, 0x5F, 0x4D, 0x5F, 0x4D, 0x5F, 0x4D, 0x5F, 0x4D, 0x5F,
    0x4D, 0x5F, 0x4D, 0x5F, 0x4D, 0x5F, 0x4D, 0x5F, 0x4D, 0x5F, 0x4D, 0x5F, 0x4D, 0x5F, 0x4D, 0x5F,
    0x4D, 0x5F, 0x4D, 0x5F, 0x4D, 0x5F, 0x4D, 0x5F, 0x4D, 0x5F, 0x4D, 0x5F, 0x4D, 0x5F, 0x4D, 0x5F,
    0x4D, 0x5F, 0x4D, 0x5F, 0x4D, 0x5F, 0x4D, 0x5F, 0x4D, 0x5F, 0x4D, 0x5F, 0x4D, 0x5F, 0x4D, 0x5F,
    0x4D, 0x5F, 0xC9, 0x4D, 0x5F, 0x4D, 0x5F, 0x4D, 0x5F, 0x4D, 0x5F, 0x4D, 0x5F, 0x4D, 0x5F, 0x4D,
    0x5F, 0x4D, 0x5F, 0x4D, 0x5F, 0x4D, 0x5F, 0x4D, 0x5F, 0x4D, 0x5F, 0x4D, 0x5F, 0x4D, 0x5F, 0x4D,
    0x5F, 0x4D, 0x5F, 0x4D, 0x5F, 0x4D, 0x5F, 0x4D, 0x5F, 0x4D, 0x5F, 0x4D, 0x5F, 0x4D, 0x5F, 0x4D,
    0x5F, 0x4D, 0x5F, 0x4D, 0x5F, 0x4D, 0x7F, 0x4D, 0x9F, 0x4D, 0x7F, 0x4D, 0x7F, 0x4D, 0x7F, 0x4D,
    0x5F, 0x4D, 0x5F, 0x4D, 0x5F, 0x4D, 0x5F, 0x4D, 0x3F, 0x55, 0x9F, 0x22, 0xD0, 0x12, 0x00, 0xFF,
    0x48, 0xE6, 0xCA, 0x91, 0xFB, 0x16, 0xFB, 0x36, 0xFB, 0x37, 0xFB, 0x57, 0xFB, 0x57, 0xFB, 0x57,
    0xFB, 0x57, 0xFB, 0x37, 0xFB, 0x36, 0xFB, 0x36, 0xFB, 0x36, 0xFB, 0x36, 0xFB, 0x16, 0xFB, 0x16,
    0xFB, 0x16, 0xFB, 0x16, 0xFB, 0x16, 0xFB, 0x16, 0xFB, 0x16, 0xFB, 0x16, 0xFB, 0x16, 0xFB, 0x16,
    0xFB, 0x16, 0xFB, 0x16, 0xFB, 0x16, 0xFB, 0x16, 0xFB, 0x36, 0xFB, 0x36, 0xFB, 0x36, 0xFB, 0x36,
    0xFB, 0x36, 0xFB, 0x36, 0xFB, 0x16, 0xFB, 0x57, 0xA1, 0xED, 0x11, 0xAA, 0x4D, 0x9F, 0x4D, 0x5F,
    0x4D, 0x5F, 0x4D, 0x5F, 0x4D, 0x5F, 0x4D, 0x5F, 0x4D, 0x5F, 0x4D, 0x5F, 0x4D, 0x5F, 0x4D, 0x5F,
    0x4D, 0x5F, 0x4D, 0x5F, 0x4D, 0x5F, 0x4D, 0x5F, 0x4D, 0x5F, 0x4D, 0x5F, 0x4D, 0x5F, 0x4D, 0x5F,
    0x4D, 0x5F, 0x4D, 0x5F, 0x4D, 0x5F, 0x4D, 0x5F, 0x4D, 0x5F, 0x4D, 0x5F, 0x4D, 0x5F, 0x4D, 0x5F,
    0xFF, 0x4D, 0x5F, 0x4D, 0x5F, 0x4D, 0x5F, 0x4D, 0x5F, 0x4D, 0x5F, 0x4D, 0x5F, 0x4D, 0x5F, 0x4D,
    0x5F, 0x4D, 0x5F, 0x4D, 0x5F, 0x4D, 0x5F, 0x4D, 0x5F, 0x4D, 0x5F, 0x4D, 0x5F, 0x4D, 0x5F, 0x4D,
    0x5F, 0x4D, 0x5F, 0x4D, 0x5F, 0x4D, 0x5F, 0x4D, 0x5F, 0x4D, 0x5F, 0x4D, 0x5F, 0x4D, 0x5F, 0x4D,
    0x5F, 0x4D, 0x5F, 0x4D, 0x5F, 0x4D, 0x5F, 0x4D, 0x5F, 0x4D, 0x5F, 0x4D, 0x5F, 0x4D, 0x5F, 0x4D,
    0x5F, 0x4D, 0x5F, 0x4D, 0x5F, 0x4D, 0x5F, 0x4D, 0x5F, 0x4D, 0x5F, 0x4D, 0x5F, 0x4D, 0x5F, 0x4D,
    0x5F, 0x4D, 0x5F, 0x4D, 0x5F, 0x4D, 0x5F, 0x4D, 0x5F, 0x4D, 0x5F, 0x4D, 0x5F, 0x4D, 0x5F, 0x4D,
    0x5F, 0x4D, 0x5F, 0x4D, 0x5F, 0x4D, 0x5F, 0x4D, 0x5F, 0x4D, 0x5F, 0x4D, 0x5F, 0x4D, 0x5F, 0x4D,
    0x5F, 0x4D, 0x5F, 0x4D, 0x5F, 0x4D, 0x5F, 0x4D, 0x5F, 0x4D, 0x5F, 0x4D, 0x5F, 0x4D, 0x5F, 0x4D,
    0x5F, 0xFF, 0x4D, 0x5F, 0x4D, 0x5F, 0x4D, 0x5F, 0x4D, 0x5F, 0x4D, 0x5F, 0x4D, 0x5F, 0x4D, 0x5F,
    0x4D, 0x5F, 0x4D, 0x5F, 0x4D, 0x5F, 0x4D, 0x5F, 0x4D, 0x5F, 0x4D, 0x5F, 0x4D, 0x5F, 0x4D, 0x5F,
    0x4D, 0x5F, 0x4D, 0x5F, 0x4D, 0x5F, 0x4D, 0x5F, 0x4D, 0x5F, 0x4D, 0x5F, 0x4D, 0x5F, 0x4D, 0x5F,
    0x4D, 0x5F, 0x4D, 0x5F, 0x4D, 0x5F, 0x4D, 0x5F, 0x4D, 0x5F, 0x4D, 0x5F, 0x4D, 0x5F, 0x4D, 0x5F,
    0x4D, 0x5F, 0x4D, 0x5F, 0x4D, 0x5F, 0x4D, 0x5F, 0x4D, 0x5F, 0x4D, 0x5F, 0x4D, 0x5F, 0x4D, 0x5F,
    0x4D, 0x5F, 0x4D, 0x5F, 0x4D, 0x5F, 0x4D, 0x5F, 0x4D, 0x5F, 0x4D, 0x5F, 0x4D, 0x5F, 0x4D, 0x5F,
    0x4D, 0x5F, 0x4D, 0x5F, 0x4D, 0x5F, 0x4D, 0x5F, 0x4D, 0x5F, 0x4D, 0x5F, 0x4D, 0x5F, 0x4D, 0x5F,
    0x4D, 0x5F, 0x4D, 0x5F, 0x4D, 0x5F, 0x4D, 0x5F, 0x4D, 0x5F, 0x4D, 0x5F, 0x4D, 0x5F, 0x4D, 0x5F,
    0x4D, 0x5F, 0xCD, 0x4D, 0x5F, 0x4D, 0x5F, 0x4D, 0x5F, 0x4D, 0x5F, 0x4D, 0x5F, 0x4D, 0x5F, 0x4D,
    0x5F, 0x4D, 0x5F, 0x4D, 0x5F, 0x4D, 0x5F, 0x4D, 0x5F, 0x4D, 0x5F, 0x4D, 0x5F, 0x4D, 0x5F, 0x4D,
    0x5F, 0x4D, 0x5F, 0x4D, 0x5F, 0x4D, 0x5F, 0x4D, 0x5F, 0x4D, 0x5F, 0x4D, 0x5F, 0x4D, 0x5F, 0x4D,
    0x5F, 0x4D, 0x5F, 0x4D, 0x5F, 0x4D, 0x7F, 0x4D, 0x7F, 0x44, 0x9B, 0x44, 0x9B, 0x44, 0x9B, 0x4D,
    0x1D, 0x4D, 0x1D, 0x4D, 0x3F, 0x4D, 0x7F, 0x55, 0x9F, 0x55, 0x9F, 0x55, 0x9F, 0x4D, 0x1D, 0x08,
    0x83, 0x10, 0x00, 0xFF, 0x69, 0x49, 0xFB, 0x37, 0xFB, 0x37, 0xFB, 0x36, 0xFB, 0x36, 0xFB, 0x16,
    0xFB, 0x16, 0xFB, 0x16, 0xFB, 0x16, 0xFB, 0x16, 0xFB, 0x16, 0xFB, 0x16, 0xFB, 0x36, 0xFB, 0x36,
    0xFB, 0x36, 0xFB, 0x36, 0xFB, 0x36, 0xFB, 0x36, 0xFB, 0x36, 0xFB, 0x36, 0xFB, 0x36, 0xFB, 0x36,
    0xFB, 0x36, 0xFB, 0x36, 0xFB, 0x36, 0xFB, 0x36, 0xFB, 0x36, 0xFB, 0x36, 0xFB, 0x36, 0xFB, 0x36,
    0xFB, 0x36, 0xFB, 0x36, 0xFB, 0x36, 0xFB, 0x36, 0xFB, 0x36, 0xFB, 0x16, 0xFB, 0x57, 0xBA, 0x0F,
    0x11, 0x68, 0x4D, 0x7F, 0x4D, 0x5F, 0x4D, 0x5F, 0x4D, 0x5F, 0x4D, 0x5F, 0x4D, 0x5F, 0x4D, 0x5F,
    0x4D, 0x5F, 0x4D, 0x5F, 0x4D, 0x5F, 0x4D, 0x5F, 0x4D, 0x5F, 0x4D, 0x5F, 0x4D, 0x5F, 0x4D, 0x5F,
    0x4D, 0x5F, 0x4D, 0x5F, 0x4D, 0x5F, 0x4D, 0x5F, 0x4D, 0x5F, 0x4D, 0x5F, 0x4D, 0x5F, 0x4D, 0x5F,
    0x4D, 0x5F, 0x4D, 0x5F, 0xFF, 0x4D, 0x5F, 0x4D, 0x5F, 0x4D, 0x5F, 0x4D, 0x5F, 0x4D, 0x5F, 0x4D,
    0x5F, 0x4D, 0x5F, 0x4D, 0x5F, 0x4D, 0x5F, 0x4D, 0x5F, 0x4D, 0x5F, 0x4D, 0x5F, 0x4D, 0x5F, 0x4D,
    0x5F, 0x4D, 0x5F, 0x4D, 0x5F, 0x4D, 0x5F, 0x4D, 0x5F, 0x4D, 0x5F, 0x4D, 0x5F, 0x4D, 0x5F, 0x4D,
    0x5F, 0x4D, 0x5F, 0x4D, 0x5F, 0x4D, 0x5F, 0x4D, 0x5F, 0x4D, 0x5F, 0x4D, 0x5F, 0x4D, 0x5F, 0x4D,
    0x5F, 0x4D, 0x5F, 0x4D, 0x5F, 0x4D, 0x5F, 0x4D, 0x5F, 0x4D, 0x5F, 0x4D, 0x5F, 0x4D, 0x5F, 0x4D,
    0x5F, 0x4D, 0x5F, 0x4D, 0x5F, 0x4D, 0x5F, 0x4D, 0x5F, 0x4D, 0x5F, 0x4D, 0x5F, 0x4D, 0x5F, 0x4D,
    0x5F, 0x4D, 0x5F, 0x4D, 0x5F, 0x4D, 0x5F, 0x4D, 0x5F, 0x4D, 0x5F, 0x4D, 0x5F, 0x4D, 0x5F, 0x4D,
    0x5F, 0x4D, 0x5F, 0x4D, 0x5F, 0x4D, 0x5F, 0x4D, 0x5F, 0x4D, 0x5F, 0x4D, 0x5F, 0x4D, 0x5F, 0x4D,
    0x5F, 0x4D, 0x5F, 0x4D, 0x5F, 0xFF, 0x4D, 0x5F, 0x4D, 0x5F, 0x4D, 0x5F, 0x4D, 0x5F, 0x4D, 0x5F,
    0x4D, 0x5F, 0x4D, 0x5F, 0x4D, 0x5F, 0x4D, 0x5F, 0x4D, 0x5F, 0x4D, 0x5F, 0x4D, 0x5F, 0x4D, 0x5F,
    0x4D, 0x5F, 0x4D, 0x5F, 0x4D, 0x5F, 0x4D, 0x5F, 0x4D, 0x5F, 0x4D, 0x5F, 0x4D, 0x5F, 0x4D, 0x5F,
    0x4D, 0x5F, 0x4D, 0x5F, 0x4D, 0x5F, 0x4D, 0x5F, 0x4D, 0x5F, 0x4D, 0x5F, 0x4D, 0x5F, 0x4D, 0x5F,
    0x4D, 0x5F, 0x4D, 0x5F, 0x4D, 0x5F, 0x4D, 0x5F, 0x4D, 0x5F, 0x4D, 0x5F, 0x4D, 0x5F, 0x4D, 0x5F,
    0x4D, 0x5F, 0x4D, 0x5F, 0x4D, 0x5F, 0x4D, 0x5F, 0x4D, 0x5F, 0x4D, 0x5F, 0x4D, 0x5F, 0x4D, 0x5F,
    0x4D, 0x5F, 0x4D, 0x5F, 0x4D, 0x5F, 0x4D, 0x5F, 0x4D, 0x5F, 0x4D, 0x5F, 0x4D, 0x5F, 0x4D, 0x5F,
    0x4D, 0x5F, 0x4D, 0x5F, 0x4D, 0x5F, 0x4D, 0x5F, 0x4D, 0x5F, 0x4D, 0x5F, 0x4D, 0x5F, 0x4D, 0x5F,
    0x4D, 0x5F, 0x4D, 0x5F, 0x4D, 0x5F, 0xCD, 0x4D, 0x5F, 0x4D, 0x5F, 0x4D, 0x5F, 0x4D, 0x5F, 0x4D,
    0x5F, 0x4D, 0x5F, 0x4D, 0x5F, 0x4D, 0x5F, 0x4D, 0x5F, 0x4D, 0x5F, 0x4D, 0x5F, 0x4D, 0x5F, 0x4D,
    0x5F, 0x4D, 0x5F, 0x4D, 0x5F, 0x4D, 0x5F, 0x4D, 0x5F, 0x4D, 0x5F, 0x4D, 0x5F, 0x4D, 0x5F, 0x4D,
    0x5F, 0x4D, 0x5F, 0x4D, 0x5F, 0x4D, 0x5F, 0x4D, 0x5F, 0x4D, 0x7F, 0x4D, 0x1D, 0x11, 0xAA, 0x00,
    0x21, 0x00, 0x21, 0x00, 0x21, 0x08, 0x83, 0x09, 0x06, 0x09, 0x06, 0x11, 0xAA, 0x1A, 0x2C, 0x22,
    0x6E, 0x22, 0xD0, 0x11, 0x68, 0x10, 0x00, 0xFF, 0x59, 0x07, 0xFB, 0x37, 0xFB, 0x36, 0xFB, 0x16,
    0xFB, 0x36, 0xFB, 0x36, 0xFB, 0x36, 0xFB, 0x36, 0xFB, 0x36, 0xFB, 0x36, 0xFB, 0x36, 0xFB, 0x36,
    0xFB, 0x36, 0xFB, 0x36, 0xFB, 0x36, 0xFB, 0x36, 0xFB, 0x36, 0xFB, 0x36, 0xFB, 0x36, 0xFB, 0x36,
    0xFB, 0x36, 0xFB, 0x36, 0xFB, 0x36, 0xFB, 0x36, 0xFB, 0x36, 0xFB, 0x36, 0xFB, 0x36, 0xFB, 0x36,
    0xFB, 0x36, 0xFB, 0x36, 0xFB, 0x36, 0xFB, 0x36, 0xFB, 0x36, 0xFB, 0x36, 0xFB, 0x36, 0xFB, 0x36,
    0xFB, 0x16, 0xFB, 0x57, 0xBA, 0x50, 0x11, 0x68, 0x4D, 0x5F, 0x4D, 0x5F, 0x4D, 0x5F, 0x4D, 0x5F,
    0x4D, 0x5F, 0x4D, 0x5F, 0x4D, 0x5F, 0x4D, 0x5F, 0x4D, 0x5F, 0x4D, 0x5F, 0x4D, 0x5F, 0x4D, 0x5F,
    0x4D, 0x5F, 0x4D, 0x5F, 0x4D, 0x5F, 0x4D, 0x5F, 0x4D, 0x5F, 0x4D, 0x5F, 0x4D, 0x5F, 0x4D, 0x5F,
    0x4D, 0x5F, 0x4D, 0x5F, 0x4D, 0x5F, 0x4D, 0x5F, 0xFF, 0x4D, 0x5F, 0x4D, 0x5F, 0x4D, 0x5F, 0x4D,
    0x5F, 0x4D, 0x5F, 0x4D, 0x5F, 0x4D, 0x5F, 0x4D, 0x5F, 0x4D, 0x5F, 0x4D, 0x5F, 0x4D, 0x5F, 0x4D,
    0x5F, 0x4D, 0x5F, 0x4D, 0x5F, 0x4D, 0x5F, 0x4D, 0x5F, 0x4D, 0x5F, 0x4D, 0x5F, 0x4D, 0x5F, 0x4D,
    0x5F, 0x4D, 0x5F, 0x4D, 0x5F, 0x4D, 0x5F, 0x4D, 0x5F, 0x4D, 0x5F, 0x4D, 0x5F, 0x4D, 0x5F, 0x4D,
    0x5F, 0x4D, 0x5F, 0x4D, 0x5F, 0x4D, 0x5F, 0x4D, 0x5F, 0x4D, 0x5F, 0x4D, 0x5F, 0x4D, 0x5F, 0x4D,
    0x5F, 0x4D, 0x5F, 0x4D, 0x5F, 0x4D, 0x5F, 0x4D, 0x5F, 0x4D, 0x5F, 0x4D, 0x5F, 0x4D, 0x5F, 0x4D,
    0x5F, 0x4D, 0x5F, 0x4D, 0x5F, 0x4D, 0x5F, 0x4D, 0x5F, 0x4D, 0x5F, 0x4D, 0x5F, 0x4D, 0x5F, 0x4D,
    0x5F, 0x4D, 0x5F, 0x4D, 0x5F, 0x4D, 0x5F, 0x4D, 0x5F, 0x4D, 0x5F, 0x4D, 0x5F, 0x4D, 0x5F, 0x4D,
    0x5F, 0x4D, 0x5F, 0x4D, 0x5F, 0x4D, 0x5F, 0x4D, 0x5F, 0xFF, 0x4D, 0x5F, 0x4D, 0x5F, 0x4D, 0x5F,
    0x4D, 0x5F, 0x4D, 0x5F, 0x4D, 0x5F, 0x4D, 0x5F, 0x4D, 0x5F, 0x4D, 0x5F, 0x4D, 0x5F, 0x4D, 0x5F,
    0x4D, 0x5F, 0x4D, 0x5F, 0x4D, 0x5F, 0x4D, 0x5F, 0x4D, 0x5F, 0x4D, 0x5F, 0x4D, 0x5F, 0x4D, 0x5F,
    0x4D, 0x5F, 0x4D, 0x5F, 0x4D, 0x5F, 0x4D, 0x5F, 0x4D, 0x5F, 0x4D, 0x5F, 0x4D, 0x5F, 0x4D, 0x5F,
    0x4D, 0x5F, 0x4D, 0x5F, 0x4D, 0x5F, 0x4D, 0x5F, 0x4D, 0x5F, 0x4D, 0x5F, 0x4D, 0x5F, 0x4D, 0x5F,
    0x4D, 0x5F, 0x4D, 0x5F, 0x4D, 0x5F, 0x4D, 0x5F, 0x4D, 0x5F, 0x4D, 0x5F, 0x4D, 0x5F, 0x4D, 0x5F,
    0x4D, 0x5F, 0x4D, 0x5F, 0x4D, 0x5F, 0x4D, 0x5F, 0x4D, 0x5F, 0x4D, 0x5F, 0x4D, 0x5F, 0x4D, 0x5F,
    0x4D, 0x5F, 0x4D, 0x5F, 0x4D, 0x5F, 0x4D, 0x5F, 0x4D, 0x5F, 0x4D, 0x5F, 0x4D, 0x5F, 0x4D, 0x5F,
    0x4D, 0x5F, 0x4D, 0x5F, 0x4D, 0x5F, 0x4D, 0x5F, 0x4D, 0x5F, 0xB7, 0x4D, 0x5F, 0x4D, 0x5F, 0x4D,
    0x5F, 0x4D, 0x5F, 0x4D, 0x5F, 0x4D, 0x5F, 0x4D, 0x5F, 0x4D, 0x5F, 0x4D, 0x5F, 0x4D, 0x5F, 0x4D,
    0x5F, 0x4D, 0x5F, 0x4D, 0x5F, 0x4D, 0x5F, 0x4D, 0x5F, 0x4D, 0x5F, 0x4D, 0x5F, 0x4D, 0x5F, 0x4D,
    0x5F, 0x4D, 0x5F, 0x4D, 0x5F, 0x4D, 0x5F, 0x4D, 0x5F, 0x4D, 0x5F, 0x4D, 0x5F, 0x4D, 0x5F, 0x4D,
    0x5F, 0x11, 0xAA, 0x26, 0x00, 0xFF, 0x30, 0xA5, 0xFB, 0x16, 0xFB, 0x36, 0xFB, 0x16, 0xFB, 0x36,
    0xFB, 0x36, 0xFB, 0x36, 0xFB, 0x36, 0xFB, 0x36, 0xFB, 0x36, 0xFB, 0x36, 0xFB, 0x36, 0xFB, 0x36,
    0xFB, 0x36, 0xFB, 0x36, 0xFB, 0x36, 0xFB, 0x36, 0xFB, 0x36, 0xFB, 0x36, 0xFB, 0x36, 0xFB, 0x36,
    0xFB, 0x36, 0xFB, 0x36, 0xFB, 0x36, 0xFB, 0x36, 0xFB, 0x36, 0xFB, 0x36, 0xFB, 0x36, 0xFB, 0x36,
    0xFB, 0x36, 0xFB, 0x36, 0xFB, 0x36, 0xFB, 0x36, 0xFB, 0x36, 0xFB, 0x36, 0xFB, 0x36, 0xFB, 0x36,
    0xFB, 0x16, 0xFB, 0x37, 0xCA, 0x91, 0x09, 0x06, 0x4D, 0x3F, 0x4D, 0x5F, 0x4D, 0x5F, 0x4D, 0x5F,
    0x4D, 0x5F, 0x4D, 0x5F, 0x4D, 0x5F, 0x4D, 0x5F, 0x4D, 0x5F, 0x4D, 0x5F, 0x4D, 0x5F, 0x4D, 0x5F,
    0x4D, 0x5F, 0x4D, 0x5F, 0x4D, 0x5F, 0x4D, 0x5F, 0x4D, 0x5F, 0x4D, 0x5F, 0x4D, 0x5F, 0x4D, 0x5F,
    0x4D, 0x5F, 0x4D, 0x5F, 0x4D, 0x5F, 0xFF, 0x4D, 0x5F, 0x4D, 0x5F, 0x4D, 0x5F, 0x4D, 0x5F, 0x4D,
    0x5F, 0x4D, 0x5F, 0x4D, 0x5F, 0x4D, 0x5F, 0x4D, 0x5F, 0x4D, 0x5F, 0x4D, 0x5F, 0x4D, 0x5F, 0x4D,
    0x5F, 0x4D, 0x5F, 0x4D, 0x5F, 0x4D, 0x5F, 0x4D, 0x5F, 0x4D, 0x5F, 0x4D, 0x5F, 0x4D, 0x5F, 0x4D,
    0x5F, 0x4D, 0x5F, 0x4D, 0x5F, 0x4D, 0x5F, 0x4D, 0x5F, 0x4D, 0x5F, 0x4D, 0x5F, 0x4D, 0x5F, 0x4D,
    0x5F, 0x4D, 0x5F, 0x4D, 0x5F, 0x4D, 0x5F, 0x4D, 0x5F, 0x4D, 0x5F, 0x4D, 0x5F, 0x4D, 0x5F, 0x4D,
    0x5F, 0x4D, 0x5F, 0x4D, 0x5F, 0x4D, 0x5F, 0x4D, 0x5F, 0x4D, 0x5F, 0x4D, 0x5F, 0x4D, 0x5F, 0x4D,
    0x5F, 0x4D, 0x5F, 0x4D, 0x5F, 0x4D, 0x5F, 0x4D, 0x5F, 0x4D, 0x5F, 0x4D, 0x5F, 0x4D, 0x5F, 0x4D,
    0x5F, 0x4D, 0x5F, 0x4D, 0x5F, 0x4D, 0x5F, 0x4D, 0x5F, 0x4D, 0x5F, 0x4D, 0x5F, 0x4D, 0x5F, 0x4D,
    0x5F, 0x4D, 0x5F, 0x4D, 0x5F, 0x4D, 0x5F, 0xFF, 0x4D, 0x5F, 0x4D, 0x5F, 0x4D, 0x5F, 0x4D, 0x5F,
    0x4D, 0x5F, 0x4D, 0x5F, 0x4D, 0x5F, 0x4D, 0x5F, 0x4D, 0x5F, 0x4D, 0x5F, 0x4D, 0x5F, 0x4D, 0x5F,
    0x4D, 0x5F, 0x4D, 0x5F, 0x4D, 0x5F, 0x4D, 0x5F, 0x4D, 0x5F, 0x4D, 0x5F, 0x4D, 0x5F, 0x4D, 0x5F,
    0x4D, 0x5F, 0x4D, 0x5F, 0x4D, 0x5F, 0x4D, 0x5F, 0x4D, 0x5F, 0x4D, 0x5F, 0x4D, 0x5F, 0x4D, 0x5F,
    0x4D, 0x5F, 0x4D, 0x5F, 0x4D, 0x5F, 0x4D, 0x5F, 0x4D, 0x5F, 0x4D, 0x5F, 0x4D, 0x5F, 0x4D, 0x5F,
    0x4D, 0x5F, 0x4D, 0x5F, 0x4D, 0x5F, 0x4D, 0x5F, 0x4D, 0x5F, 0x4D, 0x5F, 0x4D, 0x5F, 0x4D, 0x5F,
    0x4D, 0x5F, 0x4D, 0x5F, 0x4D, 0x5F, 0x4D, 0x5F, 0x4D, 0x5F, 0x4D, 0x5F, 0x4D, 0x5F, 0x4D, 0x5F,
    0x4D, 0x5F, 0x4D, 0x5F, 0x4D, 0x5F, 0x4D, 0x5F, 0x4D, 0x5F, 0x4D, 0x5F, 0x4D, 0x5F, 0x4D, 0x5F,
    0x4D, 0x5F, 0x4D, 0x5F, 0x4D, 0x5F, 0x4D, 0x5F, 0xB7, 0x4D, 0x5F, 0x4D, 0x5F, 0x4D, 0x5F, 0x4D,
    0x5F, 0x4D, 0x5F, 0x4D, 0x5F, 0x4D, 0x5F, 0x4D, 0x5F, 0x4D, 0x5F, 0x4D, 0x5F, 0x4D, 0x5F, 0x4D,
    0x5F, 0x4D, 0x5F, 0x4D, 0x5F, 0x4D, 0x5F, 0x4D, 0x5F, 0x4D, 0x5F, 0x4D, 0x5F, 0x4D, 0x5F, 0x4D,
    0x5F, 0x4D, 0x5F, 0x4D, 0x5F, 0x4D, 0x5F, 0x4D, 0x5F, 0x4D, 0x5F, 0x4D, 0x5F, 0x4D, 0x9F, 0x3B,
    0xB5, 0x28, 0x00, 0xFF, 0xCA, 0x91, 0xFB, 0x37, 0xFB, 0x16, 0xFB, 0x36, 0xFB, 0x36, 0xFB, 0x36,
    0xFB, 0x36, 0xFB, 0x36, 0xFB, 0x36, 0xFB, 0x36, 0xFB, 0x36, 0xFB, 0x36, 0xFB, 0x36, 0xFB, 0x36,
    0xFB, 0x36, 0xFB, 0x36, 0xFB, 0x36, 0xFB, 0x36, 0xFB, 0x36, 0xFB, 0x36, 0xFB, 0x36, 0xFB, 0x36,
    0xFB, 0x36, 0xFB, 0x36, 0xFB, 0x36, 0xFB, 0x36, 0xFB, 0x36, 0xFB, 0x36, 0xFB, 0x36, 0xFB, 0x36,
    0xFB, 0x36, 0xFB, 0x36, 0xFB, 0x36, 0xFB, 0x36, 0xFB, 0x36, 0xFB, 0x36, 0xFB, 0x36, 0xFB, 0x16,
    0xFB, 0x37, 0xCA, 0x91, 0x09, 0x06, 0x4D, 0x3F, 0x4D, 0x7F, 0x4D, 0x5F, 0x4D, 0x5F, 0x4D, 0x5F,
    0x4D, 0x5F, 0x4D, 0x5F, 0x4D, 0x5F, 0x4D, 0x5F, 0x4D, 0x5F, 0x4D, 0x5F, 0x4D, 0x5F, 0x4D, 0x5F,
    0x4D, 0x5F, 0x4D, 0x5F, 0x4D, 0x5F, 0x4D, 0x5F, 0x4D, 0x5F, 0x4D, 0x5F, 0x4D, 0x5F, 0x4D, 0x5F,
    0x4D, 0x5F, 0x4D, 0x5F, 0xFF, 0x4D, 0x5F, 0x4D, 0x5F, 0x4D, 0x5F, 0x4D, 0x5F, 0x4D, 0x5F, 0x4D,
    0x5F, 0x4D, 0x5F, 0x4D, 0x5F, 0x4D, 0x5F, 0x4D, 0x5F, 0x4D, 0x5F, 0x4D, 0x5F, 0x4D, 0x5F, 0x4D,
    0x5F, 0x4D, 0x5F, 0x4D, 0x5F, 0x4D, 0x5F, 0x4D, 0x5F, 0x4D, 0x5F, 0x4D, 0x5F, 0x4D, 0x5F, 0x4D,
    0x5F, 0x4D, 0x5F, 0x4D, 0x5F, 0x4D, 0x5F, 0x4D, 0x5F, 0x4D, 0x5F, 0x4D, 0x5F, 0x4D, 0x5F, 0x4D,
    0x5F, 0x4D, 0x5F, 0x4D, 0x5F, 0x4D, 0x5F, 0x4D, 0x5F, 0x4D, 0x5F, 0x4D, 0x5F, 0x4D, 0x5F, 0x4D,
    0x5F, 0x4D, 0x5F, 0x4D, 0x5F, 0x4D, 0x5F, 0x4D, 0x5F, 0x4D, 0x5F, 0x4D, 0x5F, 0x4D, 0x5F, 0x4D,
    0x5F, 0x4D, 0x5F, 0x4D, 0x5F, 0x4D, 0x5F, 0x4D, 0x5F, 0x4D, 0x5F, 0x4D, 0x5F, 0x4D, 0x5F, 0x4D,
    0x5F, 0x4D, 0x5F, 0x4D, 0x5F, 0x4D, 0x5F, 0x4D, 0x5F, 0x4D, 0x5F, 0x4D, 0x5F, 0x4D, 0x5F, 0x4D,
    0x5F, 0x4D, 0x5F, 0x4D, 0x5F, 0xFF, 0x4D, 0x5F, 0x4D, 0x5F, 0x4D, 0x5F, 0x4D, 0x5F, 0x4D, 0x5F,
    0x4D, 0x5F, 0x4D, 0x5F, 0x4D, 0x5F, 0x4D, 0x5F, 0x4D, 0x5F, 0x4D, 0x5F, 0x4D, 0x5F, 0x4D, 0x5F,
    0x4D, 0x5F, 0x4D, 0x5F, 0x4D, 0x5F, 0x4D, 0x5F, 0x4D, 0x5F, 0x4D, 0x5F, 0x4D, 0x5F, 0x4D, 0x5F,
    0x4D, 0x5F, 0x4D, 0x5F, 0x4D, 0x5F, 0x4D, 0x5F, 0x4D, 0x5F, 0x4D, 0x5F, 0x4D, 0x5F, 0x4D, 0x5F,
    0x4D, 0x5F, 0x4D, 0x5F, 0x4D, 0x5F, 0x4D, 0x5F, 0x4D, 0x5F, 0x4D, 0x5F, 0x4D, 0x5F, 0x4D, 0x5F,
    0x4D, 0x5F, 0x4D, 0x5F, 0x4D, 0x5F, 0x4D, 0x5F, 0x4D, 0x5F, 0x4D, 0x5F, 0x4D, 0x5F, 0x4D, 0x5F,
    0x4D, 0x5F, 0x4D, 0x5F, 0x4D, 0x5F, 0x4D, 0x5F, 0x4D, 0x5F, 0x4D, 0x5F, 0x4D, 0x5F, 0x4D, 0x5F,
    0x4D, 0x5F, 0x4D, 0x5F, 0x4D, 0x5F, 0x4D, 0x5F, 0x4D, 0x5F, 0x4D, 0x5F, 0x4D, 0x5F, 0x4D, 0x5F,
    0x4D, 0x5F, 0x4D, 0x5F, 0x4D, 0x5F, 0xB7, 0x4D, 0x5F, 0x4D, 0x5F, 0x4D, 0x5F, 0x4D, 0x5F, 0x4D,
    0x5F, 0x4D, 0x5F, 0x4D, 0x5F, 0x4D, 0x5F, 0x4D, 0x5F, 0x4D, 0x5F, 0x4D, 0x5F, 0x4D, 0x5F, 0x4D,
    0x5F, 0x4D, 0x5F, 0x4D, 0x5F, 0x4D, 0x5F, 0x4D, 0x5F, 0x4D, 0x5F, 0x4D, 0x5F, 0x4D, 0x5F, 0x4D,
    0x5F, 0x4D, 0x5F, 0x4D, 0x5F, 0x4D, 0x5F, 0x4D, 0x5F, 0x4D, 0x5F, 0x4D, 0x9F, 0x22, 0x6E, 0x26,
    0x00, 0xFF, 0x59, 0x07, 0xFB, 0x57, 0xFB, 0x16, 0xFB, 0x36, 0xFB, 0x36, 0xFB, 0x36, 0xFB, 0x36,
    0xFB, 0x36, 0xFB, 0x36, 0xFB, 0x36, 0xFB, 0x36, 0xFB, 0x36, 0xFB, 0x36, 0xFB, 0x36, 0xFB, 0x36,
    0xFB, 0x36, 0xFB, 0x36, 0xFB, 0x36, 0xFB, 0x36, 0xFB, 0x36, 0xFB, 0x36, 0xFB, 0x36, 0xFB, 0x36,
    0xFB, 0x36, 0xFB, 0x36, 0xFB, 0x36, 0xFB, 0x36, 0xFB, 0x36, 0xFB, 0x36, 0xFB, 0x36, 0xFB, 0x36,
    0xFB, 0x36, 0xFB, 0x36, 0xFB, 0x36, 0xFB, 0x36, 0xFB, 0x36, 0xFB, 0x36, 0xFB, 0x36, 0xFB, 0x16,
    0xFB, 0x37, 0xCA, 0x91, 0x11, 0x68, 0x4D, 0x3F, 0x4D, 0x5F, 0x4D, 0x5F, 0x4D, 0x5F, 0x4D, 0x5F,
    0x4D, 0x5F, 0x4D, 0x5F, 0x4D, 0x5F, 0x4D, 0x5F, 0x4D, 0x5F, 0x4D, 0x5F, 0x4D, 0x5F, 0x4D, 0x5F,
    0x4D, 0x5F, 0x4D, 0x5F, 0x4D, 0x5F, 0x4D, 0x5F, 0x4D, 0x5F, 0x4D, 0x5F, 0x4D, 0x5F, 0x4D, 0x5F,
    0x4D, 0x5F, 0xFF, 0x4D, 0x5F, 0x4D, 0x5F, 0x4D, 0x5F, 0x4D, 0x5F, 0x4D, 0x5F, 0x4D, 0x5F, 0x4D,
    0x5F, 0x4D, 0x5F, 0x4D, 0x5F, 0x4D, 0x5F, 0x4D, 0x5F, 0x4D, 0x5F, 0x4D, 0x5F, 0x4D, 0x5F, 0x4D,
    0x5F, 0x4D, 0x5F, 0x4D, 0x5F, 0x4D, 0x5F, 0x4D, 0x5F, 0x4D, 0x5F, 0x4D, 0x5F, 0x4D, 0x5F, 0x4D,
    0x5F, 0x4D, 0x5F, 0x4D, 0x5F, 0x4D, 0x5F, 0x4D, 0x5F, 0x4D, 0x5F, 0x4D, 0x5F, 0x4D, 0x5F, 0x4D,
    0x5F, 0x4D, 0x5F, 0x4D, 0x5F, 0x4D, 0x5F, 0x4D, 0x5F, 0x4D, 0x5F, 0x4D, 0x5F, 0x4D, 0x5F, 0x4D,
    0x5F, 0x4D, 0x5F, 0x4D, 0x5F, 0x4D, 0x5F, 0x4D, 0x5F, 0x4D, 0x5F, 0x4D, 0x5F, 0x4D, 0x5F, 0x4D,
    0x5F, 0x4D, 0x5F, 0x4D, 0x5F, 0x4D, 0x5F, 0x4D, 0x5F, 0x4D, 0x5F, 0x4D, 0x5F, 0x4D, 0x5F, 0x4D,
    0x5F, 0x4D, 0x5F, 0x4D, 0x5F, 0x4D, 0x5F, 0x4D, 0x5F, 0x4D, 0x5F, 0x4D, 0x5F, 0x4D, 0x5F, 0x4D,
    0x5F, 0x4D, 0x5F, 0xFF, 0x4D, 0x5F, 0x4D, 0x5F, 0x4D, 0x5F, 0x4D, 0x5F, 0x4D, 0x5F, 0x4D, 0x5F,
    0x4D, 0x5F, 0x4D, 0x5F, 0x4D, 0x5F, 0x4D, 0x5F, 0x4D, 0x5F, 0x4D, 0x5F, 0x4D, 0x5F, 0x4D, 0x5F,
    0x4D, 0x5F, 0x4D, 0x5F, 0x4D, 0x5F, 0x4D, 0x5F, 0x4D, 0x5F, 0x4D, 0x5F, 0x4D, 0x5F, 0x4D, 0x5F,
    0x4D, 0x5F, 0x4D, 0x5F, 0x4D, 0x5F, 0x4D, 0x5F, 0x4D, 0x5F, 0x4D, 0x5F, 0x4D, 0x5F, 0x4D, 0x5F,
    0x4D, 0x5F, 0x4D, 0x5F, 0x4D, 0x5F, 0x4D, 0x5F, 0x4D, 0x5F, 0x4D, 0x5F, 0x4D, 0x5F, 0x4D, 0x5F,
    0x4D, 0x5F, 0x4D, 0x5F, 0x4D, 0x5F, 0x4D, 0x5F, 0x4D, 0x5F, 0x4D, 0x5F, 0x4D, 0x5F, 0x4D, 0x5F,
    0x4D, 0x5F, 0x4D, 0x5F, 0x4D, 0x5F, 0x4D, 0x5F, 0x4D, 0x5F, 0x4D, 0x5F, 0x4D, 0x5F, 0x4D, 0x5F,
    0x4D, 0x5F, 0x4D, 0x5F, 0x4D, 0x5F, 0x4D, 0x5F, 0x4D, 0x5F, 0x4D, 0x5F, 0x4D, 0x5F, 0x4D, 0x5F,
    0x4D, 0x5F, 0x4D, 0x5F, 0xB9, 0x4D, 0x5F, 0x4D, 0x5F, 0x4D, 0x5F, 0x4D, 0x5F, 0x4D, 0x5F, 0x4D,
    0x5F, 0x4D, 0x5F, 0x4D, 0x5F, 0x4D, 0x5F, 0x4D, 0x5F, 0x4D, 0x5F, 0x4D, 0x5F, 0x4D, 0x5F, 0x4D,
    0x5F, 0x4D, 0x5F, 0x4D, 0x5F, 0x4D, 0x5F, 0x4D, 0x5F, 0x4D, 0x5F, 0x4D, 0x5F, 0x4D, 0x5F, 0x4D,
    0x5F, 0x4D, 0x5F, 0x4D, 0x5F, 0x4D, 0x5F, 0x4D, 0x5F, 0x4D, 0x5F, 0x4D, 0x9F, 0x1A, 0x2C, 0x26,
    0x00, 0xFF, 0xCA, 0x91, 0xFB, 0x37, 0xFB, 0x16, 0xFB, 0x36, 0xFB, 0x36, 0xFB, 0x36, 0xFB, 0x36,
    0xFB, 0x36, 0xFB, 0x36, 0xFB, 0x36, 0xFB, 0x36, 0xFB, 0x36, 0xFB, 0x36, 0xFB, 0x36, 0xFB, 0x36,
    0xFB, 0x36, 0xFB, 0x36, 0xFB, 0x36, 0xFB, 0x36, 0xFB, 0x36, 0xFB, 0x36, 0xFB, 0x36, 0xFB, 0x36,
    0xFB, 0x36, 0xFB, 0x36, 0xFB, 0x36, 0xFB, 0x36, 0xFB, 0x36, 0xFB, 0x36, 0xFB, 0x36, 0xFB, 0x36,
    0xFB, 0x36, 0xFB, 0x36, 0xFB, 0x36, 0xFB, 0x36, 0xFB, 0x36, 0xFB, 0x36, 0xFB, 0x36, 0xFB, 0x36,
    0xFB, 0x57, 0xBA, 0x50, 0x11, 0x68, 0x4D, 0x5F, 0x4D, 0x5F, 0x4D, 0x5F, 0x4D, 0x5F, 0x4D, 0x5F,
    0x4D, 0x5F, 0x4D, 0x5F, 0x4D, 0x5F, 0x4D, 0x5F, 0x4D, 0x5F, 0x4D, 0x5F, 0x4D, 0x5F, 0x4D, 0x5F,
    0x4D, 0x5F, 0x4D, 0x5F, 0x4D, 0x5F, 0x4D, 0x5F, 0x4D, 0x5F, 0x4D, 0x5F, 0x4D, 0x5F, 0x4D, 0x5F,
    0x4D, 0x5F, 0xFF, 0x4D, 0x5F, 0x4D, 0x5F, 0x4D, 0x5F, 0x4D, 0x5F, 0x4D, 0x5F, 0x4D, 0x5F, 0x4D,
    0x5F, 0x4D, 0x5F, 0x4D, 0x5F, 0x4D, 0x5F, 0x4D, 0x5F, 0x4D, 0x5F, 0x4D, 0x5F, 0x4D, 0x5F, 0x4D,
    0x5F, 0x4D, 0x5F, 0x4D, 0x5F, 0x4D, 0x5F, 0x4D, 0x5F, 0x4D, 0x5F, 0x4D, 0x5F, 0x4D, 0x5F, 0x4D,
    0x5F, 0x4D, 0x5F, 0x4D, 0x5F, 0x4D, 0x5F, 0x4D, 0x5F, 0x4D, 0x5F, 0x4D, 0x5F, 0x4D, 0x5F, 0x4D,
    0x5F, 0x4D, 0x5F, 0x4D, 0x5F, 0x4D, 0x5F, 0x4D, 0x5F, 0x4D, 0x5F, 0x4D, 0x5F, 0x4D, 0x5F, 0x4D,
    0x5F, 0x4D, 0x5F, 0x4D, 0x5F, 0x4D, 0x5F, 0x4D, 0x5F, 0x4D, 0x5F, 0x4D, 0x5F, 0x4D, 0x5F, 0x4D,
    0x5F, 0x4D, 0x5F, 0x4D, 0x5F, 0x4D, 0x5F, 0x4D, 0x5F, 0x4D, 0x5F, 0x4D, 0x5F, 0x4D, 0x5F, 0x4D,
    0x5F, 0x4D, 0x5F, 0x4D, 0x5F, 0x4D, 0x5F, 0x4D, 0x5F, 0x4D, 0x5F, 0x4D, 0x5F, 0x4D, 0x5F, 0x4D,
    0x5F, 0x4D, 0x5F, 0xFF, 0x4D, 0x5F, 0x4D, 0x5F, 0x4D, 0x5F, 0x4D, 0x5F, 0x4D, 0x5F, 0x4D, 0x5F,
    0x4D, 0x5F, 0x4D, 0x5F, 0x4D, 0x5F, 0x4D, 0x5F, 0x4D, 0x5F, 0x4D, 0x5F, 0x4D, 0x5F, 0x4D, 0x5F,
    0x4D, 0x5F, 0x4D, 0x5F, 0x4D, 0x5F, 0x4D, 0x5F, 0x4D, 0x5F, 0x4D, 0x5F, 0x4D, 0x5F, 0x4D, 0x5F,
    0x4D, 0x5F, 0x4D, 0x5F, 0x4D, 0x5F, 0x4D, 0x5F, 0x4D, 0x5F, 0x4D, 0x5F, 0x4D, 0x5F, 0x4D, 0x5F,
    0x4D, 0x5F, 0x4D, 0x5F, 0x4D, 0x5F, 0x4D, 0x5F, 0x4D, 0x5F, 0x4D, 0x5F, 0x4D, 0x5F, 0x4D, 0x5F,
    0x4D, 0x5F, 0x4D, 0x5F, 0x4D, 0x5F, 0x4D, 0x5F, 0x4D, 0x5F, 0x4D, 0x5F, 0x4D, 0x5F, 0x4D, 0x5F,
    0x4D, 0x5F, 0x4D, 0x5F, 0x4D, 0x5F, 0x4D, 0x5F, 0x4D, 0x5F, 0x4D, 0x5F, 0x4D, 0x5F, 0x4D, 0x5F,
    0x4D, 0x5F, 0x4D, 0x5F, 0x4D, 0x5F, 0x4D, 0x5F, 0x4D, 0x5F, 0x4D, 0x5F, 0x4D, 0x5F, 0x4D, 0x5F,
    0x4D, 0x5F, 0x4D, 0x5F, 0xB9, 0x4D, 0x5F, 0x4D, 0x5F, 0x4D, 0x5F, 0x4D, 0x5F, 0x4D, 0x5F, 0x4D,
    0x5F, 0x4D, 0x5F, 0x4D, 0x5F, 0x4D, 0x5F, 0x4D, 0x5F, 0x4D, 0x5F, 0x4D, 0x5F, 0x4D, 0x5F, 0x4D,
    0x5F, 0x4D, 0x5F, 0x4D, 0x5F, 0x4D, 0x5F, 0x4D, 0x5F, 0x4D, 0x5F, 0x4D, 0x5F, 0x4D, 0x5F, 0x4D,
    0x5F, 0x4D, 0x5F, 0x4D, 0x5F, 0x4D, 0x5F, 0x4D, 0x5F, 0x4D, 0x5F, 0x4D, 0x9F, 0x22, 0x6E, 0x0E,
    0x00, 0xFF, 0x69, 0x49, 0xA1, 0xED, 0x89, 0xCC, 0x79, 0x8A, 0x59, 0x07, 0x30, 0xA5, 0x30, 0xA5,
    0x20, 0x63, 0x10, 0x41, 0x10, 0x41, 0x10, 0x41, 0x89, 0xCC, 0xFB, 0x37, 0xFB, 0x16, 0xFB, 0x36,
    0xFB, 0x36, 0xFB, 0x36, 0xFB, 0x36, 0xFB, 0x36, 0xFB, 0x36, 0xFB, 0x36, 0xFB, 0x36, 0xFB, 0x36,
    0xFB, 0x36, 0xFB, 0x36, 0xFB, 0x36, 0xFB, 0x36, 0xFB, 0x36, 0xFB, 0x36, 0xFB, 0x36, 0xFB, 0x36,
    0xFB, 0x36, 0xFB, 0x36, 0xFB, 0x36, 0xFB, 0x36, 0xFB, 0x36, 0xFB, 0x36, 0xFB, 0x36, 0xFB, 0x36,
    0xFB, 0x36, 0xFB, 0x36, 0xFB, 0x36, 0xFB, 0x36, 0xFB, 0x36, 0xFB, 0x36, 0xFB, 0x36, 0xFB, 0x36,
    0xFB, 0x36, 0xFB, 0x36, 0xFB, 0x36, 0xFB, 0x36, 0xFB, 0x57, 0xBA, 0x50, 0x11, 0x68, 0x4D, 0x7F,
    0x4D, 0x5F, 0x4D, 0x5F, 0x4D, 0x5F, 0x4D, 0x5F, 0x4D, 0x5F, 0x4D, 0x5F, 0x4D, 0x5F, 0x4D, 0x5F,
    0x4D, 0x5F, 0xFF, 0x4D, 0x5F, 0x4D, 0x5F, 0x4D, 0x5F, 0x4D, 0x5F, 0x4D, 0x5F, 0x4D, 0x5F, 0x4D,
    0x5F, 0x4D, 0x5F, 0x4D, 0x5F, 0x4D, 0x5F, 0x4D, 0x5F, 0x4D, 0x5F, 0x4D, 0x5F, 0x4D, 0x5F, 0x4D,
    0x5F, 0x4D, 0x5F, 0x4D, 0x5F, 0x4D, 0x5F, 0x4D, 0x5F, 0x4D, 0x5F, 0x4D, 0x5F, 0x4D, 0x5F, 0x4D,
    0x5F, 0x4D, 0x5F, 0x4D, 0x5F, 0x4D, 0x5F, 0x4D, 0x5F, 0x4D, 0x5F, 0x4D, 0x5F, 0x4D, 0x5F, 0x4D,
    0x5F, 0x4D, 0x5F, 0x4D, 0x5F, 0x4D, 0x5F, 0x4D, 0x5F, 0x4D, 0x5F, 0x4D, 0x5F, 0x4D, 0x5F, 0x4D,
    0x5F, 0x4D, 0x5F, 0x4D, 0x5F, 0x4D, 0x5F, 0x4D, 0x5F, 0x4D, 0x5F, 0x4D, 0x5F, 0x4D, 0x5F, 0x4D,
    0x5F, 0x4D, 0x5F, 0x4D, 0x5F, 0x4D, 0x5F, 0x4D, 0x5F, 0x4D, 0x5F, 0x4D, 0x5F, 0x4D, 0x5F, 0x4D,
    0x5F, 0x4D, 0x5F, 0x4D, 0x5F, 0x4D, 0x5F, 0x4D, 0x5F, 0x4D, 0x5F, 0x4D, 0x5F, 0x4D, 0x5F, 0x4D,
    0x5F, 0x4D, 0x5F, 0xFF, 0x4D, 0x5F, 0x4D, 0x5F, 0x4D, 0x5F, 0x4D, 0x5F, 0x4D, 0x5F, 0x4D, 0x5F,
    0x4D, 0x5F, 0x4D, 0x5F, 0x4D, 0x5F, 0x4D, 0x5F, 0x4D, 0x5F, 0x4D, 0x5F, 0x4D, 0x5F, 0x4D, 0x5F,
    0x4D, 0x5F, 0x4D, 0x5F, 0x4D, 0x5F, 0x4D, 0x5F, 0x4D, 0x5F, 0x4D, 0x5F, 0x4D, 0x5F, 0x4D, 0x5F,
    0x4D, 0x5F, 0x4D, 0x5F, 0x4D, 0x5F, 0x4D, 0x5F, 0x4D, 0x5F, 0x4D, 0x5F, 0x4D, 0x5F, 0x4D, 0x5F,
    0x4D, 0x5F, 0x4D, 0x5F, 0x4D, 0x5F, 0x4D, 0x5F, 0x4D, 0x5F, 0x4D, 0x5F, 0x4D, 0x5F, 0x4D, 0x5F,
    0x4D, 0x5F, 0x4D, 0x5F, 0x4D, 0x5F, 0x4D, 0x5F, 0x4D, 0x5F, 0x4D, 0x5F, 0x4D, 0x5F, 0x4D, 0x5F,
    0x4D, 0x5F, 0x4D, 0x5F, 0x4D, 0x5F, 0x4D, 0x5F, 0x4D, 0x5F, 0x4D, 0x5F, 0x4D, 0x5F, 0x4D, 0x5F,
    0x4D, 0x5F, 0x4D, 0x5F, 0x4D, 0x5F, 0x4D, 0x5F, 0x4D, 0x5F, 0x4D, 0x5F, 0x4D, 0x5F, 0x4D, 0x5F,
    0x4D, 0x5F, 0x4D, 0x5F, 0xD1, 0x4D, 0x5F, 0x4D, 0x5F, 0x4D, 0x5F, 0x4D, 0x5F, 0x4D, 0x5F, 0x4D,
    0x5F, 0x4D, 0x5F, 0x4D, 0x5F, 0x4D, 0x5F, 0x4D, 0x5F, 0x4D, 0x5F, 0x4D, 0x5F, 0x4D, 0x5F, 0x4D,
    0x5F, 0x4D, 0x5F, 0x4D, 0x5F, 0x4D, 0x5F, 0x4D, 0x5F, 0x4D, 0x5F, 0x4D, 0x5F, 0x4D, 0x5F, 0x4D,
    0x5F, 0x4D, 0x5F, 0x4D, 0x5F, 0x4D, 0x5F, 0x4D, 0x5F, 0x4D, 0x5F, 0x4D, 0x5F, 0x4D, 0x5F, 0x4D,
    0x5F, 0x4D, 0x5F, 0x4D, 0x5F, 0x4D, 0x5F, 0x4D, 0x5F, 0x4D, 0x5F, 0x4D, 0x5F, 0x4D, 0x5F, 0x4D,
    0x5F, 0x4D, 0x5F, 0x4D, 0x9F, 0x22, 0x6E, 0x0C, 0x00, 0xFF, 0x89, 0xCC, 0xFB, 0x78, 0xFB, 0x57,
    0xFB, 0x57, 0xFB, 0x57, 0xFB, 0x37, 0xFB, 0x36, 0xFB, 0x36, 0xFB, 0x16, 0xF2, 0xF5, 0xE2, 0xD4,
    0xF2, 0xF5, 0xFB, 0x37, 0xFB, 0x36, 0xFB, 0x36, 0xFB, 0x36, 0xFB, 0x36, 0xFB, 0x36, 0xFB, 0x36,
    0xFB, 0x36, 0xFB, 0x36, 0xFB, 0x36, 0xFB, 0x36, 0xFB, 0x36, 0xFB, 0x36, 0xFB, 0x36, 0xFB, 0x36,
    0xFB, 0x36, 0xFB, 0x36, 0xFB, 0x36, 0xFB, 0x36, 0xFB, 0x36, 0xFB, 0x36, 0xFB, 0x36, 0xFB, 0x36,
    0xFB, 0x36, 0xFB, 0x36, 0xFB, 0x36, 0xFB, 0x36, 0xFB, 0x36, 0xFB, 0x36, 0xFB, 0x36, 0xFB, 0x36,
    0xFB, 0x36, 0xFB, 0x36, 0xFB, 0x36, 0xFB, 0x36, 0xFB, 0x36, 0xFB, 0x36, 0xFB, 0x36, 0xFB, 0x36,
    0xFB, 0x16, 0xFB, 0x57, 0xBA, 0x0F, 0x11, 0x68, 0x4D, 0x7F, 0x4D, 0x5F, 0x4D, 0x5F, 0x4D, 0x5F,
    0x4D, 0x5F, 0x4D, 0x5F, 0x4D, 0x5F, 0x4D, 0x5F, 0x4D, 0x5F, 0xFF, 0x4D, 0x5F, 0x4D, 0x5F, 0x4D,
    0x5F, 0x4D, 0x5F, 0x4D, 0x5F, 0x4D, 0x5F, 0x4D, 0x5F, 0x4D, 0x5F, 0x4D, 0x5F, 0x4D, 0x5F, 0x4D,
    0x5F, 0x4D, 0x5F, 0x4D, 0x5F, 0x4D, 0x5F, 0x4D, 0x5F, 0x4D, 0x5F, 0x4D, 0x5F, 0x4D, 0x5F, 0x4D,
    0x5F, 0x4D, 0x5F, 0x4D, 0x5F, 0x4D, 0x5F, 0x4D, 0x5F, 0x4D, 0x5F, 0x4D, 0x5F, 0x4D, 0x5F, 0x4D,
    0x5F, 0x4D, 0x5F, 0x4D, 0x5F, 0x4D, 0x5F, 0x4D, 0x5F, 0x4D, 0x5F, 0x4D, 0x5F, 0x4D, 0x5F, 0x4D,
    0x5F, 0x4D, 0x5F, 0x4D, 0x5F, 0x4D, 0x5F, 0x4D, 0x5F, 0x4D, 0x5F, 0x4D, 0x5F, 0x4D, 0x5F, 0x4D,
    0x5F, 0x4D, 0x5F, 0x4D, 0x5F, 0x4D, 0x5F, 0x4D, 0x5F, 0x4D, 0x5F, 0x4D, 0x5F, 0x4D, 0x5F, 0x4D,
    0x5F, 0x4D, 0x5F, 0x4D, 0x5F, 0x4D, 0x5F, 0x4D, 0x5F, 0x4D, 0x5F, 0x4D, 0x5F, 0x4D, 0x5F, 0x4D,
    0x5F, 0x4D, 0x5F, 0x4D, 0x5F, 0x4D, 0x5F, 0x4D, 0x5F, 0x4D, 0x5F, 0xFF, 0x4D, 0x5F, 0x4D, 0x5F,
    0x4D, 0x5F, 0x4D, 0x5F, 0x4D, 0x5F, 0x4D, 0x5F, 0x4D, 0x5F, 0x4D, 0x5F, 0x4D, 0x5F, 0x4D, 0x5F,
    0x4D, 0x5F, 0x4D, 0x5F, 0x4D, 0x5F, 0x4D, 0x5F, 0x4D, 0x5F, 0x4D, 0x5F, 0x4D, 0x5F, 0x4D, 0x5F,
    0x4D, 0x5F, 0x4D, 0x5F, 0x4D, 0x5F, 0x4D, 0x5F, 0x4D, 0x5F, 0x4D, 0x5F, 0x4D, 0x5F, 0x4D, 0x5F,
    0x4D, 0x5F, 0x4D, 0x5F, 0x4D, 0x5F, 0x4D, 0x5F, 0x4D, 0x5F, 0x4D, 0x5F, 0x4D, 0x5F, 0x4D, 0x5F,
    0x4D, 0x5F, 0x4D, 0x5F, 0x4D, 0x5F, 0x4D, 0x5F, 0x4D, 0x5F, 0x4D, 0x5F, 0x4D, 0x5F, 0x4D, 0x5F,
    0x4D, 0x5F, 0x4D, 0x5F, 0x4D, 0x5F, 0x4D, 0x5F, 0x4D, 0x5F, 0x4D, 0x5F, 0x4D, 0x5F, 0x4D, 0x5F,
    0x4D, 0x5F, 0x4D, 0x5F, 0x4D, 0x5F, 0x4D, 0x5F, 0x4D, 0x5F, 0x4D, 0x5F, 0x4D, 0x5F, 0x4D, 0x5F,
    0x4D, 0x5F, 0x4D, 0x5F, 0x4D, 0x5F, 0x4D, 0x5F, 0x4D, 0x5F, 0x4D, 0x5F, 0xD3, 0x4D, 0x5F, 0x4D,
    0x5F, 0x4D, 0x5F, 0x4D, 0x5F, 0x4D, 0x5F, 0x4D, 0x5F, 0x4D, 0x5F, 0x4D, 0x5F, 0x4D, 0x5F, 0x4D,
    0x5F, 0x4D, 0x5F, 0x4D, 0x5F, 0x4D, 0x5F, 0x4D, 0x5F, 0x4D, 0x5F, 0x4D, 0x5F, 0x4D, 0x5F, 0x4D,
    0x5F, 0x4D, 0x5F, 0x4D, 0x5F, 0x4D, 0x5F, 0x4D, 0x5F, 0x4D, 0x5F, 0x4D, 0x5F, 0x4D, 0x5F, 0x4D,
    0x5F, 0x4D, 0x5F, 0x4D, 0x5F, 0x4D, 0x5F, 0x4D, 0x5F, 0x4D, 0x5F, 0x4D, 0x5F, 0x4D, 0x5F, 0x4D,
    0x5F, 0x4D, 0x5F, 0x4D, 0x5F, 0x4D, 0x5F, 0x4D, 0x5F, 0x4D, 0x5F, 0x4D, 0x5F, 0x4D, 0x9F, 0x22,
    0xD0, 0x0A, 0x00, 0xFF, 0x20, 0x63, 0xFB, 0x16, 0xFB, 0x36, 0xFB, 0x16, 0xFB, 0x16, 0xFB, 0x16,
    0xFB, 0x16, 0xFB, 0x36, 0xFB, 0x36, 0xFB, 0x36, 0xFB, 0x36, 0xFB, 0x37, 0xFB, 0x36, 0xFB, 0x16,
    0xFB, 0x36, 0xFB, 0x36, 0xFB, 0x36, 0xFB, 0x36, 0xFB, 0x36, 0xFB, 0x36, 0xFB, 0x36, 0xFB, 0x36,
    0xFB, 0x36, 0xFB, 0x36, 0xFB, 0x36, 0xFB, 0x36, 0xFB, 0x36, 0xFB, 0x36, 0xFB, 0x36, 0xFB, 0x36,
    0xFB, 0x36, 0xFB, 0x36, 0xFB, 0x36, 0xFB, 0x36, 0xFB, 0x36, 0xFB, 0x36, 0xFB, 0x36, 0xFB, 0x36,
    0xFB, 0x36, 0xFB, 0x36, 0xFB, 0x36, 0xFB, 0x36, 0xFB, 0x36, 0xFB, 0x36, 0xFB, 0x36, 0xFB, 0x36,
    0xFB, 0x36, 0xFB, 0x36, 0xFB, 0x36, 0xFB, 0x36, 0xFB, 0x36, 0xFB, 0x36, 0xFB, 0x16, 0xFB, 0x57,
    0xBA, 0x0F, 0x11, 0x68, 0x4D, 0x7F, 0x4D, 0x5F, 0x4D, 0x5F, 0x4D, 0x5F, 0x4D, 0x5F, 0x4D, 0x5F,
    0x4D, 0x5F, 0x4D, 0x5F, 0xFF, 0x4D, 0x5F, 0x4D, 0x5F, 0x4D, 0x5F, 0x4D, 0x5F, 0x4D, 0x5F, 0x4D,
    0x5F, 0x4D, 0x5F, 0x4D, 0x5F, 0x4D, 0x5F, 0x4D, 0x5F, 0x4D, 0x5F, 0x4D, 0x5F, 0x4D, 0x5F, 0x4D,
    0x5F, 0x4D, 0x5F, 0x4D, 0x5F, 0x4D, 0x5F, 0x4D, 0x5F, 0x4D, 0x5F, 0x4D, 0x5F, 0x4D, 0x5F, 0x4D,
    0x5F, 0x4D, 0x5F, 0x4D, 0x5F, 0x4D, 0x5F, 0x4D, 0x5F, 0x4D, 0x5F, 0x4D, 0x5F, 0x4D, 0x5F, 0x4D,
    0x5F, 0x4D, 0x5F, 0x4D, 0x5F, 0x4D, 0x5F, 0x4D, 0x5F, 0x4D, 0x5F, 0x4D, 0x5F, 0x4D, 0x5F, 0x4D,
    0x5F, 0x4D, 0x5F, 0x4D, 0x5F, 0x4D, 0x5F, 0x4D, 0x5F, 0x4D, 0x5F, 0x4D, 0x5F, 0x4D, 0x5F, 0x4D,
    0x5F, 0x4D, 0x5F, 0x4D, 0x5F, 0x4D, 0x5F, 0x4D, 0x5F, 0x4D, 0x5F, 0x4D, 0x5F, 0x4D, 0x5F, 0x4D,
    0x5F, 0x4D, 0x5F, 0x4D, 0x5F, 0x4D, 0x5F, 0x4D, 0x5F, 0x4D, 0x5F, 0x4D, 0x5F, 0x4D, 0x5F, 0x4D,
    0x5F, 0x4D, 0x5F, 0x4D, 0x5F, 0xFF, 0x4D, 0x5F, 0x4D, 0x5F, 0x4D, 0x5F, 0x4D, 0x5F, 0x4D, 0x5F,
    0x4D, 0x5F, 0x4D, 0x5F, 0x4D, 0x5F, 0x4D, 0x5F, 0x4D, 0x5F, 0x4D, 0x5F, 0x4D, 0x5F, 0x4D, 0x5F,
    0x4D, 0x5F, 0x4D, 0x5F, 0x4D, 0x5F, 0x4D, 0x5F, 0x4D, 0x5F, 0x4D, 0x5F, 0x4D, 0x5F, 0x4D, 0x5F,
    0x4D, 0x5F, 0x4D, 0x5F, 0x4D, 0x5F, 0x4D, 0x5F, 0x4D, 0x5F, 0x4D, 0x5F, 0x4D, 0x5F, 0x4D, 0x5F,
    0x4D, 0x5F, 0x4D, 0x5F, 0x4D, 0x5F, 0x4D, 0x5F, 0x4D, 0x5F, 0x4D, 0x5F, 0x4D, 0x5F, 0x4D, 0x5F,
    0x4D, 0x5F, 0x4D, 0x5F, 0x4D, 0x5F, 0x4D, 0x5F, 0x4D, 0x5F, 0x4D, 0x5F, 0x4D, 0x5F, 0x4D, 0x5F,
    0x4D, 0x5F, 0x4D, 0x5F, 0x4D, 0x5F, 0x4D, 0x5F, 0x4D, 0x5F, 0x4D, 0x5F, 0x4D, 0x5F, 0x4D, 0x5F,
    0x4D, 0x5F, 0x4D, 0x5F, 0x4D, 0x5F, 0x4D, 0x5F, 0x4D, 0x5F, 0x4D, 0x5F, 0x4D, 0x5F, 0x4D, 0x5F,
    0x4D, 0x5F, 0x4D, 0x5F, 0x4D, 0x5F, 0xD5, 0x4D, 0x5F, 0x4D, 0x5F, 0x4D, 0x5F, 0x4D, 0x5F, 0x4D,
    0x5F, 0x4D, 0x5F, 0x4D, 0x5F, 0x4D, 0x5F, 0x4D, 0x5F, 0x4D, 0x5F, 0x4D, 0x5F, 0x4D, 0x5F, 0x4D,
    0x5F, 0x4D, 0x5F, 0x4D, 0x5F, 0x4D, 0x5F, 0x4D, 0x5F, 0x4D, 0x5F, 0x4D, 0x5F, 0x4D, 0x5F, 0x4D,
    0x5F, 0x4D, 0x5F, 0x4D, 0x5F, 0x4D, 0x5F, 0x4D, 0x5F, 0x4D, 0x5F, 0x4D, 0x5F, 0x4D, 0x5F, 0x4D,
    0x5F, 0x4D, 0x5F, 0x4D, 0x5F, 0x4D, 0x5F, 0x4D, 0x5F, 0x4D, 0x5F, 0x4D, 0x5F, 0x4D, 0x5F, 0x4D,
    0x5F, 0x4D, 0x5F, 0x4D, 0x5F, 0x4D, 0x5F, 0x4D, 0x5F, 0x55, 0x9F, 0x22, 0xD0, 0x0A, 0x00, 0xFF,
    0x59, 0x07, 0xFB, 0x37, 0xFB, 0x16, 0xFB, 0x36, 0xFB, 0x36, 0xFB, 0x36, 0xFB, 0x36, 0xFB, 0x36,
    0xFB, 0x36, 0xFB, 0x36, 0xFB, 0x36, 0xFB, 0x16, 0xFB, 0x36, 0xFB, 0x36, 0xFB, 0x36, 0xFB, 0x36,
    0xFB, 0x36, 0xFB, 0x36, 0xFB, 0x36, 0xFB, 0x36, 0xFB, 0x36, 0xFB, 0x36, 0xFB, 0x36, 0xFB, 0x36,
    0xFB, 0x36, 0xFB, 0x36, 0xFB, 0x36, 0xFB, 0x36, 0xFB, 0x36, 0xFB, 0x36, 0xFB, 0x36, 0xFB, 0x36,
    0xFB, 0x36, 0xFB, 0x36, 0xFB, 0x36, 0xFB, 0x36, 0xFB, 0x36, 0xFB, 0x36, 0xFB, 0x36, 0xFB, 0x36,
    0xFB, 0x36, 0xFB, 0x36, 0xFB, 0x36, 0xFB, 0x36, 0xFB, 0x36, 0xFB, 0x36, 0xFB, 0x36, 0xFB, 0x36,
    0xFB, 0x36, 0xFB, 0x36, 0xFB, 0x36, 0xFB, 0x36, 0xFB, 0x16, 0xFB, 0x57, 0xBA, 0x0F, 0x11, 0x68,
    0x4D, 0x7F, 0x4D, 0x5F, 0x4D, 0x5F, 0x4D, 0x5F, 0x4D, 0x5F, 0x4D, 0x5F, 0x4D, 0x5F, 0x4D, 0x5F,
    0xFF, 0x4D, 0x5F, 0x4D, 0x5F, 0x4D, 0x5F, 0x4D, 0x5F, 0x4D, 0x5F, 0x4D, 0x5F, 0x4D, 0x5F, 0x4D,
    0x5F, 0x4D, 0x5F, 0x4D, 0x5F, 0x4D, 0x5F, 0x4D, 0x5F, 0x4D, 0x5F, 0x4D, 0x5F, 0x4D, 0x5F, 0x4D,
    0x5F, 0x4D, 0x5F, 0x4D, 0x5F, 0x4D, 0x5F, 0x4D, 0x5F, 0x4D, 0x5F, 0x4D, 0x5F, 0x4D, 0x5F, 0x4D,
    0x5F, 0x4D, 0x5F, 0x4D, 0x5F, 0x4D, 0x5F, 0x4D, 0x5F, 0x4D, 0x5F, 0x4D, 0x5F, 0x4D, 0x5F, 0x4D,
    0x5F, 0x4D, 0x5F, 0x4D, 0x5F, 0x4D, 0x5F, 0x4D, 0x5F, 0x4D, 0x5F, 0x4D, 0x5F, 0x4D, 0x5F, 0x4D,
    0x5F, 0x4D, 0x5F, 0x4D, 0x5F, 0x4D, 0x5F, 0x4D, 0x5F, 0x4D, 0x5F, 0x4D, 0x5F, 0x4D, 0x5F, 0x4D,
    0x5F, 0x4D, 0x5F, 0x4D, 0x5F, 0x4D, 0x5F, 0x4D, 0x5F, 0x4D, 0x5F, 0x4D, 0x5F, 0x4D, 0x5F, 0x4D,
    0x5F, 0x4D, 0x5F, 0x4D, 0x5F, 0x4D, 0x5F, 0x4D, 0x5F, 0x4D, 0x5F, 0x4D, 0x5F, 0x4D, 0x5F, 0x4D,
    0x5F, 0xFF, 0x4D, 0x5F, 0x4D, 0x5F, 0x4D, 0x5F, 0x4D, 0x5F, 0x4D, 0x5F, 0x4D, 0x5F, 0x4D, 0x5F,
    0x4D, 0x5F, 0x4D, 0x5F, 0x4D, 0x5F, 0x4D, 0x5F, 0x4D, 0x5F, 0x4D, 0x5F, 0x4D, 0x5F, 0x4D, 0x5F,
    0x4D, 0x5F, 0x4D, 0x5F, 0x4D, 0x5F, 0x4D, 0x5F, 0x4D, 0x5F, 0x4D, 0x5F, 0x4D, 0x5F, 0x4D, 0x5F,
    0x4D, 0x5F, 0x4D, 0x5F, 0x4D, 0x5F, 0x4D, 0x5F, 0x4D, 0x5F, 0x4D, 0x5F, 0x4D, 0x5F, 0x4D, 0x5F,
    0x4D, 0x5F, 0x4D, 0x5F, 0x4D, 0x5F, 0x4D, 0x5F, 0x4D, 0x5F, 0x4D, 0x5F, 0x4D, 0x5F, 0x4D, 0x5F,
    0x4D, 0x5F, 0x4D, 0x5F, 0x4D, 0x5F, 0x4D, 0x5F, 0x4D, 0x5F, 0x4D, 0x5F, 0x4D, 0x5F, 0x4D, 0x5F,
    0x4D, 0x5F, 0x4D, 0x5F, 0x4D, 0x5F, 0x4D, 0x5F, 0x4D, 0x5F, 0x4D, 0x5F, 0x4D, 0x5F, 0x4D, 0x5F,
    0x4D, 0x5F, 0x4D, 0x5F, 0x4D, 0x5F, 0x4D, 0x5F, 0x4D, 0x5F, 0x4D, 0x5F, 0x4D, 0x5F, 0x4D, 0x5F,
    0x4D, 0x5F, 0xD5, 0x4D, 0x5F, 0x4D, 0x5F, 0x4D, 0x5F, 0x4D, 0x5F, 0x4D, 0x5F, 0x4D, 0x5F, 0x4D,
    0x5F, 0x4D, 0x5F, 0x4D, 0x5F, 0x4D, 0x5F, 0x4D, 0x5F, 0x4D, 0x5F, 0x4D, 0x5F, 0x4D, 0x5F, 0x4D,
    0x5F, 0x4D, 0x5F, 0x4D, 0x5F, 0x4D, 0x5F, 0x4D, 0x5F, 0x4D, 0x5F, 0x4D, 0x5F, 0x4D, 0x5F, 0x4D,
    0x5F, 0x4D, 0x5F, 0x4D, 0x5F, 0x4D, 0x5F, 0x4D, 0x5F, 0x4D, 0x5F, 0x4D, 0x5F, 0x4D, 0x5F, 0x4D,
    0x5F, 0x4D, 0x5F, 0x4D, 0x5F, 0x4D, 0x5F, 0x4D, 0x5F, 0x4D, 0x5F, 0x4D, 0x5F, 0x4D, 0x5F, 0x4D,
    0x5F, 0x4D, 0x5F, 0x4D, 0x5F, 0x55, 0x9F, 0x22, 0xD0, 0x0A, 0x00, 0xFF, 0x59, 0x07, 0xFB, 0x37,
    0xFB, 0x16, 0xFB, 0x36, 0xFB, 0x36, 0xFB, 0x36, 0xFB, 0x36, 0xFB, 0x36, 0xFB, 0x36, 0xFB, 0x36,
    0xFB, 0x36, 0xFB, 0x36, 0xFB, 0x36, 0xFB, 0x36, 0xFB, 0x36, 0xFB, 0x36, 0xFB, 0x36, 0xFB, 0x36,
    0xFB, 0x36, 0xFB, 0x36, 0xFB, 0x36, 0xFB, 0x36, 0xFB, 0x36, 0xFB, 0x36, 0xFB, 0x36, 0xFB, 0x36,
    0xFB, 0x36, 0xFB, 0x36, 0xFB, 0x36, 0xFB, 0x36, 0xFB, 0x36, 0xFB, 0x36, 0xFB, 0x36, 0xFB, 0x36,
    0xFB, 0x36, 0xFB, 0x36, 0xFB, 0x36, 0xFB, 0x36, 0xFB, 0x36, 0xFB, 0x36, 0xFB, 0x36, 0xFB, 0x36,
    0xFB, 0x36, 0xFB, 0x36, 0xFB, 0x36, 0xFB, 0x36, 0xFB, 0x36, 0xFB, 0x36, 0xFB, 0x36, 0xFB, 0x36,
    0xFB, 0x36, 0xFB, 0x36, 0xFB, 0x16, 0xFB, 0x57, 0xBA, 0x0F, 0x11, 0x68, 0x4D, 0x7F, 0x4D, 0x5F,
    0x4D, 0x5F, 0x4D, 0x5F, 0x4D, 0x5F, 0x4D, 0x5F, 0x4D, 0x5F, 0x4D, 0x5F, 0xFF, 0x4D, 0x5F, 0x4D,
    0x5F, 0x4D, 0x5F, 0x4D, 0x5F, 0x4D, 0x5F, 0x4D, 0x5F, 0x4D, 0x5F, 0x4D, 0x5F, 0x4D, 0x5F, 0x4D,
    0x5F, 0x4D, 0x5F, 0x4D, 0x5F, 0x4D, 0x5F, 0x4D, 0x5F, 0x4D, 0x5F, 0x4D, 0x5F, 0x4D, 0x5F, 0x4D,
    0x5F, 0x4D, 0x5F, 0x4D, 0x5F, 0x4D, 0x5F, 0x4D, 0x5F, 0x4D, 0x5F, 0x4D, 0x5F, 0x4D, 0x5F, 0x4D,
    0x5F, 0x4D, 0x5F, 0x4D, 0x5F, 0x4D, 0x5F, 0x4D, 0x5F, 0x4D, 0x5F, 0x4D, 0x5F, 0x4D, 0x5F, 0x4D,
    0x5F, 0x4D, 0x5F, 0x4D, 0x5F, 0x4D, 0x5F, 0x4D, 0x5F, 0x4D, 0x5F, 0x4D, 0x5F, 0x4D, 0x5F, 0x4D,
    0x5F, 0x4D, 0x5F, 0x4D, 0x5F, 0x4D, 0x5F, 0x4D, 0x5F, 0x4D, 0x5F, 0x4D, 0x5F, 0x4D, 0x5F, 0x4D,
    0x5F, 0x4D, 0x5F, 0x4D, 0x5F, 0x4D, 0x5F, 0x4D, 0x5F, 0x4D, 0x5F, 0x4D, 0x5F, 0x4D, 0x5F, 0x4D,
    0x5F, 0x4D, 0x5F, 0x4D, 0x5F, 0x4D, 0x5F, 0x4D, 0x5F, 0x4D, 0x5F, 0x4D, 0x5F, 0xFF, 0x4D, 0x5F,
    0x4D, 0x5F, 0x4D, 0x5F, 0x4D, 0x5F, 0x4D, 0x5F, 0x4D, 0x5F, 0x4D, 0x5F, 0x4D, 0x5F, 0x4D, 0x5F,
    0x4D, 0x5F, 0x4D, 0x5F, 0x4D, 0x5F, 0x4D, 0x5F, 0x4D, 0x5F, 0x4D, 0x5F, 0x4D, 0x5F, 0x4D, 0x5F,
    0x4D, 0x5F, 0x4D, 0x5F, 0x4D, 0x5F, 0x4D, 0x5F, 0x4D, 0x5F, 0x4D, 0x5F, 0x4D, 0x5F, 0x4D, 0x5F,
    0x4D, 0x5F, 0x4D, 0x5F, 0x4D, 0x5F, 0x4D, 0x5F, 0x4D, 0x5F, 0x4D, 0x5F, 0x4D, 0x5F, 0x4D, 0x5F,
    0x4D, 0x5F, 0x4D, 0x5F, 0x4D, 0x5F, 0x4D, 0x5F, 0x4D, 0x5F, 0x4D, 0x5F, 0x4D, 0x5F, 0x4D, 0x5F,
    0x4D, 0x5F, 0x4D, 0x5F, 0x4D, 0x5F, 0x4D, 0x5F, 0x4D, 0x5F, 0x4D, 0x5F, 0x4D, 0x5F, 0x4D, 0x5F,
    0x4D, 0x5F, 0x4D, 0x5F, 0x4D, 0x5F, 0x4D, 0x5F, 0x4D, 0x5F, 0x4D, 0x5F, 0x4D, 0x5F, 0x4D, 0x5F,
    0x4D, 0x5F, 0x4D, 0x5F, 0x4D, 0x5F, 0x4D, 0x5F, 0x4D, 0x5F, 0x4D, 0x5F, 0x4D, 0x5F, 0xD5, 0x4D,
    0x5F, 0x4D, 0x5F, 0x4D, 0x5F, 0x4D, 0x5F, 0x4D, 0x5F, 0x4D, 0x5F, 0x4D, 0x5F, 0x4D, 0x5F, 0x4D,
    0x5F, 0x4D, 0x5F, 0x4D, 0x5F, 0x4D, 0x5F, 0x4D, 0x5F, 0x4D, 0x5F, 0x4D, 0x5F, 0x4D, 0x5F, 0x4D,
    0x5F, 0x4D, 0x5F, 0x4D, 0x5F, 0x4D, 0x5F, 0x4D, 0x5F, 0x4D, 0x5F, 0x4D, 0x5F, 0x4D, 0x5F, 0x4D,
    0x5F, 0x4D, 0x5F, 0x4D, 0x5F, 0x4D, 0x5F, 0x4D, 0x5F, 0x4D, 0x5F, 0x4D, 0x5F, 0x4D, 0x5F, 0x4D,
    0x5F, 0x4D, 0x5F, 0x4D, 0x5F, 0x4D, 0x5F, 0x4D, 0x5F, 0x4D, 0x5F, 0x4D, 0x5F, 0x4D, 0x5F, 0x4D,
    0x5F, 0x55, 0x9F, 0x33, 0x32, 0x0A, 0x00, 0xFF, 0x48, 0xE6, 0xFB, 0x37, 0xFB, 0x36, 0xFB, 0x36,
    0xFB, 0x36, 0xFB, 0x36, 0xFB, 0x36, 0xFB, 0x36, 0xFB, 0x36, 0xFB, 0x36, 0xFB, 0x36, 0xFB, 0x36,
    0xFB, 0x36, 0xFB, 0x36, 0xFB, 0x36, 0xFB, 0x36, 0xFB, 0x36, 0xFB, 0x36, 0xFB, 0x36, 0xFB, 0x36,
    0xFB, 0x36, 0xFB, 0x36, 0xFB, 0x36, 0xFB, 0x36, 0xFB, 0x36, 0xFB, 0x36, 0xFB, 0x36, 0xFB, 0x36,
    0xFB, 0x36, 0xFB, 0x36, 0xFB, 0x36, 0xFB, 0x36, 0xFB, 0x36, 0xFB, 0x36, 0xFB, 0x36, 0xFB, 0x36,
    0xFB, 0x36, 0xFB, 0x36, 0xFB, 0x36, 0xFB, 0x36, 0xFB, 0x36, 0xFB, 0x36, 0xFB, 0x36, 0xFB, 0x36,
    0xFB, 0x36, 0xFB, 0x36, 0xFB, 0x36, 0xFB, 0x36, 0xFB, 0x36, 0xFB, 0x36, 0xFB, 0x36, 0xFB, 0x36,
    0xFB, 0x16, 0xFB, 0x57, 0xBA, 0x0F, 0x11, 0x68, 0x4D, 0x7F, 0x4D, 0x5F, 0x4D, 0x5F, 0x4D, 0x5F,
    0x4D, 0x5F, 0x4D, 0x5F, 0x4D, 0x5F, 0x4D, 0x5F, 0xFF, 0x4D, 0x5F, 0x4D, 0x5F, 0x4D, 0x5F, 0x4D,
    0x5F, 0x4D, 0x5F, 0x4D, 0x5F, 0x4D, 0x5F, 0x4D, 0x5F, 0x4D, 0x5F, 0x4D, 0x5F, 0x4D, 0x5F, 0x4D,
    0x5F, 0x4D, 0x5F, 0x4D, 0x5F, 0x4D, 0x5F, 0x4D, 0x5F, 0x4D, 0x5F, 0x4D, 0x5F, 0x4D, 0x5F, 0x4D,
    0x5F, 0x4D, 0x5F, 0x4D, 0x5F, 0x4D, 0x5F, 0x4D, 0x5F, 0x4D, 0x5F, 0x4D, 0x5F, 0x4D, 0x5F, 0x4D,
    0x5F, 0x4D, 0x5F, 0x4D, 0x5F, 0x4D, 0x5F, 0x4D, 0x5F, 0x4D, 0x5F, 0x4D, 0x5F, 0x4D, 0x5F, 0x4D,
    0x5F, 0x4D, 0x5F, 0x4D, 0x5F, 0x4D, 0x5F, 0x4D, 0x5F, 0x4D, 0x5F, 0x4D, 0x5F, 0x4D, 0x5F, 0x4D,
    0x5F, 0x4D, 0x5F, 0x4D, 0x5F, 0x4D, 0x5F, 0x4D, 0x5F, 0x4D, 0x5F, 0x4D, 0x5F, 0x4D, 0x5F, 0x4D,
    0x5F, 0x4D, 0x5F, 0x4D, 0x5F, 0x4D, 0x5F, 0x4D, 0x5F, 0x4D, 0x5F, 0x4D, 0x5F, 0x4D, 0x5F, 0x4D,
    0x5F, 0x4D, 0x5F, 0x4D, 0x5F, 0x4D, 0x5F, 0x4D, 0x5F, 0xFF, 0x4D, 0x5F, 0x4D, 0x5F, 0x4D, 0x5F,
    0x4D, 0x5F, 0x4D, 0x5F, 0x4D, 0x5F, 0x4D, 0x5F, 0x4D, 0x5F, 0x4D, 0x5F, 0x4D, 0x5F, 0x4D, 0x5F,
    0x4D, 0x5F, 0x4D, 0x5F, 0x4D, 0x5F, 0x4D, 0x5F, 0x4D, 0x5F, 0x4D, 0x5F, 0x4D, 0x5F, 0x4D, 0x5F,
    0x4D, 0x5F, 0x4D, 0x5F, 0x4D, 0x5F, 0x4D, 0x5F, 0x4D, 0x5F, 0x4D, 0x5F, 0x4D, 0x5F, 0x4D, 0x5F,
    0x4D, 0x5F, 0x4D, 0x5F, 0x4D, 0x5F, 0x4D, 0x5F, 0x4D, 0x5F, 0x4D, 0x5F, 0x4D, 0x5F, 0x4D, 0x5F,
    0x4D, 0x5F, 0x4D, 0x5F, 0x4D, 0x5F, 0x4D, 0x5F, 0x4D, 0x5F, 0x4D, 0x5F, 0x4D, 0x5F, 0x4D, 0x5F,
    0x4D, 0x5F, 0x4D, 0x5F, 0x4D, 0x5F, 0x4D, 0x5F, 0x4D, 0x5F, 0x4D, 0x5F, 0x4D, 0x5F, 0x4D, 0x5F,
    0x4D, 0x5F, 0x4D, 0x5F, 0x4D, 0x5F, 0x4D, 0x5F, 0x4D, 0x5F, 0x4D, 0x5F, 0x4D, 0x5F, 0x4D, 0x5F,
    0x4D, 0x5F, 0x4D, 0x5F, 0x4D, 0x5F, 0x4D, 0x5F, 0x4D, 0x5F, 0xD5, 0x4D, 0x5F, 0x4D, 0x5F, 0x4D,
    0x5F, 0x4D, 0x5F, 0x4D, 0x5F, 0x4D, 0x5F, 0x4D, 0x5F, 0x4D, 0x5F, 0x4D, 0x5F, 0x4D, 0x5F, 0x4D,
    0x5F, 0x4D, 0x5F, 0x4D, 0x5F, 0x4D, 0x5F, 0x4D, 0x5F, 0x4D, 0x5F, 0x4D, 0x5F, 0x4D, 0x5F, 0x4D,
    0x5F, 0x4D, 0x5F, 0x4D, 0x5F, 0x4D, 0x5F, 0x4D, 0x5F, 0x4D, 0x5F, 0x4D, 0x5F, 0x4D, 0x5F, 0x4D,
    0x5F, 0x4D, 0x5F, 0x4D, 0x5F, 0x4D, 0x5F, 0x4D, 0x5F, 0x4D, 0x5F, 0x4D, 0x5F, 0x4D, 0x5F, 0x4D,
    0x5F, 0x4D, 0x5F, 0x4D, 0x5F, 0x4D, 0x5F, 0x4D, 0x5F, 0x4D, 0x5F, 0x4D, 0x5F, 0x4D, 0x9F, 0x33,
    0x32, 0x0A, 0x00, 0xFF, 0x48, 0xE6, 0xFB, 0x37, 0xFB, 0x36, 0xFB, 0x36, 0xFB, 0x36, 0xFB, 0x36,
    0xFB, 0x36, 0xFB, 0x36, 0xFB, 0x36, 0xFB, 0x36, 0xFB, 0x36, 0xFB, 0x36, 0xFB, 0x36, 0xFB, 0x36,
    0xFB, 0x36, 0xFB, 0x36, 0xFB, 0x36, 0xFB, 0x36, 0xFB, 0x36, 0xFB, 0x36, 0xFB, 0x36, 0xFB, 0x36,
    0xFB, 0x36, 0xFB, 0x36, 0xFB, 0x36, 0xFB, 0x36, 0xFB, 0x36, 0xFB, 0x36, 0xFB, 0x36, 0xFB, 0x36,
    0xFB, 0x36, 0xFB, 0x36, 0xFB, 0x36, 0xFB, 0x36, 0xFB, 0x36, 0xFB, 0x36, 0xFB, 0x36, 0xFB, 0x36,
    0xFB, 0x36, 0xFB, 0x36, 0xFB, 0x36, 0xFB, 0x36, 0xFB, 0x36, 0xFB, 0x36, 0xFB, 0x36, 0xFB, 0x16,
    0xFB, 0x16, 0xFB, 0x16, 0xFB, 0x16, 0xFB, 0x16, 0xFB, 0x16, 0xFB, 0x16, 0xFB, 0x16, 0xFB, 0x78,
    0xA1, 0xED, 0x11, 0x68, 0x4D, 0x9F, 0x4D, 0x5F, 0x4D, 0x5F, 0x4D, 0x5F, 0x4D, 0x5F, 0x4D, 0x5F,
    0x4D, 0x5F, 0x4D, 0x5F, 0xFF, 0x4D, 0x5F, 0x4D, 0x5F, 0x4D, 0x5F, 0x4D, 0x5F, 0x4D, 0x5F, 0x4D,
    0x5F, 0x4D, 0x5F, 0x4D, 0x5F, 0x4D, 0x5F, 0x4D, 0x5F, 0x4D, 0x5F, 0x4D, 0x5F, 0x4D, 0x5F, 0x4D,
    0x5F, 0x4D, 0x5F, 0x4D, 0x5F, 0x4D, 0x5F, 0x4D, 0x5F, 0x4D, 0x5F, 0x4D, 0x5F, 0x4D, 0x5F, 0x4D,
    0x5F, 0x4D, 0x5F, 0x4D, 0x5F, 0x4D, 0x5F, 0x4D, 0x5F, 0x4D, 0x5F, 0x4D, 0x5F, 0x4D, 0x5F, 0x4D,
    0x5F, 0x4D, 0x5F, 0x4D, 0x5F, 0x4D, 0x5F, 0x4D, 0x5F, 0x4D, 0x5F, 0x4D, 0x5F, 0x4D, 0x5F, 0x4D,
    0x5F, 0x4D, 0x5F, 0x4D, 0x5F, 0x4D, 0x5F, 0x4D, 0x5F, 0x4D, 0x5F, 0x4D, 0x5F, 0x4D, 0x5F, 0x4D,
    0x5F, 0x4D, 0x5F, 0x4D, 0x5F, 0x4D, 0x5F, 0x4D, 0x5F, 0x4D, 0x5F, 0x4D, 0x5F, 0x4D, 0x5F, 0x4D,
    0x5F, 0x4D, 0x5F, 0x4D, 0x5F, 0x4D, 0x5F, 0x4D, 0x5F, 0x4D, 0x5F, 0x4D, 0x5F, 0x4D, 0x5F, 0x4D,
    0x5F, 0x4D, 0x5F, 0x4D, 0x5F, 0xFF, 0x4D, 0x5F, 0x4D, 0x5F, 0x4D, 0x5F, 0x4D, 0x5F, 0x4D, 0x5F,
    0x4D, 0x5F, 0x4D, 0x5F, 0x4D, 0x5F, 0x4D, 0x5F, 0x4D, 0x5F, 0x4D, 0x5F, 0x4D, 0x5F, 0x4D, 0x5F,
    0x4D, 0x5F, 0x4D, 0x5F, 0x4D, 0x5F, 0x4D, 0x5F, 0x4D, 0x5F, 0x4D, 0x5F, 0x4D, 0x5F, 0x4D, 0x5F,
    0x4D, 0x5F, 0x4D, 0x5F, 0x4D, 0x5F, 0x4D, 0x5F, 0x4D, 0x5F, 0x4D, 0x5F, 0x4D, 0x5F, 0x4D, 0x5F,
    0x4D, 0x5F, 0x4D, 0x5F, 0x4D, 0x5F, 0x4D, 0x5F, 0x4D, 0x5F, 0x4D, 0x5F, 0x4D, 0x5F, 0x4D, 0x5F,
    0x4D, 0x5F, 0x4D, 0x5F, 0x4D, 0x5F, 0x4D, 0x5F, 0x4D, 0x5F, 0x4D, 0x5F, 0x4D, 0x5F, 0x4D, 0x5F,
    0x4D, 0x5F, 0x4D, 0x5F, 0x4D, 0x5F, 0x4D, 0x5F, 0x4D, 0x5F, 0x4D, 0x5F, 0x4D, 0x5F, 0x4D, 0x5F,
    0x4D, 0x5F, 0x4D, 0x5F, 0x4D, 0x5F, 0x4D, 0x5F, 0x4D, 0x5F, 0x4D, 0x5F, 0x4D, 0x5F, 0x4D, 0x5F,
    0x4D, 0x5F, 0x4D, 0x5F, 0x4D, 0x5F, 0xD5, 0x4D, 0x5F, 0x4D, 0x5F, 0x4D, 0x5F, 0x4D, 0x5F, 0x4D,
    0x5F, 0x4D, 0x5F, 0x4D, 0x5F, 0x4D, 0x5F, 0x4D, 0x5F, 0x4D, 0x5F, 0x4D, 0x5F, 0x4D, 0x5F, 0x4D,
    0x5F, 0x4D, 0x5F, 0x4D, 0x5F, 0x4D, 0x5F, 0x4D, 0x5F, 0x4D, 0x5F, 0x4D, 0x5F, 0x4D, 0x5F, 0x4D,
    0x5F, 0x4D, 0x5F, 0x4D, 0x5F, 0x4D, 0x5F, 0x4D, 0x5F, 0x4D, 0x5F, 0x4D, 0x5F, 0x4D, 0x5F, 0x4D,
    0x5F, 0x4D, 0x5F, 0x4D, 0x5F, 0x4D, 0x5F, 0x4D, 0x5F, 0x4D, 0x5F, 0x4D, 0x5F, 0x4D, 0x5F, 0x4D,
    0x5F, 0x4D, 0x5F, 0x4D, 0x5F, 0x4D, 0x5F, 0x4D, 0x5F, 0x55, 0x9F, 0x33, 0x32, 0x0A, 0x00, 0xFF,
    0x48, 0xE6, 0xFB, 0x37, 0xFB, 0x36, 0xFB, 0x36, 0xFB, 0x36, 0xFB, 0x36, 0xFB, 0x36, 0xFB, 0x36,
    0xFB, 0x36, 0xFB, 0x36, 0xFB, 0x36, 0xFB, 0x36, 0xFB, 0x36, 0xFB, 0x36, 0xFB, 0x36, 0xFB, 0x36,
    0xFB, 0x36, 0xFB, 0x36, 0xFB, 0x36, 0xFB, 0x36, 0xFB, 0x36, 0xFB, 0x36, 0xFB, 0x36, 0xFB, 0x36,
    0xFB, 0x36, 0xFB, 0x36, 0xFB, 0x36, 0xFB, 0x36, 0xFB, 0x36, 0xFB, 0x36, 0xFB, 0x36, 0xFB, 0x36,
    0xFB, 0x16, 0xFB, 0x16, 0xFB, 0x16, 0xFB, 0x16, 0xFB, 0x16, 0xFB, 0x16, 0xFB, 0x16, 0xFB, 0x36,
    0xFB, 0x36, 0xFB, 0x36, 0xFB, 0x36, 0xFB, 0x36, 0xFB, 0x36, 0xFB, 0x36, 0xFB, 0x37, 0xFB, 0x37,
    0xFB, 0x37, 0xFB, 0x37, 0xFB, 0x57, 0xFB, 0x78, 0xFB, 0x78, 0xD2, 0xB3, 0x20, 0x63, 0x3B, 0xB5,
    0x4D, 0x9F, 0x4D, 0x5F, 0x4D, 0x5F, 0x4D, 0x5F, 0x4D, 0x5F, 0x4D, 0x5F, 0x4D, 0x5F, 0x4D, 0x5F,
    0xFF, 0x4D, 0x5F, 0x4D, 0x5F, 0x4D, 0x5F, 0x4D, 0x5F, 0x4D, 0x5F, 0x4D, 0x5F, 0x4D, 0x5F, 0x4D,
    0x5F, 0x4D, 0x5F, 0x4D, 0x5F, 0x4D, 0x5F, 0x4D, 0x5F, 0x4D, 0x5F, 0x4D, 0x5F, 0x4D, 0x5F, 0x4D,
    0x5F, 0x4D, 0x5F, 0x4D, 0x5F, 0x4D, 0x5F, 0x4D, 0x5F, 0x4D, 0x5F, 0x4D, 0x5F, 0x4D, 0x5F, 0x4D,
    0x5F, 0x4D, 0x5F, 0x4D, 0x5F, 0x4D, 0x5F, 0x4D, 0x5F, 0x4D, 0x5F, 0x4D, 0x5F, 0x4D, 0x5F, 0x4D,
    0x5F, 0x4D, 0x5F, 0x4D, 0x5F, 0x4D, 0x5F, 0x4D, 0x5F, 0x4D, 0x5F, 0x4D, 0x5F, 0x4D, 0x5F, 0x4D,
    0x5F, 0x4D, 0x5F, 0x4D, 0x5F, 0x4D, 0x5F, 0x4D, 0x5F, 0x4D, 0x5F, 0x4D, 0x5F, 0x4D, 0x5F, 0x4D,
    0x5F, 0x4D, 0x5F, 0x4D, 0x5F, 0x4D, 0x5F, 0x4D, 0x5F, 0x4D, 0x5F, 0x4D, 0x5F, 0x4D, 0x5F, 0x4D,
    0x5F, 0x4D, 0x5F, 0x4D, 0x5F, 0x4D, 0x5F, 0x4D, 0x5F, 0x4D, 0x5F, 0x4D, 0x5F, 0x4D, 0x5F, 0x4D,
    0x5F, 0xFF, 0x4D, 0x5F, 0x4D, 0x5F, 0x4D, 0x5F, 0x4D, 0x5F, 0x4D, 0x5F, 0x4D, 0x5F, 0x4D, 0x5F,
    0x4D, 0x5F, 0x4D, 0x5F, 0x4D, 0x5F, 0x4D, 0x5F, 0x4D, 0x5F, 0x4D, 0x5F, 0x4D, 0x5F, 0x4D, 0x5F,
    0x4D, 0x5F, 0x4D, 0x5F, 0x4D, 0x5F, 0x4D, 0x5F, 0x4D, 0x5F, 0x4D, 0x5F, 0x4D, 0x5F, 0x4D, 0x5F,
    0x4D, 0x5F, 0x4D, 0x5F, 0x4D, 0x5F, 0x4D, 0x5F, 0x4D, 0x5F, 0x4D, 0x5F, 0x4D, 0x5F, 0x4D, 0x5F,
    0x4D, 0x5F, 0x4D, 0x5F, 0x4D, 0x5F, 0x4D, 0x5F, 0x4D, 0x5F, 0x4D, 0x5F, 0x4D, 0x5F, 0x4D, 0x5F,
    0x4D, 0x5F, 0x4D, 0x5F, 0x4D, 0x5F, 0x4D, 0x5F, 0x4D, 0x5F, 0x4D, 0x5F, 0x4D, 0x5F, 0x4D, 0x5F,
    0x4D, 0x5F, 0x4D, 0x5F, 0x4D, 0x5F, 0x4D, 0x5F, 0x4D, 0x5F, 0x4D, 0x5F, 0x4D, 0x5F, 0x4D, 0x5F,
    0x4D, 0x5F, 0x4D, 0x5F, 0x4D, 0x5F, 0x4D, 0x5F, 0x4D, 0x5F, 0x4D, 0x5F, 0x4D, 0x5F, 0x4D, 0x5F,
    0x4D, 0x5F, 0xD5, 0x4D, 0x5F, 0x4D, 0x5F, 0x4D, 0x5F, 0x4D, 0x5F, 0x4D, 0x5F, 0x4D, 0x5F, 0x4D,
    0x5F, 0x4D, 0x5F, 0x4D, 0x5F, 0x4D, 0x5F, 0x4D, 0x5F, 0x4D, 0x5F, 0x4D, 0x5F, 0x4D, 0x5F, 0x4D,
    0x5F, 0x4D, 0x5F, 0x4D, 0x5F, 0x4D, 0x5F, 0x4D, 0x5F, 0x4D, 0x5F, 0x4D, 0x5F, 0x4D, 0x5F, 0x4D,
    0x5F, 0x4D, 0x5F, 0x4D, 0x5F, 0x4D, 0x5F, 0x4D, 0x5F, 0x4D, 0x5F, 0x4D, 0x5F, 0x4D, 0x5F, 0x4D,
    0x5F, 0x4D, 0x5F, 0x4D, 0x5F, 0x4D, 0x5F, 0x4D, 0x5F, 0x4D, 0x5F, 0x4D, 0x5F, 0x4D, 0x5F, 0x4D,
    0x5F, 0x4D, 0x5F, 0x4D, 0x5F, 0x55, 0x9F, 0x22, 0xD0, 0x0A, 0x00, 0xFF, 0x48, 0xE6, 0xFB, 0x36,
    0xFB, 0x36, 0xFB, 0x36, 0xFB, 0x36, 0xFB, 0x36, 0xFB, 0x36, 0xFB, 0x36, 0xFB, 0x36, 0xFB, 0x36,
    0xFB, 0x36, 0xFB, 0x36, 0xFB, 0x36, 0xFB, 0x36, 0xFB, 0x36, 0xFB, 0x36, 0xFB, 0x36, 0xFB, 0x36,
    0xFB, 0x36, 0xFB, 0x36, 0xFB, 0x36, 0xFB, 0x36, 0xFB, 0x36, 0xFB, 0x36, 0xFB, 0x36, 0xFB, 0x36,
    0xFB, 0x36, 0xFB, 0x36, 0xFB, 0x36, 0xFB, 0x36, 0xFB, 0x36, 0xFB, 0x36, 0xFB, 0x37, 0xFB, 0x57,
    0xFB, 0x57, 0xFB, 0x57, 0xFB, 0x57, 0xFB, 0x37, 0xFB, 0x37, 0xFB, 0x36, 0xFB, 0x36, 0xFB, 0x36,
    0xFB, 0x16, 0xF2, 0xF5, 0xE2, 0xD4, 0xE2, 0xD4, 0xD2, 0xB3, 0xD2, 0xB3, 0xD2, 0xB3, 0xCA, 0x91,
    0xBA, 0x0F, 0x89, 0xCC, 0x59, 0x07, 0x08, 0x83, 0x22, 0xD0, 0x4D, 0x9F, 0x4D, 0x5F, 0x4D, 0x5F,
    0x4D, 0x5F, 0x4D, 0x5F, 0x4D, 0x5F, 0x4D, 0x5F, 0x4D, 0x5F, 0x4D, 0x5F, 0xFF, 0x4D, 0x5F, 0x4D,
    0x5F, 0x4D, 0x5F, 0x4D, 0x5F, 0x4D, 0x5F, 0x4D, 0x5F, 0x4D, 0x5F, 0x4D, 0x5F, 0x4D, 0x5F, 0x4D,
    0x5F, 0x4D, 0x5F, 0x4D, 0x5F, 0x4D, 0x5F, 0x4D, 0x5F, 0x4D, 0x5F, 0x4D, 0x5F, 0x4D, 0x5F, 0x4D,
    0x5F, 0x4D, 0x5F, 0x4D, 0x5F, 0x4D, 0x5F, 0x4D, 0x5F, 0x4D, 0x5F, 0x4D, 0x5F, 0x4D, 0x5F, 0x4D,
    0x5F, 0x4D, 0x5F, 0x4D, 0x5F, 0x4D, 0x5F, 0x4D, 0x5F, 0x4D, 0x5F, 0x4D, 0x5F, 0x4D, 0x5F, 0x4D,
    0x5F, 0x4D, 0x5F, 0x4D, 0x5F, 0x4D, 0x5F, 0x4D, 0x5F, 0x4D, 0x5F, 0x4D, 0x5F, 0x4D, 0x5F, 0x4D,
    0x5F, 0x4D, 0x5F, 0x4D, 0x5F, 0x4D, 0x5F, 0x4D, 0x5F, 0x4D, 0x5F, 0x4D, 0x5F, 0x4D, 0x5F, 0x4D,
    0x5F, 0x4D, 0x5F, 0x4D, 0x5F, 0x4D, 0x5F, 0x4D, 0x5F, 0x4D, 0x5F, 0x4D, 0x5F, 0x4D, 0x5F, 0x4D,
    0x5F, 0x4D, 0x5F, 0x4D, 0x5F, 0x4D, 0x5F, 0x4D, 0x5F, 0x4D, 0x5F, 0x4D, 0x5F, 0xFF, 0x4D, 0x5F,
    0x4D, 0x5F, 0x4D, 0x5F, 0x4D, 0x5F, 0x4D, 0x5F, 0x4D, 0x5F, 0x4D, 0x5F, 0x4D, 0x5F, 0x4D, 0x5F,
    0x4D, 0x5F, 0x4D, 0x5F, 0x4D, 0x5F, 0x4D, 0x5F, 0x4D, 0x5F, 0x4D, 0x5F, 0x4D, 0x5F, 0x4D, 0x5F,
    0x4D, 0x5F, 0x4D, 0x5F, 0x4D, 0x5F, 0x4D, 0x5F, 0x4D, 0x5F, 0x4D, 0x5F, 0x4D, 0x5F, 0x4D, 0x5F,
    0x4D, 0x5F, 0x4D, 0x5F, 0x4D, 0x5F, 0x4D, 0x5F, 0x4D, 0x5F, 0x4D, 0x5F, 0x4D, 0x5F, 0x4D, 0x5F,
    0x4D, 0x5F, 0x4D, 0x5F, 0x4D, 0x5F, 0x4D, 0x5F, 0x4D, 0x5F, 0x4D, 0x5F, 0x4D, 0x5F, 0x4D, 0x5F,
    0x4D, 0x5F, 0x4D, 0x5F, 0x4D, 0x5F, 0x4D, 0x5F, 0x4D, 0x5F, 0x4D, 0x5F, 0x4D, 0x5F, 0x4D, 0x5F,
    0x4D, 0x5F, 0x4D, 0x5F, 0x4D, 0x5F, 0x4D, 0x5F, 0x4D, 0x5F, 0x4D, 0x5F, 0x4D, 0x5F, 0x4D, 0x5F,
    0x4D, 0x5F, 0x4D, 0x5F, 0x4D, 0x5F, 0x4D, 0x5F, 0x4D, 0x5F, 0x4D, 0x5F, 0x4D, 0x5F, 0xD5, 0x4D,
    0x5F, 0x4D, 0x5F, 0x4D, 0x5F, 0x4D, 0x5F, 0x4D, 0x5F, 0x4D, 0x5F, 0x4D, 0x5F, 0x4D, 0x5F, 0x4D,
    0x5F, 0x4D, 0x5F, 0x4D, 0x5F, 0x4D, 0x5F, 0x4D, 0x5F, 0x4D, 0x5F, 0x4D, 0x5F, 0x4D, 0x5F, 0x4D,
    0x5F, 0x4D, 0x5F, 0x4D, 0x5F, 0x4D, 0x5F, 0x4D, 0x5F, 0x4D, 0x5F, 0x4D, 0x5F, 0x4D, 0x5F, 0x4D,
    0x5F, 0x4D, 0x5F, 0x4D, 0x5F, 0x4D, 0x5F, 0x4D, 0x5F, 0x4D, 0x5F, 0x4D, 0x5F, 0x4D, 0x5F, 0x4D,
    0x5F, 0x4D, 0x5F, 0x4D, 0x5F, 0x4D, 0x5F, 0x4D, 0x5F, 0x4D, 0x5F, 0x4D, 0x5F, 0x4D, 0x5F, 0x4D,
    0x5F, 0x55, 0x9F, 0x22, 0xD0, 0x0A, 0x00, 0xE1, 0x48, 0xE6, 0xFB, 0x36, 0xFB, 0x36, 0xFB, 0x36,
    0xFB, 0x36, 0xFB, 0x36, 0xFB, 0x36, 0xFB, 0x36, 0xFB, 0x36, 0xFB, 0x36, 0xFB, 0x36, 0xFB, 0x36,
    0xFB, 0x36, 0xFB, 0x36, 0xFB, 0x36, 0xFB, 0x36, 0xFB, 0x36, 0xFB, 0x36, 0xFB, 0x36, 0xFB, 0x36,
    0xFB, 0x36, 0xFB, 0x36, 0xFB, 0x36, 0xFB, 0x36, 0xFB, 0x36, 0xFB, 0x36, 0xFB, 0x36, 0xFB, 0x36,
    0xFB, 0x36, 0xFB, 0x36, 0xFB, 0x16, 0xFB, 0x37, 0xCA, 0x91, 0x59, 0x07, 0x59, 0x07, 0x59, 0x07,
    0x48, 0xE6, 0x48, 0xE6, 0x48, 0xE6, 0x48, 0xE6, 0x30, 0xA5, 0x30, 0xA5, 0x30, 0xA5, 0x20, 0x63,
    0x10, 0x41, 0x10, 0x41, 0x00, 0x21, 0x00, 0x21, 0x00, 0x21, 0x02, 0x00, 0xFF, 0x08, 0x83, 0x1A,
    0x2C, 0x33, 0x32, 0x44, 0x9B, 0x4D, 0x9F, 0x4D, 0x5F, 0x4D, 0x5F, 0x4D, 0x5F, 0x4D, 0x5F, 0x4D,
    0x5F, 0x4D, 0x5F, 0x4D, 0x5F, 0x4D, 0x5F, 0x4D, 0x5F, 0x4D, 0x5F, 0x4D, 0x5F, 0x4D, 0x5F, 0x4D,
    0x5F, 0x4D, 0x5F, 0x4D, 0x5F, 0x4D, 0x5F, 0x4D, 0x5F, 0x4D, 0x5F, 0x4D, 0x5F, 0x4D, 0x5F, 0x4D,
    0x5F, 0x4D, 0x5F, 0x4D, 0x5F, 0x4D, 0x5F, 0x4D, 0x5F, 0x4D, 0x5F, 0x4D, 0x5F, 0x4D, 0x5F, 0x4D,
    0x5F, 0x4D, 0x5F, 0x4D, 0x5F, 0x4D, 0x5F, 0x4D, 0x5F, 0x4D, 0x5F, 0x4D, 0x5F, 0x4D, 0x5F, 0x4D,
    0x5F, 0x4D, 0x5F, 0x4D, 0x5F, 0x4D, 0x5F, 0x4D, 0x5F, 0x4D, 0x5F, 0x4D, 0x5F, 0x4D, 0x5F, 0x4D,
    0x5F, 0x4D, 0x5F, 0x4D, 0x5F, 0x4D, 0x5F, 0x4D, 0x5F, 0x4D, 0x5F, 0x4D, 0x5F, 0x4D, 0x5F, 0x4D,
    0x5F, 0x4D, 0x5F, 0x4D, 0x5F, 0x4D, 0x5F, 0x4D, 0x5F, 0x4D, 0x5F, 0x4D, 0x5F, 0xFF, 0x4D, 0x5F,
    0x4D, 0x5F, 0x4D, 0x5F, 0x4D, 0x5F, 0x4D, 0x5F, 0x4D, 0x5F, 0x4D, 0x5F, 0x4D, 0x5F, 0x4D, 0x5F,
    0x4D, 0x5F, 0x4D, 0x5F, 0x4D, 0x5F, 0x4D, 0x5F, 0x4D, 0x5F, 0x4D, 0x5F, 0x4D, 0x5F, 0x4D, 0x5F,
    0x4D, 0x5F, 0x4D, 0x5F, 0x4D, 0x5F, 0x4D, 0x5F, 0x4D, 0x5F, 0x4D, 0x5F, 0x4D, 0x5F, 0x4D, 0x5F,
    0x4D, 0x5F, 0x4D, 0x5F, 0x4D, 0x5F, 0x4D, 0x5F, 0x4D, 0x5F, 0x4D, 0x5F, 0x4D, 0x5F, 0x4D, 0x5F,
    0x4D, 0x5F, 0x4D, 0x5F, 0x4D, 0x5F, 0x4D, 0x5F, 0x4D, 0x5F, 0x4D, 0x5F, 0x4D, 0x5F, 0x4D, 0x5F,
    0x4D, 0x5F, 0x4D, 0x5F, 0x4D, 0x5F, 0x4D, 0x5F, 0x4D, 0x5F, 0x4D, 0x5F, 0x4D, 0x5F, 0x4D, 0x5F,
    0x4D, 0x5F, 0x4D, 0x5F, 0x4D, 0x5F, 0x4D, 0x5F, 0x4D, 0x5F, 0x4D, 0x5F, 0x4D, 0x5F, 0x4D, 0x5F,
    0x4D, 0x5F, 0x4D, 0x5F, 0x4D, 0x5F, 0x4D, 0x5F, 0x4D, 0x5F, 0x4D, 0x5F, 0x4D, 0x5F, 0xF1, 0x4D,
    0x5F, 0x4D, 0x5F, 0x4D, 0x5F, 0x4D, 0x5F, 0x4D, 0x5F, 0x4D, 0x5F, 0x4D, 0x5F, 0x4D, 0x5F, 0x4D,
    0x5F, 0x4D, 0x5F, 0x4D, 0x5F, 0x4D, 0x5F, 0x4D, 0x5F, 0x4D, 0x5F, 0x4D, 0x5F, 0x4D, 0x5F, 0x4D,
    0x5F, 0x4D, 0x5F, 0x4D, 0x5F, 0x4D, 0x5F, 0x4D, 0x5F, 0x4D, 0x5F, 0x4D, 0x5F, 0x4D, 0x5F, 0x4D,
    0x5F, 0x4D, 0x5F, 0x4D, 0x5F, 0x4D, 0x5F, 0x4D, 0x5F, 0x4D, 0x5F, 0x4D, 0x5F, 0x4D, 0x5F, 0x4D,
    0x5F, 0x4D, 0x5F, 0x4D, 0x5F, 0x4D, 0x5F, 0x4D, 0x5F, 0x4D, 0x5F, 0x4D, 0x5F, 0x4D, 0x5F, 0x4D,
    0x5F, 0x4D, 0x5F, 0x4D, 0x5F, 0x4D, 0x5F, 0x4D, 0x5F, 0x4D, 0x5F, 0x4D, 0x5F, 0x4D, 0x5F, 0x4D,
    0x5F, 0x4D, 0x5F, 0x4D, 0x5F, 0x4D, 0x5F, 0x4D, 0x5F, 0x4D, 0x5F, 0x4D, 0x5F, 0x4D, 0x9F, 0x22,
    0xD0, 0x0A, 0x00, 0xC1, 0x48, 0xE6, 0xFB, 0x36, 0xFB, 0x36, 0xFB, 0x36, 0xFB, 0x36, 0xFB, 0x36,
    0xFB, 0x36, 0xFB, 0x36, 0xFB, 0x36, 0xFB, 0x36, 0xFB, 0x36, 0xFB, 0x36, 0xFB, 0x36, 0xFB, 0x36,
    0xFB, 0x36, 0xFB, 0x36, 0xFB, 0x36, 0xFB, 0x36, 0xFB, 0x36, 0xFB, 0x36, 0xFB, 0x36, 0xFB, 0x36,
    0xFB, 0x36, 0xFB, 0x36, 0xFB, 0x36, 0xFB, 0x36, 0xFB, 0x36, 0xFB, 0x36, 0xFB, 0x36, 0xFB, 0x36,
    0xFB, 0x16, 0xFB, 0x57, 0x79, 0x8A, 0x22, 0x00, 0xFF, 0x1A, 0x2C, 0x4D, 0x3F, 0x4D, 0x5F, 0x55,
    0x9F, 0x4D, 0x9F, 0x4D, 0x5F, 0x4D, 0x5F, 0x4D, 0x5F, 0x4D, 0x5F, 0x4D, 0x5F, 0x4D, 0x5F, 0x4D,
    0x5F, 0x4D, 0x5F, 0x4D, 0x5F, 0x4D, 0x5F, 0x4D, 0x5F, 0x4D, 0x5F, 0x4D, 0x5F, 0x4D, 0x5F, 0x4D,
    0x5F, 0x4D, 0x5F, 0x4D, 0x5F, 0x4D, 0x5F, 0x4D, 0x5F, 0x4D, 0x5F, 0x4D, 0x5F, 0x4D, 0x5F, 0x4D,
    0x5F, 0x4D, 0x5F, 0x4D, 0x5F, 0x4D, 0x5F, 0x4D, 0x5F, 0x4D, 0x5F, 0x4D, 0x5F, 0x4D, 0x5F, 0x4D,
    0x5F, 0x4D, 0x5F, 0x4D, 0x5F, 0x4D, 0x5F, 0x4D, 0x5F, 0x4D, 0x5F, 0x4D, 0x5F, 0x4D, 0x5F, 0x4D,
    0x5F, 0x4D, 0x5F, 0x4D, 0x5F, 0x4D, 0x5F, 0x4D, 0x5F, 0x4D, 0x5F, 0x4D, 0x5F, 0x4D, 0x5F, 0x4D,
    0x5F, 0x4D, 0x5F, 0x4D, 0x5F, 0x4D, 0x5F, 0x4D, 0x5F, 0x4D, 0x5F, 0x4D, 0x5F, 0x4D, 0x5F, 0x4D,
    0x5F, 0x4D, 0x5F, 0x4D, 0x5F, 0x4D, 0x5F, 0x4D, 0x5F, 0xFF, 0x4D, 0x5F, 0x4D, 0x5F, 0x4D, 0x5F,
    0x4D, 0x5F, 0x4D, 0x5F, 0x4D, 0x5F, 0x4D, 0x5F, 0x4D, 0x5F, 0x4D, 0x5F, 0x4D, 0x5F, 0x4D, 0x5F,
    0x4D, 0x5F, 0x4D, 0x5F, 0x4D, 0x5F, 0x4D, 0x5F, 0x4D, 0x5F, 0x4D, 0x5F, 0x4D, 0x5F, 0x4D, 0x5F,
    0x4D, 0x5F, 0x4D, 0x5F, 0x4D, 0x5F, 0x4D, 0x5F, 0x4D, 0x5F, 0x4D, 0x5F, 0x4D, 0x5F, 0x4D, 0x5F,
    0x4D, 0x5F, 0x4D, 0x5F, 0x4D, 0x5F, 0x4D, 0x5F, 0x4D, 0x5F, 0x4D, 0x5F, 0x4D, 0x5F, 0x4D, 0x5F,
    0x4D, 0x5F, 0x4D, 0x5F, 0x4D, 0x5F, 0x4D, 0x5F, 0x4D, 0x5F, 0x4D, 0x5F, 0x4D, 0x5F, 0x4D, 0x5F,
    0x4D, 0x5F, 0x4D, 0x5F, 0x4D, 0x5F, 0x4D, 0x5F, 0x4D, 0x5F, 0x4D, 0x5F, 0x4D, 0x5F, 0x4D, 0x5F,
    0x4D, 0x5F, 0x4D, 0x5F, 0x4D, 0x5F, 0x4D, 0x5F, 0x4D, 0x5F, 0x4D, 0x5F, 0x4D, 0x5F, 0x4D, 0x5F,
    0x4D, 0x5F, 0x4D, 0x5F, 0x4D, 0x5F, 0x4D, 0x5F, 0x4D, 0x5F, 0xF1, 0x4D, 0x5F, 0x4D, 0x5F, 0x4D,
    0x5F, 0x4D, 0x5F, 0x4D, 0x5F, 0x4D, 0x5F, 0x4D, 0x5F, 0x4D, 0x5F, 0x4D, 0x5F, 0x4D, 0x5F, 0x4D,
    0x5F, 0x4D, 0x5F, 0x4D, 0x5F, 0x4D, 0x5F, 0x4D, 0x5F, 0x4D, 0x5F, 0x4D, 0x5F, 0x4D, 0x5F, 0x4D,
    0x5F, 0x4D, 0x5F, 0x4D, 0x5F, 0x4D, 0x5F, 0x4D, 0x5F, 0x4D, 0x5F, 0x4D, 0x5F, 0x4D, 0x5F, 0x4D,
    0x5F, 0x4D, 0x5F, 0x4D, 0x5F, 0x4D, 0x5F, 0x4D, 0x5F, 0x4D, 0x5F, 0x4D, 0x5F, 0x4D, 0x5F, 0x4D,
    0x5F, 0x4D, 0x5F, 0x4D, 0x5F, 0x4D, 0x5F, 0x4D, 0x5F, 0x4D, 0x5F, 0x4D, 0x5F, 0x4D, 0x5F, 0x4D,
    0x5F, 0x4D, 0x5F, 0x4D, 0x5F, 0x4D, 0x5F, 0x4D, 0x5F, 0x4D, 0x5F, 0x4D, 0x5F, 0x4D, 0x5F, 0x4D,
    0x5F, 0x4D, 0x5F, 0x4D, 0x5F, 0x4D, 0x5F, 0x4D, 0x5F, 0x4D, 0x9F, 0x22, 0xD0, 0x0A, 0x00, 0xFF,
    0x48, 0xE6, 0xFB, 0x36, 0xFB, 0x36, 0xFB, 0x36, 0xFB, 0x36, 0xFB, 0x36, 0xFB, 0x36, 0xFB, 0x36,
    0xFB, 0x36, 0xFB, 0x36, 0xFB, 0x36, 0xFB, 0x36, 0xFB, 0x36, 0xFB, 0x36, 0xFB, 0x36, 0xFB, 0x36,
    0xFB, 0x36, 0xFB, 0x36, 0xFB, 0x36, 0xFB, 0x36, 0xFB, 0x36, 0xFB, 0x36, 0xFB, 0x36, 0xFB, 0x36,
    0xFB, 0x36, 0xFB, 0x36, 0xFB, 0x36, 0xFB, 0x36, 0xFB, 0x36, 0xFB, 0x36, 0xFB, 0x36, 0xFB, 0x36,
    0xD2, 0xB3, 0x89, 0xCC, 0x79, 0x8A, 0x79, 0x8A, 0x79, 0x8A, 0x79, 0x8A, 0x79, 0x8A, 0x79, 0x8A,
    0x79, 0x8A, 0x69, 0x49, 0x69, 0x49, 0x69, 0x49, 0x59, 0x07, 0x48, 0xE6, 0x30, 0xA5, 0x30, 0xA5,
    0x30, 0xA5, 0x20, 0x63, 0x20, 0x63, 0x20, 0x63, 0x08, 0x83, 0x09, 0x06, 0x3B, 0xF7, 0x4D, 0x9F,
    0x4D, 0x5F, 0x4D, 0x5F, 0x4D, 0x5F, 0x4D, 0x5F, 0x4D, 0x5F, 0x4D, 0x5F, 0x4D, 0x5F, 0x4D, 0x5F,
    0xFF, 0x4D, 0x5F, 0x4D, 0x5F, 0x4D, 0x5F, 0x4D, 0x5F, 0x4D, 0x5F, 0x4D, 0x5F, 0x4D, 0x5F, 0x4D,
    0x5F, 0x4D, 0x5F, 0x4D, 0x5F, 0x4D, 0x5F, 0x4D, 0x5F, 0x4D, 0x5F, 0x4D, 0x5F, 0x4D, 0x5F, 0x4D,
    0x5F, 0x4D, 0x5F, 0x4D, 0x5F, 0x4D, 0x5F, 0x4D, 0x5F, 0x4D, 0x5F, 0x4D, 0x5F, 0x4D, 0x5F, 0x4D,
    0x5F, 0x4D, 0x5F, 0x4D, 0x5F, 0x4D, 0x5F, 0x4D, 0x5F, 0x4D, 0x5F, 0x4D, 0x5F, 0x4D, 0x5F, 0x4D,
    0x5F, 0x4D, 0x5F, 0x4D, 0x5F, 0x4D, 0x5F, 0x4D, 0x5F, 0x4D, 0x5F, 0x4D, 0x5F, 0x4D, 0x5F, 0x4D,
    0x5F, 0x4D, 0x5F, 0x4D, 0x5F, 0x4D, 0x5F, 0x4D, 0x5F, 0x4D, 0x5F, 0x4D, 0x5F, 0x4D, 0x5F, 0x4D,
    0x5F, 0x4D, 0x5F, 0x4D, 0x5F, 0x4D, 0x5F, 0x4D, 0x5F, 0x4D, 0x5F, 0x4D, 0x5F, 0x4D, 0x5F, 0x4D,
    0x5F, 0x4D, 0x5F, 0x4D, 0x5F, 0x4D, 0x5F, 0x4D, 0x5F, 0x4D, 0x5F, 0x4D, 0x5F, 0x4D, 0x5F, 0x4D,
    0x5F, 0xFF, 0x4D, 0x5F, 0x4D, 0x5F, 0x4D, 0x5F, 0x4D, 0x5F, 0x4D, 0x5F, 0x4D, 0x5F, 0x4D, 0x5F,
    0x4D, 0x5F, 0x4D, 0x5F, 0x4D, 0x5F, 0x4D, 0x5F, 0x4D, 0x5F, 0x4D, 0x5F, 0x4D, 0x5F, 0x4D, 0x5F,
    0x4D, 0x5F, 0x4D, 0x5F, 0x4D, 0x5F, 0x4D, 0x5F, 0x4D, 0x5F, 0x4D, 0x5F, 0x4D, 0x5F, 0x4D, 0x5F,
    0x4D, 0x5F, 0x4D, 0x5F, 0x4D, 0x5F, 0x4D, 0x5F, 0x4D, 0x5F, 0x4D, 0x5F, 0x4D, 0x5F, 0x4D, 0x5F,
    0x4D, 0x5F, 0x4D, 0x5F, 0x4D, 0x5F, 0x4D, 0x5F, 0x4D, 0x5F, 0x4D, 0x5F, 0x4D, 0x5F, 0x4D, 0x5F,
    0x4D, 0x5F, 0x4D, 0x5F, 0x4D, 0x5F, 0x4D, 0x5F, 0x4D, 0x5F, 0x4D, 0x5F, 0x4D, 0x5F, 0x4D, 0x5F,
    0x4D, 0x5F, 0x4D, 0x5F, 0x4D, 0x5F, 0x4D, 0x5F, 0x4D, 0x5F, 0x4D, 0x5F, 0x4D, 0x5F, 0x4D, 0x5F,
    0x4D, 0x5F, 0x4D, 0x5F, 0x4D, 0x5F, 0x4D, 0x5F, 0x4D, 0x5F, 0x4D, 0x5F, 0x4D, 0x5F, 0x4D, 0x5F,
    0x4D, 0x5F, 0xD5, 0x4D, 0x5F, 0x4D, 0x5F, 0x4D, 0x5F, 0x4D, 0x5F, 0x4D, 0x5F, 0x4D, 0x5F, 0x4D,
    0x5F, 0x4D, 0x5F, 0x4D, 0x5F, 0x4D, 0x5F, 0x4D, 0x5F, 0x4D, 0x5F, 0x4D, 0x5F, 0x4D, 0x5F, 0x4D,
    0x5F, 0x4D, 0x5F, 0x4D, 0x5F, 0x4D, 0x5F, 0x4D, 0x5F, 0x4D, 0x5F, 0x4D, 0x5F, 0x4D, 0x5F, 0x4D,
    0x5F, 0x4D, 0x5F, 0x4D, 0x5F, 0x4D, 0x5F, 0x4D, 0x5F, 0x4D, 0x5F, 0x4D, 0x5F, 0x4D, 0x5F, 0x4D,
    0x5F, 0x4D, 0x5F, 0x4D, 0x5F, 0x4D, 0x5F, 0x4D, 0x5F, 0x4D, 0x5F, 0x4D, 0x5F, 0x4D, 0x5F, 0x4D,
    0x5F, 0x4D, 0x5F, 0x4D, 0x5F, 0x55, 0x9F, 0x22, 0xD0, 0x0A, 0x00, 0xFF, 0x48, 0xE6, 0xFB, 0x36,
    0xFB, 0x36, 0xFB, 0x36, 0xFB, 0x36, 0xFB, 0x36, 0xFB, 0x36, 0xFB, 0x36, 0xFB, 0x36, 0xFB, 0x36,
    0xFB, 0x36, 0xFB, 0x36, 0xFB, 0x36, 0xFB, 0x36, 0xFB, 0x36, 0xFB, 0x36, 0xFB, 0x36, 0xFB, 0x36,
    0xFB, 0x36, 0xFB, 0x36, 0xFB, 0x36, 0xFB, 0x36, 0xFB, 0x36, 0xFB, 0x36, 0xFB, 0x36, 0xFB, 0x36,
    0xFB, 0x36, 0xFB, 0x36, 0xFB, 0x36, 0xFB, 0x36, 0xFB, 0x36, 0xFB, 0x36, 0xFB, 0x37, 0xFB, 0x57,
    0xFB, 0x57, 0xFB, 0x57, 0xFB, 0x57, 0xFB, 0x57, 0xFB, 0x57, 0xFB, 0x57, 0xFB, 0x57, 0xFB, 0x57,
    0xFB, 0x57, 0xFB, 0x57, 0xFB, 0x37, 0xFB, 0x36, 0xFB, 0x36, 0xFB, 0x36, 0xFB, 0x16, 0xFB, 0x16,
    0xFB, 0x16, 0xF2, 0xF5, 0xE2, 0xD4, 0x89, 0xCC, 0x10, 0x41, 0x3B, 0xF7, 0x4D, 0x9F, 0x4D, 0x5F,
    0x4D, 0x5F, 0x4D, 0x5F, 0x4D, 0x5F, 0x4D, 0x5F, 0x4D, 0x5F, 0x4D, 0x5F, 0xFF, 0x4D, 0x5F, 0x4D,
    0x5F, 0x4D, 0x5F, 0x4D, 0x5F, 0x4D, 0x5F, 0x4D, 0x5F, 0x4D, 0x5F, 0x4D, 0x5F, 0x4D, 0x5F, 0x4D,
    0x5F, 0x4D, 0x5F, 0x4D, 0x5F, 0x4D, 0x5F, 0x4D, 0x5F, 0x4D, 0x5F, 0x4D, 0x5F, 0x4D, 0x5F, 0x4D,
    0x5F, 0x4D, 0x5F, 0x4D, 0x5F, 0x4D, 0x5F, 0x4D, 0x5F, 0x4D, 0x5F, 0x4D, 0x5F, 0x4D, 0x5F, 0x4D,
    0x5F, 0x4D, 0x5F, 0x4D, 0x5F, 0x4D, 0x5F, 0x4D, 0x5F, 0x4D, 0x5F, 0x4D, 0x5F, 0x4D, 0x5F, 0x4D,
    0x5F, 0x4D, 0x5F, 0x4D, 0x5F, 0x4D, 0x5F, 0x4D, 0x5F, 0x4D, 0x5F, 0x4D, 0x5F, 0x4D, 0x5F, 0x4D,
    0x5F, 0x4D, 0x5F, 0x4D, 0x5F, 0x4D, 0x5F, 0x4D, 0x5F, 0x4D, 0x5F, 0x4D, 0x5F, 0x4D, 0x5F, 0x4D,
    0x5F, 0x4D, 0x5F, 0x4D, 0x5F, 0x4D, 0x5F, 0x4D, 0x5F, 0x4D, 0x5F, 0x4D, 0x5F, 0x4D, 0x5F, 0x4D,
    0x5F, 0x4D, 0x5F, 0x4D, 0x5F, 0x4D, 0x5F, 0x4D, 0x5F, 0x4D, 0x5F, 0x4D, 0x5F, 0xFF, 0x4D, 0x5F,
    0x4D, 0x5F, 0x4D, 0x5F, 0x4D, 0x5F, 0x4D, 0x5F, 0x4D, 0x5F, 0x4D, 0x5F, 0x4D, 0x5F, 0x4D, 0x5F,
    0x4D, 0x5F, 0x4D, 0x5F, 0x4D, 0x5F, 0x4D, 0x5F, 0x4D, 0x5F, 0x4D, 0x5F, 0x4D, 0x5F, 0x4D, 0x5F,
    0x4D, 0x5F, 0x4D, 0x5F, 0x4D, 0x5F, 0x4D, 0x5F, 0x4D, 0x5F, 0x4D, 0x5F, 0x4D, 0x5F, 0x4D, 0x5F,
    0x4D, 0x5F, 0x4D, 0x5F, 0x4D, 0x5F, 0x4D, 0x5F, 0x4D, 0x5F, 0x4D, 0x5F, 0x4D, 0x5F, 0x4D, 0x5F,
    0x4D, 0x5F, 0x4D, 0x5F, 0x4D, 0x5F, 0x4D, 0x5F, 0x4D, 0x5F, 0x4D, 0x5F, 0x4D, 0x5F, 0x4D, 0x5F,
    0x4D, 0x5F, 0x4D, 0x5F, 0x4D, 0x5F, 0x4D, 0x5F, 0x4D, 0x5F, 0x4D, 0x5F, 0x4D, 0x5F, 0x4D, 0x5F,
    0x4D, 0x5F, 0x4D, 0x5F, 0x4D, 0x5F, 0x4D, 0x5F, 0x4D, 0x5F, 0x4D, 0x5F, 0x4D, 0x5F, 0x4D, 0x5F,
    0x4D, 0x5F, 0x4D, 0x5F, 0x4D, 0x5F, 0x4D, 0x5F, 0x4D, 0x5F, 0x4D, 0x5F, 0x4D, 0x5F, 0xD5, 0x4D,
    0x5F, 0x4D, 0x5F, 0x4D, 0x5F, 0x4D, 0x5F, 0x4D, 0x5F, 0x4D, 0x5F, 0x4D, 0x5F, 0x4D, 0x5F, 0x4D,
    0x5F, 0x4D, 0x5F, 0x4D, 0x5F, 0x4D, 0x5F, 0x4D, 0x5F, 0x4D, 0x5F, 0x4D, 0x5F, 0x4D, 0x5F, 0x4D,
    0x5F, 0x4D, 0x5F, 0x4D, 0x5F, 0x4D, 0x5F, 0x4D, 0x5F, 0x4D, 0x5F, 0x4D, 0x5F, 0x4D, 0x5F, 0x4D,
    0x5F, 0x4D, 0x5F, 0x4D, 0x5F, 0x4D, 0x5F, 0x4D, 0x5F, 0x4D, 0x5F, 0x4D, 0x5F, 0x4D, 0x5F, 0x4D,
    0x5F, 0x4D, 0x5F, 0x4D, 0x5F, 0x4D, 0x5F, 0x4D, 0x5F, 0x4D, 0x5F, 0x4D, 0x5F, 0x4D, 0x5F, 0x4D,
    0x5F, 0x55, 0x9F, 0x33, 0x32, 0x0A, 0x00, 0xFF, 0x48, 0xE6, 0xFB, 0x36, 0xFB, 0x36, 0xFB, 0x36,
    0xFB, 0x36, 0xFB, 0x36, 0xFB, 0x36, 0xFB, 0x36, 0xFB, 0x36, 0xFB, 0x36, 0xFB, 0x36, 0xFB, 0x36,
    0xFB, 0x36, 0xFB, 0x36, 0xFB, 0x36, 0xFB, 0x36, 0xFB, 0x36, 0xFB, 0x36, 0xFB, 0x36, 0xFB, 0x36,
    0xFB, 0x36, 0xFB, 0x36, 0xFB, 0x36, 0xFB, 0x36, 0xFB, 0x36, 0xFB, 0x36, 0xFB, 0x36, 0xFB, 0x36,
    0xFB, 0x36, 0xFB, 0x36, 0xFB, 0x36, 0xFB, 0x36, 0xFB, 0x36, 0xFB, 0x16, 0xFB, 0x16, 0xFB, 0x16,
    0xFB, 0x16, 0xFB, 0x16, 0xFB, 0x16, 0xFB, 0x16, 0xFB, 0x16, 0xFB, 0x16, 0xFB, 0x16, 0xFB, 0x16,
    0xFB, 0x16, 0xFB, 0x36, 0xFB, 0x36, 0xFB, 0x36, 0xFB, 0x36, 0xFB, 0x36, 0xFB, 0x36, 0xFB, 0x36,
    0xFB, 0x36, 0xFB, 0x78, 0x89, 0xCC, 0x11, 0xAA, 0x4D, 0x9F, 0x4D, 0x5F, 0x4D, 0x5F, 0x4D, 0x5F,
    0x4D, 0x5F, 0x4D, 0x5F, 0x4D, 0x5F, 0x4D, 0x5F, 0xFF, 0x4D, 0x5F, 0x4D, 0x5F, 0x4D, 0x5F, 0x4D,
    0x5F, 0x4D, 0x5F, 0x4D, 0x5F, 0x4D, 0x5F, 0x4D, 0x5F, 0x4D, 0x5F, 0x4D, 0x5F, 0x4D, 0x5F, 0x4D,
    0x5F, 0x4D, 0x5F, 0x4D, 0x5F, 0x4D, 0x5F, 0x4D, 0x5F, 0x4D, 0x5F, 0x4D, 0x5F, 0x4D, 0x5F, 0x4D,
    0x5F, 0x4D, 0x5F, 0x4D, 0x5F, 0x4D, 0x5F, 0x4D, 0x5F, 0x4D, 0x5F, 0x4D, 0x5F, 0x4D, 0x5F, 0x4D,
    0x5F, 0x4D, 0x5F, 0x4D, 0x5F, 0x4D, 0x5F, 0x4D, 0x5F, 0x4D, 0x5F, 0x4D, 0x5F, 0x4D, 0x5F, 0x4D,
    0x5F, 0x4D, 0x5F, 0x4D, 0x5F, 0x4D, 0x5F, 0x4D, 0x5F, 0x4D, 0x5F, 0x4D, 0x5F, 0x4D, 0x5F, 0x4D,
    0x5F, 0x4D, 0x5F, 0x4D, 0x5F, 0x4D, 0x5F, 0x4D, 0x5F, 0x4D, 0x5F, 0x4D, 0x5F, 0x4D, 0x5F, 0x4D,
    0x5F, 0x4D, 0x5F, 0x4D, 0x5F, 0x4D, 0x5F, 0x4D, 0x5F, 0x4D, 0x5F, 0x4D, 0x5F, 0x4D, 0x5F, 0x4D,
    0x5F, 0x4D, 0x5F, 0x4D, 0x5F, 0x4D, 0x5F, 0x4D, 0x5F, 0xFF, 0x4D, 0x5F, 0x4D, 0x5F, 0x4D, 0x5F,
    0x4D, 0x5F, 0x4D, 0x5F, 0x4D, 0x5F, 0x4D, 0x5F, 0x4D, 0x5F, 0x4D, 0x5F, 0x4D, 0x5F, 0x4D, 0x5F,
    0x4D, 0x5F, 0x4D, 0x5F, 0x4D, 0x5F, 0x4D, 0x5F, 0x4D, 0x5F, 0x4D, 0x5F, 0x4D, 0x5F, 0x4D, 0x5F,
    0x4D, 0x5F, 0x4D, 0x5F, 0x4D, 0x5F, 0x4D, 0x5F, 0x4D, 0x5F, 0x4D, 0x5F, 0x4D, 0x5F, 0x4D, 0x5F,
    0x4D, 0x5F, 0x4D, 0x5F, 0x4D, 0x5F, 0x4D, 0x5F, 0x4D, 0x5F, 0x4D, 0x5F, 0x4D, 0x5F, 0x4D, 0x5F,
    0x4D, 0x5F, 0x4D, 0x5F, 0x4D, 0x5F, 0x4D, 0x5F, 0x4D, 0x5F, 0x4D, 0x5F, 0x4D, 0x5F, 0x4D, 0x5F,
    0x4D, 0x5F, 0x4D, 0x5F, 0x4D, 0x5F, 0x4D, 0x5F, 0x4D, 0x5F, 0x4D, 0x5F, 0x4D, 0x5F, 0x4D, 0x5F,
    0x4D, 0x5F, 0x4D, 0x5F, 0x4D, 0x5F, 0x4D, 0x5F, 0x4D, 0x5F, 0x4D, 0x5F, 0x4D, 0x5F, 0x4D, 0x5F,
    0x4D, 0x5F, 0x4D, 0x5F, 0x4D, 0x5F, 0x4D, 0x5F, 0x4D, 0x5F, 0xD7, 0x4D, 0x5F, 0x4D, 0x5F, 0x4D,
    0x5F, 0x4D, 0x5F, 0x4D, 0x5F, 0x4D, 0x5F, 0x4D, 0x5F, 0x4D, 0x5F, 0x4D, 0x5F, 0x4D, 0x5F, 0x4D,
    0x5F, 0x4D, 0x5F, 0x4D, 0x5F, 0x4D, 0x5F, 0x4D, 0x5F, 0x4D, 0x5F, 0x4D, 0x5F, 0x4D, 0x5F, 0x4D,
    0x5F, 0x4D, 0x5F, 0x4D, 0x5F, 0x4D, 0x5F, 0x4D, 0x5F, 0x4D, 0x5F, 0x4D, 0x5F, 0x4D, 0x5F, 0x4D,
    0x5F, 0x4D, 0x5F, 0x4D, 0x5F, 0x4D, 0x5F, 0x4D, 0x5F, 0x4D, 0x5F, 0x4D, 0x5F, 0x4D, 0x5F, 0x4D,
    0x5F, 0x4D, 0x5F, 0x4D, 0x5F, 0x4D, 0x5F, 0x4D, 0x5F, 0x4D, 0x5F, 0x4D, 0x5F, 0x4D, 0x7F, 0x44,
    0x9B, 0x00, 0x21, 0x08, 0x00, 0xFF, 0x48, 0xE6, 0xFB, 0x37, 0xFB, 0x36, 0xFB, 0x36, 0xFB, 0x36,
    0xFB, 0x36, 0xFB, 0x36, 0xFB, 0x36, 0xFB, 0x36, 0xFB, 0x36, 0xFB, 0x36, 0xFB, 0x36, 0xFB, 0x36,
    0xFB, 0x36, 0xFB, 0x36, 0xFB, 0x36, 0xFB, 0x36, 0xFB, 0x36, 0xFB, 0x36, 0xFB, 0x36, 0xFB, 0x36,
    0xFB, 0x36, 0xFB, 0x36, 0xFB, 0x36, 0xFB, 0x36, 0xFB, 0x36, 0xFB, 0x36, 0xFB, 0x36, 0xFB, 0x36,
    0xFB, 0x36, 0xFB, 0x36, 0xFB, 0x36, 0xFB, 0x36, 0xFB, 0x36, 0xFB, 0x36, 0xFB, 0x36, 0xFB, 0x36,
    0xFB, 0x36, 0xFB, 0x36, 0xFB, 0x36, 0xFB, 0x36, 0xFB, 0x36, 0xFB, 0x36, 0xFB, 0x36, 0xFB, 0x36,
    0xFB, 0x36, 0xFB, 0x36, 0xFB, 0x36, 0xFB, 0x36, 0xFB, 0x36, 0xFB, 0x36, 0xFB, 0x36, 0xFB, 0x16,
    0xFB, 0x57, 0xBA, 0x50, 0x11, 0x68, 0x4D, 0x7F, 0x4D, 0x5F, 0x4D, 0x5F, 0x4D, 0x5F, 0x4D, 0x5F,
    0x4D, 0x5F, 0x4D, 0x5F, 0x4D, 0x5F, 0xFF, 0x4D, 0x5F, 0x4D, 0x5F, 0x4D, 0x5F, 0x4D, 0x5F, 0x4D,
    0x5F, 0x4D, 0x5F, 0x4D, 0x5F, 0x4D, 0x5F, 0x4D, 0x5F, 0x4D, 0x5F, 0x4D, 0x5F, 0x4D, 0x5F, 0x4D,
    0x5F, 0x4D, 0x5F, 0x4D, 0x5F, 0x4D, 0x5F, 0x4D, 0x5F, 0x4D, 0x5F, 0x4D, 0x5F, 0x4D, 0x5F, 0x4D,
    0x5F, 0x4D, 0x5F, 0x4D, 0x5F, 0x4D, 0x5F, 0x4D, 0x5F, 0x4D, 0x5F, 0x4D, 0x5F, 0x4D, 0x5F, 0x4D,
    0x5F, 0x4D, 0x5F, 0x4D, 0x5F, 0x4D, 0x5F, 0x4D, 0x5F, 0x4D, 0x5F, 0x4D, 0x5F, 0x4D, 0x5F, 0x4D,
    0x5F, 0x4D, 0x5F, 0x4D, 0x5F, 0x4D, 0x5F, 0x4D, 0x5F, 0x4D, 0x5F, 0x4D, 0x5F, 0x4D, 0x5F, 0x4D,
    0x5F, 0x4D, 0x5F, 0x4D, 0x5F, 0x4D, 0x5F, 0x4D, 0x5F, 0x4D, 0x5F, 0x4D, 0x5F, 0x4D, 0x5F, 0x4D,
    0x5F, 0x4D, 0x5F, 0x4D, 0x5F, 0x4D, 0x5F, 0x4D, 0x5F, 0x4D, 0x5F, 0x4D, 0x5F, 0x4D, 0x5F, 0x4D,
    0x5F, 0x4D, 0x5F, 0x4D, 0x5F, 0x4D, 0x5F, 0xFF, 0x4D, 0x5F, 0x4D, 0x5F, 0x4D, 0x5F, 0x4D, 0x5F,
    0x4D, 0x5F, 0x4D, 0x5F, 0x4D, 0x5F, 0x4D, 0x5F, 0x4D, 0x5F, 0x4D, 0x5F, 0x4D, 0x5F, 0x4D, 0x5F,
    0x4D, 0x5F, 0x4D, 0x5F, 0x4D, 0x5F, 0x4D, 0x5F, 0x4D, 0x5F, 0x4D, 0x5F, 0x4D, 0x5F, 0x4D, 0x5F,
    0x4D, 0x5F, 0x4D, 0x5F, 0x4D, 0x5F, 0x4D, 0x5F, 0x4D, 0x5F, 0x4D, 0x5F, 0x4D, 0x5F, 0x4D, 0x5F,
    0x4D, 0x5F, 0x4D, 0x5F, 0x4D, 0x5F, 0x4D, 0x5F, 0x4D, 0x5F, 0x4D, 0x5F, 0x4D, 0x5F, 0x4D, 0x5F,
    0x4D, 0x5F, 0x4D, 0x5F, 0x4D, 0x5F, 0x4D, 0x5F, 0x4D, 0x5F, 0x4D, 0x5F, 0x4D, 0x5F, 0x4D, 0x5F,
    0x4D, 0x5F, 0x4D, 0x5F, 0x4D, 0x5F, 0x4D, 0x5F, 0x4D, 0x5F, 0x4D, 0x5F, 0x4D, 0x5F, 0x4D, 0x5F,
    0x4D, 0x5F, 0x4D, 0x5F, 0x4D, 0x5F, 0x4D, 0x5F, 0x4D, 0x5F, 0x4D, 0x5F, 0x4D, 0x5F, 0x4D, 0x5F,
    0x4D, 0x5F, 0x4D, 0x5F, 0x4D, 0x5F, 0x4D, 0x5F, 0xD7, 0x4D, 0x5F, 0x4D, 0x5F, 0x4D, 0x5F, 0x4D,
    0x5F, 0x4D, 0x5F, 0x4D, 0x5F, 0x4D, 0x5F, 0x4D, 0x5F, 0x4D, 0x5F, 0x4D, 0x5F, 0x4D, 0x5F, 0x4D,
    0x5F, 0x4D, 0x5F, 0x4D, 0x5F, 0x4D, 0x5F, 0x4D, 0x5F, 0x4D, 0x5F, 0x4D, 0x5F, 0x4D, 0x5F, 0x4D,
    0x5F, 0x4D, 0x5F, 0x4D, 0x5F, 0x4D, 0x5F, 0x4D, 0x5F, 0x4D, 0x5F, 0x4D, 0x5F, 0x4D, 0x5F, 0x4D,
    0x5F, 0x4D, 0x5F, 0x4D, 0x5F, 0x4D, 0x5F, 0x4D, 0x5F, 0x4D, 0x5F, 0x4D, 0x5F, 0x4D, 0x5F, 0x4D,
    0x5F, 0x4D, 0x5F, 0x4D, 0x5F, 0x4D, 0x5F, 0x4D, 0x5F, 0x4D, 0x5F, 0x4D, 0x5F, 0x4D, 0x9F, 0x22,
    0xD0, 0x08, 0x00, 0xFF, 0x48, 0xE6, 0xFB, 0x37, 0xFB, 0x36, 0xFB, 0x36, 0xFB, 0x36, 0xFB, 0x36,
    0xFB, 0x36, 0xFB, 0x36, 0xFB, 0x36, 0xFB, 0x36, 0xFB, 0x36, 0xFB, 0x36, 0xFB, 0x36, 0xFB, 0x36,
    0xFB, 0x36, 0xFB, 0x36, 0xFB, 0x36, 0xFB, 0x36, 0xFB, 0x36, 0xFB, 0x36, 0xFB, 0x36, 0xFB, 0x36,
    0xFB, 0x36, 0xFB, 0x36, 0xFB, 0x36, 0xFB, 0x36, 0xFB, 0x36, 0xFB, 0x36, 0xFB, 0x36, 0xFB, 0x36,
    0xFB, 0x36, 0xFB, 0x36, 0xFB, 0x36, 0xFB, 0x36, 0xFB, 0x36, 0xFB, 0x36, 0xFB, 0x36, 0xFB, 0x36,
    0xFB, 0x36, 0xFB, 0x36, 0xFB, 0x36, 0xFB, 0x36, 0xFB, 0x36, 0xFB, 0x36, 0xFB, 0x36, 0xFB, 0x36,
    0xFB, 0x36, 0xFB, 0x36, 0xFB, 0x36, 0xFB, 0x36, 0xFB, 0x36, 0xFB, 0x36, 0xFB, 0x16, 0xFB, 0x57,
    0xBA, 0x0F, 0x11, 0x68, 0x4D, 0x7F, 0x4D, 0x5F, 0x4D, 0x5F, 0x4D, 0x5F, 0x4D, 0x5F, 0x4D, 0x5F,
    0x4D, 0x5F, 0x4D, 0x5F, 0xFF, 0x4D, 0x5F, 0x4D, 0x5F, 0x4D, 0x5F, 0x4D, 0x5F, 0x4D, 0x5F, 0x4D,
    0x5F, 0x4D, 0x5F, 0x4D, 0x5F, 0x4D, 0x5F, 0x4D, 0x5F, 0x4D, 0x5F, 0x4D, 0x5F, 0x4D, 0x5F, 0x4D,
    0x5F, 0x4D, 0x5F, 0x4D, 0x5F, 0x4D, 0x5F, 0x4D, 0x5F, 0x4D, 0x5F, 0x4D, 0x5F, 0x4D, 0x5F, 0x4D,
    0x5F, 0x4D, 0x5F, 0x4D, 0x5F, 0x4D, 0x5F, 0x4D, 0x5F, 0x4D, 0x5F, 0x4D, 0x5F, 0x4D, 0x5F, 0x4D,
    0x5F, 0x4D, 0x5F, 0x4D, 0x5F, 0x4D, 0x5F, 0x4D, 0x5F, 0x4D, 0x5F, 0x4D, 0x5F, 0x4D, 0x5F, 0x4D,
    0x5F, 0x4D, 0x5F, 0x4D, 0x5F, 0x4D, 0x5F, 0x4D, 0x5F, 0x4D, 0x5F, 0x4D, 0x5F, 0x4D, 0x5F, 0x4D,
    0x5F, 0x4D, 0x5F, 0x4D, 0x5F, 0x4D, 0x5F, 0x4D, 0x5F, 0x4D, 0x5F, 0x4D, 0x5F, 0x4D, 0x5F, 0x4D,
    0x5F, 0x4D, 0x5F, 0x4D, 0x5F, 0x4D, 0x5F, 0x4D, 0x5F, 0x4D, 0x5F, 0x4D, 0x5F, 0x4D, 0x5F, 0x4D,
    0x5F, 0x4D, 0x5F, 0x4D, 0x5F, 0xFF, 0x4D, 0x5F, 0x4D, 0x5F, 0x4D, 0x5F, 0x4D, 0x5F, 0x4D, 0x5F,
    0x4D, 0x5F, 0x4D, 0x5F, 0x4D, 0x5F, 0x4D, 0x5F, 0x4D, 0x5F, 0x4D, 0x5F, 0x4D, 0x5F, 0x4D, 0x5F,
    0x4D, 0x5F, 0x4D, 0x5F, 0x4D, 0x5F, 0x4D, 0x5F, 0x4D, 0x5F, 0x4D, 0x5F, 0x4D, 0x5F, 0x4D, 0x5F,
    0x4D, 0x5F, 0x4D, 0x5F, 0x4D, 0x5F, 0x4D, 0x5F, 0x4D, 0x5F, 0x4D, 0x5F, 0x4D, 0x5F, 0x4D, 0x5F,
    0x4D, 0x5F, 0x4D, 0x5F, 0x4D, 0x5F, 0x4D, 0x5F, 0x4D, 0x5F, 0x4D, 0x5F, 0x4D, 0x5F, 0x4D, 0x5F,
    0x4D, 0x5F, 0x4D, 0x5F, 0x4D, 0x5F, 0x4D, 0x5F, 0x4D, 0x5F, 0x4D, 0x5F, 0x4D, 0x5F, 0x4D, 0x5F,
    0x4D, 0x5F, 0x4D, 0x5F, 0x4D, 0x5F, 0x4D, 0x5F, 0x4D, 0x5F, 0x4D, 0x5F, 0x4D, 0x5F, 0x4D, 0x5F,
    0x4D, 0x5F, 0x4D, 0x5F, 0x4D, 0x5F, 0x4D, 0x5F, 0x4D, 0x5F, 0x4D, 0x5F, 0x4D, 0x5F, 0x4D, 0x5F,
    0x4D, 0x5F, 0x4D, 0x5F, 0x4D, 0x5F, 0xFF, 0x4D, 0x5F, 0x4D, 0x5F, 0x4D, 0x5F, 0x4D, 0x5F, 0x4D,
    0x5F, 0x4D, 0x5F, 0x4D, 0x5F, 0x4D, 0x5F, 0x4D, 0x5F, 0x4D, 0x5F, 0x4D, 0x5F, 0x4D, 0x5F, 0x4D,
    0x5F, 0x4D, 0x5F, 0x4D, 0x5F, 0x4D, 0x5F, 0x4D, 0x5F, 0x4D, 0x5F, 0x4D, 0x5F, 0x4D, 0x5F, 0x4D,
    0x5F, 0x4D, 0x5F, 0x4D, 0x5F, 0x4D, 0x5F, 0x4D, 0x5F, 0x4D, 0x5F, 0x4D, 0x5F, 0x4D, 0x5F, 0x4D,
    0x5F, 0x4D, 0x5F, 0x4D, 0x5F, 0x4D, 0x5F, 0x4D, 0x5F, 0x4D, 0x5F, 0x4D, 0x5F, 0x4D, 0x5F, 0x4D,
    0x5F, 0x4D, 0x5F, 0x4D, 0x5F, 0x4D, 0x5F, 0x4D, 0x5F, 0x4D, 0x5F, 0x4D, 0x5F, 0x4D, 0x5F, 0x33,
    0x32, 0x09, 0x06, 0x09, 0x06, 0x08, 0x83, 0x48, 0xE6, 0xFB, 0x37, 0xFB, 0x36, 0xFB, 0x36, 0xFB,
    0x36, 0xFB, 0x36, 0xFB, 0x36, 0xFB, 0x36, 0xFB, 0x36, 0xFB, 0x36, 0xFB, 0x36, 0xFB, 0x36, 0xFB,
    0x36, 0xFB, 0x36, 0xFB, 0x36, 0xFB, 0x36, 0xFF, 0xFB, 0x36, 0xFB, 0x36, 0xFB, 0x36, 0xFB, 0x36,
    0xFB, 0x36, 0xFB, 0x36, 0xFB, 0x36, 0xFB, 0x36, 0xFB, 0x36, 0xFB, 0x36, 0xFB, 0x36, 0xFB, 0x36,
    0xFB, 0x36, 0xFB, 0x36, 0xFB, 0x36, 0xFB, 0x36, 0xFB, 0x36, 0xFB, 0x36, 0xFB, 0x36, 0xFB, 0x36,
    0xFB, 0x36, 0xFB, 0x36, 0xFB, 0x36, 0xFB, 0x36, 0xFB, 0x36, 0xFB, 0x36, 0xFB, 0x36, 0xFB, 0x36,
    0xFB, 0x36, 0xFB, 0x36, 0xFB, 0x36, 0xFB, 0x36, 0xFB, 0x36, 0xFB, 0x36, 0xFB, 0x36, 0xFB, 0x36,
    0xFB, 0x16, 0xFB, 0x57, 0xBA, 0x50, 0x11, 0x68, 0x4D, 0x7F, 0x4D, 0x5F, 0x4D, 0x5F, 0x4D, 0x5F,
    0x4D, 0x5F, 0x4D, 0x5F, 0x4D, 0x5F, 0x4D, 0x5F, 0x4D, 0x5F, 0x4D, 0x5F, 0x4D, 0x5F, 0x4D, 0x5F,
    0x4D, 0x5F, 0x4D, 0x5F, 0x4D, 0x5F, 0x4D, 0x5F, 0x4D, 0x5F, 0x4D, 0x5F, 0x4D, 0x5F, 0x4D, 0x5F,
    0x4D, 0x5F, 0x4D, 0x5F, 0x4D, 0x5F, 0x4D, 0x5F, 0xFF, 0x4D, 0x5F, 0x4D, 0x5F, 0x4D, 0x5F, 0x4D,
    0x5F, 0x4D, 0x5F, 0x4D, 0x5F, 0x4D, 0x5F, 0x4D, 0x5F, 0x4D, 0x5F, 0x4D, 0x5F, 0x4D, 0x5F, 0x4D,
    0x5F, 0x4D, 0x5F, 0x4D, 0x5F, 0x4D, 0x5F, 0x4D, 0x5F, 0x4D, 0x5F, 0x4D, 0x5F, 0x4D, 0x5F, 0x4D,
    0x5F, 0x4D, 0x5F, 0x4D, 0x5F, 0x4D, 0x5F, 0x4D, 0x5F, 0x4D, 0x5F, 0x4D, 0x5F, 0x4D, 0x5F, 0x4D,
    0x5F, 0x4D, 0x5F, 0x4D, 0x5F, 0x4D, 0x5F, 0x4D, 0x5F, 0x4D, 0x5F, 0x4D, 0x5F, 0x4D, 0x5F, 0x4D,
    0x5F, 0x4D, 0x5F, 0x4D, 0x5F, 0x4D, 0x5F, 0x4D, 0x5F, 0x4D, 0x5F, 0x4D, 0x5F, 0x4D, 0x5F, 0x4D,
    0x5F, 0x4D, 0x5F, 0x4D, 0x5F, 0x4D, 0x5F, 0x4D, 0x5F, 0x4D, 0x5F, 0x4D, 0x5F, 0x4D, 0x5F, 0x4D,
    0x5F, 0x4D, 0x5F, 0x4D, 0x5F, 0x4D, 0x5F, 0x4D, 0x5F, 0x4D, 0x5F, 0x4D, 0x5F, 0x4D, 0x5F, 0x4D,
    0x5F, 0x4D, 0x5F, 0x4D, 0x5F, 0x4D, 0x5F, 0x4D, 0x5F, 0xFF, 0x4D, 0x5F, 0x4D, 0x5F, 0x4D, 0x5F,
    0x4D, 0x5F, 0x4D, 0x5F, 0x4D, 0x5F, 0x4D, 0x5F, 0x4D, 0x5F, 0x4D, 0x5F, 0x4D, 0x5F, 0x4D, 0x5F,
    0x4D, 0x5F, 0x4D, 0x5F, 0x4D, 0x5F, 0x4D, 0x5F, 0x4D, 0x5F, 0x4D, 0x5F, 0x4D, 0x5F, 0x4D, 0x5F,
    0x4D, 0x5F, 0x4D, 0x5F, 0x4D, 0x5F, 0x4D, 0x5F, 0x4D, 0x5F, 0x4D, 0x5F, 0x4D, 0x5F, 0x4D, 0x5F,
    0x4D, 0x5F, 0x4D, 0x5F, 0x4D, 0x5F, 0x4D, 0x5F, 0x4D, 0x5F, 0x4D, 0x5F, 0x4D, 0x5F, 0x4D, 0x5F,
    0x4D, 0x5F, 0x4D, 0x5F, 0x4D, 0x5F, 0x4D, 0x5F, 0x4D, 0x5F, 0x4D, 0x5F, 0x4D, 0x5F, 0x4D, 0x5F,
    0x4D, 0x5F, 0x4D, 0x5F, 0x4D, 0x5F, 0x4D, 0x5F, 0x4D, 0x5F, 0x4D, 0x5F, 0x4D, 0x5F, 0x4D, 0x5F,
    0x4D, 0x5F, 0x4D, 0x5F, 0x4D, 0x5F, 0x4D, 0x5F, 0x4D, 0x5F, 0x4D, 0x5F, 0x4D, 0x5F, 0x4D, 0x5F,
    0x4D, 0x5F, 0x4D, 0x5F, 0x4D, 0x5F, 0x4D, 0x5F, 0x4D, 0x5F, 0xFF, 0x4D, 0x5F, 0x4D, 0x5F, 0x4D,
    0x5F, 0x4D, 0x5F, 0x4D, 0x5F, 0x4D, 0x5F, 0x4D, 0x5F, 0x4D, 0x5F, 0x4D, 0x5F, 0x4D, 0x5F, 0x4D,
    0x5F, 0x4D, 0x5F, 0x4D, 0x5F, 0x4D, 0x5F, 0x4D, 0x5F, 0x4D, 0x5F, 0x4D, 0x5F, 0x4D, 0x5F, 0x4D,
    0x5F, 0x4D, 0x5F, 0x4D, 0x5F, 0x4D, 0x5F, 0x4D, 0x5F, 0x4D, 0x5F, 0x4D, 0x5F, 0x4D, 0x5F, 0x4D,
    0x5F, 0x4D, 0x5F, 0x4D, 0x9F, 0x4D, 0x3F, 0x4D, 0x5F, 0x3B, 0xB5, 0x48, 0xE6, 0xFB, 0x37, 0xFB,
    0x16, 0xFB, 0x36, 0xFB, 0x36, 0xFB, 0x36, 0xFB, 0x36, 0xFB, 0x36, 0xFB, 0x36, 0xFB, 0x16, 0xFB,
    0x16, 0xFB, 0x16, 0xFB, 0x16, 0xFB, 0x36, 0xFB, 0x36, 0xFB, 0x36, 0xFB, 0x36, 0xFB, 0x36, 0xFB,
    0x36, 0xFB, 0x36, 0xFB, 0x36, 0xFB, 0x36, 0xFB, 0x36, 0xFB, 0x36, 0xFB, 0x36, 0xFB, 0x36, 0xFB,
    0x36, 0xFB, 0x36, 0xFB, 0x36, 0xFB, 0x36, 0xFB, 0x36, 0xFB, 0x36, 0xFF, 0xFB, 0x36, 0xFB, 0x36,
    0xFB, 0x36, 0xFB, 0x36, 0xFB, 0x36, 0xFB, 0x36, 0xFB, 0x36, 0xFB, 0x36, 0xFB, 0x36, 0xFB, 0x36,
    0xFB, 0x36, 0xFB, 0x36, 0xFB, 0x36, 0xFB, 0x36, 0xFB, 0x36, 0xFB, 0x36, 0xFB, 0x36, 0xFB, 0x36,
    0xFB, 0x36, 0xFB, 0x36, 0xFB, 0x16, 0xFB, 0x57, 0xBA, 0x0F, 0x11, 0x68, 0x4D, 0x7F, 0x4D, 0x5F,
    0x4D, 0x5F, 0x4D, 0x5F, 0x4D, 0x5F, 0x4D, 0x5F, 0x4D, 0x5F, 0x4D, 0x5F, 0x4D, 0x5F, 0x4D, 0x5F,
    0x4D, 0x5F, 0x4D, 0x5F, 0x4D, 0x5F, 0x4D, 0x5F, 0x4D, 0x5F, 0x4D, 0x5F, 0x4D, 0x5F, 0x4D, 0x5F,
    0x4D, 0x5F, 0x4D, 0x5F, 0x4D, 0x5F, 0x4D, 0x5F, 0x4D, 0x5F, 0x4D, 0x5F, 0x4D, 0x5F, 0x4D, 0x5F,
    0x4D, 0x5F, 0x4D, 0x5F, 0x4D, 0x5F, 0x4D, 0x5F, 0x4D, 0x5F, 0x4D, 0x5F, 0x4D, 0x5F, 0x4D, 0x5F,
    0x4D, 0x5F, 0x4D, 0x5F, 0x4D, 0x5F, 0x4D, 0x5F, 0x4D, 0x5F, 0x4D, 0x5F, 0xFF, 0x4D, 0x5F, 0x4D,
    0x5F, 0x4D, 0x5F, 0x4D, 0x5F, 0x4D, 0x5F, 0x4D, 0x5F, 0x4D, 0x5F, 0x4D, 0x5F, 0x4D, 0x5F, 0x4D,
    0x5F, 0x4D, 0x5F, 0x4D, 0x5F, 0x4D, 0x5F, 0x4D, 0x5F, 0x4D, 0x5F, 0x4D, 0x5F, 0x4D, 0x5F, 0x4D,
    0x5F, 0x4D, 0x5F, 0x4D, 0x5F, 0x4D, 0x5F, 0x4D, 0x5F, 0x4D, 0x5F, 0x4D, 0x5F, 0x4D, 0x5F, 0x4D,
    0x5F, 0x4D, 0x5F, 0x4D, 0x5F, 0x4D, 0x5F, 0x4D, 0x5F, 0x4D, 0x5F, 0x4D, 0x5F, 0x4D, 0x5F, 0x4D,
    0x5F, 0x4D, 0x5F, 0x4D, 0x5F, 0x4D, 0x5F, 0x4D, 0x5F, 0x4D, 0x5F, 0x4D, 0x5F, 0x4D, 0x5F, 0x4D,
    0x5F, 0x4D, 0x5F, 0x4D, 0x5F, 0x4D, 0x5F, 0x4D, 0x5F, 0x4D, 0x5F, 0x4D, 0x5F, 0x4D, 0x5F, 0x4D,
    0x5F, 0x4D, 0x5F, 0x4D, 0x5F, 0x4D, 0x5F, 0x4D, 0x5F, 0x4D, 0x5F, 0x4D, 0x5F, 0x4D, 0x5F, 0x4D,
    0x5F, 0x4D, 0x5F, 0x4D, 0x5F, 0x4D, 0x5F, 0x4D, 0x5F, 0x4D, 0x5F, 0x4D, 0x5F, 0xFF, 0x4D, 0x5F,
    0x4D, 0x5F, 0x4D, 0x5F, 0x4D, 0x5F, 0x4D, 0x5F, 0x4D, 0x5F, 0x4D, 0x5F, 0x4D, 0x5F, 0x4D, 0x5F,
    0x4D, 0x5F, 0x4D, 0x5F, 0x4D, 0x5F, 0x4D, 0x5F, 0x4D, 0x5F, 0x4D, 0x5F, 0x4D, 0x5F, 0x4D, 0x5F,
    0x4D, 0x5F, 0x4D, 0x5F, 0x4D, 0x5F, 0x4D, 0x5F, 0x4D, 0x5F, 0x4D, 0x5F, 0x4D, 0x5F, 0x4D, 0x5F,
    0x4D, 0x5F, 0x4D, 0x5F, 0x4D, 0x5F, 0x4D, 0x5F, 0x4D, 0x5F, 0x4D, 0x5F, 0x4D, 0x5F, 0x4D, 0x5F,
    0x4D, 0x5F, 0x4D, 0x5F, 0x4D, 0x5F, 0x4D, 0x5F, 0x4D, 0x5F, 0x4D, 0x5F, 0x4D, 0x5F, 0x4D, 0x5F,
    0x4D, 0x5F, 0x4D, 0x5F, 0x4D, 0x5F, 0x4D, 0x5F, 0x4D, 0x5F, 0x4D, 0x5F, 0x4D, 0x5F, 0x4D, 0x5F,
    0x4D, 0x5F, 0x4D, 0x5F, 0x4D, 0x5F, 0x4D, 0x5F, 0x4D, 0x5F, 0x4D, 0x5F, 0x4D, 0x5F, 0x4D, 0x5F,
    0x4D, 0x5F, 0x4D, 0x5F, 0x4D, 0x5F, 0x4D, 0x5F, 0x4D, 0x5F, 0x4D, 0x5F, 0x4D, 0x5F, 0xFF, 0x4D,
    0x5F, 0x4D, 0x5F, 0x4D, 0x5F, 0x4D, 0x5F, 0x4D, 0x5F, 0x4D, 0x5F, 0x4D, 0x5F, 0x4D, 0x5F, 0x4D,
    0x5F, 0x4D, 0x5F, 0x4D, 0x5F, 0x4D, 0x5F, 0x4D, 0x5F, 0x4D, 0x5F, 0x4D, 0x9F, 0x44, 0x9B, 0x08,
    0x83, 0xE2, 0xD4, 0xFB, 0x37, 0xFB, 0x16, 0xFB, 0x16, 0xFB, 0x16, 0xFB, 0x16, 0xFB, 0x36, 0xFB,
    0x36, 0xFB, 0x37, 0xFB, 0x37, 0xFB, 0x37, 0xFB, 0x37, 0xFB, 0x36, 0xFB, 0x36, 0xFB, 0x36, 0xFB,
    0x36, 0xFB, 0x36, 0xFB, 0x36, 0xFB, 0x36, 0xFB, 0x36, 0xFB, 0x36, 0xFB, 0x36, 0xFB, 0x36, 0xFB,
    0x36, 0xFB, 0x36, 0xFB, 0x36, 0xFB, 0x36, 0xFB, 0x36, 0xFB, 0x36, 0xFB, 0x36, 0xFB, 0x36, 0xFB,
    0x36, 0xFB, 0x36, 0xFB, 0x36, 0xFB, 0x36, 0xFB, 0x36, 0xFB, 0x36, 0xFB, 0x36, 0xFB, 0x36, 0xFB,
    0x36, 0xFB, 0x36, 0xFB, 0x36, 0xFB, 0x36, 0xFB, 0x36, 0xFB, 0x36, 0xFB, 0x36, 0xFB, 0x36, 0xFF,
    0xFB, 0x36, 0xFB, 0x36, 0xFB, 0x36, 0xFB, 0x36, 0xFB, 0x16, 0xFB, 0x57, 0xBA, 0x0F, 0x11, 0x68,
    0x4D, 0x7F, 0x4D, 0x5F, 0x4D, 0x5F, 0x4D, 0x5F, 0x4D, 0x5F, 0x4D, 0x5F, 0x4D, 0x5F, 0x4D, 0x5F,
    0x4D, 0x5F, 0x4D, 0x5F, 0x4D, 0x5F, 0x4D, 0x5F, 0x4D, 0x5F, 0x4D, 0x5F, 0x4D, 0x5F, 0x4D, 0x5F,
    0x4D, 0x5F, 0x4D, 0x5F, 0x4D, 0x5F, 0x4D, 0x5F, 0x4D, 0x5F, 0x4D, 0x5F, 0x4D, 0x5F, 0x4D, 0x5F,
    0x4D, 0x5F, 0x4D, 0x5F, 0x4D, 0x5F, 0x4D, 0x5F, 0x4D, 0x5F, 0x4D, 0x5F, 0x4D, 0x5F, 0x4D, 0x5F,
    0x4D, 0x5F, 0x4D, 0x5F, 0x4D, 0x5F, 0x4D, 0x5F, 0x4D, 0x5F, 0x4D, 0x5F, 0x4D, 0x5F, 0x4D, 0x5F,
    0x4D, 0x5F, 0x4D, 0x5F, 0x4D, 0x5F, 0x4D, 0x5F, 0x4D, 0x5F, 0x4D, 0x5F, 0x4D, 0x5F, 0x4D, 0x5F,
    0x4D, 0x5F, 0x4D, 0x5F, 0x4D, 0x5F, 0x4D, 0x5F, 0x4D, 0x5F, 0x4D, 0x5F, 0x4D, 0x5F, 0x4D, 0x5F,
    0xFF, 0x4D, 0x5F, 0x4D, 0x5F, 0x4D, 0x5F, 0x4D, 0x5F, 0x4D, 0x5F, 0x4D, 0x5F, 0x4D, 0x5F, 0x4D,
    0x5F, 0x4D, 0x5F, 0x4D, 0x5F, 0x4D, 0x5F, 0x4D, 0x5F, 0x4D, 0x5F, 0x4D, 0x5F, 0x4D, 0x5F, 0x4D,
    0x5F, 0x4D, 0x5F, 0x4D, 0x5F, 0x4D, 0x5F, 0x4D, 0x5F, 0x4D, 0x5F, 0x4D, 0x5F, 0x4D, 0x5F, 0x4D,
    0x5F, 0x4D, 0x5F, 0x4D, 0x5F, 0x4D, 0x5F, 0x4D, 0x5F, 0x4D, 0x5F, 0x4D, 0x5F, 0x4D, 0x5F, 0x4D,
    0x5F, 0x4D, 0x5F, 0x4D, 0x5F, 0x4D, 0x5F, 0x4D, 0x5F, 0x4D, 0x5F, 0x4D, 0x5F, 0x4D, 0x5F, 0x4D,
    0x5F, 0x4D, 0x5F, 0x4D, 0x5F, 0x4D, 0x5F, 0x4D, 0x5F, 0x4D, 0x5F, 0x4D, 0x5F, 0x4D, 0x5F, 0x4D,
    0x5F, 0x4D, 0x5F, 0x4D, 0x5F, 0x4D, 0x5F, 0x4D, 0x5F, 0x4D, 0x5F, 0x4D, 0x5F, 0x4D, 0x5F, 0x4D,
    0x5F, 0x4D, 0x5F, 0x4D, 0x5F, 0x4D, 0x5F, 0x4D, 0x5F, 0x4D, 0x5F, 0x4D, 0x5F, 0x4D, 0x5F, 0x4D,
    0x5F, 0xFF, 0x4D, 0x5F, 0x4D, 0x5F, 0x4D, 0x5F, 0x4D, 0x5F, 0x4D, 0x5F, 0x4D, 0x5F, 0x4D, 0x5F,
    0x4D, 0x5F, 0x4D, 0x5F, 0x4D, 0x5F, 0x4D, 0x5F, 0x4D, 0x5F, 0x4D, 0x5F, 0x4D, 0x5F, 0x4D, 0x5F,
    0x4D, 0x5F, 0x4D, 0x5F, 0x4D, 0x5F, 0x4D, 0x5F, 0x4D, 0x5F, 0x4D, 0x5F, 0x4D, 0x5F, 0x4D, 0x5F,
    0x4D, 0x5F, 0x4D, 0x5F, 0x4D, 0x5F, 0x4D, 0x5F, 0x4D, 0x5F, 0x4D, 0x5F, 0x4D, 0x5F, 0x4D, 0x5F,
    0x4D, 0x5F, 0x4D, 0x5F, 0x4D, 0x5F, 0x4D, 0x5F, 0x4D, 0x5F, 0x4D, 0x5F, 0x4D, 0x5F, 0x4D, 0x5F,
    0x4D, 0x5F, 0x4D, 0x5F, 0x4D, 0x5F, 0x4D, 0x5F, 0x4D, 0x5F, 0x4D, 0x5F, 0x4D, 0x5F, 0x4D, 0x5F,
    0x4D, 0x5F, 0x4D, 0x5F, 0x4D, 0x5F, 0x4D, 0x5F, 0x4D, 0x5F, 0x4D, 0x5F, 0x4D, 0x5F, 0x4D, 0x5F,
    0x4D, 0x5F, 0x4D, 0x5F, 0x4D, 0x5F, 0x4D, 0x5F, 0x4D, 0x5F, 0x4D, 0x5F, 0x4D, 0x5F, 0x4D, 0x5F,
    0x4D, 0x9F, 0xFF, 0x1A, 0x2C, 0x59, 0x07, 0xFB, 0x78, 0xFB, 0x78, 0xFB, 0x78, 0xFB, 0x78, 0xFB,
    0x78, 0xFB, 0x37, 0xF2, 0xF5, 0xD2, 0xB3, 0xCA, 0x91, 0xBA, 0x50, 0xD2, 0xB3, 0xFB, 0x36, 0xFB,
    0x36, 0xFB, 0x36, 0xFB, 0x36, 0xFB, 0x36, 0xFB, 0x36, 0xFB, 0x36, 0xFB, 0x36, 0xFB, 0x36, 0xFB,
    0x36, 0xFB, 0x36, 0xFB, 0x36, 0xFB, 0x36, 0xFB, 0x36, 0xFB, 0x36, 0xFB, 0x36, 0xFB, 0x36, 0xFB,
    0x36, 0xFB, 0x36, 0xFB, 0x36, 0xFB, 0x37, 0xFB, 0x36, 0xFB, 0x36, 0xFB, 0x36, 0xFB, 0x36, 0xFB,
    0x36, 0xFB, 0x36, 0xFB, 0x36, 0xFB, 0x36, 0xFB, 0x36, 0xFB, 0x36, 0xFB, 0x36, 0xFB, 0x36, 0xFB,
    0x36, 0xFB, 0x36, 0xFB, 0x36, 0xFB, 0x36, 0xFB, 0x36, 0xFB, 0x36, 0xFB, 0x16, 0xFB, 0x57, 0xBA,
    0x0F, 0x11, 0x68, 0x4D, 0x7F, 0x4D, 0x5F, 0x4D, 0x5F, 0x4D, 0x5F, 0x4D, 0x5F, 0x4D, 0x5F, 0x4D,
    0x5F, 0x4D, 0x5F, 0xFF, 0x4D, 0x5F, 0x4D, 0x5F, 0x4D, 0x5F, 0x4D, 0x5F, 0x4D, 0x5F, 0x4D, 0x5F,
    0x4D, 0x5F, 0x4D, 0x5F, 0x4D, 0x5F, 0x4D, 0x5F, 0x4D, 0x5F, 0x4D, 0x5F, 0x4D, 0x5F, 0x4D, 0x5F,
    0x4D, 0x5F, 0x4D, 0x5F, 0x4D, 0x5F, 0x4D, 0x5F, 0x4D, 0x5F, 0x4D, 0x5F, 0x4D, 0x5F, 0x4D, 0x5F,
    0x4D, 0x5F, 0x4D, 0x5F, 0x4D, 0x5F, 0x4D, 0x5F, 0x4D, 0x5F, 0x4D, 0x5F, 0x4D, 0x5F, 0x4D, 0x5F,
    0x4D, 0x5F, 0x4D, 0x5F, 0x4D, 0x5F, 0x4D, 0x5F, 0x4D, 0x5F, 0x4D, 0x5F, 0x4D, 0x5F, 0x4D, 0x5F,
    0x4D, 0x5F, 0x4D, 0x5F, 0x4D, 0x5F, 0x4D, 0x5F, 0x4D, 0x5F, 0x4D, 0x5F, 0x4D, 0x5F, 0x4D, 0x5F,
    0x4D, 0x5F, 0x4D, 0x5F, 0x4D, 0x5F, 0x4D, 0x5F, 0x4D, 0x5F, 0x4D, 0x5F, 0x4D, 0x5F, 0x4D, 0x5F,
    0x4D, 0x5F, 0x4D, 0x5F, 0x4D, 0x5F, 0x4D, 0x5F, 0x4D, 0x5F, 0x4D, 0x5F, 0x4D, 0x5F, 0x4D, 0x5F,
    0x4D, 0x5F, 0x4D, 0x5F, 0xFF, 0x4D, 0x5F, 0x4D, 0x5F, 0x4D, 0x5F, 0x4D, 0x5F, 0x4D, 0x5F, 0x4D,
    0x5F, 0x4D, 0x5F, 0x4D, 0x5F, 0x4D, 0x5F, 0x4D, 0x5F, 0x4D, 0x5F, 0x4D, 0x5F, 0x4D, 0x5F, 0x4D,
    0x5F, 0x4D, 0x5F, 0x4D, 0x5F, 0x4D, 0x5F, 0x4D, 0x5F, 0x4D, 0x5F, 0x4D, 0x5F, 0x4D, 0x5F, 0x4D,
    0x5F, 0x4D, 0x5F, 0x4D, 0x5F, 0x4D, 0x5F, 0x4D, 0x5F, 0x4D, 0x5F, 0x4D, 0x5F, 0x4D, 0x5F, 0x4D,
    0x5F, 0x4D, 0x5F, 0x4D, 0x5F, 0x4D, 0x5F, 0x4D, 0x5F, 0x4D, 0x5F, 0x4D, 0x5F, 0x4D, 0x5F, 0x4D,
    0x5F, 0x4D, 0x5F, 0x4D, 0x5F, 0x4D, 0x5F, 0x4D, 0x5F, 0x4D, 0x5F, 0x4D, 0x5F, 0x4D, 0x5F, 0x4D,
    0x5F, 0x4D, 0x5F, 0x4D, 0x5F, 0x4D, 0x5F, 0x4D, 0x5F, 0x4D, 0x5F, 0x4D, 0x5F, 0x4D, 0x5F, 0x4D,
    0x5F, 0x4D, 0x5F, 0x4D, 0x5F, 0x4D, 0x5F, 0x4D, 0x5F, 0x4D, 0x5F, 0x4D, 0x5F, 0x4D, 0x5F, 0x4D,
    0x5F, 0x4D, 0x5F, 0x4D, 0x5F, 0xF3, 0x4D, 0x5F, 0x4D, 0x5F, 0x4D, 0x5F, 0x4D, 0x5F, 0x4D, 0x5F,
    0x4D, 0x5F, 0x4D, 0x5F, 0x4D, 0x5F, 0x4D, 0x5F, 0x4D, 0x5F, 0x4D, 0x5F, 0x4D, 0x5F, 0x4D, 0x5F,
    0x4D, 0x5F, 0x4D, 0x5F, 0x4D, 0x5F, 0x4D, 0x5F, 0x4D, 0x5F, 0x4D, 0x5F, 0x4D, 0x5F, 0x4D, 0x5F,
    0x4D, 0x5F, 0x4D, 0x5F, 0x4D, 0x5F, 0x4D, 0x5F, 0x4D, 0x5F, 0x4D, 0x5F, 0x4D, 0x5F, 0x4D, 0x5F,
    0x4D, 0x5F, 0x4D, 0x5F, 0x4D, 0x5F, 0x4D, 0x5F, 0x4D, 0x5F, 0x4D, 0x5F, 0x4D, 0x5F, 0x4D, 0x5F,
    0x4D, 0x5F, 0x4D, 0x5F, 0x4D, 0x5F, 0x4D, 0x5F, 0x4D, 0x5F, 0x4D, 0x5F, 0x4D, 0x5F, 0x4D, 0x5F,
    0x4D, 0x5F, 0x4D, 0x5F, 0x4D, 0x7F, 0x4D, 0x1D, 0x09, 0x06, 0x30, 0xA5, 0x69, 0x49, 0x69, 0x49,
    0x59, 0x07, 0x59, 0x07, 0x30, 0xA5, 0x20, 0x63, 0x08, 0x83, 0x06, 0x00, 0xFF, 0x69, 0x49, 0xFB,
    0x36, 0xFB, 0x36, 0xFB, 0x36, 0xFB, 0x36, 0xFB, 0x36, 0xFB, 0x36, 0xFB, 0x36, 0xFB, 0x36, 0xFB,
    0x36, 0xFB, 0x36, 0xFB, 0x36, 0xFB, 0x36, 0xFB, 0x36, 0xFB, 0x36, 0xFB, 0x36, 0xFB, 0x36, 0xFB,
    0x36, 0xFB, 0x16, 0xFB, 0x37, 0xD2, 0xB3, 0xF2, 0xF5, 0xFB, 0x36, 0xFB, 0x36, 0xFB, 0x36, 0xFB,
    0x36, 0xFB, 0x36, 0xFB, 0x36, 0xFB, 0x36, 0xFB, 0x36, 0xFB, 0x36, 0xFB, 0x36, 0xFB, 0x36, 0xFB,
    0x36, 0xFB, 0x36, 0xFB, 0x36, 0xFB, 0x36, 0xFB, 0x36, 0xFB, 0x36, 0xFB, 0x16, 0xFB, 0x57, 0xBA,
    0x0F, 0x11, 0x68, 0x4D, 0x9F, 0x4D, 0x5F, 0x4D, 0x5F, 0x4D, 0x5F, 0x4D, 0x5F, 0x4D, 0x5F, 0x4D,
    0x5F, 0x4D, 0x5F, 0x4D, 0x5F, 0x4D, 0x5F, 0x4D, 0x5F, 0x4D, 0x5F, 0x4D, 0x5F, 0x4D, 0x5F, 0x4D,
    0x5F, 0x4D, 0x5F, 0x4D, 0x5F, 0x4D, 0x5F, 0x4D, 0x5F, 0x4D, 0x5F, 0x4D, 0x5F, 0xFF, 0x4D, 0x5F,
    0x4D, 0x5F, 0x4D, 0x5F, 0x4D, 0x5F, 0x4D, 0x5F, 0x4D, 0x5F, 0x4D, 0x5F, 0x4D, 0x5F, 0x4D, 0x5F,
    0x4D, 0x5F, 0x4D, 0x5F, 0x4D, 0x5F, 0x4D, 0x5F, 0x4D, 0x5F, 0x4D, 0x5F, 0x4D, 0x5F, 0x4D, 0x5F,
    0x4D, 0x5F, 0x4D, 0x5F, 0x4D, 0x5F, 0x4D, 0x5F, 0x4D, 0x5F, 0x4D, 0x5F, 0x4D, 0x5F, 0x4D, 0x5F,
    0x4D, 0x5F, 0x4D, 0x5F, 0x4D, 0x5F, 0x4D, 0x5F, 0x4D, 0x5F, 0x4D, 0x5F, 0x4D, 0x5F, 0x4D, 0x5F,
    0x4D, 0x5F, 0x4D, 0x5F, 0x4D, 0x5F, 0x4D, 0x5F, 0x4D, 0x5F, 0x4D, 0x5F, 0x4D, 0x5F, 0x4D, 0x5F,
    0x4D, 0x5F, 0x4D, 0x5F, 0x4D, 0x5F, 0x4D, 0x5F, 0x4D, 0x5F, 0x4D, 0x5F, 0x4D, 0x5F, 0x4D, 0x5F,
    0x4D, 0x5F, 0x4D, 0x5F, 0x4D, 0x5F, 0x4D, 0x5F, 0x4D, 0x5F, 0x4D, 0x5F, 0x4D, 0x5F, 0x4D, 0x5F,
    0x4D, 0x5F, 0x4D, 0x5F, 0x4D, 0x5F, 0x4D, 0x5F, 0x4D, 0x5F, 0x4D, 0x5F, 0x4D, 0x5F, 0xFF, 0x4D,
    0x5F, 0x4D, 0x5F, 0x4D, 0x5F, 0x4D, 0x5F, 0x4D, 0x5F, 0x4D, 0x5F, 0x4D, 0x5F, 0x4D, 0x5F, 0x4D,
    0x5F, 0x4D, 0x5F, 0x4D, 0x5F, 0x4D, 0x5F, 0x4D, 0x5F, 0x4D, 0x5F, 0x4D, 0x5F, 0x4D, 0x5F, 0x4D,
    0x5F, 0x4D, 0x5F, 0x4D, 0x5F, 0x4D, 0x5F, 0x4D, 0x5F, 0x4D, 0x5F, 0x4D, 0x5F, 0x4D, 0x5F, 0x4D,
    0x5F, 0x4D, 0x5F, 0x4D, 0x5F, 0x4D, 0x5F, 0x4D, 0x5F, 0x4D, 0x5F, 0x4D, 0x5F, 0x4D, 0x5F, 0x4D,
    0x5F, 0x4D, 0x5F, 0x4D, 0x5F, 0x4D, 0x5F, 0x4D, 0x5F, 0x4D, 0x5F, 0x4D, 0x5F, 0x4D, 0x5F, 0x4D,
    0x5F, 0x4D, 0x5F, 0x4D, 0x5F, 0x4D, 0x5F, 0x4D, 0x5F, 0x4D, 0x5F, 0x4D, 0x5F, 0x4D, 0x5F, 0x4D,
    0x5F, 0x4D, 0x5F, 0x4D, 0x5F, 0x4D, 0x5F, 0x4D, 0x5F, 0x4D, 0x5F, 0x4D, 0x5F, 0x4D, 0x5F, 0x4D,
    0x5F, 0x4D, 0x5F, 0x4D, 0x5F, 0x4D, 0x5F, 0x4D, 0x5F, 0x4D, 0x5F, 0x4D, 0x5F, 0x4D, 0x5F, 0xDB,
    0x4D, 0x5F, 0x4D, 0x5F, 0x4D, 0x5F, 0x4D, 0x5F, 0x4D, 0x5F, 0x4D, 0x5F, 0x4D, 0x5F, 0x4D, 0x5F,
    0x4D, 0x5F, 0x4D, 0x5F, 0x4D, 0x5F, 0x4D, 0x5F, 0x4D, 0x5F, 0x4D, 0x5F, 0x4D, 0x5F, 0x4D, 0x5F,
    0x4D, 0x5F, 0x4D, 0x5F, 0x4D, 0x5F, 0x4D, 0x5F, 0x4D, 0x5F, 0x4D, 0x5F, 0x4D, 0x5F, 0x4D, 0x5F,
    0x4D, 0x5F, 0x4D, 0x5F, 0x4D, 0x5F, 0x4D, 0x5F, 0x4D, 0x5F, 0x4D, 0x5F, 0x4D, 0x5F, 0x4D, 0x5F,
    0x4D, 0x5F, 0x4D, 0x5F, 0x4D, 0x5F, 0x4D, 0x7F, 0x4D, 0x3F, 0x33, 0x32, 0x22, 0xD0, 0x22, 0xD0,
    0x22, 0xD0, 0x33, 0x32, 0x3B, 0xF7, 0x44, 0x9B, 0x4D, 0x3F, 0x22, 0x6E, 0x06, 0x00, 0xA5, 0xA1,
    0xED, 0xFB, 0x57, 0xFB, 0x16, 0xFB, 0x36, 0xFB, 0x36, 0xFB, 0x36, 0xFB, 0x36, 0xFB, 0x36, 0xFB,
    0x36, 0xFB, 0x36, 0xFB, 0x36, 0xFB, 0x36, 0xFB, 0x36, 0xFB, 0x36, 0xFB, 0x36, 0xFB, 0x36, 0xFB,
    0x16, 0xFB, 0x57, 0xAA, 0x2F, 0x02, 0x00, 0xFF, 0x79, 0x8A, 0xFB, 0x57, 0xFB, 0x16, 0xFB, 0x36,
    0xFB, 0x36, 0xFB, 0x36, 0xFB, 0x36, 0xFB, 0x36, 0xFB, 0x36, 0xFB, 0x36, 0xFB, 0x36, 0xFB, 0x36,
    0xFB, 0x36, 0xFB, 0x36, 0xFB, 0x36, 0xFB, 0x36, 0xFB, 0x36, 0xFB, 0x36, 0xFB, 0x16, 0xFB, 0x57,
    0xBA, 0x0F, 0x11, 0xAA, 0x4D, 0x9F, 0x4D, 0x5F, 0x4D, 0x5F, 0x4D, 0x5F, 0x4D, 0x5F, 0x4D, 0x5F,
    0x4D, 0x5F, 0x4D, 0x5F, 0x4D, 0x5F, 0x4D, 0x5F, 0x4D, 0x5F, 0x4D, 0x5F, 0x4D, 0x5F, 0x4D, 0x5F,
    0x4D, 0x5F, 0x4D, 0x5F, 0x4D, 0x5F, 0x4D, 0x5F, 0x4D, 0x5F, 0x4D, 0x5F, 0x4D, 0x5F, 0x4D, 0x5F,
    0x4D, 0x5F, 0x4D, 0x5F, 0x4D, 0x5F, 0x4D, 0x5F, 0x4D, 0x5F, 0x4D, 0x5F, 0x4D, 0x5F, 0x4D, 0x5F,
    0x4D, 0x5F, 0x4D, 0x5F, 0x4D, 0x5F, 0x4D, 0x5F, 0x4D, 0x5F, 0x4D, 0x5F, 0x4D, 0x5F, 0x4D, 0x5F,
    0x4D, 0x5F, 0x4D, 0x5F, 0x4D, 0x5F, 0x4D, 0x5F, 0xFF, 0x4D, 0x5F, 0x4D, 0x5F, 0x4D, 0x5F, 0x4D,
    0x5F, 0x4D, 0x5F, 0x4D, 0x5F, 0x4D, 0x5F, 0x4D, 0x5F, 0x4D, 0x5F, 0x4D, 0x5F, 0x4D, 0x5F, 0x4D,
    0x5F, 0x4D, 0x5F, 0x4D, 0x5F, 0x4D, 0x5F, 0x4D, 0x5F, 0x4D, 0x5F, 0x4D, 0x5F, 0x4D, 0x5F, 0x4D,
    0x5F, 0x4D, 0x5F, 0x4D, 0x5F, 0x4D, 0x5F, 0x4D, 0x5F, 0x4D, 0x5F, 0x4D, 0x5F, 0x4D, 0x5F, 0x4D,
    0x5F, 0x4D, 0x5F, 0x4D, 0x5F, 0x4D, 0x5F, 0x4D, 0x5F, 0x4D, 0x5F, 0x4D, 0x5F, 0x4D, 0x5F, 0x4D,
    0x5F, 0x4D, 0x5F, 0x4D, 0x5F, 0x4D, 0x5F, 0x4D, 0x5F, 0x4D, 0x5F, 0x4D, 0x5F, 0x4D, 0x5F, 0x4D,
    0x5F, 0x4D, 0x5F, 0x4D, 0x5F, 0x4D, 0x5F, 0x4D, 0x5F, 0x4D, 0x5F, 0x4D, 0x5F, 0x4D, 0x5F, 0x4D,
    0x5F, 0x4D, 0x5F, 0x4D, 0x5F, 0x4D, 0x5F, 0x4D, 0x5F, 0x4D, 0x5F, 0x4D, 0x5F, 0x4D, 0x5F, 0x4D,
    0x5F, 0x4D, 0x5F, 0x4D, 0x5F, 0x4D, 0x5F, 0x4D, 0x5F, 0xFF, 0x4D, 0x5F, 0x4D, 0x5F, 0x4D, 0x5F,
    0x4D, 0x5F, 0x4D, 0x5F, 0x4D, 0x5F, 0x4D, 0x5F, 0x4D, 0x5F, 0x4D, 0x5F, 0x4D, 0x5F, 0x4D, 0x5F,
    0x4D, 0x5F, 0x4D, 0x5F, 0x4D, 0x5F, 0x4D, 0x5F, 0x4D, 0x5F, 0x4D, 0x5F, 0x4D, 0x5F, 0x4D, 0x5F,
    0x4D, 0x5F, 0x4D, 0x5F, 0x4D, 0x5F, 0x4D, 0x5F, 0x4D, 0x5F, 0x4D, 0x5F, 0x4D, 0x5F, 0x4D, 0x5F,
    0x4D, 0x5F, 0x4D, 0x5F, 0x4D, 0x5F, 0x4D, 0x5F, 0x4D, 0x5F, 0x4D, 0x5F, 0x4D, 0x5F, 0x4D, 0x5F,
    0x4D, 0x5F, 0x4D, 0x5F, 0x4D, 0x5F, 0x4D, 0x5F, 0x4D, 0x5F, 0x4D, 0x5F, 0x4D, 0x5F, 0x4D, 0x5F,
    0x4D, 0x5F, 0x4D, 0x5F, 0x4D, 0x5F, 0x4D, 0x5F, 0x4D, 0x5F, 0x4D, 0x5F, 0x4D, 0x5F, 0x4D, 0x5F,
    0x4D, 0x5F, 0x4D, 0x5F, 0x4D, 0x5F, 0x4D, 0x5F, 0x4D, 0x5F, 0x4D, 0x5F, 0x4D, 0x5F, 0x4D, 0x5F,
    0x4D, 0x5F, 0x4D, 0x5F, 0x4D, 0x5F, 0x4D, 0x5F, 0x4D, 0x5F, 0xB3, 0x4D, 0x5F, 0x4D, 0x5F, 0x4D,
    0x5F, 0x4D, 0x5F, 0x4D, 0x5F, 0x4D, 0x5F, 0x4D, 0x5F, 0x4D, 0x5F, 0x4D, 0x5F, 0x4D, 0x5F, 0x4D,
    0x5F, 0x4D, 0x5F, 0x4D, 0x5F, 0x4D, 0x5F, 0x4D, 0x5F, 0x4D, 0x5F, 0x55, 0x9F, 0x55, 0x9F, 0x55,
    0x9F, 0x55, 0x9F, 0x55, 0x9F, 0x55, 0x9F, 0x4D, 0x9F, 0x4D, 0x7F, 0x4D, 0x5F, 0x1A, 0x2C, 0x04,
    0x00, 0xA7, 0x30, 0xA5, 0xFB, 0x36, 0xFB, 0x36, 0xFB, 0x36, 0xFB, 0x36, 0xFB, 0x36, 0xFB, 0x36,
    0xFB, 0x36, 0xFB, 0x36, 0xFB, 0x36, 0xFB, 0x36, 0xFB, 0x36, 0xFB, 0x36, 0xFB, 0x36, 0xFB, 0x36,
    0xFB, 0x36, 0xFB, 0x16, 0xFB, 0x37, 0xCA, 0x91, 0x00, 0x21, 0x02, 0x00, 0xFF, 0xBA, 0x50, 0xFB,
    0x57, 0xFB, 0x16, 0xFB, 0x36, 0xFB, 0x36, 0xFB, 0x36, 0xFB, 0x36, 0xFB, 0x36, 0xFB, 0x36, 0xFB,
    0x36, 0xFB, 0x36, 0xFB, 0x36, 0xFB, 0x36, 0xFB, 0x36, 0xFB, 0x36, 0xFB, 0x36, 0xFB, 0x36, 0xFB,
    0x16, 0xFB, 0x57, 0xAA, 0x2F, 0x11, 0xAA, 0x4D, 0x9F, 0x4D, 0x3F, 0x4D, 0x5F, 0x4D, 0x5F, 0x4D,
    0x5F, 0x4D, 0x7F, 0x4D, 0x7F, 0x4D, 0x5F, 0x4D, 0x5F, 0x4D, 0x5F, 0x4D, 0x5F, 0x4D, 0x5F, 0x4D,
    0x5F, 0x4D, 0x5F, 0x4D, 0x5F, 0x4D, 0x5F, 0x4D, 0x5F, 0x4D, 0x5F, 0x4D, 0x5F, 0x4D, 0x5F, 0x4D,
    0x5F, 0x4D, 0x5F, 0x4D, 0x5F, 0x4D, 0x5F, 0x4D, 0x5F, 0x4D, 0x5F, 0x4D, 0x5F, 0x4D, 0x5F, 0x4D,
    0x5F, 0x4D, 0x5F, 0x4D, 0x5F, 0x4D, 0x5F, 0x4D, 0x5F, 0x4D, 0x5F, 0x4D, 0x5F, 0x4D, 0x5F, 0x4D,
    0x5F, 0x4D, 0x5F, 0x4D, 0x5F, 0x4D, 0x5F, 0x4D, 0x5F, 0x4D, 0x5F, 0x4D, 0x5F, 0xFF, 0x4D, 0x5F,
    0x4D, 0x5F, 0x4D, 0x5F, 0x4D, 0x5F, 0x4D, 0x5F, 0x4D, 0x5F, 0x4D, 0x5F, 0x4D, 0x5F, 0x4D, 0x5F,
    0x4D, 0x5F, 0x4D, 0x5F, 0x4D, 0x5F, 0x4D, 0x5F, 0x4D, 0x5F, 0x4D, 0x5F, 0x4D, 0x5F, 0x4D, 0x5F,
    0x4D, 0x5F, 0x4D, 0x5F, 0x4D, 0x5F, 0x4D, 0x5F, 0x4D, 0x5F, 0x4D, 0x5F, 0x4D, 0x5F, 0x4D, 0x5F,
    0x4D, 0x5F, 0x4D, 0x5F, 0x4D, 0x5F, 0x4D, 0x5F, 0x4D, 0x5F, 0x4D, 0x5F, 0x4D, 0x5F, 0x4D, 0x5F,
    0x4D, 0x5F, 0x4D, 0x5F, 0x4D, 0x5F, 0x4D, 0x5F, 0x4D, 0x5F, 0x4D, 0x5F, 0x4D, 0x5F, 0x4D, 0x5F,
    0x4D, 0x5F, 0x4D, 0x5F, 0x4D, 0x5F, 0x4D, 0x5F, 0x4D, 0x5F, 0x4D, 0x5F, 0x4D, 0x5F, 0x4D, 0x5F,
    0x4D, 0x5F, 0x4D, 0x5F, 0x4D, 0x5F, 0x4D, 0x5F, 0x4D, 0x5F, 0x4D, 0x5F, 0x4D, 0x5F, 0x4D, 0x5F,
    0x4D, 0x5F, 0x4D, 0x5F, 0x4D, 0x5F, 0x4D, 0x5F, 0x4D, 0x5F, 0x4D, 0x5F, 0x4D, 0x5F, 0xFF, 0x4D,
    0x5F, 0x4D, 0x5F, 0x4D, 0x5F, 0x4D, 0x5F, 0x4D, 0x5F, 0x4D, 0x5F, 0x4D, 0x5F, 0x4D, 0x5F, 0x4D,
    0x5F, 0x4D, 0x5F, 0x4D, 0x5F, 0x4D, 0x5F, 0x4D, 0x5F, 0x4D, 0x5F, 0x4D, 0x5F, 0x4D, 0x5F, 0x4D,
    0x5F, 0x4D, 0x5F, 0x4D, 0x5F, 0x4D, 0x5F, 0x4D, 0x5F, 0x4D, 0x5F, 0x4D, 0x5F, 0x4D, 0x5F, 0x4D,
    0x5F, 0x4D, 0x5F, 0x4D, 0x5F, 0x4D, 0x5F, 0x4D, 0x5F, 0x4D, 0x5F, 0x4D, 0x5F, 0x4D, 0x5F, 0x4D,
    0x5F, 0x4D, 0x5F, 0x4D, 0x5F, 0x4D, 0x5F, 0x4D, 0x5F, 0x4D, 0x5F, 0x4D, 0x5F, 0x4D, 0x5F, 0x4D,
    0x5F, 0x4D, 0x5F, 0x4D, 0x5F, 0x4D, 0x5F, 0x4D, 0x5F, 0x4D, 0x5F, 0x4D, 0x5F, 0x4D, 0x5F, 0x4D,
    0x5F, 0x4D, 0x5F, 0x4D, 0x5F, 0x4D, 0x5F, 0x4D, 0x5F, 0x4D, 0x5F, 0x4D, 0x5F, 0x4D, 0x5F, 0x4D,
    0x5F, 0x4D, 0x5F, 0x4D, 0x5F, 0x4D, 0x5F, 0x4D, 0x5F, 0x4D, 0x5F, 0x4D, 0x5F, 0x4D, 0x5F, 0xB5,
    0x4D, 0x5F, 0x4D, 0x5F, 0x4D, 0x5F, 0x4D, 0x5F, 0x4D, 0x5F, 0x4D, 0x5F, 0x4D, 0x5F, 0x4D, 0x5F,
    0x4D, 0x5F, 0x4D, 0x5F, 0x4D, 0x5F, 0x4D, 0x5F, 0x4D, 0x5F, 0x4D, 0x5F, 0x4D, 0x5F, 0x4D, 0x5F,
    0x4D, 0x5F, 0x4D, 0x5F, 0x4D, 0x5F, 0x4D, 0x5F, 0x4D, 0x5F, 0x4D, 0x5F, 0x4D, 0x5F, 0x4D, 0x7F,
    0x4D, 0x5F, 0x22, 0xD0, 0x00, 0x21, 0x02, 0x00, 0xA5, 0xBA, 0x50, 0xFB, 0x37, 0xFB, 0x16, 0xFB,
    0x36, 0xFB, 0x36, 0xFB, 0x36, 0xFB, 0x36, 0xFB, 0x36, 0xFB, 0x36, 0xFB, 0x36, 0xFB, 0x36, 0xFB,
    0x36, 0xFB, 0x36, 0xFB, 0x36, 0xFB, 0x36, 0xFB, 0x36, 0xFB, 0x16, 0xFB, 0x78, 0xA1, 0xED, 0x02,
    0x00, 0xFF, 0x20, 0x63, 0xCA, 0x91, 0x21, 0x23, 0x79, 0x8A, 0xFB, 0x78, 0xFB, 0x16, 0xFB, 0x36,
    0xFB, 0x36, 0xFB, 0x36, 0xFB, 0x36, 0xFB, 0x36, 0xFB, 0x36, 0xFB, 0x36, 0xFB, 0x36, 0xFB, 0x36,
    0xFB, 0x36, 0xFB, 0x36, 0xFB, 0x16, 0xFB, 0x57, 0xBA, 0x0F, 0x11, 0xAA, 0x55, 0x9F, 0x4D, 0x9F,
    0x4D, 0x5F, 0x4D, 0x5F, 0x55, 0x9F, 0x44, 0x9B, 0x4D, 0x1D, 0x4D, 0x7F, 0x4D, 0x5F, 0x4D, 0x5F,
    0x4D, 0x5F, 0x4D, 0x5F, 0x4D, 0x5F, 0x4D, 0x5F, 0x4D, 0x5F, 0x4D, 0x5F, 0x4D, 0x5F, 0x4D, 0x5F,
    0x4D, 0x5F, 0x4D, 0x5F, 0x4D, 0x5F, 0x4D, 0x5F, 0x4D, 0x5F, 0x4D, 0x5F, 0x4D, 0x5F, 0x4D, 0x5F,
    0x4D, 0x5F, 0x4D, 0x5F, 0x4D, 0x5F, 0x4D, 0x5F, 0x4D, 0x5F, 0x4D, 0x5F, 0x4D, 0x5F, 0x4D, 0x5F,
    0x4D, 0x5F, 0x4D, 0x5F, 0x4D, 0x5F, 0x4D, 0x5F, 0x4D, 0x5F, 0x4D, 0x5F, 0x4D, 0x5F, 0x4D, 0x5F,
    0x4D, 0x5F, 0xFF, 0x4D, 0x5F, 0x4D, 0x5F, 0x4D, 0x5F, 0x4D, 0x5F, 0x4D, 0x5F, 0x4D, 0x5F, 0x4D,
    0x5F, 0x4D, 0x5F, 0x4D, 0x5F, 0x4D, 0x5F, 0x4D, 0x5F, 0x4D, 0x5F, 0x4D, 0x5F, 0x4D, 0x5F, 0x4D,
    0x5F, 0x4D, 0x5F, 0x4D, 0x5F, 0x4D, 0x5F, 0x4D, 0x5F, 0x4D, 0x5F, 0x4D, 0x5F, 0x4D, 0x5F, 0x4D,
    0x5F, 0x4D, 0x5F, 0x4D, 0x5F, 0x4D, 0x5F, 0x4D, 0x5F, 0x4D, 0x5F, 0x4D, 0x5F, 0x4D, 0x5F, 0x4D,
    0x5F, 0x4D, 0x5F, 0x4D, 0x5F, 0x4D, 0x5F, 0x4D, 0x5F, 0x4D, 0x5F, 0x4D, 0x5F, 0x4D, 0x5F, 0x4D,
    0x5F, 0x4D, 0x5F, 0x4D, 0x5F, 0x4D, 0x5F, 0x4D, 0x5F, 0x4D, 0x5F, 0x4D, 0x5F, 0x4D, 0x5F, 0x4D,
    0x5F, 0x4D, 0x5F, 0x4D, 0x5F, 0x4D, 0x5F, 0x4D, 0x5F, 0x4D, 0x5F, 0x4D, 0x5F, 0x4D, 0x5F, 0x4D,
    0x5F, 0x4D, 0x5F, 0x4D, 0x5F, 0x4D, 0x5F, 0x4D, 0x5F, 0x4D, 0x5F, 0x4D, 0x5F, 0x4D, 0x5F, 0x4D,
    0x5F, 0x4D, 0x5F, 0xFF, 0x4D, 0x5F, 0x4D, 0x5F, 0x4D, 0x5F, 0x4D, 0x5F, 0x4D, 0x5F, 0x4D, 0x5F,
    0x4D, 0x5F, 0x4D, 0x5F, 0x4D, 0x5F, 0x4D, 0x5F, 0x4D, 0x5F, 0x4D, 0x5F, 0x4D, 0x5F, 0x4D, 0x5F,
    0x4D, 0x5F, 0x4D, 0x5F, 0x4D, 0x5F, 0x4D, 0x5F, 0x4D, 0x5F, 0x4D, 0x5F, 0x4D, 0x5F, 0x4D, 0x5F,
    0x4D, 0x5F, 0x4D, 0x5F, 0x4D, 0x5F, 0x4D, 0x5F, 0x4D, 0x5F, 0x4D, 0x5F, 0x4D, 0x5F, 0x4D, 0x5F,
    0x4D, 0x5F, 0x4D, 0x5F, 0x4D, 0x5F, 0x4D, 0x5F, 0x4D, 0x5F, 0x4D, 0x5F, 0x4D, 0x5F, 0x4D, 0x5F,
    0x4D, 0x5F, 0x4D, 0x5F, 0x4D, 0x5F, 0x4D, 0x5F, 0x4D, 0x5F, 0x4D, 0x5F, 0x4D, 0x5F, 0x4D, 0x5F,
    0x4D, 0x5F, 0x4D, 0x5F, 0x4D, 0x5F, 0x4D, 0x5F, 0x4D, 0x5F, 0x4D, 0x5F, 0x4D, 0x5F, 0x4D, 0x5F,
    0x4D, 0x5F, 0x4D, 0x5F, 0x4D, 0x5F, 0x4D, 0x5F, 0x4D, 0x5F, 0x4D, 0x5F, 0x4D, 0x5F, 0x4D, 0x5F,
    0x4D, 0x5F, 0x4D, 0x5F, 0xE5, 0x4D, 0x5F, 0x4D, 0x5F, 0x4D, 0x5F, 0x4D, 0x5F, 0x4D, 0x5F, 0x4D,
    0x5F, 0x4D, 0x5F, 0x4D, 0x5F, 0x4D, 0x5F, 0x4D, 0x5F, 0x4D, 0x5F, 0x4D, 0x5F, 0x4D, 0x5F, 0x4D,
    0x5F, 0x4D, 0x5F, 0x4D, 0x5F, 0x4D, 0x5F, 0x4D, 0x5F, 0x4D, 0x5F, 0x4D, 0x5F, 0x4D, 0x5F, 0x4D,
    0x5F, 0x4D, 0x5F, 0x4D, 0x5F, 0x4D, 0x5F, 0x4D, 0x9F, 0x44, 0x9B, 0x11, 0xAA, 0x30, 0xA5, 0xFB,
    0x37, 0xFB, 0x36, 0xFB, 0x36, 0xFB, 0x36, 0xFB, 0x36, 0xFB, 0x36, 0xFB, 0x36, 0xFB, 0x36, 0xFB,
    0x36, 0xFB, 0x36, 0xFB, 0x36, 0xFB, 0x36, 0xFB, 0x36, 0xFB, 0x36, 0xFB, 0x36, 0xFB, 0x36, 0xFB,
    0x16, 0xFB, 0x78, 0x52, 0x45, 0x8C, 0x45, 0xC6, 0x05, 0x00, 0x21, 0x02, 0x00, 0xFF, 0xBA, 0x50,
    0xFB, 0x78, 0xFB, 0x37, 0xFB, 0x37, 0xFB, 0x36, 0xFB, 0x36, 0xFB, 0x36, 0xFB, 0x36, 0xFB, 0x36,
    0xFB, 0x36, 0xFB, 0x36, 0xFB, 0x16, 0xFB, 0x16, 0xFB, 0x16, 0xFB, 0x57, 0xAA, 0x2F, 0x11, 0xAA,
    0x44, 0x9B, 0x3B, 0xB5, 0x4D, 0x7F, 0x55, 0x9F, 0x3B, 0xF7, 0x10, 0x41, 0x11, 0x68, 0x4D, 0x5F,
    0x4D, 0x5F, 0x4D, 0x5F, 0x4D, 0x5F, 0x4D, 0x5F, 0x4D, 0x5F, 0x4D, 0x5F, 0x4D, 0x5F, 0x4D, 0x5F,
    0x4D, 0x5F, 0x4D, 0x5F, 0x4D, 0x5F, 0x4D, 0x5F, 0x4D, 0x5F, 0x4D, 0x5F, 0x4D, 0x5F, 0x4D, 0x5F,
    0x4D, 0x5F, 0x4D, 0x5F, 0x4D, 0x5F, 0x4D, 0x5F, 0x4D, 0x5F, 0x4D, 0x5F, 0x4D, 0x5F, 0x4D, 0x5F,
    0x4D, 0x5F, 0x4D, 0x5F, 0x4D, 0x5F, 0x4D, 0x5F, 0x4D, 0x5F, 0x4D, 0x5F, 0x4D, 0x5F, 0x4D, 0x5F,
    0x4D, 0x5F, 0x4D, 0x5F, 0x4D, 0x5F, 0x4D, 0x5F, 0x4D, 0x5F, 0x4D, 0x5F, 0x4D, 0x5F, 0xFF, 0x4D,
    0x5F, 0x4D, 0x5F, 0x4D, 0x5F, 0x4D, 0x5F, 0x4D, 0x5F, 0x4D, 0x5F, 0x4D, 0x5F, 0x4D, 0x5F, 0x4D,
    0x5F, 0x4D, 0x5F, 0x4D, 0x5F, 0x4D, 0x5F, 0x4D, 0x5F, 0x4D, 0x5F, 0x4D, 0x5F, 0x4D, 0x5F, 0x4D,
    0x5F, 0x4D, 0x5F, 0x4D, 0x5F, 0x4D, 0x5F, 0x4D, 0x5F, 0x4D, 0x5F, 0x4D, 0x5F, 0x4D, 0x5F, 0x4D,
    0x5F, 0x4D, 0x5F, 0x4D, 0x5F, 0x4D, 0x5F, 0x4D, 0x5F, 0x4D, 0x5F, 0x4D, 0x5F, 0x4D, 0x5F, 0x4D,
    0x5F, 0x4D, 0x5F, 0x4D, 0x5F, 0x4D, 0x5F, 0x4D, 0x5F, 0x4D, 0x5F, 0x4D, 0x5F, 0x4D, 0x5F, 0x4D,
    0x5F, 0x4D, 0x5F, 0x4D, 0x5F, 0x4D, 0x5F, 0x4D, 0x5F, 0x4D, 0x5F, 0x4D, 0x5F, 0x4D, 0x5F, 0x4D,
    0x5F, 0x4D, 0x5F, 0x4D, 0x5F, 0x4D, 0x5F, 0x4D, 0x5F, 0x4D, 0x5F, 0x4D, 0x5F, 0x4D, 0x5F, 0x4D,
    0x5F, 0x4D, 0x5F, 0x4D, 0x5F, 0x4D, 0x5F, 0x4D, 0x5F, 0x4D, 0x5F, 0x4D, 0x5F, 0x4D, 0x5F, 0xFF,
    0x4D, 0x5F, 0x4D, 0x5F, 0x4D, 0x5F, 0x4D, 0x5F, 0x4D, 0x5F, 0x4D, 0x5F, 0x4D, 0x5F, 0x4D, 0x5F,
    0x4D, 0x5F, 0x4D, 0x5F, 0x4D, 0x5F, 0x4D, 0x5F, 0x4D, 0x5F, 0x4D, 0x5F, 0x4D, 0x5F, 0x4D, 0x5F,
    0x4D, 0x5F, 0x4D, 0x5F, 0x4D, 0x5F, 0x4D, 0x5F, 0x4D, 0x5F, 0x4D, 0x5F, 0x4D, 0x5F, 0x4D, 0x5F,
    0x4D, 0x5F, 0x4D, 0x5F, 0x4D, 0x5F, 0x4D, 0x5F, 0x4D, 0x5F, 0x4D, 0x5F, 0x4D, 0x5F, 0x4D, 0x5F,
    0x4D, 0x5F, 0x4D, 0x5F, 0x4D, 0x5F, 0x4D, 0x5F, 0x4D, 0x5F, 0x4D, 0x5F, 0x4D, 0x5F, 0x4D, 0x5F,
    0x4D, 0x5F, 0x4D, 0x5F, 0x4D, 0x5F, 0x4D, 0x5F, 0x4D, 0x5F, 0x4D, 0x5F, 0x4D, 0x5F, 0x4D, 0x5F,
    0x4D, 0x5F, 0x4D, 0x5F, 0x4D, 0x5F, 0x4D, 0x5F, 0x4D, 0x5F, 0x4D, 0x5F, 0x4D, 0x5F, 0x4D, 0x5F,
    0x4D, 0x5F, 0x4D, 0x5F, 0x4D, 0x5F, 0x4D, 0x5F, 0x4D, 0x5F, 0x4D, 0x5F, 0x4D, 0x5F, 0x4D, 0x5F,
    0xDD, 0x4D, 0x5F, 0x4D, 0x5F, 0x4D, 0x5F, 0x4D, 0x5F, 0x4D, 0x5F, 0x4D, 0x5F, 0x4D, 0x5F, 0x4D,
    0x5F, 0x4D, 0x5F, 0x4D, 0x5F, 0x4D, 0x5F, 0x4D, 0x5F, 0x4D, 0x5F, 0x4D, 0x5F, 0x4D, 0x5F, 0x4D,
    0x5F, 0x4D, 0x5F, 0x4D, 0x5F, 0x4D, 0x5F, 0x4D, 0x5F, 0x4D, 0x5F, 0x4D, 0x5F, 0x4D, 0x9F, 0x4D,
    0x5F, 0x09, 0x06, 0x69, 0x49, 0xFB, 0x78, 0xFB, 0x36, 0xFB, 0x16, 0xFB, 0x36, 0xFB, 0x36, 0xFB,
    0x36, 0xFB, 0x36, 0xFB, 0x36, 0xFB, 0x36, 0xFB, 0x36, 0xFB, 0x36, 0xFB, 0x36, 0xFB, 0x36, 0xFB,
    0x36, 0xFB, 0x36, 0xFB, 0x36, 0xE2, 0xD4, 0x63, 0x04, 0xF7, 0x65, 0xFF, 0xE5, 0x8C, 0x45, 0x02,
    0x00, 0xA3, 0x08, 0x83, 0xD2, 0xB3, 0x79, 0x8A, 0x79, 0x8A, 0xFB, 0x78, 0xFB, 0x16, 0xFB, 0x36,
    0xFB, 0x36, 0xFB, 0x36, 0xFB, 0x36, 0xFB, 0x16, 0xFB, 0x37, 0xFB, 0x37, 0xFB, 0x16, 0xFB, 0x57,
    0xCA, 0x91, 0x21, 0x23, 0x08, 0x83, 0x02, 0x00, 0x83, 0x3B, 0xB5, 0x22, 0xD0, 0x04, 0x00, 0xFF,
    0x11, 0xAA, 0x4D, 0x1D, 0x4D, 0x5F, 0x4D, 0x5F, 0x4D, 0x5F, 0x4D, 0x5F, 0x4D, 0x5F, 0x4D, 0x5F,
    0x4D, 0x5F, 0x4D, 0x5F, 0x4D, 0x5F, 0x4D, 0x5F, 0x4D, 0x5F, 0x4D, 0x5F, 0x4D, 0x5F, 0x4D, 0x5F,
    0x4D, 0x5F, 0x4D, 0x5F, 0x4D, 0x5F, 0x4D, 0x5F, 0x4D, 0x5F, 0x4D, 0x5F, 0x4D, 0x5F, 0x4D, 0x5F,
    0x4D, 0x5F, 0x4D, 0x5F, 0x4D, 0x5F, 0x4D, 0x5F, 0x4D, 0x5F, 0x4D, 0x5F, 0x4D, 0x5F, 0x4D, 0x5F,
    0x4D, 0x5F, 0x4D, 0x5F, 0x4D, 0x5F, 0x4D, 0x5F, 0x4D, 0x5F, 0x4D, 0x5F, 0x4D, 0x5F, 0x4D, 0x5F,
    0x4D, 0x5F, 0x4D, 0x5F, 0x4D, 0x5F, 0x4D, 0x5F, 0x4D, 0x5F, 0x4D, 0x5F, 0x4D, 0x5F, 0x4D, 0x5F,
    0x4D, 0x5F, 0x4D, 0x5F, 0x4D, 0x5F, 0x4D, 0x5F, 0x4D, 0x5F, 0x4D, 0x5F, 0x4D, 0x5F, 0x4D, 0x5F,
    0x4D, 0x5F, 0x4D, 0x5F, 0x4D, 0x5F, 0x4D, 0x5F, 0x4D, 0x5F, 0x4D, 0x5F, 0x4D, 0x5F, 0x4D, 0x5F,
    0xFF, 0x4D, 0x5F, 0x4D, 0x5F, 0x4D, 0x5F, 0x4D, 0x5F, 0x4D, 0x5F, 0x4D, 0x5F, 0x4D, 0x5F, 0x4D,
    0x5F, 0x4D, 0x5F, 0x4D, 0x5F, 0x4D, 0x5F, 0x4D, 0x5F, 0x4D, 0x5F, 0x4D, 0x5F, 0x4D, 0x5F, 0x4D,
    0x5F, 0x4D, 0x5F, 0x4D, 0x5F, 0x4D, 0x5F, 0x4D, 0x5F, 0x4D, 0x5F, 0x4D, 0x5F, 0x4D, 0x5F, 0x4D,
    0x5F, 0x4D, 0x5F, 0x4D, 0x5F, 0x4D, 0x5F, 0x4D, 0x5F, 0x4D, 0x5F, 0x4D, 0x5F, 0x4D, 0x5F, 0x4D,
    0x5F, 0x4D, 0x5F, 0x4D, 0x5F, 0x4D, 0x5F, 0x4D, 0x5F, 0x4D, 0x5F, 0x4D, 0x5F, 0x4D, 0x5F, 0x4D,
    0x5F, 0x4D, 0x5F, 0x4D, 0x5F, 0x4D, 0x5F, 0x4D, 0x5F, 0x4D, 0x5F, 0x4D, 0x5F, 0x4D, 0x5F, 0x4D,
    0x5F, 0x4D, 0x5F, 0x4D, 0x5F, 0x4D, 0x5F, 0x4D, 0x5F, 0x4D, 0x5F, 0x4D, 0x5F, 0x4D, 0x5F, 0x4D,
    0x5F, 0x4D, 0x5F, 0x4D, 0x5F, 0x4D, 0x5F, 0x4D, 0x5F, 0x4D, 0x5F, 0x4D, 0x5F, 0x4D, 0x5F, 0x4D,
    0x5F, 0xFF, 0x4D, 0x5F, 0x4D, 0x5F, 0x4D, 0x5F, 0x4D, 0x5F, 0x4D, 0x5F, 0x4D, 0x5F, 0x4D, 0x5F,
    0x4D, 0x5F, 0x4D, 0x5F, 0x4D, 0x5F, 0x4D, 0x5F, 0x4D, 0x5F, 0x4D, 0x5F, 0x4D, 0x5F, 0x4D, 0x5F,
    0x4D, 0x5F, 0x4D, 0x5F, 0x4D, 0x5F, 0x4D, 0x5F, 0x4D, 0x5F, 0x4D, 0x5F, 0x4D, 0x5F, 0x4D, 0x5F,
    0x4D, 0x5F, 0x4D, 0x5F, 0x4D, 0x5F, 0x4D, 0x5F, 0x4D, 0x5F, 0x4D, 0x5F, 0x4D, 0x5F, 0x4D, 0x5F,
    0x4D, 0x5F, 0x4D, 0x5F, 0x4D, 0x5F, 0x4D, 0x5F, 0x4D, 0x5F, 0x4D, 0x5F, 0x4D, 0x5F, 0x4D, 0x5F,
    0x4D, 0x5F, 0x4D, 0x5F, 0x4D, 0x5F, 0x4D, 0x5F, 0x4D, 0x5F, 0x4D, 0x5F, 0x4D, 0x5F, 0x4D, 0x5F,
    0x4D, 0x5F, 0x4D, 0x5F, 0x4D, 0x5F, 0x4D, 0x5F, 0x4D, 0x5F, 0x4D, 0x5F, 0x4D, 0x5F, 0x4D, 0x5F,
    0x4D, 0x5F, 0x4D, 0x5F, 0x4D, 0x5F, 0x4D, 0x5F, 0x4D, 0x5F, 0x4D, 0x5F, 0x4D, 0x5F, 0x4D, 0x5F,
    0x4D, 0x3F, 0xA7, 0x4D, 0x7F, 0x4D, 0x1D, 0x08, 0x83, 0x79, 0x8A, 0xFB, 0x78, 0xFB, 0x57, 0xFB,
    0x36, 0xFB, 0x36, 0xFB, 0x16, 0xFB, 0x16, 0xFB, 0x16, 0xFB, 0x16, 0xFB, 0x16, 0xFB, 0x16, 0xFB,
    0x16, 0xFB, 0x16, 0xFB, 0x36, 0xFB, 0x16, 0xFB, 0x57, 0x59, 0x07, 0x02, 0x00, 0x8D, 0x73, 0x84,
    0xFF, 0xE5, 0xFF, 0xE5, 0x52, 0x45, 0x52, 0x45, 0xC6, 0x05, 0x10, 0x41, 0x02, 0x00, 0x97, 0xAA,
    0x2F, 0xFB, 0x57, 0xFB, 0x16, 0xFB, 0x36, 0xFB, 0x16, 0xFB, 0x36, 0xFB, 0x78, 0xBA, 0x50, 0xCA,
    0x91, 0xFB, 0x57, 0xFB, 0x16, 0x79, 0x8A, 0x04, 0x00, 0x85, 0x63, 0x04, 0xDE, 0xC5, 0x31, 0xA3,
    0x02, 0x00, 0xFF, 0x33, 0x32, 0x4D, 0x9F, 0x4D, 0x7F, 0x4D, 0x5F, 0x4D, 0x5F, 0x4D, 0x5F, 0x4D,
    0x5F, 0x4D, 0x5F, 0x4D, 0x5F, 0x4D, 0x5F, 0x4D, 0x5F, 0x4D, 0x5F, 0x4D, 0x5F, 0x4D, 0x5F, 0x4D,
    0x5F, 0x4D, 0x5F, 0x4D, 0x5F, 0x4D, 0x5F, 0x4D, 0x5F, 0x4D, 0x5F, 0x4D, 0x5F, 0x4D, 0x5F, 0x4D,
    0x5F, 0x4D, 0x5F, 0x4D, 0x5F, 0x4D, 0x5F, 0x4D, 0x5F, 0x4D, 0x5F, 0x4D, 0x5F, 0x4D, 0x5F, 0x4D,
    0x5F, 0x4D, 0x5F, 0x4D, 0x5F, 0x4D, 0x5F, 0x4D, 0x5F, 0x4D, 0x5F, 0x4D, 0x5F, 0x4D, 0x5F, 0x4D,
    0x5F, 0x4D, 0x5F, 0x4D, 0x5F, 0x4D, 0x5F, 0x4D, 0x5F, 0x4D, 0x5F, 0x4D, 0x5F, 0x4D, 0x5F, 0x4D,
    0x5F, 0x4D, 0x5F, 0x4D, 0x5F, 0x4D, 0x5F, 0x4D, 0x5F, 0x4D, 0x5F, 0x4D, 0x5F, 0x4D, 0x5F, 0x4D,
    0x5F, 0x4D, 0x5F, 0x4D, 0x5F, 0x4D, 0x5F, 0x4D, 0x5F, 0x4D, 0x5F, 0x4D, 0x5F, 0x4D, 0x5F, 0x4D,
    0x5F, 0x4D, 0x5F, 0xFF, 0x4D, 0x5F, 0x4D, 0x5F, 0x4D, 0x5F, 0x4D, 0x5F, 0x4D, 0x5F, 0x4D, 0x5F,
    0x4D, 0x5F, 0x4D, 0x5F, 0x4D, 0x5F, 0x4D, 0x5F, 0x4D, 0x5F, 0x4D, 0x5F, 0x4D, 0x5F, 0x4D, 0x5F,
    0x4D, 0x5F, 0x4D, 0x5F, 0x4D, 0x5F, 0x4D, 0x5F, 0x4D, 0x5F, 0x4D, 0x5F, 0x4D, 0x5F, 0x4D, 0x5F,
    0x4D, 0x5F, 0x4D, 0x5F, 0x4D, 0x5F, 0x4D, 0x5F, 0x4D, 0x5F, 0x4D, 0x5F, 0x4D, 0x5F, 0x4D, 0x5F,
    0x4D, 0x5F, 0x4D, 0x5F, 0x4D, 0x5F, 0x4D, 0x5F, 0x4D, 0x5F, 0x4D, 0x5F, 0x4D, 0x5F, 0x4D, 0x5F,
    0x4D, 0x5F, 0x4D, 0x5F, 0x4D, 0x5F, 0x4D, 0x5F, 0x4D, 0x5F, 0x4D, 0x5F, 0x4D, 0x5F, 0x4D, 0x5F,
    0x4D, 0x5F, 0x4D, 0x5F, 0x4D, 0x5F, 0x4D, 0x5F, 0x4D, 0x5F, 0x4D, 0x5F, 0x4D, 0x5F, 0x4D, 0x5F,
    0x4D, 0x5F, 0x4D, 0x5F, 0x4D, 0x5F, 0x4D, 0x5F, 0x4D, 0x5F, 0x4D, 0x5F, 0x4D, 0x5F, 0x4D, 0x5F,
    0x4D, 0x5F, 0x4D, 0x5F, 0xFF, 0x4D, 0x5F, 0x4D, 0x5F, 0x4D, 0x5F, 0x4D, 0x5F, 0x4D, 0x5F, 0x4D,
    0x5F, 0x4D, 0x5F, 0x4D, 0x5F, 0x4D, 0x5F, 0x4D, 0x5F, 0x4D, 0x5F, 0x4D, 0x5F, 0x4D, 0x5F, 0x4D,
    0x5F, 0x4D, 0x5F, 0x4D, 0x5F, 0x4D, 0x5F, 0x4D, 0x5F, 0x4D, 0x5F, 0x4D, 0x5F, 0x4D, 0x5F, 0x4D,
    0x5F, 0x4D, 0x5F, 0x4D, 0x5F, 0x4D, 0x5F, 0x4D, 0x5F, 0x4D, 0x5F, 0x4D, 0x5F, 0x4D, 0x5F, 0x4D,
    0x5F, 0x4D, 0x5F, 0x4D, 0x5F, 0x4D, 0x5F, 0x4D, 0x5F, 0x4D, 0x5F, 0x4D, 0x5F, 0x4D, 0x5F, 0x4D,
    0x5F, 0x4D, 0x5F, 0x4D, 0x5F, 0x4D, 0x5F, 0x4D, 0x5F, 0x4D, 0x5F, 0x4D, 0x5F, 0x4D, 0x5F, 0x4D,
    0x5F, 0x4D, 0x5F, 0x4D, 0x5F, 0x4D, 0x5F, 0x4D, 0x5F, 0x4D, 0x5F, 0x4D, 0x5F, 0x4D, 0x5F, 0x4D,
    0x5F, 0x4D, 0x5F, 0x4D, 0x5F, 0x4D, 0x5F, 0x4D, 0x5F, 0x4D, 0x5F, 0x4D, 0x5F, 0x4D, 0x5F, 0x4D,
    0x5F, 0x4D, 0x5F, 0x4D, 0x5F, 0xAB, 0x4D, 0x5F, 0x4D, 0x5F, 0x4D, 0x9F, 0x44, 0x9B, 0x09, 0x06,
    0x48, 0xE6, 0xCA, 0x91, 0xFB, 0x16, 0xFB, 0x37, 0xFB, 0x57, 0xFB, 0x78, 0xFB, 0x78, 0xFB, 0x78,
    0xFB, 0x57, 0xFB, 0x57, 0xFB, 0x57, 0xFB, 0x37, 0xFB, 0x36, 0xFB, 0x36, 0xFB, 0x36, 0xCA, 0x91,
    0x00, 0x21, 0x02, 0x00, 0x8B, 0xAD, 0x24, 0xFF, 0xE5, 0xF7, 0x65, 0xFF, 0xC4, 0xFF, 0xE5, 0x8C,
    0x45, 0x02, 0x00, 0x8D, 0x08, 0x83, 0xE2, 0xD4, 0xFB, 0x37, 0xFB, 0x16, 0xFB, 0x37, 0xFB, 0x37,
    0x79, 0x8A, 0x02, 0x00, 0x85, 0x20, 0x63, 0xCA, 0x91, 0x30, 0xA5, 0x02, 0x00, 0xFF, 0x10, 0x41,
    0xAD, 0x24, 0xFF, 0xE5, 0xFF, 0xE5, 0xC6, 0x05, 0x44, 0x58, 0x55, 0x9F, 0x4D, 0x5F, 0x4D, 0x5F,
    0x4D, 0x5F, 0x4D, 0x5F, 0x4D, 0x5F, 0x4D, 0x5F, 0x4D, 0x5F, 0x4D, 0x5F, 0x4D, 0x5F, 0x4D, 0x5F,
    0x4D, 0x5F, 0x4D, 0x5F, 0x4D, 0x5F, 0x4D, 0x5F, 0x4D, 0x5F, 0x4D, 0x5F, 0x4D, 0x5F, 0x4D, 0x5F,
    0x4D, 0x5F, 0x4D, 0x5F, 0x4D, 0x5F, 0x4D, 0x5F, 0x4D, 0x5F, 0x4D, 0x5F, 0x4D, 0x5F, 0x4D, 0x5F,
    0x4D, 0x5F, 0x4D, 0x5F, 0x4D, 0x5F, 0x4D, 0x5F, 0x4D, 0x5F, 0x4D, 0x5F, 0x4D, 0x5F, 0x4D, 0x5F,
    0x4D, 0x5F, 0x4D, 0x5F, 0x4D, 0x5F, 0x4D, 0x5F, 0x4D, 0x5F, 0x4D, 0x5F, 0x4D, 0x5F, 0x4D, 0x5F,
    0x4D, 0x5F, 0x4D, 0x5F, 0x4D, 0x5F, 0x4D, 0x5F, 0x4D, 0x5F, 0x4D, 0x5F, 0x4D, 0x5F, 0x4D, 0x5F,
    0x4D, 0x5F, 0x4D, 0x5F, 0x4D, 0x5F, 0x4D, 0x5F, 0x4D, 0x5F, 0x4D, 0x5F, 0x4D, 0x5F, 0xFF, 0x4D,
    0x5F, 0x4D, 0x5F, 0x4D, 0x5F, 0x4D, 0x5F, 0x4D, 0x5F, 0x4D, 0x5F, 0x4D, 0x5F, 0x4D, 0x5F, 0x4D,
    0x5F, 0x4D, 0x5F, 0x4D, 0x5F, 0x4D, 0x5F, 0x4D, 0x5F, 0x4D, 0x5F, 0x4D, 0x5F, 0x4D, 0x5F, 0x4D,
    0x5F, 0x4D, 0x5F, 0x4D, 0x5F, 0x4D, 0x5F, 0x4D, 0x5F, 0x4D, 0x5F, 0x4D, 0x5F, 0x4D, 0x5F, 0x4D,
    0x5F, 0x4D, 0x5F, 0x4D, 0x5F, 0x4D, 0x5F, 0x4D, 0x5F, 0x4D, 0x5F, 0x4D, 0x5F, 0x4D, 0x5F, 0x4D,
    0x5F, 0x4D, 0x5F, 0x4D, 0x5F, 0x4D, 0x5F, 0x4D, 0x5F, 0x4D, 0x5F, 0x4D, 0x5F, 0x4D, 0x5F, 0x4D,
    0x5F, 0x4D, 0x5F, 0x4D, 0x5F, 0x4D, 0x5F, 0x4D, 0x5F, 0x4D, 0x5F, 0x4D, 0x5F, 0x4D, 0x5F, 0x4D,
    0x5F, 0x4D, 0x5F, 0x4D, 0x5F, 0x4D, 0x5F, 0x4D, 0x5F, 0x4D, 0x5F, 0x4D, 0x5F, 0x4D, 0x5F, 0x4D,
    0x5F, 0x4D, 0x5F, 0x4D, 0x5F, 0x4D, 0x5F, 0x4D, 0x5F, 0x4D, 0x5F, 0x4D, 0x5F, 0x4D, 0x5F, 0xFF,
    0x4D, 0x5F, 0x4D, 0x5F, 0x4D, 0x5F, 0x4D, 0x5F, 0x4D, 0x5F, 0x4D, 0x5F, 0x4D, 0x5F, 0x4D, 0x5F,
    0x4D, 0x5F, 0x4D, 0x5F, 0x4D, 0x5F, 0x4D, 0x5F, 0x4D, 0x5F, 0x4D, 0x5F, 0x4D, 0x5F, 0x4D, 0x5F,
    0x4D, 0x5F, 0x4D, 0x5F, 0x4D, 0x5F, 0x4D, 0x5F, 0x4D, 0x5F, 0x4D, 0x5F, 0x4D, 0x5F, 0x4D, 0x5F,
    0x4D, 0x5F, 0x4D, 0x5F, 0x4D, 0x5F, 0x4D, 0x5F, 0x4D, 0x5F, 0x4D, 0x5F, 0x4D, 0x5F, 0x4D, 0x5F,
    0x4D, 0x5F, 0x4D, 0x5F, 0x4D, 0x5F, 0x4D, 0x5F, 0x4D, 0x5F, 0x4D, 0x5F, 0x4D, 0x5F, 0x4D, 0x5F,
    0x4D, 0x5F, 0x4D, 0x5F, 0x4D, 0x5F, 0x4D, 0x5F, 0x4D, 0x5F, 0x4D, 0x5F, 0x4D, 0x5F, 0x4D, 0x5F,
    0x4D, 0x5F, 0x4D, 0x5F, 0x4D, 0x5F, 0x4D, 0x5F, 0x4D, 0x5F, 0x4D, 0x5F, 0x4D, 0x5F, 0x4D, 0x5F,
    0x4D, 0x5F, 0x4D, 0x5F, 0x4D, 0x5F, 0x4D, 0x5F, 0x4D, 0x5F, 0x4D, 0x5F, 0x4D, 0x5F, 0x4D, 0x5F,
    0xB7, 0x4D, 0x5F, 0x4D, 0x5F, 0x4D, 0x5F, 0x4D, 0x5F, 0x4D, 0x5F, 0x4D, 0x5F, 0x4D, 0x5F, 0x4D,
    0x5F, 0x4D, 0x5F, 0x4D, 0x9F, 0x4D, 0x3F, 0x22, 0x6E, 0x08, 0x83, 0x20, 0x63, 0x48, 0xE6, 0x48,
    0xE6, 0x59, 0x07, 0x69, 0x49, 0x89, 0xCC, 0xAA, 0x2F, 0xBA, 0x0F, 0xCA, 0x91, 0xD2, 0xB3, 0xF2,
    0xF5, 0xFB, 0x36, 0xFB, 0x36, 0xFB, 0x78, 0xAA, 0x2F, 0x02, 0x00, 0x8D, 0x31, 0xA3, 0xFF, 0xC4,
    0xFF, 0xE5, 0xFF, 0xE5, 0xFF, 0xC4, 0xFF, 0xE5, 0x63, 0x04, 0x02, 0x00, 0x89, 0x31, 0xA3, 0xFB,
    0x57, 0xFB, 0x57, 0xD2, 0xB3, 0x21, 0x23, 0x04, 0x00, 0xFF, 0x8C, 0x45, 0xAD, 0x24, 0x00, 0x21,
    0x31, 0xA3, 0xDE, 0xC5, 0xFF, 0xE5, 0xFF, 0xE5, 0xC6, 0x05, 0x21, 0x23, 0x22, 0xD0, 0x4D, 0x7F,
    0x4D, 0x5F, 0x4D, 0x5F, 0x4D, 0x5F, 0x4D, 0x5F, 0x4D, 0x5F, 0x4D, 0x5F, 0x4D, 0x5F, 0x4D, 0x5F,
    0x4D, 0x5F, 0x4D, 0x5F, 0x4D, 0x5F, 0x4D, 0x5F, 0x4D, 0x5F, 0x4D, 0x5F, 0x4D, 0x5F, 0x4D, 0x5F,
    0x4D, 0x5F, 0x4D, 0x5F, 0x4D, 0x5F, 0x4D, 0x5F, 0x4D, 0x5F, 0x4D, 0x5F, 0x4D, 0x5F, 0x4D, 0x5F,
    0x4D, 0x5F, 0x4D, 0x5F, 0x4D, 0x5F, 0x4D, 0x5F, 0x4D, 0x5F, 0x4D, 0x5F, 0x4D, 0x5F, 0x4D, 0x5F,
    0x4D, 0x5F, 0x4D, 0x5F, 0x4D, 0x5F, 0x4D, 0x5F, 0x4D, 0x5F, 0x4D, 0x5F, 0x4D, 0x5F, 0x4D, 0x5F,
    0x4D, 0x5F, 0x4D, 0x5F, 0x4D, 0x5F, 0x4D, 0x5F, 0x4D, 0x5F, 0x4D, 0x5F, 0x4D, 0x5F, 0x4D, 0x5F,
    0x4D, 0x5F, 0x4D, 0x5F, 0x4D, 0x5F, 0x4D, 0x5F, 0x4D, 0x5F, 0xFF, 0x4D, 0x5F, 0x4D, 0x5F, 0x4D,
    0x5F, 0x4D, 0x5F, 0x4D, 0x5F, 0x4D, 0x5F, 0x4D, 0x5F, 0x4D, 0x5F, 0x4D, 0x5F, 0x4D, 0x5F, 0x4D,
    0x5F, 0x4D, 0x5F, 0x4D, 0x5F, 0x4D, 0x5F, 0x4D, 0x5F, 0x4D, 0x5F, 0x4D, 0x5F, 0x4D, 0x5F, 0x4D,
    0x5F, 0x4D, 0x5F, 0x4D, 0x5F, 0x4D, 0x5F, 0x4D, 0x5F, 0x4D, 0x5F, 0x4D, 0x5F, 0x4D, 0x5F, 0x4D,
    0x5F, 0x4D, 0x5F, 0x4D, 0x5F, 0x4D, 0x5F, 0x4D, 0x5F, 0x4D, 0x5F, 0x4D, 0x5F, 0x4D, 0x5F, 0x4D,
    0x5F, 0x4D, 0x5F, 0x4D, 0x5F, 0x4D, 0x5F, 0x4D, 0x5F, 0x4D, 0x5F, 0x4D, 0x5F, 0x4D, 0x5F, 0x4D,
    0x5F, 0x4D, 0x5F, 0x4D, 0x5F, 0x4D, 0x5F, 0x4D, 0x5F, 0x4D, 0x5F, 0x4D, 0x5F, 0x4D, 0x5F, 0x4D,
    0x5F, 0x4D, 0x5F, 0x4D, 0x5F, 0x4D, 0x5F, 0x4D, 0x5F, 0x4D, 0x5F, 0x4D, 0x5F, 0x4D, 0x5F, 0x4D,
    0x5F, 0x4D, 0x5F, 0x4D, 0x5F, 0x4D, 0x5F, 0x4D, 0x5F, 0x4D, 0x5F, 0xFF, 0x4D, 0x5F, 0x4D, 0x5F,
    0x4D, 0x5F, 0x4D, 0x5F, 0x4D, 0x5F, 0x4D, 0x5F, 0x4D, 0x5F, 0x4D, 0x5F, 0x4D, 0x5F, 0x4D, 0x5F,
    0x4D, 0x5F, 0x4D, 0x5F, 0x4D, 0x5F, 0x4D, 0x5F, 0x4D, 0x5F, 0x4D, 0x5F, 0x4D, 0x5F, 0x4D, 0x5F,
    0x4D, 0x5F, 0x4D, 0x5F, 0x4D, 0x5F, 0x4D, 0x5F, 0x4D, 0x5F, 0x4D, 0x5F, 0x4D, 0x5F, 0x4D, 0x5F,
    0x4D, 0x5F, 0x4D, 0x5F, 0x4D, 0x5F, 0x4D, 0x5F, 0x4D, 0x5F, 0x4D, 0x5F, 0x4D, 0x5F, 0x4D, 0x5F,
    0x4D, 0x5F, 0x4D, 0x5F, 0x4D, 0x5F, 0x4D, 0x5F, 0x4D, 0x5F, 0x4D, 0x5F, 0x4D, 0x5F, 0x4D, 0x5F,
    0x4D, 0x5F, 0x4D, 0x5F, 0x4D, 0x5F, 0x4D, 0x5F, 0x4D, 0x5F, 0x4D, 0x5F, 0x4D, 0x5F, 0x4D, 0x5F,
    0x4D, 0x5F, 0x4D, 0x5F, 0x4D, 0x5F, 0x4D, 0x5F, 0x4D, 0x5F, 0x4D, 0x5F, 0x4D, 0x5F, 0x4D, 0x5F,
    0x4D, 0x5F, 0x4D, 0x5F, 0x4D, 0x5F, 0x4D, 0x5F, 0x4D, 0x5F, 0x4D, 0x5F, 0xD1, 0x4D, 0x5F, 0x4D,
    0x5F, 0x4D, 0x5F, 0x4D, 0x5F, 0x4D, 0x5F, 0x4D, 0x5F, 0x4D, 0x5F, 0x4D, 0x5F, 0x4D, 0x5F, 0x4D,
    0x5F, 0x4D, 0x5F, 0x4D, 0x5F, 0x4D, 0x5F, 0x4D, 0x5F, 0x4D, 0x7F, 0x55, 0x9F, 0x4D, 0x1D, 0x3B,
    0xF7, 0x3B, 0xF7, 0x3B, 0xB5, 0x22, 0xD0, 0x1A, 0x2C, 0x11, 0xAA, 0x11, 0xAA, 0x11, 0x68, 0x09,
    0x06, 0x08, 0x83, 0x30, 0xA5, 0x30, 0xA5, 0x48, 0xE6, 0x48, 0xE6, 0x69, 0x49, 0x73, 0x84, 0xF7,
    0x65, 0xFF, 0xE5, 0xFF, 0xC4, 0xFF, 0xE5, 0xFF, 0xC4, 0xFF, 0xE5, 0xF7, 0x65, 0x21, 0x23, 0x02,
    0x00, 0x85, 0x89, 0xCC, 0xAA, 0x2F, 0x00, 0x21, 0x02, 0x00, 0x91, 0x21, 0x23, 0xC6, 0x05, 0xFF,
    0xE5, 0xFF, 0xE5, 0xC6, 0x05, 0xF7, 0x65, 0xFF, 0xE5, 0xFF, 0xE5, 0x8C, 0x45, 0x04, 0x00, 0xFF,
    0x11, 0xAA, 0x4D, 0x7F, 0x4D, 0x5F, 0x4D, 0x5F, 0x4D, 0x5F, 0x4D, 0x5F, 0x4D, 0x5F, 0x4D, 0x5F,
    0x4D, 0x5F, 0x4D, 0x5F, 0x4D, 0x5F, 0x4D, 0x5F, 0x4D, 0x5F, 0x4D, 0x5F, 0x4D, 0x5F, 0x4D, 0x5F,
    0x4D, 0x5F, 0x4D, 0x5F, 0x4D, 0x5F, 0x4D, 0x5F, 0x4D, 0x5F, 0x4D, 0x5F, 0x4D, 0x5F, 0x4D, 0x5F,
    0x4D, 0x5F, 0x4D, 0x5F, 0x4D, 0x5F, 0x4D, 0x5F, 0x4D, 0x5F, 0x4D, 0x5F, 0x4D, 0x5F, 0x4D, 0x5F,
    0x4D, 0x5F, 0x4D, 0x5F, 0x4D, 0x5F, 0x4D, 0x5F, 0x4D, 0x5F, 0x4D, 0x5F, 0x4D, 0x5F, 0x4D, 0x5F,
    0x4D, 0x5F, 0x4D, 0x5F, 0x4D, 0x5F, 0x4D, 0x5F, 0x4D, 0x5F, 0x4D, 0x5F, 0x4D, 0x5F, 0x4D, 0x5F,
    0x4D, 0x5F, 0x4D, 0x5F, 0x4D, 0x5F, 0x4D, 0x5F, 0x4D, 0x5F, 0x4D, 0x5F, 0x4D, 0x5F, 0x4D, 0x5F,
    0x4D, 0x5F, 0x4D, 0x5F, 0x4D, 0x5F, 0x4D, 0x5F, 0x4D, 0x5F, 0x4D, 0x5F, 0x4D, 0x5F, 0x4D, 0x5F,
    0xFF, 0x4D, 0x5F, 0x4D, 0x5F, 0x4D, 0x5F, 0x4D, 0x5F, 0x4D, 0x5F, 0x4D, 0x5F, 0x4D, 0x5F, 0x4D,
    0x5F, 0x4D, 0x5F, 0x4D, 0x5F, 0x4D, 0x5F, 0x4D, 0x5F, 0x4D, 0x5F, 0x4D, 0x5F, 0x4D, 0x5F, 0x4D,
    0x5F, 0x4D, 0x5F, 0x4D, 0x5F, 0x4D, 0x5F, 0x4D, 0x5F, 0x4D, 0x5F, 0x4D, 0x5F, 0x4D, 0x5F, 0x4D,
    0x5F, 0x4D, 0x5F, 0x4D, 0x5F, 0x4D, 0x5F, 0x4D, 0x5F, 0x4D, 0x5F, 0x4D, 0x5F, 0x4D, 0x5F, 0x4D,
    0x5F, 0x4D, 0x5F, 0x4D, 0x5F, 0x4D, 0x5F, 0x4D, 0x5F, 0x4D, 0x5F, 0x4D, 0x5F, 0x4D, 0x5F, 0x4D,
    0x5F, 0x4D, 0x5F, 0x4D, 0x5F, 0x4D, 0x5F, 0x4D, 0x5F, 0x4D, 0x5F, 0x4D, 0x5F, 0x4D, 0x5F, 0x4D,
    0x5F, 0x4D, 0x5F, 0x4D, 0x5F, 0x4D, 0x5F, 0x4D, 0x5F, 0x4D, 0x5F, 0x4D, 0x5F, 0x4D, 0x5F, 0x4D,
    0x5F, 0x4D, 0x5F, 0x4D, 0x5F, 0x4D, 0x5F, 0x4D, 0x5F, 0x4D, 0x5F, 0x4D, 0x5F, 0x4D, 0x5F, 0x4D,
    0x5F, 0xFF, 0x4D, 0x5F, 0x4D, 0x5F, 0x4D, 0x5F, 0x4D, 0x5F, 0x4D, 0x5F, 0x4D, 0x5F, 0x4D, 0x5F,
    0x4D, 0x5F, 0x4D, 0x5F, 0x4D, 0x5F, 0x4D, 0x5F, 0x4D, 0x5F, 0x4D, 0x5F, 0x4D, 0x5F, 0x4D, 0x5F,
    0x4D, 0x5F, 0x4D, 0x5F, 0x4D, 0x5F, 0x4D, 0x5F, 0x4D, 0x5F, 0x4D, 0x5F, 0x4D, 0x5F, 0x4D, 0x5F,
    0x4D, 0x5F, 0x4D, 0x5F, 0x4D, 0x5F, 0x4D, 0x5F, 0x4D, 0x5F, 0x4D, 0x5F, 0x4D, 0x5F, 0x4D, 0x5F,
    0x4D, 0x5F, 0x4D, 0x5F, 0x4D, 0x5F, 0x4D, 0x5F, 0x4D, 0x5F, 0x4D, 0x5F, 0x4D, 0x5F, 0x4D, 0x5F,
    0x4D, 0x5F, 0x4D, 0x5F, 0x4D, 0x5F, 0x4D, 0x5F, 0x4D, 0x5F, 0x4D, 0x5F, 0x4D, 0x5F, 0x4D, 0x5F,
    0x4D, 0x5F, 0x4D, 0x5F, 0x4D, 0x5F, 0x4D, 0x5F, 0x4D, 0x5F, 0x4D, 0x5F, 0x4D, 0x5F, 0x4D, 0x5F,
    0x4D, 0x5F, 0x4D, 0x5F, 0x4D, 0x5F, 0x4D, 0x5F, 0x4D, 0x5F, 0x4D, 0x5F, 0x4D, 0x5F, 0x4D, 0x5F,
    0x4D, 0x5F, 0xC5, 0x4D, 0x5F, 0x4D, 0x5F, 0x4D, 0x5F, 0x4D, 0x5F, 0x4D, 0x5F, 0x4D, 0x5F, 0x4D,
    0x5F, 0x4D, 0x7F, 0x4D, 0x9F, 0x55, 0x9F, 0x55, 0x9F, 0x55, 0x9F, 0x55, 0x9F, 0x55, 0x9F, 0x55,
    0x9F, 0x4D, 0x7F, 0x4D, 0x3F, 0x44, 0x9B, 0x44, 0x9B, 0x44, 0x58, 0x3B, 0xF7, 0x33, 0x32, 0x08,
    0x83, 0x52, 0x45, 0xFF, 0xE5, 0xFF, 0xE5, 0xFF, 0xE5, 0xFF, 0xE5, 0xFF, 0xE5, 0xFF, 0xC4, 0xFF,
    0xE5, 0xC6, 0x05, 0x21, 0x23, 0xC6, 0x05, 0x73, 0x84, 0x02, 0x00, 0x91, 0x63, 0x04, 0xF7, 0x65,
    0xFF, 0xE5, 0xFF, 0xC4, 0xFF, 0xC4, 0xFF, 0xE5, 0xFF, 0xE5, 0xDE, 0xC5, 0x52, 0x45, 0x04, 0x00,
    0xFF, 0x33, 0x32, 0x4D, 0x7F, 0x4D, 0x5F, 0x4D, 0x5F, 0x4D, 0x5F, 0x4D, 0x5F, 0x4D, 0x5F, 0x4D,
    0x5F, 0x4D, 0x5F, 0x4D, 0x5F, 0x4D, 0x5F, 0x4D, 0x5F, 0x4D, 0x5F, 0x4D, 0x5F, 0x4D, 0x5F, 0x4D,
    0x5F, 0x4D, 0x5F, 0x4D, 0x5F, 0x4D, 0x5F, 0x4D, 0x5F, 0x4D, 0x5F, 0x4D, 0x5F, 0x4D, 0x5F, 0x4D,
    0x5F, 0x4D, 0x5F, 0x4D, 0x5F, 0x4D, 0x5F, 0x4D, 0x5F, 0x4D, 0x5F, 0x4D, 0x5F, 0x4D, 0x5F, 0x4D,
    0x5F, 0x4D, 0x5F, 0x4D, 0x5F, 0x4D, 0x5F, 0x4D, 0x5F, 0x4D, 0x5F, 0x4D, 0x5F, 0x4D, 0x5F, 0x4D,
    0x5F, 0x4D, 0x5F, 0x4D, 0x5F, 0x4D, 0x5F, 0x4D, 0x5F, 0x4D, 0x5F, 0x4D, 0x5F, 0x4D, 0x5F, 0x4D,
    0x5F, 0x4D, 0x5F, 0x4D, 0x5F, 0x4D, 0x5F, 0x4D, 0x5F, 0x4D, 0x5F, 0x4D, 0x5F, 0x4D, 0x5F, 0x4D,
    0x5F, 0x4D, 0x5F, 0x4D, 0x5F, 0x4D, 0x5F, 0x4D, 0x5F, 0x4D, 0x5F, 0x4D, 0x5F, 0x4D, 0x5F, 0x4D,
    0x5F, 0xFF, 0x4D, 0x5F, 0x4D, 0x5F, 0x4D, 0x5F, 0x4D, 0x5F, 0x4D, 0x5F, 0x4D, 0x5F, 0x4D, 0x5F,
    0x4D, 0x5F, 0x4D, 0x5F, 0x4D, 0x5F, 0x4D, 0x5F, 0x4D, 0x5F, 0x4D, 0x5F, 0x4D, 0x5F, 0x4D, 0x5F,
    0x4D, 0x5F, 0x4D, 0x5F, 0x4D, 0x5F, 0x4D, 0x5F, 0x4D, 0x5F, 0x4D, 0x5F, 0x4D, 0x5F, 0x4D, 0x5F,
    0x4D, 0x5F, 0x4D, 0x5F, 0x4D, 0x5F, 0x4D, 0x5F, 0x4D, 0x5F, 0x4D, 0x5F, 0x4D, 0x5F, 0x4D, 0x5F,
    0x4D, 0x5F, 0x4D, 0x5F, 0x4D, 0x5F, 0x4D, 0x5F, 0x4D, 0x5F, 0x4D, 0x5F, 0x4D, 0x5F, 0x4D, 0x5F,
    0x4D, 0x5F, 0x4D, 0x5F, 0x4D, 0x5F, 0x4D, 0x5F, 0x4D, 0x5F, 0x4D, 0x5F, 0x4D, 0x5F, 0x4D, 0x5F,
    0x4D, 0x5F, 0x4D, 0x5F, 0x4D, 0x5F, 0x4D, 0x5F, 0x4D, 0x5F, 0x4D, 0x5F, 0x4D, 0x5F, 0x4D, 0x5F,
    0x4D, 0x5F, 0x4D, 0x5F, 0x4D, 0x5F, 0x4D, 0x5F, 0x4D, 0x5F, 0x4D, 0x5F, 0x4D, 0x5F, 0x4D, 0x5F,
    0x4D, 0x5F, 0xFF, 0x4D, 0x5F, 0x4D, 0x5F, 0x4D, 0x5F, 0x4D, 0x5F, 0x4D, 0x5F, 0x4D, 0x5F, 0x4D,
    0x5F, 0x4D, 0x5F, 0x4D, 0x5F, 0x4D, 0x5F, 0x4D, 0x5F, 0x4D, 0x5F, 0x4D, 0x5F, 0x4D, 0x5F, 0x4D,
    0x5F, 0x4D, 0x5F, 0x4D, 0x5F, 0x4D, 0x5F, 0x4D, 0x5F, 0x4D, 0x5F, 0x4D, 0x5F, 0x4D, 0x5F, 0x4D,
    0x5F, 0x4D, 0x5F, 0x4D, 0x5F, 0x4D, 0x5F, 0x4D, 0x5F, 0x4D, 0x5F, 0x4D, 0x5F, 0x4D, 0x5F, 0x4D,
    0x5F, 0x4D, 0x5F, 0x4D, 0x5F, 0x4D, 0x5F, 0x4D, 0x5F, 0x4D, 0x5F, 0x4D, 0x5F, 0x4D, 0x5F, 0x4D,
    0x5F, 0x4D, 0x5F, 0x4D, 0x5F, 0x4D, 0x5F, 0x4D, 0x5F, 0x4D, 0x5F, 0x4D, 0x5F, 0x4D, 0x5F, 0x4D,
    0x5F, 0x4D, 0x5F, 0x4D, 0x5F, 0x4D, 0x5F, 0x4D, 0x5F, 0x4D, 0x5F, 0x4D, 0x5F, 0x4D, 0x5F, 0x4D,
    0x5F, 0x4D, 0x5F, 0x4D, 0x5F, 0x4D, 0x5F, 0x4D, 0x5F, 0x4D, 0x5F, 0x4D, 0x5F, 0x4D, 0x5F, 0x4D,
    0x5F, 0x4D, 0x5F, 0xAF, 0x4D, 0x5F, 0x4D, 0x5F, 0x4D, 0x5F, 0x4D, 0x5F, 0x4D, 0x5F, 0x4D, 0x5F,
    0x4D, 0x5F, 0x4D, 0x5F, 0x4D, 0x5F, 0x4D, 0x5F, 0x4D, 0x5F, 0x4D, 0x5F, 0x4D, 0x5F, 0x4D, 0x5F,
    0x4D, 0x5F, 0x4D, 0x5F, 0x4D, 0x5F, 0x4D, 0x5F, 0x4D, 0x7F, 0x4D, 0x9F, 0x4D, 0x9F, 0x55, 0x9F,
    0x4D, 0x9F, 0x21, 0x23, 0x02, 0x00, 0xA7, 0x73, 0x84, 0xFF, 0xE5, 0xFF, 0xC4, 0xFF, 0xE5, 0xFF,
    0xE5, 0xFF, 0xE5, 0xFF, 0xC4, 0xFF, 0xE5, 0xFF, 0xC4, 0xFF, 0xE5, 0xF7, 0x65, 0xAD, 0x24, 0xFF,
    0xE5, 0xFF, 0xE5, 0xFF, 0xC4, 0xFF, 0xE5, 0xFF, 0xE5, 0xFF, 0xE5, 0xF7, 0x65, 0x21, 0x23, 0x02,
    0x00, 0xFF, 0x21, 0x23, 0x44, 0x58, 0x55, 0x9F, 0x4D, 0x5F, 0x4D, 0x5F, 0x4D, 0x5F, 0x4D, 0x5F,
    0x4D, 0x5F, 0x4D, 0x5F, 0x4D, 0x5F, 0x4D, 0x5F, 0x4D, 0x5F, 0x4D, 0x5F, 0x4D, 0x5F, 0x4D, 0x5F,
    0x4D, 0x5F, 0x4D, 0x5F, 0x4D, 0x5F, 0x4D, 0x5F, 0x4D, 0x5F, 0x4D, 0x5F, 0x4D, 0x5F, 0x4D, 0x5F,
    0x4D, 0x5F, 0x4D, 0x5F, 0x4D, 0x5F, 0x4D, 0x5F, 0x4D, 0x5F, 0x4D, 0x5F, 0x4D, 0x5F, 0x4D, 0x5F,
    0x4D, 0x5F, 0x4D, 0x5F, 0x4D, 0x5F, 0x4D, 0x5F, 0x4D, 0x5F, 0x4D, 0x5F, 0x4D, 0x5F, 0x4D, 0x5F,
    0x4D, 0x5F, 0x4D, 0x5F, 0x4D, 0x5F, 0x4D, 0x5F, 0x4D, 0x5F, 0x4D, 0x5F, 0x4D, 0x5F, 0x4D, 0x5F,
    0x4D, 0x5F, 0x4D, 0x5F, 0x4D, 0x5F, 0x4D, 0x5F, 0x4D, 0x5F, 0x4D, 0x5F, 0x4D, 0x5F, 0x4D, 0x5F,
    0x4D, 0x5F, 0x4D, 0x5F, 0x4D, 0x5F, 0x4D, 0x5F, 0x4D, 0x5F, 0x4D, 0x5F, 0x4D, 0x5F, 0x4D, 0x5F,
    0x4D, 0x5F, 0xFF, 0x4D, 0x5F, 0x4D, 0x5F, 0x4D, 0x5F, 0x4D, 0x5F, 0x4D, 0x5F, 0x4D, 0x5F, 0x4D,
    0x5F, 0x4D, 0x5F, 0x4D, 0x5F, 0x4D, 0x5F, 0x4D, 0x5F, 0x4D, 0x5F, 0x4D, 0x5F, 0x4D, 0x5F, 0x4D,
    0x5F, 0x4D, 0x5F, 0x4D, 0x5F, 0x4D, 0x5F, 0x4D, 0x5F, 0x4D, 0x5F, 0x4D, 0x5F, 0x4D, 0x5F, 0x4D,
    0x5F, 0x4D, 0x5F, 0x4D, 0x5F, 0x4D, 0x5F, 0x4D, 0x5F, 0x4D, 0x5F, 0x4D, 0x5F, 0x4D, 0x5F, 0x4D,
    0x5F, 0x4D, 0x5F, 0x4D, 0x5F, 0x4D, 0x5F, 0x4D, 0x5F, 0x4D, 0x5F, 0x4D, 0x5F, 0x4D, 0x5F, 0x4D,
    0x5F, 0x4D, 0x5F, 0x4D, 0x5F, 0x4D, 0x5F, 0x4D, 0x5F, 0x4D, 0x5F, 0x4D, 0x5F, 0x4D, 0x5F, 0x4D,
    0x5F, 0x4D, 0x5F, 0x4D, 0x5F, 0x4D, 0x5F, 0x4D, 0x5F, 0x4D, 0x5F, 0x4D, 0x5F, 0x4D, 0x5F, 0x4D,
    0x5F, 0x4D, 0x5F, 0x4D, 0x5F, 0x4D, 0x5F, 0x4D, 0x5F, 0x4D, 0x5F, 0x4D, 0x5F, 0x4D, 0x5F, 0x4D,
    0x5F, 0x4D, 0x5F, 0xFF, 0x4D, 0x5F, 0x4D, 0x5F, 0x4D, 0x5F, 0x4D, 0x5F, 0x4D, 0x5F, 0x4D, 0x5F,
    0x4D, 0x5F, 0x4D, 0x5F, 0x4D, 0x5F, 0x4D, 0x5F, 0x4D, 0x5F, 0x4D, 0x5F, 0x4D, 0x5F, 0x4D, 0x5F,
    0x4D, 0x5F, 0x4D, 0x5F, 0x4D, 0x5F, 0x4D, 0x5F, 0x4D, 0x5F, 0x4D, 0x5F, 0x4D, 0x5F, 0x4D, 0x5F,
    0x4D, 0x5F, 0x4D, 0x5F, 0x4D, 0x5F, 0x4D, 0x5F, 0x4D, 0x5F, 0x4D, 0x5F, 0x4D, 0x5F, 0x4D, 0x5F,
    0x4D, 0x5F, 0x4D, 0x5F, 0x4D, 0x5F, 0x4D, 0x5F, 0x4D, 0x5F, 0x4D, 0x5F, 0x4D, 0x5F, 0x4D, 0x5F,
    0x4D, 0x5F, 0x4D, 0x5F, 0x4D, 0x5F, 0x4D, 0x5F, 0x4D, 0x5F, 0x4D, 0x5F, 0x4D, 0x5F, 0x4D, 0x5F,
    0x4D, 0x5F, 0x4D, 0x5F, 0x4D, 0x5F, 0x4D, 0x5F, 0x4D, 0x5F, 0x4D, 0x5F, 0x4D, 0x5F, 0x4D, 0x5F,
    0x4D, 0x5F, 0x4D, 0x5F, 0x4D, 0x5F, 0x4D, 0x5F, 0x4D, 0x5F, 0x4D, 0x5F, 0x4D, 0x5F, 0x4D, 0x5F,
    0x4D, 0x5F, 0x4D, 0x5F, 0xB5, 0x4D, 0x5F, 0x4D, 0x5F, 0x4D, 0x5F, 0x4D, 0x5F, 0x4D, 0x5F, 0x4D,
    0x5F, 0x4D, 0x5F, 0x4D, 0x5F, 0x4D, 0x5F, 0x4D, 0x5F, 0x4D, 0x5F, 0x4D, 0x5F, 0x4D, 0x5F, 0x4D,
    0x5F, 0x4D, 0x5F, 0x4D, 0x5F, 0x4D, 0x5F, 0x4D, 0x5F, 0x4D, 0x5F, 0x4D, 0x5F, 0x4D, 0x5F, 0x4D,
    0x5F, 0x4D, 0x5F, 0x4D, 0x3F, 0x4D, 0x7F, 0x44, 0x58, 0x00, 0x21, 0x02, 0x00, 0xFF, 0xAD, 0x24,
    0xFF, 0xE5, 0xFF, 0xC4, 0xFF, 0xE5, 0xFF, 0xE5, 0xFF, 0xE5, 0xFF, 0xE5, 0xFF, 0xE5, 0xFF, 0xC4,
    0xFF, 0xE5, 0xFF, 0xE5, 0xFF, 0xE5, 0xFF, 0xC4, 0xFF, 0xE5, 0xFF, 0xE5, 0xFF, 0xE5, 0xFF, 0xC4,
    0xFF, 0xE5, 0xAD, 0x24, 0x1A, 0x2C, 0x4D, 0x1D, 0x55, 0x9F, 0x4D, 0x3F, 0x4D, 0x5F, 0x4D, 0x5F,
    0x4D, 0x5F, 0x4D, 0x5F, 0x4D, 0x5F, 0x4D, 0x5F, 0x4D, 0x5F, 0x4D, 0x5F, 0x4D, 0x5F, 0x4D, 0x5F,
    0x4D, 0x5F, 0x4D, 0x5F, 0x4D, 0x5F, 0x4D, 0x5F, 0x4D, 0x5F, 0x4D, 0x5F, 0x4D, 0x5F, 0x4D, 0x5F,
    0x4D, 0x5F, 0x4D, 0x5F, 0x4D, 0x5F, 0x4D, 0x5F, 0x4D, 0x5F, 0x4D, 0x5F, 0x4D, 0x5F, 0x4D, 0x5F,
    0x4D, 0x5F, 0x4D, 0x5F, 0x4D, 0x5F, 0x4D, 0x5F, 0x4D, 0x5F, 0x4D, 0x5F, 0x4D, 0x5F, 0x4D, 0x5F,
    0x4D, 0x5F, 0x4D, 0x5F, 0x4D, 0x5F, 0x4D, 0x5F, 0x4D, 0x5F, 0x4D, 0x5F, 0x4D, 0x5F, 0xFF, 0x4D,
    0x5F, 0x4D, 0x5F, 0x4D, 0x5F, 0x4D, 0x5F, 0x4D, 0x5F, 0x4D, 0x5F, 0x4D, 0x5F, 0x4D, 0x5F, 0x4D,
    0x5F, 0x4D, 0x5F, 0x4D, 0x5F, 0x4D, 0x5F, 0x4D, 0x5F, 0x4D, 0x5F, 0x4D, 0x5F, 0x4D, 0x5F, 0x4D,
    0x5F, 0x4D, 0x5F, 0x4D, 0x5F, 0x4D, 0x5F, 0x4D, 0x5F, 0x4D, 0x5F, 0x4D, 0x5F, 0x4D, 0x5F, 0x4D,
    0x5F, 0x4D, 0x5F, 0x4D, 0x5F, 0x4D, 0x5F, 0x4D, 0x5F, 0x4D, 0x5F, 0x4D, 0x5F, 0x4D, 0x5F, 0x4D,
    0x5F, 0x4D, 0x5F, 0x4D, 0x5F, 0x4D, 0x5F, 0x4D, 0x5F, 0x4D, 0x5F, 0x4D, 0x5F, 0x4D, 0x5F, 0x4D,
    0x5F, 0x4D, 0x5F, 0x4D, 0x5F, 0x4D, 0x5F, 0x4D, 0x5F, 0x4D, 0x5F, 0x4D, 0x5F, 0x4D, 0x5F, 0x4D,
    0x5F, 0x4D, 0x5F, 0x4D, 0x5F, 0x4D, 0x5F, 0x4D, 0x5F, 0x4D, 0x5F, 0x4D, 0x5F, 0x4D, 0x5F, 0x4D,
    0x5F, 0x4D, 0x5F, 0x4D, 0x5F, 0x4D, 0x5F, 0x4D, 0x5F, 0x4D, 0x5F, 0x4D, 0x5F, 0x4D, 0x5F, 0xFF,
    0x4D, 0x5F, 0x4D, 0x5F, 0x4D, 0x5F, 0x4D, 0x5F, 0x4D, 0x5F, 0x4D, 0x5F, 0x4D, 0x5F, 0x4D, 0x5F,
    0x4D, 0x5F, 0x4D, 0x5F, 0x4D, 0x5F, 0x4D, 0x5F, 0x4D, 0x5F, 0x4D, 0x5F, 0x4D, 0x5F, 0x4D, 0x5F,
    0x4D, 0x5F, 0x4D, 0x5F, 0x4D, 0x5F, 0x4D, 0x5F, 0x4D, 0x5F, 0x4D, 0x5F, 0x4D, 0x5F, 0x4D, 0x5F,
    0x4D, 0x5F, 0x4D, 0x5F, 0x4D, 0x5F, 0x4D, 0x5F, 0x4D, 0x5F, 0x4D, 0x5F, 0x4D, 0x5F, 0x4D, 0x5F,
    0x4D, 0x5F, 0x4D, 0x5F, 0x4D, 0x5F, 0x4D, 0x5F, 0x4D, 0x5F, 0x4D, 0x5F, 0x4D, 0x5F, 0x4D, 0x5F,
    0x4D, 0x5F, 0x4D, 0x5F, 0x4D, 0x5F, 0x4D, 0x5F, 0x4D, 0x5F, 0x4D, 0x5F, 0x4D, 0x5F, 0x4D, 0x5F,
    0x4D, 0x5F, 0x4D, 0x5F, 0x4D, 0x5F, 0x4D, 0x5F, 0x4D, 0x5F, 0x4D, 0x5F, 0x4D, 0x5F, 0x4D, 0x5F,
    0x4D, 0x5F, 0x4D, 0x5F, 0x4D, 0x5F, 0x4D, 0x5F, 0x4D, 0x5F, 0x4D, 0x5F, 0x4D, 0x5F, 0x4D, 0x5F,
    0xDD, 0x4D, 0x5F, 0x4D, 0x5F, 0x4D, 0x5F, 0x4D, 0x5F, 0x4D, 0x5F, 0x4D, 0x5F, 0x4D, 0x5F, 0x4D,
    0x5F, 0x4D, 0x5F, 0x4D, 0x5F, 0x4D, 0x5F, 0x4D, 0x5F, 0x4D, 0x5F, 0x4D, 0x5F, 0x4D, 0x5F, 0x4D,
    0x5F, 0x4D, 0x5F, 0x4D, 0x5F, 0x4D, 0x5F, 0x4D, 0x5F, 0x4D, 0x5F, 0x4D, 0x5F, 0x4D, 0x5F, 0x4D,
    0x5F, 0x4D, 0x5F, 0x4D, 0x5F, 0x4D, 0x5F, 0x4D, 0x5F, 0x4D, 0x5F, 0x4D, 0x5F, 0x4D, 0x5F, 0x4D,
    0x5F, 0x4D, 0x5F, 0x4D, 0x5F, 0x4D, 0x5F, 0x4D, 0x5F, 0x4D, 0x5F, 0x4D, 0x5F, 0x4D, 0x5F, 0x4D,
    0x5F, 0x4D, 0x5F, 0x4D, 0x5F, 0x4D, 0x5F, 0x4D, 0x5F, 0x4D, 0x5F, 0x55, 0x9F, 0x33, 0x32, 0x02,
    0x00, 0xFF, 0x21, 0x23, 0xDE, 0xC5, 0xFF, 0xE5, 0xFF, 0xC4, 0xFF, 0xE5, 0xFF, 0xE5, 0xFF, 0xE5,
    0xFF, 0xE5, 0xFF, 0xE5, 0xFF, 0xE5, 0xFF, 0xC4, 0xFF, 0xE5, 0xFF, 0xE5, 0xFF, 0xE5, 0xFF, 0xE5,
    0xFF, 0xC4, 0xFF, 0xE5, 0xFF, 0xE5, 0x8C, 0x45, 0x44, 0x58, 0x55, 0x9F, 0x4D, 0x3F, 0x4D, 0x5F,
    0x4D, 0x5F, 0x4D, 0x5F, 0x4D, 0x5F, 0x4D, 0x5F, 0x4D, 0x5F, 0x4D, 0x5F, 0x4D, 0x5F, 0x4D, 0x5F,
    0x4D, 0x5F, 0x4D, 0x5F, 0x4D, 0x5F, 0x4D, 0x5F, 0x4D, 0x5F, 0x4D, 0x5F, 0x4D, 0x5F, 0x4D, 0x5F,
    0x4D, 0x5F, 0x4D, 0x5F, 0x4D, 0x5F, 0x4D, 0x5F, 0x4D, 0x5F, 0x4D, 0x5F, 0x4D, 0x5F, 0x4D, 0x5F,
    0x4D, 0x5F, 0x4D, 0x5F, 0x4D, 0x5F, 0x4D, 0x5F, 0x4D, 0x5F, 0x4D, 0x5F, 0x4D, 0x5F, 0x4D, 0x5F,
    0x4D, 0x5F, 0x4D, 0x5F, 0x4D, 0x5F, 0x4D, 0x5F, 0x4D, 0x5F, 0x4D, 0x5F, 0x4D, 0x5F, 0x4D, 0x5F,
    0x4D, 0x5F, 0xFF, 0x4D, 0x5F, 0x4D, 0x5F, 0x4D, 0x5F, 0x4D, 0x5F, 0x4D, 0x5F, 0x4D, 0x5F, 0x4D,
    0x5F, 0x4D, 0x5F, 0x4D, 0x5F, 0x4D, 0x5F, 0x4D, 0x5F, 0x4D, 0x5F, 0x4D, 0x5F, 0x4D, 0x5F, 0x4D,
    0x5F, 0x4D, 0x5F, 0x4D, 0x5F, 0x4D, 0x5F, 0x4D, 0x5F, 0x4D, 0x5F, 0x4D, 0x5F, 0x4D, 0x5F, 0x4D,
    0x5F, 0x4D, 0x5F, 0x4D, 0x5F, 0x4D, 0x5F, 0x4D, 0x5F, 0x4D, 0x5F, 0x4D, 0x5F, 0x4D, 0x5F, 0x4D,
    0x5F, 0x4D, 0x5F, 0x4D, 0x5F, 0x4D, 0x5F, 0x4D, 0x5F, 0x4D, 0x5F, 0x4D, 0x5F, 0x4D, 0x5F, 0x4D,
    0x5F, 0x4D, 0x5F, 0x4D, 0x5F, 0x4D, 0x5F, 0x4D, 0x5F, 0x4D, 0x5F, 0x4D, 0x5F, 0x4D, 0x5F, 0x4D,
    0x5F, 0x4D, 0x5F, 0x4D, 0x5F, 0x4D, 0x5F, 0x4D, 0x5F, 0x4D, 0x5F, 0x4D, 0x5F, 0x4D, 0x5F, 0x4D,
    0x5F, 0x4D, 0x5F, 0x4D, 0x5F, 0x4D, 0x5F, 0x4D, 0x5F, 0x4D, 0x5F, 0x4D, 0x5F, 0x4D, 0x5F, 0x4D,
    0x5F, 0x4D, 0x5F, 0xFF, 0x4D, 0x5F, 0x4D, 0x5F, 0x4D, 0x5F, 0x4D, 0x5F, 0x4D, 0x5F, 0x4D, 0x5F,
    0x4D, 0x5F, 0x4D, 0x5F, 0x4D, 0x5F, 0x4D, 0x5F, 0x4D, 0x5F, 0x4D, 0x5F, 0x4D, 0x5F, 0x4D, 0x5F,
    0x4D, 0x5F, 0x4D, 0x5F, 0x4D, 0x5F, 0x4D, 0x5F, 0x4D, 0x5F, 0x4D, 0x5F, 0x4D, 0x5F, 0x4D, 0x5F,
    0x4D, 0x5F, 0x4D, 0x5F, 0x4D, 0x5F, 0x4D, 0x5F, 0x4D, 0x5F, 0x4D, 0x5F, 0x4D, 0x5F, 0x4D, 0x5F,
    0x4D, 0x5F, 0x4D, 0x5F, 0x4D, 0x5F, 0x4D, 0x5F, 0x4D, 0x5F, 0x4D, 0x5F, 0x4D, 0x5F, 0x4D, 0x5F,
    0x4D, 0x5F, 0x4D, 0x5F, 0x4D, 0x5F, 0x4D, 0x5F, 0x4D, 0x5F, 0x4D, 0x5F, 0x4D, 0x5F, 0x4D, 0x5F,
    0x4D, 0x5F, 0x4D, 0x5F, 0x4D, 0x5F, 0x4D, 0x5F, 0x4D, 0x5F, 0x4D, 0x5F, 0x4D, 0x5F, 0x4D, 0x5F,
    0x4D, 0x5F, 0x4D, 0x5F, 0x4D, 0x5F, 0x4D, 0x5F, 0x4D, 0x5F, 0x4D, 0x5F, 0x4D, 0x5F, 0x4D, 0x5F,
    0x4D, 0x5F, 0x4D, 0x5F, 0xDF, 0x4D, 0x5F, 0x4D, 0x5F, 0x4D, 0x5F, 0x4D, 0x5F, 0x4D, 0x5F, 0x4D,
    0x5F, 0x4D, 0x5F, 0x4D, 0x5F, 0x4D, 0x5F, 0x4D, 0x5F, 0x4D, 0x5F, 0x4D, 0x5F, 0x4D, 0x5F, 0x4D,
    0x5F, 0x4D, 0x5F, 0x4D, 0x5F, 0x4D, 0x5F, 0x4D, 0x5F, 0x4D, 0x5F, 0x4D, 0x5F, 0x4D, 0x5F, 0x4D,
    0x5F, 0x4D, 0x5F, 0x4D, 0x5F, 0x4D, 0x5F, 0x4D, 0x5F, 0x4D, 0x5F, 0x4D, 0x5F, 0x4D, 0x5F, 0x4D,
    0x5F, 0x4D, 0x5F, 0x4D, 0x5F, 0x4D, 0x5F, 0x4D, 0x5F, 0x4D, 0x5F, 0x4D, 0x5F, 0x4D, 0x5F, 0x4D,
    0x5F, 0x4D, 0x5F, 0x4D, 0x5F, 0x4D, 0x5F, 0x4D, 0x5F, 0x4D, 0x5F, 0x4D, 0x5F, 0x4D, 0x5F, 0x4D,
    0x5F, 0x4D, 0x9F, 0x11, 0xAA, 0x02, 0x00, 0xA1, 0x52, 0x45, 0xFF, 0xE5, 0xFF, 0xE5, 0xFF, 0xE5,
    0xFF, 0xE5, 0xFF, 0xE5, 0xFF, 0xE5, 0xFF, 0xE5, 0xFF, 0xE5, 0xFF, 0xE5, 0xFF, 0xE5, 0xFF, 0xE5,
    0xFF, 0xE5, 0xFF, 0xE5, 0xFF, 0xE5, 0xDE, 0xC5, 0x52, 0x45, 0x02, 0x00, 0xFF, 0x21, 0x23, 0x4D,
    0x1D, 0x4D, 0x5F, 0x4D, 0x5F, 0x4D, 0x5F, 0x4D, 0x5F, 0x4D, 0x5F, 0x4D, 0x5F, 0x4D, 0x5F, 0x4D,
    0x5F, 0x4D, 0x5F, 0x4D, 0x5F, 0x4D, 0x5F, 0x4D, 0x5F, 0x4D, 0x5F, 0x4D, 0x5F, 0x4D, 0x5F, 0x4D,
    0x5F, 0x4D, 0x5F, 0x4D, 0x5F, 0x4D, 0x5F, 0x4D, 0x5F, 0x4D, 0x5F, 0x4D, 0x5F, 0x4D, 0x5F, 0x4D,
    0x5F, 0x4D, 0x5F, 0x4D, 0x5F, 0x4D, 0x5F, 0x4D, 0x5F, 0x4D, 0x5F, 0x4D, 0x5F, 0x4D, 0x5F, 0x4D,
    0x5F, 0x4D, 0x5F, 0x4D, 0x5F, 0x4D, 0x5F, 0x4D, 0x5F, 0x4D, 0x5F, 0x4D, 0x5F, 0x4D, 0x5F, 0x4D,
    0x5F, 0x4D, 0x5F, 0x4D, 0x5F, 0x4D, 0x5F, 0x4D, 0x5F, 0x4D, 0x5F, 0x4D, 0x5F, 0x4D, 0x5F, 0x4D,
    0x5F, 0x4D, 0x5F, 0x4D, 0x5F, 0x4D, 0x5F, 0x4D, 0x5F, 0x4D, 0x5F, 0x4D, 0x5F, 0x4D, 0x5F, 0x4D,
    0x5F, 0x4D, 0x5F, 0x4D, 0x5F, 0x4D, 0x5F, 0x4D, 0x5F, 0x4D, 0x5F, 0x4D, 0x5F, 0xFF, 0x4D, 0x5F,
    0x4D, 0x5F, 0x4D, 0x5F, 0x4D, 0x5F, 0x4D, 0x5F, 0x4D, 0x5F, 0x4D, 0x5F, 0x4D, 0x5F, 0x4D, 0x5F,
    0x4D, 0x5F, 0x4D, 0x5F, 0x4D, 0x5F, 0x4D, 0x5F, 0x4D, 0x5F, 0x4D, 0x5F, 0x4D, 0x5F, 0x4D, 0x5F,
    0x4D, 0x5F, 0x4D, 0x5F, 0x4D, 0x5F, 0x4D, 0x5F, 0x4D, 0x5F, 0x4D, 0x5F, 0x4D, 0x5F, 0x4D, 0x5F,
    0x4D, 0x5F, 0x4D, 0x5F, 0x4D, 0x5F, 0x4D, 0x5F, 0x4D, 0x5F, 0x4D, 0x5F, 0x4D, 0x5F, 0x4D, 0x5F,
    0x4D, 0x5F, 0x4D, 0x5F, 0x4D, 0x5F, 0x4D, 0x5F, 0x4D, 0x5F, 0x4D, 0x5F, 0x4D, 0x5F, 0x4D, 0x5F,
    0x4D, 0x5F, 0x4D, 0x5F, 0x4D, 0x5F, 0x4D, 0x5F, 0x4D, 0x5F, 0x4D, 0x5F, 0x4D, 0x5F, 0x4D, 0x5F,
    0x4D, 0x5F, 0x4D, 0x5F, 0x4D, 0x5F, 0x4D, 0x5F, 0x4D, 0x5F, 0x4D, 0x5F, 0x4D, 0x5F, 0x4D, 0x5F,
    0x4D, 0x5F, 0x4D, 0x5F, 0x4D, 0x5F, 0x4D, 0x5F, 0x4D, 0x5F, 0x4D, 0x5F, 0x4D, 0x5F, 0xFF, 0x4D,
    0x5F, 0x4D, 0x5F, 0x4D, 0x5F, 0x4D, 0x5F, 0x4D, 0x5F, 0x4D, 0x5F, 0x4D, 0x5F, 0x4D, 0x5F, 0x4D,
    0x5F, 0x4D, 0x5F, 0x4D, 0x5F, 0x4D, 0x5F, 0x4D, 0x5F, 0x4D, 0x5F, 0x4D, 0x5F, 0x4D, 0x5F, 0x4D,
    0x5F, 0x4D, 0x5F, 0x4D, 0x5F, 0x4D, 0x5F, 0x4D, 0x5F, 0x4D, 0x5F, 0x4D, 0x5F, 0x4D, 0x5F, 0x4D,
    0x5F, 0x4D, 0x5F, 0x4D, 0x5F, 0x4D, 0x5F, 0x4D, 0x5F, 0x4D, 0x5F, 0x4D, 0x5F, 0x4D, 0x5F, 0x4D,
    0x5F, 0x4D, 0x5F, 0x4D, 0x5F, 0x4D, 0x5F, 0x4D, 0x5F, 0x4D, 0x5F, 0x4D, 0x5F, 0x4D, 0x5F, 0x4D,
    0x5F, 0x4D, 0x5F, 0x4D, 0x5F, 0x4D, 0x5F, 0x4D, 0x5F, 0x4D, 0x5F, 0x4D, 0x5F, 0x4D, 0x5F, 0x4D,
    0x5F, 0x4D, 0x5F, 0x4D, 0x5F, 0x4D, 0x5F, 0x4D, 0x5F, 0x4D, 0x5F, 0x4D, 0x5F, 0x4D, 0x5F, 0x4D,
    0x5F, 0x4D, 0x5F, 0x4D, 0x5F, 0x4D, 0x5F, 0x4D, 0x5F, 0x4D, 0x5F, 0x4D, 0x5F, 0x4D, 0x5F, 0xBB,
    0x4D, 0x5F, 0x4D, 0x5F, 0x4D, 0x5F, 0x4D, 0x5F, 0x4D, 0x5F, 0x4D, 0x5F, 0x4D, 0x5F, 0x4D, 0x5F,
    0x4D, 0x5F, 0x4D, 0x5F, 0x4D, 0x5F, 0x4D, 0x5F, 0x4D, 0x5F, 0x4D, 0x5F, 0x4D, 0x5F, 0x4D, 0x5F,
    0x4D, 0x5F, 0x4D, 0x5F, 0x4D, 0x5F, 0x4D, 0x5F, 0x4D, 0x5F, 0x4D, 0x5F, 0x4D, 0x5F, 0x4D, 0x5F,
    0x4D, 0x5F, 0x4D, 0x5F, 0x4D, 0x5F, 0x4D, 0x7F, 0x4D, 0x1D, 0x08, 0x83, 0x02, 0x00, 0x9D, 0x8C,
    0x45, 0xFF, 0xE5, 0xFF, 0xC4, 0xFF, 0xE5, 0xFF, 0xE5, 0xFF, 0xE5, 0xFF, 0xE5, 0xFF, 0xC4, 0xFF,
    0xE5, 0xFF, 0xE5, 0xFF, 0xE5, 0xFF, 0xC4, 0xFF, 0xE5, 0xDE, 0xC5, 0x08, 0x83, 0x02, 0x00, 0xFF,
    0x21, 0x23, 0x3B, 0xF7, 0x4D, 0x5F, 0x4D, 0x5F, 0x4D, 0x5F, 0x4D, 0x5F, 0x4D, 0x5F, 0x4D, 0x5F,
    0x4D, 0x5F, 0x4D, 0x5F, 0x4D, 0x5F, 0x4D, 0x5F, 0x4D, 0x5F, 0x4D, 0x5F, 0x4D, 0x5F, 0x4D, 0x5F,
    0x4D, 0x5F, 0x4D, 0x5F, 0x4D, 0x5F, 0x4D, 0x5F, 0x4D, 0x5F, 0x4D, 0x5F, 0x4D, 0x5F, 0x4D, 0x5F,
    0x4D, 0x5F, 0x4D, 0x5F, 0x4D, 0x5F, 0x4D, 0x5F, 0x4D, 0x5F, 0x4D, 0x5F, 0x4D, 0x5F, 0x4D, 0x5F,
    0x4D, 0x5F, 0x4D, 0x5F, 0x4D, 0x5F, 0x4D, 0x5F, 0x4D, 0x5F, 0x4D, 0x5F, 0x4D, 0x5F, 0x4D, 0x5F,
    0x4D, 0x5F, 0x4D, 0x5F, 0x4D, 0x5F, 0x4D, 0x5F, 0x4D, 0x5F, 0x4D, 0x5F, 0x4D, 0x5F, 0x4D, 0x5F,
    0x4D, 0x5F, 0x4D, 0x5F, 0x4D, 0x5F, 0x4D, 0x5F, 0x4D, 0x5F, 0x4D, 0x5F, 0x4D, 0x5F, 0x4D, 0x5F,
    0x4D, 0x5F, 0x4D, 0x5F, 0x4D, 0x5F, 0x4D, 0x5F, 0x4D, 0x5F, 0x4D, 0x5F, 0x4D, 0x5F, 0x4D, 0x5F,
    0xFF, 0x4D, 0x5F, 0x4D, 0x5F, 0x4D, 0x5F, 0x4D, 0x5F, 0x4D, 0x5F, 0x4D, 0x5F, 0x4D, 0x5F, 0x4D,
    0x5F, 0x4D, 0x5F, 0x4D, 0x5F, 0x4D, 0x5F, 0x4D, 0x5F, 0x4D, 0x5F, 0x4D, 0x5F, 0x4D, 0x5F, 0x4D,
    0x5F, 0x4D, 0x5F, 0x4D, 0x5F, 0x4D, 0x5F, 0x4D, 0x5F, 0x4D, 0x5F, 0x4D, 0x5F, 0x4D, 0x5F, 0x4D,
    0x5F, 0x4D, 0x5F, 0x4D, 0x5F, 0x4D, 0x5F, 0x4D, 0x5F, 0x4D, 0x5F, 0x4D, 0x5F, 0x4D, 0x5F, 0x4D,
    0x5F, 0x4D, 0x5F, 0x4D, 0x5F, 0x4D, 0x5F, 0x4D, 0x5F, 0x4D, 0x5F, 0x4D, 0x5F, 0x4D, 0x5F, 0x4D,
    0x5F, 0x4D, 0x5F, 0x4D, 0x5F, 0x4D, 0x5F, 0x4D, 0x5F, 0x4D, 0x5F, 0x4D, 0x5F, 0x4D, 0x5F, 0x4D,
    0x5F, 0x4D, 0x5F, 0x4D, 0x5F, 0x4D, 0x5F, 0x4D, 0x5F, 0x4D, 0x5F, 0x4D, 0x5F, 0x4D, 0x5F, 0x4D,
    0x5F, 0x4D, 0x5F, 0x4D, 0x5F, 0x4D, 0x5F, 0x4D, 0x5F, 0x4D, 0x5F, 0x4D, 0x5F, 0x4D, 0x5F, 0x4D,
    0x5F, 0xFF, 0x4D, 0x5F, 0x4D, 0x5F, 0x4D, 0x5F, 0x4D, 0x5F, 0x4D, 0x5F, 0x4D, 0x5F, 0x4D, 0x5F,
    0x4D, 0x5F, 0x4D, 0x5F, 0x4D, 0x5F, 0x4D, 0x5F, 0x4D, 0x5F, 0x4D, 0x5F, 0x4D, 0x5F, 0x4D, 0x5F,
    0x4D, 0x5F, 0x4D, 0x5F, 0x4D, 0x5F, 0x4D, 0x5F, 0x4D, 0x5F, 0x4D, 0x5F, 0x4D, 0x5F, 0x4D, 0x5F,
    0x4D, 0x5F, 0x4D, 0x5F, 0x4D, 0x5F, 0x4D, 0x5F, 0x4D, 0x5F, 0x4D, 0x5F, 0x4D, 0x5F, 0x4D, 0x5F,
    0x4D, 0x5F, 0x4D, 0x5F, 0x4D, 0x5F, 0x4D, 0x5F, 0x4D, 0x5F, 0x4D, 0x5F, 0x4D, 0x5F, 0x4D, 0x5F,
    0x4D, 0x5F, 0x4D, 0x5F, 0x4D, 0x5F, 0x4D, 0x5F, 0x4D, 0x5F, 0x4D, 0x5F, 0x4D, 0x5F, 0x4D, 0x5F,
    0x4D, 0x5F, 0x4D, 0x5F, 0x4D, 0x5F, 0x4D, 0x5F, 0x4D, 0x5F, 0x4D, 0x5F, 0x4D, 0x5F, 0x4D, 0x5F,
    0x4D, 0x5F, 0x4D, 0x5F, 0x4D, 0x5F, 0x4D, 0x5F, 0x4D, 0x5F, 0x4D, 0x5F, 0x4D, 0x5F, 0x4D, 0x5F,
    0x4D, 0x5F, 0xBD, 0x4D, 0x5F, 0x4D, 0x5F, 0x4D, 0x5F, 0x4D, 0x5F, 0x4D, 0x5F, 0x4D, 0x5F, 0x4D,
    0x5F, 0x4D, 0x5F, 0x4D, 0x5F, 0x4D, 0x5F, 0x4D, 0x5F, 0x4D, 0x5F, 0x4D, 0x5F, 0x4D, 0x5F, 0x4D,
    0x5F, 0x4D, 0x5F, 0x4D, 0x5F, 0x4D, 0x5F, 0x4D, 0x5F, 0x4D, 0x5F, 0x4D, 0x5F, 0x4D, 0x5F, 0x4D,
    0x5F, 0x4D, 0x5F, 0x4D, 0x5F, 0x4D, 0x5F, 0x4D, 0x5F, 0x4D, 0x5F, 0x4D, 0x5F, 0x4D, 0x9F, 0x3B,
    0xF7, 0x02, 0x00, 0xFF, 0x08, 0x83, 0xDE, 0xC5, 0xFF, 0xE5, 0xFF, 0xC4, 0xFF, 0xE5, 0xFF, 0xE5,
    0xFF, 0xE5, 0xFF, 0xE5, 0xFF, 0xE5, 0xFF, 0xE5, 0xFF, 0xE5, 0xFF, 0xE5, 0xFF, 0xE5, 0xFF, 0xE5,
    0x73, 0x84, 0x11, 0xAA, 0x4D, 0x1D, 0x55, 0x9F, 0x4D, 0x5F, 0x4D, 0x5F, 0x4D, 0x5F, 0x4D, 0x5F,
    0x4D, 0x5F, 0x4D, 0x5F, 0x4D, 0x5F, 0x4D, 0x5F, 0x4D, 0x5F, 0x4D, 0x5F, 0x4D, 0x5F, 0x4D, 0x5F,
    0x4D, 0x5F, 0x4D, 0x5F, 0x4D, 0x5F, 0x4D, 0x5F, 0x4D, 0x5F, 0x4D, 0x5F, 0x4D, 0x5F, 0x4D, 0x5F,
    0x4D, 0x5F, 0x4D, 0x5F, 0x4D, 0x5F, 0x4D, 0x5F, 0x4D, 0x5F, 0x4D, 0x5F, 0x4D, 0x5F, 0x4D, 0x5F,
    0x4D, 0x5F, 0x4D, 0x5F, 0x4D, 0x5F, 0x4D, 0x5F, 0x4D, 0x5F, 0x4D, 0x5F, 0x4D, 0x5F, 0x4D, 0x5F,
    0x4D, 0x5F, 0x4D, 0x5F, 0x4D, 0x5F, 0x4D, 0x5F, 0x4D, 0x5F, 0x4D, 0x5F, 0x4D, 0x5F, 0x4D, 0x5F,
    0x4D, 0x5F, 0x4D, 0x5F, 0xFF, 0x4D, 0x5F, 0x4D, 0x5F, 0x4D, 0x5F, 0x4D, 0x5F, 0x4D, 0x5F, 0x4D,
    0x5F, 0x4D, 0x5F, 0x4D, 0x5F, 0x4D, 0x5F, 0x4D, 0x5F, 0x4D, 0x5F, 0x4D, 0x5F, 0x4D, 0x5F, 0x4D,
    0x5F, 0x4D, 0x5F, 0x4D, 0x5F, 0x4D, 0x5F, 0x4D, 0x5F, 0x4D, 0x5F, 0x4D, 0x5F, 0x4D, 0x5F, 0x4D,
    0x5F, 0x4D, 0x5F, 0x4D, 0x5F, 0x4D, 0x5F, 0x4D, 0x5F, 0x4D, 0x5F, 0x4D, 0x5F, 0x4D, 0x5F, 0x4D,
    0x5F, 0x4D, 0x5F, 0x4D, 0x5F, 0x4D, 0x5F, 0x4D, 0x5F, 0x4D, 0x5F, 0x4D, 0x5F, 0x4D, 0x5F, 0x4D,
    0x5F, 0x4D, 0x5F, 0x4D, 0x5F, 0x4D, 0x5F, 0x4D, 0x5F, 0x4D, 0x5F, 0x4D, 0x5F, 0x4D, 0x5F, 0x4D,
    0x5F, 0x4D, 0x5F, 0x4D, 0x5F, 0x4D, 0x5F, 0x4D, 0x5F, 0x4D, 0x5F, 0x4D, 0x5F, 0x4D, 0x5F, 0x4D,
    0x5F, 0x4D, 0x5F, 0x4D, 0x5F, 0x4D, 0x5F, 0x4D, 0x5F, 0x4D, 0x5F, 0x4D, 0x5F, 0x4D, 0x5F, 0x4D,
    0x5F, 0x4D, 0x5F, 0x4D, 0x5F, 0xFF, 0x4D, 0x5F, 0x4D, 0x5F, 0x4D, 0x5F, 0x4D, 0x5F, 0x4D, 0x5F,
    0x4D, 0x5F, 0x4D, 0x5F, 0x4D, 0x5F, 0x4D, 0x5F, 0x4D, 0x5F, 0x4D, 0x5F, 0x4D, 0x5F, 0x4D, 0x5F,
    0x4D, 0x5F, 0x4D, 0x5F, 0x4D, 0x5F, 0x4D, 0x5F, 0x4D, 0x5F, 0x4D, 0x5F, 0x4D, 0x5F, 0x4D, 0x5F,
    0x4D, 0x5F, 0x4D, 0x5F, 0x4D, 0x5F, 0x4D, 0x5F, 0x4D, 0x5F, 0x4D, 0x5F, 0x4D, 0x5F, 0x4D, 0x5F,
    0x4D, 0x5F, 0x4D, 0x5F, 0x4D, 0x5F, 0x4D, 0x5F, 0x4D, 0x5F, 0x4D, 0x5F, 0x4D, 0x5F, 0x4D, 0x5F,
    0x4D, 0x5F, 0x4D, 0x5F, 0x4D, 0x5F, 0x4D, 0x5F, 0x4D, 0x5F, 0x4D, 0x5F, 0x4D, 0x5F, 0x4D, 0x5F,
    0x4D, 0x5F, 0x4D, 0x5F, 0x4D, 0x5F, 0x4D, 0x5F, 0x4D, 0x5F, 0x4D, 0x5F, 0x4D, 0x5F, 0x4D, 0x5F,
    0x4D, 0x5F, 0x4D, 0x5F, 0x4D, 0x5F, 0x4D, 0x5F, 0x4D, 0x5F, 0x4D, 0x5F, 0x4D, 0x5F, 0x4D, 0x5F,
    0x4D, 0x5F, 0x4D, 0x5F, 0x4D, 0x5F, 0xFF, 0x4D, 0x5F, 0x4D, 0x5F, 0x4D, 0x5F, 0x4D, 0x5F, 0x4D,
    0x5F, 0x4D, 0x5F, 0x4D, 0x5F, 0x4D, 0x5F, 0x4D, 0x5F, 0x4D, 0x5F, 0x4D, 0x5F, 0x4D, 0x5F, 0x4D,
    0x5F, 0x4D, 0x5F, 0x4D, 0x5F, 0x4D, 0x5F, 0x4D, 0x5F, 0x4D, 0x5F, 0x4D, 0x5F, 0x4D, 0x5F, 0x4D,
    0x5F, 0x4D, 0x5F, 0x4D, 0x5F, 0x4D, 0x5F, 0x4D, 0x5F, 0x4D, 0x5F, 0x4D, 0x5F, 0x4D, 0x5F, 0x4D,
    0x5F, 0x4D, 0x5F, 0x4D, 0x5F, 0x4D, 0x5F, 0x4D, 0x5F, 0x4D, 0x5F, 0x4D, 0x5F, 0x4D, 0x5F, 0x4D,
    0x5F, 0x4D, 0x5F, 0x4D, 0x5F, 0x4D, 0x5F, 0x4D, 0x5F, 0x4D, 0x5F, 0x4D, 0x5F, 0x4D, 0x5F, 0x4D,
    0x5F, 0x4D, 0x3F, 0x55, 0x9F, 0x33, 0x32, 0xC6, 0x05, 0xFF, 0xE5, 0xFF, 0xE5, 0xFF, 0xE5, 0xFF,
    0xE5, 0xFF, 0xE5, 0xFF, 0xE5, 0xFF, 0xE5, 0xFF, 0xE5, 0xFF, 0xE5, 0xFF, 0xE5, 0xFF, 0xE5, 0xFF,
    0xE5, 0xFF, 0xE5, 0x8C, 0x45, 0x4D, 0x1D, 0xFF, 0x55, 0x9F, 0x4D, 0x3F, 0x4D, 0x5F, 0x4D, 0x5F,
    0x4D, 0x5F, 0x4D, 0x5F, 0x4D, 0x5F, 0x4D, 0x5F, 0x4D, 0x5F, 0x4D, 0x5F, 0x4D, 0x5F, 0x4D, 0x5F,
    0x4D, 0x5F, 0x4D, 0x5F, 0x4D, 0x5F, 0x4D, 0x5F, 0x4D, 0x5F, 0x4D, 0x5F, 0x4D, 0x5F, 0x4D, 0x5F,
    0x4D, 0x5F, 0x4D, 0x5F, 0x4D, 0x5F, 0x4D, 0x5F, 0x4D, 0x5F, 0x4D, 0x5F, 0x4D, 0x5F, 0x4D, 0x5F,
    0x4D, 0x5F, 0x4D, 0x5F, 0x4D, 0x5F, 0x4D, 0x5F, 0x4D, 0x5F, 0x4D, 0x5F, 0x4D, 0x5F, 0x4D, 0x5F,
    0x4D, 0x5F, 0x4D, 0x5F, 0x4D, 0x5F, 0x4D, 0x5F, 0x4D, 0x5F, 0x4D, 0x5F, 0x4D, 0x5F, 0x4D, 0x5F,
    0x4D, 0x5F, 0x4D, 0x5F, 0x4D, 0x5F, 0x4D, 0x5F, 0x4D, 0x5F, 0x4D, 0x5F, 0x4D, 0x5F, 0x4D, 0x5F,
    0x4D, 0x5F, 0x4D, 0x5F, 0x4D, 0x5F, 0x4D, 0x5F, 0x4D, 0x5F, 0x4D, 0x5F, 0x4D, 0x5F, 0x4D, 0x5F,
    0x4D, 0x5F, 0x4D, 0x5F, 0x4D, 0x5F, 0x4D, 0x5F, 0xFF, 0x4D, 0x5F, 0x4D, 0x5F, 0x4D, 0x5F, 0x4D,
    0x5F, 0x4D, 0x5F, 0x4D, 0x5F, 0x4D, 0x5F, 0x4D, 0x5F, 0x4D, 0x5F, 0x4D, 0x5F, 0x4D, 0x5F, 0x4D,
    0x5F, 0x4D, 0x5F, 0x4D, 0x5F, 0x4D, 0x5F, 0x4D, 0x5F, 0x4D, 0x5F, 0x4D, 0x5F, 0x4D, 0x5F, 0x4D,
    0x5F, 0x4D, 0x5F, 0x4D, 0x5F, 0x4D, 0x5F, 0x4D, 0x5F, 0x4D, 0x5F, 0x4D, 0x5F, 0x4D, 0x5F, 0x4D,
    0x5F, 0x4D, 0x5F, 0x4D, 0x5F, 0x4D, 0x5F, 0x4D, 0x5F, 0x4D, 0x5F, 0x4D, 0x5F, 0x4D, 0x5F, 0x4D,
    0x5F, 0x4D, 0x5F, 0x4D, 0x5F, 0x4D, 0x5F, 0x4D, 0x5F, 0x4D, 0x5F, 0x4D, 0x5F, 0x4D, 0x5F, 0x4D,
    0x5F, 0x4D, 0x5F, 0x4D, 0x5F, 0x4D, 0x5F, 0x4D, 0x5F, 0x4D, 0x5F, 0x4D, 0x5F, 0x4D, 0x5F, 0x4D,
    0x5F, 0x4D, 0x5F, 0x4D, 0x5F, 0x4D, 0x5F, 0x4D, 0x5F, 0x4D, 0x5F, 0x4D, 0x5F, 0x4D, 0x5F, 0x4D,
    0x5F, 0x4D, 0x5F, 0x4D, 0x5F, 0x4D, 0x5F, 0x4D, 0x5F, 0xFF, 0x4D, 0x5F, 0x4D, 0x5F, 0x4D, 0x5F,
    0x4D, 0x5F, 0x4D, 0x5F, 0x4D, 0x5F, 0x4D, 0x5F, 0x4D, 0x5F, 0x4D, 0x5F, 0x4D, 0x5F, 0x4D, 0x5F,
    0x4D, 0x5F, 0x4D, 0x5F, 0x4D, 0x5F, 0x4D, 0x5F, 0x4D, 0x5F, 0x4D, 0x5F, 0x4D, 0x5F, 0x4D, 0x5F,
    0x4D, 0x5F, 0x4D, 0x5F, 0x4D, 0x5F, 0x4D, 0x5F, 0x4D, 0x5F, 0x4D, 0x5F, 0x4D, 0x5F, 0x4D, 0x5F,
    0x4D, 0x5F, 0x4D, 0x5F, 0x4D, 0x5F, 0x4D, 0x5F, 0x4D, 0x5F, 0x4D, 0x5F, 0x4D, 0x5F, 0x4D, 0x5F,
    0x4D, 0x5F, 0x4D, 0x5F, 0x4D, 0x5F, 0x4D, 0x5F, 0x4D, 0x5F, 0x4D, 0x5F, 0x4D, 0x5F, 0x4D, 0x5F,
    0x4D, 0x5F, 0x4D, 0x5F, 0x4D, 0x5F, 0x4D, 0x5F, 0x4D, 0x5F, 0x4D, 0x5F, 0x4D, 0x5F, 0x4D, 0x5F,
    0x4D, 0x5F, 0x4D, 0x5F, 0x4D, 0x5F, 0x4D, 0x5F, 0x4D, 0x5F, 0x4D, 0x5F, 0x4D, 0x5F, 0x4D, 0x5F,
    0x4D, 0x5F, 0x4D, 0x5F, 0x4D, 0x5F, 0x4D, 0x5F, 0x4D, 0x5F, 0xDB, 0x4D, 0x5F, 0x4D, 0x5F, 0x4D,
    0x5F, 0x4D, 0x5F, 0x4D, 0x5F, 0x4D, 0x5F, 0x4D, 0x5F, 0x4D, 0x5F, 0x4D, 0x5F, 0x4D, 0x5F, 0x4D,
    0x5F, 0x4D, 0x5F, 0x4D, 0x5F, 0x4D, 0x5F, 0x4D, 0x5F, 0x4D, 0x5F, 0x4D, 0x5F, 0x4D, 0x5F, 0x4D,
    0x5F, 0x4D, 0x5F, 0x4D, 0x5F, 0x4D, 0x5F, 0x4D, 0x5F, 0x4D, 0x5F, 0x4D, 0x5F, 0x4D, 0x5F, 0x4D,
    0x5F, 0x4D, 0x5F, 0x4D, 0x5F, 0x55, 0x9F, 0x3B, 0xF7, 0x31, 0xA3, 0xDE, 0xC5, 0xFF, 0xE5, 0xFF,
    0xC4, 0xFF, 0xE5, 0xFF, 0xE5, 0xFF, 0xE5, 0xFF, 0xE5, 0xFF, 0xE5, 0xFF, 0xE5, 0xFF, 0xE5, 0xFF,
    0xE5, 0xFF, 0xC4, 0xFF, 0xC4, 0x8C, 0x45, 0x02, 0x00, 0xFF, 0x1A, 0x2C, 0x4D, 0x9F, 0x4D, 0x5F,
    0x4D, 0x5F, 0x4D, 0x5F, 0x4D, 0x5F, 0x4D, 0x5F, 0x4D, 0x5F, 0x4D, 0x5F, 0x4D, 0x5F, 0x4D, 0x5F,
    0x4D, 0x5F, 0x4D, 0x5F, 0x4D, 0x5F, 0x4D, 0x5F, 0x4D, 0x5F, 0x4D, 0x5F, 0x4D, 0x5F, 0x4D, 0x5F,
    0x4D, 0x5F, 0x4D, 0x5F, 0x4D, 0x5F, 0x4D, 0x5F, 0x4D, 0x5F, 0x4D, 0x5F, 0x4D, 0x5F, 0x4D, 0x5F,
    0x4D, 0x5F, 0x4D, 0x5F, 0x4D, 0x5F, 0x4D, 0x5F, 0x4D, 0x5F, 0x4D, 0x5F, 0x4D, 0x5F, 0x4D, 0x5F,
    0x4D, 0x5F, 0x4D, 0x5F, 0x4D, 0x5F, 0x4D, 0x5F, 0x4D, 0x5F, 0x4D, 0x5F, 0x4D, 0x5F, 0x4D, 0x5F,
    0x4D, 0x5F, 0x4D, 0x5F, 0x4D, 0x5F, 0x4D, 0x5F, 0x4D, 0x5F, 0x4D, 0x5F, 0x4D, 0x5F, 0x4D, 0x5F,
    0x4D, 0x5F, 0x4D, 0x5F, 0x4D, 0x5F, 0x4D, 0x5F, 0x4D, 0x5F, 0x4D, 0x5F, 0x4D, 0x5F, 0x4D, 0x5F,
    0x4D, 0x5F, 0x4D, 0x5F, 0x4D, 0x5F, 0x4D, 0x5F, 0x4D, 0x5F, 0xFF, 0x4D, 0x5F, 0x4D, 0x5F, 0x4D,
    0x5F, 0x4D, 0x5F, 0x4D, 0x5F, 0x4D, 0x5F, 0x4D, 0x5F, 0x4D, 0x5F, 0x4D, 0x5F, 0x4D, 0x5F, 0x4D,
    0x5F, 0x4D, 0x5F, 0x4D, 0x5F, 0x4D, 0x5F, 0x4D, 0x5F, 0x4D, 0x5F, 0x4D, 0x5F, 0x4D, 0x5F, 0x4D,
    0x5F, 0x4D, 0x5F, 0x4D, 0x5F, 0x4D, 0x5F, 0x4D, 0x5F, 0x4D, 0x5F, 0x4D, 0x5F, 0x4D, 0x5F, 0x4D,
    0x5F, 0x4D, 0x5F, 0x4D, 0x5F, 0x4D, 0x5F, 0x4D, 0x5F, 0x4D, 0x5F, 0x4D, 0x5F, 0x4D, 0x5F, 0x4D,
    0x5F, 0x4D, 0x5F, 0x4D, 0x5F, 0x4D, 0x5F, 0x4D, 0x5F, 0x4D, 0x5F, 0x4D, 0x5F, 0x4D, 0x5F, 0x4D,
    0x5F, 0x4D, 0x5F, 0x4D, 0x5F, 0x4D, 0x5F, 0x4D, 0x5F, 0x4D, 0x5F, 0x4D, 0x5F, 0x4D, 0x5F, 0x4D,
    0x5F, 0x4D, 0x5F, 0x4D, 0x5F, 0x4D, 0x5F, 0x4D, 0x5F, 0x4D, 0x5F, 0x4D, 0x5F, 0x4D, 0x5F, 0x4D,
    0x5F, 0x4D, 0x5F, 0x4D, 0x5F, 0x4D, 0x5F, 0x4D, 0x5F, 0x4D, 0x5F, 0xFF, 0x4D, 0x5F, 0x4D, 0x5F,
    0x4D, 0x5F, 0x4D, 0x5F, 0x4D, 0x5F, 0x4D, 0x5F, 0x4D, 0x5F, 0x4D, 0x5F, 0x4D, 0x5F, 0x4D, 0x5F,
    0x4D, 0x5F, 0x4D, 0x5F, 0x4D, 0x5F, 0x4D, 0x5F, 0x4D, 0x5F, 0x4D, 0x5F, 0x4D, 0x5F, 0x4D, 0x5F,
    0x4D, 0x5F, 0x4D, 0x5F, 0x4D, 0x5F, 0x4D, 0x5F, 0x4D, 0x5F, 0x4D, 0x5F, 0x4D, 0x5F, 0x4D, 0x5F,
    0x4D, 0x5F, 0x4D, 0x5F, 0x4D, 0x5F, 0x4D, 0x5F, 0x4D, 0x5F, 0x4D, 0x5F, 0x4D, 0x5F, 0x4D, 0x5F,
    0x4D, 0x5F, 0x4D, 0x5F, 0x4D, 0x5F, 0x4D, 0x5F, 0x4D, 0x5F, 0x4D, 0x5F, 0x4D, 0x5F, 0x4D, 0x5F,
    0x4D, 0x5F, 0x4D, 0x5F, 0x4D, 0x5F, 0x4D, 0x5F, 0x4D, 0x5F, 0x4D, 0x5F, 0x4D, 0x5F, 0x4D, 0x5F,
    0x4D, 0x5F, 0x4D, 0x5F, 0x4D, 0x5F, 0x4D, 0x5F, 0x4D, 0x5F, 0x4D, 0x5F, 0x4D, 0x5F, 0x4D, 0x5F,
    0x4D, 0x5F, 0x4D, 0x5F, 0x4D, 0x5F, 0x4D, 0x5F, 0x4D, 0x5F, 0x4D, 0x5F, 0xBD, 0x4D, 0x5F, 0x4D,
    0x5F, 0x4D, 0x5F, 0x4D, 0x5F, 0x4D, 0x5F, 0x4D, 0x5F, 0x4D, 0x5F, 0x4D, 0x5F, 0x4D, 0x5F, 0x4D,
    0x5F, 0x4D, 0x5F, 0x4D, 0x5F, 0x4D, 0x5F, 0x4D, 0x5F, 0x4D, 0x5F, 0x4D, 0x5F, 0x4D, 0x5F, 0x4D,
    0x5F, 0x4D, 0x5F, 0x4D, 0x5F, 0x4D, 0x5F, 0x4D, 0x5F, 0x4D, 0x5F, 0x4D, 0x5F, 0x4D, 0x5F, 0x4D,
    0x5F, 0x4D, 0x5F, 0x4D, 0x5F, 0x4D, 0x7F, 0x4D, 0x7F, 0x22, 0xD0, 0x04, 0x00, 0x9D, 0x73, 0x84,
    0xFF, 0xE5, 0xFF, 0xC4, 0xFF, 0xE5, 0xFF, 0xE5, 0xFF, 0xE5, 0xFF, 0xE5, 0xFF, 0xE5, 0xFF, 0xE5,
    0xFF, 0xE5, 0xFF, 0xE5, 0xFF, 0xC4, 0xFF, 0xE5, 0xDE, 0xC5, 0x08, 0x83, 0x02, 0x00, 0xFF, 0x33,
    0x32, 0x55, 0x9F, 0x4D, 0x5F, 0x4D, 0x5F, 0x4D, 0x5F, 0x4D, 0x5F, 0x4D, 0x5F, 0x4D, 0x5F, 0x4D,
    0x5F, 0x4D, 0x5F, 0x4D, 0x5F, 0x4D, 0x5F, 0x4D, 0x5F, 0x4D, 0x5F, 0x4D, 0x5F, 0x4D, 0x5F, 0x4D,
    0x5F, 0x4D, 0x5F, 0x4D, 0x5F, 0x4D, 0x5F, 0x4D, 0x5F, 0x4D, 0x5F, 0x4D, 0x5F, 0x4D, 0x5F, 0x4D,
    0x5F, 0x4D, 0x5F, 0x4D, 0x5F, 0x4D, 0x5F, 0x4D, 0x5F, 0x4D, 0x5F, 0x4D, 0x5F, 0x4D, 0x5F, 0x4D,
    0x5F, 0x4D, 0x5F, 0x4D, 0x5F, 0x4D, 0x5F, 0x4D, 0x5F, 0x4D, 0x5F, 0x4D, 0x5F, 0x4D, 0x5F, 0x4D,
    0x5F, 0x4D, 0x5F, 0x4D, 0x5F, 0x4D, 0x5F, 0x4D, 0x5F, 0x4D, 0x5F, 0x4D, 0x5F, 0x4D, 0x5F, 0x4D,
    0x5F, 0x4D, 0x5F, 0x4D, 0x5F, 0x4D, 0x5F, 0x4D, 0x5F, 0x4D, 0x5F, 0x4D, 0x5F, 0x4D, 0x5F, 0x4D,
    0x5F, 0x4D, 0x5F, 0x4D, 0x5F, 0x4D, 0x5F, 0x4D, 0x5F, 0x4D, 0x5F, 0x4D, 0x5F, 0x4D, 0x5F, 0xFF,
    0x4D, 0x5F, 0x4D, 0x5F, 0x4D, 0x5F, 0x4D, 0x5F, 0x4D, 0x5F, 0x4D, 0x5F, 0x4D, 0x5F, 0x4D, 0x5F,
    0x4D, 0x5F, 0x4D, 0x5F, 0x4D, 0x5F, 0x4D, 0x5F, 0x4D, 0x5F, 0x4D, 0x5F, 0x4D, 0x5F, 0x4D, 0x5F,
    0x4D, 0x5F, 0x4D, 0x5F, 0x4D, 0x5F, 0x4D, 0x5F, 0x4D, 0x5F, 0x4D, 0x5F, 0x4D, 0x5F, 0x4D, 0x5F,
    0x4D, 0x5F, 0x4D, 0x5F, 0x4D, 0x5F, 0x4D, 0x5F, 0x4D, 0x5F, 0x4D, 0x5F, 0x4D, 0x5F, 0x4D, 0x5F,
    0x4D, 0x5F, 0x4D, 0x5F, 0x4D, 0x5F, 0x4D, 0x5F, 0x4D, 0x5F, 0x4D, 0x5F, 0x4D, 0x5F, 0x4D, 0x5F,
    0x4D, 0x5F, 0x4D, 0x5F, 0x4D, 0x5F, 0x4D, 0x5F, 0x4D, 0x5F, 0x4D, 0x5F, 0x4D, 0x5F, 0x4D, 0x5F,
    0x4D, 0x5F, 0x4D, 0x5F, 0x4D, 0x5F, 0x4D, 0x5F, 0x4D, 0x5F, 0x4D, 0x5F, 0x4D, 0x5F, 0x4D, 0x5F,
    0x4D, 0x5F, 0x4D, 0x5F, 0x4D, 0x5F, 0x4D, 0x5F, 0x4D, 0x5F, 0x4D, 0x5F, 0x4D, 0x5F, 0x4D, 0x5F,
    0xFF, 0x4D, 0x5F, 0x4D, 0x5F, 0x4D, 0x5F, 0x4D, 0x5F, 0x4D, 0x5F, 0x4D, 0x5F, 0x4D, 0x5F, 0x4D,
    0x5F, 0x4D, 0x5F, 0x4D, 0x5F, 0x4D, 0x5F, 0x4D, 0x5F, 0x4D, 0x5F, 0x4D, 0x5F, 0x4D, 0x5F, 0x4D,
    0x5F, 0x4D, 0x5F, 0x4D, 0x5F, 0x4D, 0x5F, 0x4D, 0x5F, 0x4D, 0x5F, 0x4D, 0x5F, 0x4D, 0x5F, 0x4D,
    0x5F, 0x4D, 0x5F, 0x4D, 0x5F, 0x4D, 0x5F, 0x4D, 0x5F, 0x4D, 0x5F, 0x4D, 0x5F, 0x4D, 0x5F, 0x4D,
    0x5F, 0x4D, 0x5F, 0x4D, 0x5F, 0x4D, 0x5F, 0x4D, 0x5F, 0x4D, 0x5F, 0x4D, 0x5F, 0x4D, 0x5F, 0x4D,
    0x5F, 0x4D, 0x5F, 0x4D, 0x5F, 0x4D, 0x5F, 0x4D, 0x5F, 0x4D, 0x5F, 0x4D, 0x5F, 0x4D, 0x5F, 0x4D,
    0x5F, 0x4D, 0x5F, 0x4D, 0x5F, 0x4D, 0x5F, 0x4D, 0x5F, 0x4D, 0x5F, 0x4D, 0x5F, 0x4D, 0x5F, 0x4D,
    0x5F, 0x4D, 0x5F, 0x4D, 0x5F, 0x4D, 0x5F, 0x4D, 0x5F, 0x4D, 0x5F, 0x4D, 0x5F, 0x4D, 0x5F, 0x4D,
    0x5F, 0xB9, 0x4D, 0x5F, 0x4D, 0x5F, 0x4D, 0x5F, 0x4D, 0x5F, 0x4D, 0x5F, 0x4D, 0x5F, 0x4D, 0x5F,
    0x4D, 0x5F, 0x4D, 0x5F, 0x4D, 0x5F, 0x4D, 0x5F, 0x4D, 0x5F, 0x4D, 0x5F, 0x4D, 0x5F, 0x4D, 0x5F,
    0x4D, 0x5F, 0x4D, 0x5F, 0x4D, 0x5F, 0x4D, 0x5F, 0x4D, 0x5F, 0x4D, 0x5F, 0x4D, 0x5F, 0x4D, 0x5F,
    0x4D, 0x5F, 0x4D, 0x5F, 0x4D, 0x5F, 0x4D, 0x7F, 0x44, 0x9B, 0x11, 0x68, 0x03, 0x00, 0xA0, 0x21,
    0x8C, 0x45, 0xFF, 0xC4, 0xFF, 0xE5, 0xFF, 0xE5, 0xFF, 0xE5, 0xFF, 0xE5, 0xFF, 0xE5, 0xFF, 0xE5,
    0xFF, 0xE5, 0xFF, 0xE5, 0xFF, 0xE5, 0xFF, 0xE5, 0xFF, 0xE5, 0xFF, 0xC4, 0xFF, 0xE5, 0xAD, 0x24,
    0x02, 0x00, 0xFF, 0x10, 0x41, 0x44, 0x9B, 0x4D, 0x9F, 0x4D, 0x5F, 0x4D, 0x5F, 0x4D, 0x5F, 0x4D,
    0x5F, 0x4D, 0x5F, 0x4D, 0x5F, 0x4D, 0x5F, 0x4D, 0x5F, 0x4D, 0x5F, 0x4D, 0x5F, 0x4D, 0x5F, 0x4D,
    0x5F, 0x4D, 0x5F, 0x4D, 0x5F, 0x4D, 0x5F, 0x4D, 0x5F, 0x4D, 0x5F, 0x4D, 0x5F, 0x4D, 0x5F, 0x4D,
    0x5F, 0x4D, 0x5F, 0x4D, 0x5F, 0x4D, 0x5F, 0x4D, 0x5F, 0x4D, 0x5F, 0x4D, 0x5F, 0x4D, 0x5F, 0x4D,
    0x5F, 0x4D, 0x5F, 0x4D, 0x5F, 0x4D, 0x5F, 0x4D, 0x5F, 0x4D, 0x5F, 0x4D, 0x5F, 0x4D, 0x5F, 0x4D,
    0x5F, 0x4D, 0x5F, 0x4D, 0x5F, 0x4D, 0x5F, 0x4D, 0x5F, 0x4D, 0x5F, 0x4D, 0x5F, 0x4D, 0x5F, 0x4D,
    0x5F, 0x4D, 0x5F, 0x4D, 0x5F, 0x4D, 0x5F, 0x4D, 0x5F, 0x4D, 0x5F, 0x4D, 0x5F, 0x4D, 0x5F, 0x4D,
    0x5F, 0x4D, 0x5F, 0x4D, 0x5F, 0x4D, 0x5F, 0x4D, 0x5F, 0x4D, 0x5F, 0x4D, 0x5F, 0x4D, 0x5F, 0x4D,
    0x5F, 0x4D, 0x5F, 0xFF, 0x4D, 0x5F, 0x4D, 0x5F, 0x4D, 0x5F, 0x4D, 0x5F, 0x4D, 0x5F, 0x4D, 0x5F,
    0x4D, 0x5F, 0x4D, 0x5F, 0x4D, 0x5F, 0x4D, 0x5F, 0x4D, 0x5F, 0x4D, 0x5F, 0x4D, 0x5F, 0x4D, 0x5F,
    0x4D, 0x5F, 0x4D, 0x5F, 0x4D, 0x5F, 0x4D, 0x5F, 0x4D, 0x5F, 0x4D, 0x5F, 0x4D, 0x5F, 0x4D, 0x5F,
    0x4D, 0x5F, 0x4D, 0x5F, 0x4D, 0x5F, 0x4D, 0x5F, 0x4D, 0x5F, 0x4D, 0x5F, 0x4D, 0x5F, 0x4D, 0x5F,
    0x4D, 0x5F, 0x4D, 0x5F, 0x4D, 0x5F, 0x4D, 0x5F, 0x4D, 0x5F, 0x4D, 0x5F, 0x4D, 0x5F, 0x4D, 0x5F,
    0x4D, 0x5F, 0x4D, 0x5F, 0x4D, 0x5F, 0x4D, 0x5F, 0x4D, 0x5F, 0x4D, 0x5F, 0x4D, 0x5F, 0x4D, 0x5F,
    0x4D, 0x5F, 0x4D, 0x5F, 0x4D, 0x5F, 0x4D, 0x5F, 0x4D, 0x5F, 0x4D, 0x5F, 0x4D, 0x5F, 0x4D, 0x5F,
    0x4D, 0x5F, 0x4D, 0x5F, 0x4D, 0x5F, 0x4D, 0x5F, 0x4D, 0x5F, 0x4D, 0x5F, 0x4D, 0x5F, 0x4D, 0x5F,
    0x4D, 0x5F, 0x4D, 0x5F, 0xFF, 0x4D, 0x5F, 0x4D, 0x5F, 0x4D, 0x5F, 0x4D, 0x5F, 0x4D, 0x5F, 0x4D,
    0x5F, 0x4D, 0x5F, 0x4D, 0x5F, 0x4D, 0x5F, 0x4D, 0x5F, 0x4D, 0x5F, 0x4D, 0x5F, 0x4D, 0x5F, 0x4D,
    0x5F, 0x4D, 0x5F, 0x4D, 0x5F, 0x4D, 0x5F, 0x4D, 0x5F, 0x4D, 0x5F, 0x4D, 0x5F, 0x4D, 0x5F, 0x4D,
    0x5F, 0x4D, 0x5F, 0x4D, 0x5F, 0x4D, 0x5F, 0x4D, 0x5F, 0x4D, 0x5F, 0x4D, 0x5F, 0x4D, 0x5F, 0x4D,
    0x5F, 0x4D, 0x5F, 0x4D, 0x5F, 0x4D, 0x5F, 0x4D, 0x5F, 0x4D, 0x5F, 0x4D, 0x5F, 0x4D, 0x5F, 0x4D,
    0x5F, 0x4D, 0x5F, 0x4D, 0x5F, 0x4D, 0x5F, 0x4D, 0x5F, 0x4D, 0x5F, 0x4D, 0x5F, 0x4D, 0x5F, 0x4D,
    0x5F, 0x4D, 0x5F, 0x4D, 0x5F, 0x4D, 0x5F, 0x4D, 0x5F, 0x4D, 0x5F, 0x4D, 0x5F, 0x4D, 0x5F, 0x4D,
    0x5F, 0x4D, 0x5F, 0x4D, 0x5F, 0x4D, 0x5F, 0x4D, 0x5F, 0x4D, 0x5F, 0x4D, 0x5F, 0x4D, 0x5F, 0x4D,
    0x5F, 0x4D, 0x5F, 0x4D, 0x5F, 0xB7, 0x4D, 0x5F, 0x4D, 0x5F, 0x4D, 0x5F, 0x4D, 0x5F, 0x4D, 0x5F,
    0x4D, 0x5F, 0x4D, 0x5F, 0x4D, 0x5F, 0x4D, 0x5F, 0x4D, 0x5F, 0x4D, 0x5F, 0x4D, 0x5F, 0x4D, 0x5F,
    0x4D, 0x5F, 0x4D, 0x5F, 0x4D, 0x5F, 0x4D, 0x5F, 0x4D, 0x5F, 0x4D, 0x5F, 0x4D, 0x5F, 0x4D, 0x5F,
    0x4D, 0x5F, 0x4D, 0x5F, 0x4D, 0x5F, 0x4D, 0x5F, 0x4D, 0x7F, 0x44, 0x9B, 0x08, 0x83, 0x02, 0x00,
    0xA5, 0x21, 0x23, 0xC6, 0x05, 0xFF, 0xE5, 0xFF, 0xE5, 0xFF, 0xE5, 0xFF, 0xE5, 0xFF, 0xE5, 0xFF,
    0xE5, 0xFF, 0xC4, 0xFF, 0xC4, 0xFF, 0xE5, 0xFF, 0xE5, 0xFF, 0xE5, 0xFF, 0xE5, 0xFF, 0xE5, 0xFF,
    0xE5, 0xFF, 0xC4, 0xFF, 0xE5, 0x73, 0x84, 0x02, 0x00, 0xFF, 0x21, 0x23, 0x4D, 0x1D, 0x4D, 0x7F,
    0x4D, 0x5F, 0x4D, 0x5F, 0x4D, 0x5F, 0x4D, 0x5F, 0x4D, 0x5F, 0x4D, 0x5F, 0x4D, 0x5F, 0x4D, 0x5F,
    0x4D, 0x5F, 0x4D, 0x5F, 0x4D, 0x5F, 0x4D, 0x5F, 0x4D, 0x5F, 0x4D, 0x5F, 0x4D, 0x5F, 0x4D, 0x5F,
    0x4D, 0x5F, 0x4D, 0x5F, 0x4D, 0x5F, 0x4D, 0x5F, 0x4D, 0x5F, 0x4D, 0x5F, 0x4D, 0x5F, 0x4D, 0x5F,
    0x4D, 0x5F, 0x4D, 0x5F, 0x4D, 0x5F, 0x4D, 0x5F, 0x4D, 0x5F, 0x4D, 0x5F, 0x4D, 0x5F, 0x4D, 0x5F,
    0x4D, 0x5F, 0x4D, 0x5F, 0x4D, 0x5F, 0x4D, 0x5F, 0x4D, 0x5F, 0x4D, 0x5F, 0x4D, 0x5F, 0x4D, 0x5F,
    0x4D, 0x5F, 0x4D, 0x5F, 0x4D, 0x5F, 0x4D, 0x5F, 0x4D, 0x5F, 0x4D, 0x5F, 0x4D, 0x5F, 0x4D, 0x5F,
    0x4D, 0x5F, 0x4D, 0x5F, 0x4D, 0x5F, 0x4D, 0x5F, 0x4D, 0x5F, 0x4D, 0x5F, 0x4D, 0x5F, 0x4D, 0x5F,
    0x4D, 0x5F, 0x4D, 0x5F, 0x4D, 0x5F, 0x4D, 0x5F, 0x4D, 0x5F, 0xFF, 0x4D, 0x5F, 0x4D, 0x5F, 0x4D,
    0x5F, 0x4D, 0x5F, 0x4D, 0x5F, 0x4D, 0x5F, 0x4D, 0x5F, 0x4D, 0x5F, 0x4D, 0x5F, 0x4D, 0x5F, 0x4D,
    0x5F, 0x4D, 0x5F, 0x4D, 0x5F, 0x4D, 0x5F, 0x4D, 0x5F, 0x4D, 0x5F, 0x4D, 0x5F, 0x4D, 0x5F, 0x4D,
    0x5F, 0x4D, 0x5F, 0x4D, 0x5F, 0x4D, 0x5F, 0x4D, 0x5F, 0x4D, 0x5F, 0x4D, 0x5F, 0x4D, 0x5F, 0x4D,
    0x5F, 0x4D, 0x5F, 0x4D, 0x5F, 0x4D, 0x5F, 0x4D, 0x5F, 0x4D, 0x5F, 0x4D, 0x5F, 0x4D, 0x5F, 0x4D,
    0x5F, 0x4D, 0x5F, 0x4D, 0x5F, 0x4D, 0x5F, 0x4D, 0x5F, 0x4D, 0x5F, 0x4D, 0x5F, 0x4D, 0x5F, 0x4D,
    0x5F, 0x4D, 0x5F, 0x4D, 0x5F, 0x4D, 0x5F, 0x4D, 0x5F, 0x4D, 0x5F, 0x4D, 0x5F, 0x4D, 0x5F, 0x4D,
    0x5F, 0x4D, 0x5F, 0x4D, 0x5F, 0x4D, 0x5F, 0x4D, 0x5F, 0x4D, 0x5F, 0x4D, 0x5F, 0x4D, 0x5F, 0x4D,
    0x5F, 0x4D, 0x5F, 0x4D, 0x5F, 0x4D, 0x5F, 0x4D, 0x5F, 0x4D, 0x5F, 0xFF, 0x4D, 0x5F, 0x4D, 0x5F,
    0x4D, 0x5F, 0x4D, 0x5F, 0x4D, 0x5F, 0x4D, 0x5F, 0x4D, 0x5F, 0x4D, 0x5F, 0x4D, 0x5F, 0x4D, 0x5F,
    0x4D, 0x5F, 0x4D, 0x5F, 0x4D, 0x5F, 0x4D, 0x5F, 0x4D, 0x5F, 0x4D, 0x5F, 0x4D, 0x5F, 0x4D, 0x5F,
    0x4D, 0x5F, 0x4D, 0x5F, 0x4D, 0x5F, 0x4D, 0x5F, 0x4D, 0x5F, 0x4D, 0x5F, 0x4D, 0x5F, 0x4D, 0x5F,
    0x4D, 0x5F, 0x4D, 0x5F, 0x4D, 0x5F, 0x4D, 0x5F, 0x4D, 0x5F, 0x4D, 0x5F, 0x4D, 0x5F, 0x4D, 0x5F,
    0x4D, 0x5F, 0x4D, 0x5F, 0x4D, 0x5F, 0x4D, 0x5F, 0x4D, 0x5F, 0x4D, 0x5F, 0x4D, 0x5F, 0x4D, 0x5F,
    0x4D, 0x5F, 0x4D, 0x5F, 0x4D, 0x5F, 0x4D, 0x5F, 0x4D, 0x5F, 0x4D, 0x5F, 0x4D, 0x5F, 0x4D, 0x5F,
    0x4D, 0x5F, 0x4D, 0x5F, 0x4D, 0x5F, 0x4D, 0x5F, 0x4D, 0x5F, 0x4D, 0x5F, 0x4D, 0x5F, 0x4D, 0x5F,
    0x4D, 0x5F, 0x4D, 0x5F, 0x4D, 0x5F, 0x4D, 0x5F, 0x4D, 0x5F, 0x4D, 0x5F, 0xFF, 0x4D, 0x5F, 0x4D,
    0x5F, 0x4D, 0x5F, 0x4D, 0x5F, 0x4D, 0x5F, 0x4D, 0x5F, 0x4D, 0x5F, 0x4D, 0x5F, 0x4D, 0x5F, 0x4D,
    0x5F, 0x4D, 0x5F, 0x4D, 0x5F, 0x4D, 0x5F, 0x4D, 0x5F, 0x4D, 0x5F, 0x4D, 0x5F, 0x4D, 0x5F, 0x4D,
    0x5F, 0x4D, 0x5F, 0x4D, 0x5F, 0x4D, 0x5F, 0x4D, 0x5F, 0x4D, 0x5F, 0x4D, 0x5F, 0x4D, 0x5F, 0x4D,
    0x5F, 0x1A, 0x2C, 0x63, 0x04, 0xF7, 0x65, 0xFF, 0xE5, 0xFF, 0xC4, 0xFF, 0xC4, 0xFF, 0xC4, 0xFF,
    0xE5, 0xFF, 0xE5, 0xFF, 0xC4, 0xFF, 0xE5, 0xFF, 0xE5, 0xFF, 0xC4, 0xFF, 0xC4, 0xFF, 0xE5, 0xFF,
    0xC4, 0xFF, 0xE5, 0xFF, 0xE5, 0xFF, 0xC4, 0xFF, 0xE5, 0xF7, 0x65, 0x31, 0xA3, 0x00, 0x21, 0x44,
    0x58, 0x4D, 0x9F, 0x4D, 0x5F, 0x4D, 0x5F, 0x4D, 0x5F, 0x4D, 0x5F, 0x4D, 0x5F, 0x4D, 0x5F, 0x4D,
    0x5F, 0x4D, 0x5F, 0x4D, 0x5F, 0x4D, 0x5F, 0x4D, 0x5F, 0x4D, 0x5F, 0x4D, 0x5F, 0xFF, 0x4D, 0x5F,
    0x4D, 0x5F, 0x4D, 0x5F, 0x4D, 0x5F, 0x4D, 0x5F, 0x4D, 0x5F, 0x4D, 0x5F, 0x4D, 0x5F, 0x4D, 0x5F,
    0x4D, 0x5F, 0x4D, 0x5F, 0x4D, 0x5F, 0x4D, 0x5F, 0x4D, 0x5F, 0x4D, 0x5F, 0x4D, 0x5F, 0x4D, 0x5F,
    0x4D, 0x5F, 0x4D, 0x5F, 0x4D, 0x5F, 0x4D, 0x5F, 0x4D, 0x5F, 0x4D, 0x5F, 0x4D, 0x5F, 0x4D, 0x5F,
    0x4D, 0x5F, 0x4D, 0x5F, 0x4D, 0x5F, 0x4D, 0x5F, 0x4D, 0x5F, 0x4D, 0x5F, 0x4D, 0x5F, 0x4D, 0x5F,
    0x4D, 0x5F, 0x4D, 0x5F, 0x4D, 0x5F, 0x4D, 0x5F, 0x4D, 0x5F, 0x4D, 0x5F, 0x4D, 0x5F, 0x4D, 0x5F,
    0x4D, 0x5F, 0x4D, 0x5F, 0x4D, 0x5F, 0x4D, 0x5F, 0x4D, 0x5F, 0x4D, 0x5F, 0x4D, 0x5F, 0x4D, 0x5F,
    0x4D, 0x5F, 0x4D, 0x5F, 0x4D, 0x5F, 0x4D, 0x5F, 0x4D, 0x5F, 0x4D, 0x5F, 0x4D, 0x5F, 0x4D, 0x5F,
    0x4D, 0x5F, 0x4D, 0x5F, 0x4D, 0x5F, 0x4D, 0x5F, 0x4D, 0x5F, 0x4D, 0x5F, 0x4D, 0x5F, 0xFF, 0x4D,
    0x5F, 0x4D, 0x5F, 0x4D, 0x5F, 0x4D, 0x5F, 0x4D, 0x5F, 0x4D, 0x5F, 0x4D, 0x5F, 0x4D, 0x5F, 0x4D,
    0x5F, 0x4D, 0x5F, 0x4D, 0x5F, 0x4D, 0x5F, 0x4D, 0x5F, 0x4D, 0x5F, 0x4D, 0x5F, 0x4D, 0x5F, 0x4D,
    0x5F, 0x4D, 0x5F, 0x4D, 0x5F, 0x4D, 0x5F, 0x4D, 0x5F, 0x4D, 0x5F, 0x4D, 0x5F, 0x4D, 0x5F, 0x4D,
    0x5F, 0x4D, 0x5F, 0x4D, 0x5F, 0x4D, 0x5F, 0x4D, 0x5F, 0x4D, 0x5F, 0x4D, 0x5F, 0x4D, 0x5F, 0x4D,
    0x5F, 0x4D, 0x5F, 0x4D, 0x5F, 0x4D, 0x5F, 0x4D, 0x5F, 0x4D, 0x5F, 0x4D, 0x5F, 0x4D, 0x5F, 0x4D,
    0x5F, 0x4D, 0x5F, 0x4D, 0x5F, 0x4D, 0x5F, 0x4D, 0x5F, 0x4D, 0x5F, 0x4D, 0x5F, 0x4D, 0x5F, 0x4D,
    0x5F, 0x4D, 0x5F, 0x4D, 0x5F, 0x4D, 0x5F, 0x4D, 0x5F, 0x4D, 0x5F, 0x4D, 0x5F, 0x4D, 0x5F, 0x4D,
    0x5F, 0x4D, 0x5F, 0x4D, 0x5F, 0x4D, 0x5F, 0x4D, 0x5F, 0x4D, 0x5F, 0x4D, 0x5F, 0x4D, 0x5F, 0xFF,
    0x4D, 0x5F, 0x4D, 0x5F, 0x4D, 0x5F, 0x4D, 0x5F, 0x4D, 0x5F, 0x4D, 0x5F, 0x4D, 0x5F, 0x4D, 0x5F,
    0x4D, 0x5F, 0x4D, 0x5F, 0x4D, 0x5F, 0x4D, 0x5F, 0x4D, 0x5F, 0x4D, 0x5F, 0x4D, 0x5F, 0x4D, 0x5F,
    0x4D, 0x5F, 0x4D, 0x5F, 0x4D, 0x5F, 0x4D, 0x5F, 0x4D, 0x5F, 0x4D, 0x5F, 0x4D, 0x5F, 0x4D, 0x5F,
    0x4D, 0x5F, 0x4D, 0x5F, 0x4D, 0x5F, 0x4D, 0x5F, 0x4D, 0x5F, 0x4D, 0x5F, 0x4D, 0x5F, 0x4D, 0x5F,
    0x4D, 0x5F, 0x4D, 0x5F, 0x4D, 0x5F, 0x4D, 0x5F, 0x4D, 0x5F, 0x4D, 0x5F, 0x4D, 0x5F, 0x4D, 0x5F,
    0x4D, 0x5F, 0x4D, 0x5F, 0x4D, 0x5F, 0x4D, 0x5F, 0x4D, 0x5F, 0x4D, 0x5F, 0x4D, 0x5F, 0x4D, 0x5F,
    0x4D, 0x5F, 0x4D, 0x5F, 0x4D, 0x5F, 0x4D, 0x5F, 0x4D, 0x5F, 0x4D, 0x5F, 0x4D, 0x5F, 0x4D, 0x5F,
    0x4D, 0x5F, 0x4D, 0x5F, 0x4D, 0x5F, 0x4D, 0x5F, 0x4D, 0x5F, 0x4D, 0x5F, 0x4D, 0x5F, 0x4D, 0x5F,
    0xFF, 0x4D, 0x5F, 0x4D, 0x5F, 0x4D, 0x5F, 0x4D, 0x5F, 0x4D, 0x5F, 0x4D, 0x5F, 0x4D, 0x5F, 0x4D,
    0x5F, 0x4D, 0x7F, 0x4D, 0x9F, 0x3B, 0xB5, 0xF7, 0x65, 0xFF, 0xE5, 0xFF, 0xC4, 0xFF, 0xC4, 0xFF,
    0xE5, 0xFF, 0xE5, 0xFF, 0xE5, 0xFF, 0xC4, 0xFF, 0xE5, 0xF7, 0x65, 0xDE, 0xC5, 0xFF, 0xE5, 0xFF,
    0xE5, 0xFF, 0xE5, 0xFF, 0xE5, 0xFF, 0xE5, 0xFF, 0xE5, 0xFF, 0xE5, 0xFF, 0xC4, 0xFF, 0xE5, 0xC6,
    0x05, 0x44, 0x9B, 0x4D, 0x9F, 0x4D, 0x5F, 0x4D, 0x5F, 0x4D, 0x5F, 0x4D, 0x5F, 0x4D, 0x5F, 0x4D,
    0x5F, 0x4D, 0x5F, 0x4D, 0x5F, 0x4D, 0x5F, 0x4D, 0x5F, 0x4D, 0x5F, 0x4D, 0x5F, 0x4D, 0x5F, 0x4D,
    0x5F, 0x4D, 0x5F, 0x4D, 0x5F, 0x4D, 0x5F, 0x4D, 0x5F, 0x4D, 0x5F, 0x4D, 0x5F, 0x4D, 0x5F, 0x4D,
    0x5F, 0x4D, 0x5F, 0x4D, 0x5F, 0x4D, 0x5F, 0x4D, 0x5F, 0x4D, 0x5F, 0x4D, 0x5F, 0x4D, 0x5F, 0x4D,
    0x5F, 0xFF, 0x4D, 0x5F, 0x4D, 0x5F, 0x4D, 0x5F, 0x4D, 0x5F, 0x4D, 0x5F, 0x4D, 0x5F, 0x4D, 0x5F,
    0x4D, 0x5F, 0x4D, 0x5F, 0x4D, 0x5F, 0x4D, 0x5F, 0x4D, 0x5F, 0x4D, 0x5F, 0x4D, 0x5F, 0x4D, 0x5F,
    0x4D, 0x5F, 0x4D, 0x5F, 0x4D, 0x5F, 0x4D, 0x5F, 0x4D, 0x5F, 0x4D, 0x5F, 0x4D, 0x5F, 0x4D, 0x5F,
    0x4D, 0x5F, 0x4D, 0x5F, 0x4D, 0x5F, 0x4D, 0x5F, 0x4D, 0x5F, 0x4D, 0x5F, 0x4D, 0x5F, 0x4D, 0x5F,
    0x4D, 0x5F, 0x4D, 0x5F, 0x4D, 0x5F, 0x4D, 0x5F, 0x4D, 0x5F, 0x4D, 0x5F, 0x4D, 0x5F, 0x4D, 0x5F,
    0x4D, 0x5F, 0x4D, 0x5F, 0x4D, 0x5F, 0x4D, 0x5F, 0x4D, 0x5F, 0x4D, 0x5F, 0x4D, 0x5F, 0x4D, 0x5F,
    0x4D, 0x5F, 0x4D, 0x5F, 0x4D, 0x5F, 0x4D, 0x5F, 0x4D, 0x5F, 0x4D, 0x5F, 0x4D, 0x5F, 0x4D, 0x5F,
    0x4D, 0x5F, 0x4D, 0x5F, 0x4D, 0x5F, 0x4D, 0x5F, 0x4D, 0x5F, 0x4D, 0x5F, 0x4D, 0x5F, 0x4D, 0x5F,
    0x4D, 0x5F, 0xFF, 0x4D, 0x5F, 0x4D, 0x5F, 0x4D, 0x5F, 0x4D, 0x5F, 0x4D, 0x5F, 0x4D, 0x5F, 0x4D,
    0x5F, 0x4D, 0x5F, 0x4D, 0x5F, 0x4D, 0x5F, 0x4D, 0x5F, 0x4D, 0x5F, 0x4D, 0x5F, 0x4D, 0x5F, 0x4D,
    0x5F, 0x4D, 0x5F, 0x4D, 0x5F, 0x4D, 0x5F, 0x4D, 0x5F, 0x4D, 0x5F, 0x4D, 0x5F, 0x4D, 0x5F, 0x4D,
    0x5F, 0x4D, 0x5F, 0x4D, 0x5F, 0x4D, 0x5F, 0x4D, 0x5F, 0x4D, 0x5F, 0x4D, 0x5F, 0x4D, 0x5F, 0x4D,
    0x5F, 0x4D, 0x5F, 0x4D, 0x5F, 0x4D, 0x5F, 0x4D, 0x5F, 0x4D, 0x5F, 0x4D, 0x5F, 0x4D, 0x5F, 0x4D,
    0x5F, 0x4D, 0x5F, 0x4D, 0x5F, 0x4D, 0x5F, 0x4D, 0x5F, 0x4D, 0x5F, 0x4D, 0x5F, 0x4D, 0x5F, 0x4D,
    0x5F, 0x4D, 0x5F, 0x4D, 0x5F, 0x4D, 0x5F, 0x4D, 0x5F, 0x4D, 0x5F, 0x4D, 0x5F, 0x4D, 0x5F, 0x4D,
    0x5F, 0x4D, 0x5F, 0x4D, 0x5F, 0x4D, 0x5F, 0x4D, 0x5F, 0x4D, 0x5F, 0x4D, 0x5F, 0x4D, 0x5F, 0x4D,
    0x5F, 0x4D, 0x5F, 0xF3, 0x4D, 0x5F, 0x4D, 0x5F, 0x4D, 0x5F, 0x4D, 0x5F, 0x4D, 0x5F, 0x4D, 0x5F,
    0x4D, 0x5F, 0x4D, 0x5F, 0x4D, 0x5F, 0x4D, 0x5F, 0x4D, 0x5F, 0x4D, 0x5F, 0x4D, 0x5F, 0x4D, 0x5F,
    0x4D, 0x5F, 0x4D, 0x5F, 0x4D, 0x5F, 0x4D, 0x5F, 0x4D, 0x5F, 0x4D, 0x5F, 0x4D, 0x5F, 0x4D, 0x5F,
    0x4D, 0x5F, 0x4D, 0x5F, 0x4D, 0x5F, 0x4D, 0x5F, 0x4D, 0x5F, 0x4D, 0x5F, 0x4D, 0x5F, 0x4D, 0x5F,
    0x4D, 0x5F, 0x4D, 0x5F, 0x4D, 0x5F, 0x4D, 0x5F, 0x4D, 0x5F, 0x4D, 0x5F, 0x4D, 0x5F, 0x4D, 0x5F,
    0x4D, 0x5F, 0x4D, 0x5F, 0x4D, 0x5F, 0x4D, 0x5F, 0x4D, 0x5F, 0x4D, 0x5F, 0x4D, 0x5F, 0x4D, 0x5F,
    0x4D, 0x5F, 0x4D, 0x5F, 0x4D, 0x5F, 0x4D, 0x5F, 0x4D, 0x5F, 0x4D, 0x5F, 0x4D, 0x5F, 0x4D, 0x5F,
    0x4D, 0x5F, 0x4D, 0x9F, 0x4D, 0x1D, 0x1A, 0x2C, 0x02, 0x00, 0xFF, 0x63, 0x04, 0xFF, 0xE5, 0xFF,
    0xC4, 0xFF, 0xE5, 0xF7, 0x65, 0x8C, 0x45, 0xF7, 0x65, 0xFF, 0xE5, 0xC6, 0x05, 0x21, 0x23, 0x08,
    0x83, 0xDE, 0xC5, 0x8C, 0x45, 0x63, 0x04, 0xFF, 0xE5, 0xFF, 0xE5, 0xFF, 0xE5, 0xFF, 0xC4, 0xFF,
    0xE5, 0xAD, 0x24, 0x21, 0x23, 0x3B, 0xB5, 0x55, 0x9F, 0x4D, 0x5F, 0x4D, 0x5F, 0x4D, 0x5F, 0x4D,
    0x5F, 0x4D, 0x5F, 0x4D, 0x5F, 0x4D, 0x5F, 0x4D, 0x5F, 0x4D, 0x5F, 0x4D, 0x5F, 0x4D, 0x5F, 0x4D,
    0x5F, 0x4D, 0x5F, 0x4D, 0x5F, 0x4D, 0x5F, 0x4D, 0x5F, 0x4D, 0x5F, 0x4D, 0x5F, 0x4D, 0x5F, 0x4D,
    0x5F, 0x4D, 0x5F, 0x4D, 0x5F, 0x4D, 0x5F, 0x4D, 0x5F, 0x4D, 0x5F, 0x4D, 0x5F, 0x4D, 0x5F, 0x4D,
    0x5F, 0x4D, 0x5F, 0x4D, 0x5F, 0x4D, 0x5F, 0x4D, 0x5F, 0x4D, 0x5F, 0x4D, 0x5F, 0x4D, 0x5F, 0x4D,
    0x5F, 0x4D, 0x5F, 0x4D, 0x5F, 0x4D, 0x5F, 0x4D, 0x5F, 0x4D, 0x5F, 0xFF, 0x4D, 0x5F, 0x4D, 0x5F,
    0x4D, 0x5F, 0x4D, 0x5F, 0x4D, 0x5F, 0x4D, 0x5F, 0x4D, 0x5F, 0x4D, 0x5F, 0x4D, 0x5F, 0x4D, 0x5F,
    0x4D, 0x5F, 0x4D, 0x5F, 0x4D, 0x5F, 0x4D, 0x5F, 0x4D, 0x5F, 0x4D, 0x5F, 0x4D, 0x5F, 0x4D, 0x5F,
    0x4D, 0x5F, 0x4D, 0x5F, 0x4D, 0x5F, 0x4D, 0x5F, 0x4D, 0x5F, 0x4D, 0x5F, 0x4D, 0x5F, 0x4D, 0x5F,
    0x4D, 0x5F, 0x4D, 0x5F, 0x4D, 0x5F, 0x4D, 0x5F, 0x4D, 0x5F, 0x4D, 0x5F, 0x4D, 0x5F, 0x4D, 0x5F,
    0x4D, 0x5F, 0x4D, 0x5F, 0x4D, 0x5F, 0x4D, 0x5F, 0x4D, 0x5F, 0x4D, 0x5F, 0x4D, 0x5F, 0x4D, 0x5F,
    0x4D, 0x5F, 0x4D, 0x5F, 0x4D, 0x5F, 0x4D, 0x5F, 0x4D, 0x5F, 0x4D, 0x5F, 0x4D, 0x5F, 0x4D, 0x5F,
    0x4D, 0x5F, 0x4D, 0x5F, 0x4D, 0x5F, 0x4D, 0x5F, 0x4D, 0x5F, 0x4D, 0x5F, 0x4D, 0x5F, 0x4D, 0x5F,
    0x4D, 0x5F, 0x4D, 0x5F, 0x4D, 0x5F, 0x4D, 0x5F, 0x4D, 0x5F, 0x4D, 0x5F, 0xFF, 0x4D, 0x5F, 0x4D,
    0x5F, 0x4D, 0x5F, 0x4D, 0x5F, 0x4D, 0x5F, 0x4D, 0x5F, 0x4D, 0x5F, 0x4D, 0x5F, 0x4D, 0x5F, 0x4D,
    0x5F, 0x4D, 0x5F, 0x4D, 0x5F, 0x4D, 0x5F, 0x4D, 0x5F, 0x4D, 0x5F, 0x4D, 0x5F, 0x4D, 0x5F, 0x4D,
    0x5F, 0x4D, 0x5F, 0x4D, 0x5F, 0x4D, 0x5F, 0x4D, 0x5F, 0x4D, 0x5F, 0x4D, 0x5F, 0x4D, 0x5F, 0x4D,
    0x5F, 0x4D, 0x5F, 0x4D, 0x5F, 0x4D, 0x5F, 0x4D, 0x5F, 0x4D, 0x5F, 0x4D, 0x5F, 0x4D, 0x5F, 0x4D,
    0x5F, 0x4D, 0x5F, 0x4D, 0x5F, 0x4D, 0x5F, 0x4D, 0x5F, 0x4D, 0x5F, 0x4D, 0x5F, 0x4D, 0x5F, 0x4D,
    0x5F, 0x4D, 0x5F, 0x4D, 0x5F, 0x4D, 0x5F, 0x4D, 0x5F, 0x4D, 0x5F, 0x4D, 0x5F, 0x4D, 0x5F, 0x4D,
    0x5F, 0x4D, 0x5F, 0x4D, 0x5F, 0x4D, 0x5F, 0x4D, 0x5F, 0x4D, 0x5F, 0x4D, 0x5F, 0x4D, 0x5F, 0x4D,
    0x5F, 0x4D, 0x5F, 0x4D, 0x5F, 0x4D, 0x5F, 0x4D, 0x5F, 0x4D, 0x5F, 0x4D, 0x5F, 0xDB, 0x4D, 0x5F,
    0x4D, 0x5F, 0x4D, 0x5F, 0x4D, 0x5F, 0x4D, 0x5F, 0x4D, 0x5F, 0x4D, 0x5F, 0x4D, 0x5F, 0x4D, 0x5F,
    0x4D, 0x5F, 0x4D, 0x5F, 0x4D, 0x5F, 0x4D, 0x5F, 0x4D, 0x5F, 0x4D, 0x5F, 0x4D, 0x5F, 0x4D, 0x5F,
    0x4D, 0x5F, 0x4D, 0x5F, 0x4D, 0x5F, 0x4D, 0x5F, 0x4D, 0x5F, 0x4D, 0x5F, 0x4D, 0x5F, 0x4D, 0x5F,
    0x4D, 0x5F, 0x4D, 0x5F, 0x4D, 0x5F, 0x4D, 0x5F, 0x4D, 0x5F, 0x4D, 0x5F, 0x4D, 0x5F, 0x4D, 0x5F,
    0x4D, 0x5F, 0x4D, 0x5F, 0x4D, 0x5F, 0x4D, 0x5F, 0x4D, 0x5F, 0x4D, 0x5F, 0x4D, 0x5F, 0x4D, 0x5F,
    0x4D, 0x5F, 0x4D, 0x5F, 0x4D, 0x7F, 0x44, 0x58, 0x08, 0x83, 0x02, 0x00, 0x8B, 0x10, 0x41, 0x8C,
    0x45, 0xFF, 0xE5, 0xFF, 0xE5, 0xDE, 0xC5, 0x31, 0xA3, 0x02, 0x00, 0x85, 0x73, 0x84, 0x8C, 0x45,
    0x00, 0x21, 0x02, 0x00, 0x85, 0x11, 0x68, 0x44, 0x58, 0x08, 0x83, 0x02, 0x00, 0x8B, 0xAD, 0x24,
    0xFF, 0xE5, 0xFF, 0xC4, 0xFF, 0xC4, 0xFF, 0xE5, 0xAD, 0x24, 0x02, 0x00, 0xFF, 0x10, 0x41, 0x44,
    0x9B, 0x4D, 0x9F, 0x4D, 0x5F, 0x4D, 0x5F, 0x4D, 0x5F, 0x4D, 0x5F, 0x4D, 0x5F, 0x4D, 0x5F, 0x4D,
    0x5F, 0x4D, 0x5F, 0x4D, 0x5F, 0x4D, 0x5F, 0x4D, 0x5F, 0x4D, 0x5F, 0x4D, 0x5F, 0x4D, 0x5F, 0x4D,
    0x5F, 0x4D, 0x5F, 0x4D, 0x5F, 0x4D, 0x5F, 0x4D, 0x5F, 0x4D, 0x5F, 0x4D, 0x5F, 0x4D, 0x5F, 0x4D,
    0x5F, 0x4D, 0x5F, 0x4D, 0x5F, 0x4D, 0x5F, 0x4D, 0x5F, 0x4D, 0x5F, 0x4D, 0x5F, 0x4D, 0x5F, 0x4D,
    0x5F, 0x4D, 0x5F, 0x4D, 0x5F, 0x4D, 0x5F, 0x4D, 0x5F, 0x4D, 0x5F, 0x4D, 0x5F, 0x4D, 0x5F, 0x4D,
    0x5F, 0x4D, 0x5F, 0x4D, 0x5F, 0x4D, 0x5F, 0x4D, 0x5F, 0x4D, 0x5F, 0x4D, 0x5F, 0x4D, 0x5F, 0x4D,
    0x5F, 0x4D, 0x5F, 0x4D, 0x5F, 0x4D, 0x5F, 0x4D, 0x5F, 0x4D, 0x5F, 0x4D, 0x5F, 0x4D, 0x5F, 0x4D,
    0x5F, 0x4D, 0x5F, 0x4D, 0x5F, 0x4D, 0x5F, 0x4D, 0x5F, 0x4D, 0x5F, 0x4D, 0x5F, 0xFF, 0x4D, 0x5F,
    0x4D, 0x5F, 0x4D, 0x5F, 0x4D, 0x5F, 0x4D, 0x5F, 0x4D, 0x5F, 0x4D, 0x5F, 0x4D, 0x5F, 0x4D, 0x5F,
    0x4D, 0x5F, 0x4D, 0x5F, 0x4D, 0x5F, 0x4D, 0x5F, 0x4D, 0x5F, 0x4D, 0x5F, 0x4D, 0x5F, 0x4D, 0x5F,
    0x4D, 0x5F, 0x4D, 0x5F, 0x4D, 0x5F, 0x4D, 0x5F, 0x4D, 0x5F, 0x4D, 0x5F, 0x4D, 0x5F, 0x4D, 0x5F,
    0x4D, 0x5F, 0x4D, 0x5F, 0x4D, 0x5F, 0x4D, 0x5F, 0x4D, 0x5F, 0x4D, 0x5F, 0x4D, 0x5F, 0x4D, 0x5F,
    0x4D, 0x5F, 0x4D, 0x5F, 0x4D, 0x5F, 0x4D, 0x5F, 0x4D, 0x5F, 0x4D, 0x5F, 0x4D, 0x5F, 0x4D, 0x5F,
    0x4D, 0x5F, 0x4D, 0x5F, 0x4D, 0x5F, 0x4D, 0x5F, 0x4D, 0x5F, 0x4D, 0x5F, 0x4D, 0x5F, 0x4D, 0x5F,
    0x4D, 0x5F, 0x4D, 0x5F, 0x4D, 0x5F, 0x4D, 0x5F, 0x4D, 0x5F, 0x4D, 0x5F, 0x4D, 0x5F, 0x4D, 0x5F,
    0x4D, 0x5F, 0x4D, 0x5F, 0x4D, 0x5F, 0x4D, 0x5F, 0x4D, 0x5F, 0x4D, 0x5F, 0x4D, 0x5F, 0xFF, 0x4D,
    0x5F, 0x4D, 0x5F, 0x4D, 0x5F, 0x4D, 0x5F, 0x4D, 0x5F, 0x4D, 0x5F, 0x4D, 0x5F, 0x4D, 0x5F, 0x4D,
    0x5F, 0x4D, 0x5F, 0x4D, 0x5F, 0x4D, 0x5F, 0x4D, 0x5F, 0x4D, 0x5F, 0x4D, 0x5F, 0x4D, 0x5F, 0x4D,
    0x5F, 0x4D, 0x5F, 0x4D, 0x5F, 0x4D, 0x5F, 0x4D, 0x5F, 0x4D, 0x5F, 0x4D, 0x5F, 0x4D, 0x5F, 0x4D,
    0x5F, 0x4D, 0x5F, 0x4D, 0x5F, 0x4D, 0x5F, 0x4D, 0x5F, 0x4D, 0x5F, 0x4D, 0x5F, 0x4D, 0x5F, 0x4D,
    0x5F, 0x4D, 0x5F, 0x4D, 0x5F, 0x4D, 0x5F, 0x4D, 0x5F, 0x4D, 0x5F, 0x4D, 0x5F, 0x4D, 0x5F, 0x4D,
    0x5F, 0x4D, 0x5F, 0x4D, 0x5F, 0x4D, 0x5F, 0x4D, 0x5F, 0x4D, 0x5F, 0x4D, 0x5F, 0x4D, 0x5F, 0x4D,
    0x5F, 0x4D, 0x5F, 0x4D, 0x5F, 0x4D, 0x5F, 0x4D, 0x5F, 0x4D, 0x5F, 0x4D, 0x5F, 0x4D, 0x5F, 0x4D,
    0x5F, 0x4D, 0x5F, 0x4D, 0x5F, 0x4D, 0x5F, 0x4D, 0x5F, 0x4D, 0x5F, 0x4D, 0x5F, 0x4D, 0x5F, 0xBD,
    0x4D, 0x5F, 0x4D, 0x5F, 0x4D, 0x5F, 0x4D, 0x5F, 0x4D, 0x5F, 0x4D, 0x5F, 0x4D, 0x5F, 0x4D, 0x5F,
    0x4D, 0x5F, 0x4D, 0x5F, 0x4D, 0x5F, 0x4D, 0x5F, 0x4D, 0x5F, 0x4D, 0x5F, 0x4D, 0x5F, 0x4D, 0x5F,
    0x4D, 0x5F, 0x4D, 0x5F, 0x4D, 0x5F, 0x4D, 0x5F, 0x4D, 0x5F, 0x4D, 0x5F, 0x4D, 0x7F, 0x44, 0x9B,
    0x08, 0x83, 0x31, 0xA3, 0xDE, 0xC5, 0xFF, 0xE5, 0xFF, 0xE5, 0x8C, 0x45, 0x10, 0x41, 0x02, 0x00,
    0x85, 0x21, 0x23, 0x44, 0x9B, 0x1A, 0x2C, 0x02, 0x00, 0x87, 0x22, 0xD0, 0x55, 0x9F, 0x55, 0x9F,
    0x3B, 0xB5, 0x02, 0x00, 0x8D, 0x10, 0x41, 0xC6, 0x05, 0xFF, 0xE5, 0xFF, 0xC4, 0xFF, 0xE5, 0xFF,
    0xE5, 0x73, 0x84, 0x02, 0x00, 0xFF, 0x21, 0x23, 0x4D, 0x5F, 0x4D, 0x5F, 0x4D, 0x5F, 0x4D, 0x5F,
    0x4D, 0x5F, 0x4D, 0x5F, 0x4D, 0x5F, 0x4D, 0x5F, 0x4D, 0x5F, 0x4D, 0x5F, 0x4D, 0x5F, 0x4D, 0x5F,
    0x4D, 0x5F, 0x4D, 0x5F, 0x4D, 0x5F, 0x4D, 0x5F, 0x4D, 0x5F, 0x4D, 0x5F, 0x4D, 0x5F, 0x4D, 0x5F,
    0x4D, 0x5F, 0x4D, 0x5F, 0x4D, 0x5F, 0x4D, 0x5F, 0x4D, 0x5F, 0x4D, 0x5F, 0x4D, 0x5F, 0x4D, 0x5F,
    0x4D, 0x5F, 0x4D, 0x5F, 0x4D, 0x5F, 0x4D, 0x5F, 0x4D, 0x5F, 0x4D, 0x5F, 0x4D, 0x5F, 0x4D, 0x5F,
    0x4D, 0x5F, 0x4D, 0x5F, 0x4D, 0x5F, 0x4D, 0x5F, 0x4D, 0x5F, 0x4D, 0x5F, 0x4D, 0x5F, 0x4D, 0x5F,
    0x4D, 0x5F, 0x4D, 0x5F, 0x4D, 0x5F, 0x4D, 0x5F, 0x4D, 0x5F, 0x4D, 0x5F, 0x4D, 0x5F, 0x4D, 0x5F,
    0x4D, 0x5F, 0x4D, 0x5F, 0x4D, 0x5F, 0x4D, 0x5F, 0x4D, 0x5F, 0x4D, 0x5F, 0x4D, 0x5F, 0x4D, 0x5F,
    0x4D, 0x5F, 0x4D, 0x5F, 0x4D, 0x5F, 0xFF, 0x4D, 0x5F, 0x4D, 0x5F, 0x4D, 0x5F, 0x4D, 0x5F, 0x4D,
    0x5F, 0x4D, 0x5F, 0x4D, 0x5F, 0x4D, 0x5F, 0x4D, 0x5F, 0x4D, 0x5F, 0x4D, 0x5F, 0x4D, 0x5F, 0x4D,
    0x5F, 0x4D, 0x5F, 0x4D, 0x5F, 0x4D, 0x5F, 0x4D, 0x5F, 0x4D, 0x5F, 0x4D, 0x5F, 0x4D, 0x5F, 0x4D,
    0x5F, 0x4D, 0x5F, 0x4D, 0x5F, 0x4D, 0x5F, 0x4D, 0x5F, 0x4D, 0x5F, 0x4D, 0x5F, 0x4D, 0x5F, 0x4D,
    0x5F, 0x4D, 0x5F, 0x4D, 0x5F, 0x4D, 0x5F, 0x4D, 0x5F, 0x4D, 0x5F, 0x4D, 0x5F, 0x4D, 0x5F, 0x4D,
    0x5F, 0x4D, 0x5F, 0x4D, 0x5F, 0x4D, 0x5F, 0x4D, 0x5F, 0x4D, 0x5F, 0x4D, 0x5F, 0x4D, 0x5F, 0x4D,
    0x5F, 0x4D, 0x5F, 0x4D, 0x5F, 0x4D, 0x5F, 0x4D, 0x5F, 0x4D, 0x5F, 0x4D, 0x5F, 0x4D, 0x5F, 0x4D,
    0x5F, 0x4D, 0x5F, 0x4D, 0x5F, 0x4D, 0x5F, 0x4D, 0x5F, 0x4D, 0x5F, 0x4D, 0x5F, 0x4D, 0x5F, 0x4D,
    0x5F, 0x4D, 0x5F, 0x4D, 0x5F, 0x4D, 0x5F, 0xFF, 0x4D, 0x5F, 0x4D, 0x5F, 0x4D, 0x5F, 0x4D, 0x5F,
    0x4D, 0x5F, 0x4D, 0x5F, 0x4D, 0x5F, 0x4D, 0x5F, 0x4D, 0x5F, 0x4D, 0x5F, 0x4D, 0x5F, 0x4D, 0x5F,
    0x4D, 0x5F, 0x4D, 0x5F, 0x4D, 0x5F, 0x4D, 0x5F, 0x4D, 0x5F, 0x4D, 0x5F, 0x4D, 0x5F, 0x4D, 0x5F,
    0x4D, 0x5F, 0x4D, 0x5F, 0x4D, 0x5F, 0x4D, 0x5F, 0x4D, 0x5F, 0x4D, 0x5F, 0x4D, 0x5F, 0x4D, 0x5F,
    0x4D, 0x5F, 0x4D, 0x5F, 0x4D, 0x5F, 0x4D, 0x5F, 0x4D, 0x5F, 0x4D, 0x5F, 0x4D, 0x5F, 0x4D, 0x5F,
    0x4D, 0x5F, 0x4D, 0x5F, 0x4D, 0x5F, 0x4D, 0x5F, 0x4D, 0x5F, 0x4D, 0x5F, 0x4D, 0x5F, 0x4D, 0x5F,
    0x4D, 0x5F, 0x4D, 0x5F, 0x4D, 0x5F, 0x4D, 0x5F, 0x4D, 0x5F, 0x4D, 0x5F, 0x4D, 0x5F, 0x4D, 0x5F,
    0x4D, 0x5F, 0x4D, 0x5F, 0x4D, 0x5F, 0x4D, 0x5F, 0x4D, 0x5F, 0x4D, 0x5F, 0x4D, 0x5F, 0x4D, 0x5F,
    0x4D, 0x5F, 0x4D, 0x5F, 0x4D, 0x5F, 0x4D, 0x5F, 0xB7, 0x4D, 0x5F, 0x4D, 0x5F, 0x4D, 0x5F, 0x4D,
    0x5F, 0x4D, 0x5F, 0x4D, 0x5F, 0x4D, 0x5F, 0x4D, 0x5F, 0x4D, 0x5F, 0x4D, 0x5F, 0x4D, 0x5F, 0x4D,
    0x5F, 0x4D, 0x5F, 0x4D, 0x5F, 0x4D, 0x5F, 0x4D, 0x5F, 0x4D, 0x5F, 0x4D, 0x5F, 0x4D, 0x5F, 0x4D,
    0x5F, 0x4D, 0x5F, 0x4D, 0x5F, 0x55, 0xFF, 0x74, 0x0B, 0xF7, 0x65, 0xFF, 0xE5, 0xF7, 0x65, 0x63,
    0x04, 0x04, 0x00, 0x93, 0x3A, 0x8C, 0x4D, 0x3F, 0x55, 0x9F, 0x4D, 0x1D, 0x44, 0x58, 0x55, 0x9F,
    0x4D, 0x5F, 0x4D, 0x3F, 0x55, 0x9F, 0x3A, 0x8C, 0x02, 0x00, 0x8D, 0x31, 0xA3, 0xFF, 0xC4, 0xFF,
    0xE5, 0xF7, 0x65, 0xFF, 0xE5, 0xF7, 0x65, 0x31, 0xA3, 0x02, 0x00, 0xFF, 0x3A, 0x8C, 0x4D, 0x9F,
    0x4D, 0x5F, 0x4D, 0x5F, 0x4D, 0x5F, 0x4D, 0x5F, 0x4D, 0x5F, 0x4D, 0x5F, 0x4D, 0x5F, 0x4D, 0x5F,
    0x4D, 0x5F, 0x4D, 0x5F, 0x4D, 0x5F, 0x4D, 0x5F, 0x4D, 0x5F, 0x4D, 0x5F, 0x4D, 0x5F, 0x4D, 0x5F,
    0x4D, 0x5F, 0x4D, 0x5F, 0x4D, 0x5F, 0x4D, 0x5F, 0x4D, 0x5F, 0x4D, 0x5F, 0x4D, 0x5F, 0x4D, 0x5F,
    0x4D, 0x5F, 0x4D, 0x5F, 0x4D, 0x5F, 0x4D, 0x5F, 0x4D, 0x5F, 0x4D, 0x5F, 0x4D, 0x5F, 0x4D, 0x5F,
    0x4D, 0x5F, 0x4D, 0x5F, 0x4D, 0x5F, 0x4D, 0x5F, 0x4D, 0x5F, 0x4D, 0x5F, 0x4D, 0x5F, 0x4D, 0x5F,
    0x4D, 0x5F, 0x4D, 0x5F, 0x4D, 0x5F, 0x4D, 0x5F, 0x4D, 0x5F, 0x4D, 0x5F, 0x4D, 0x5F, 0x4D, 0x5F,
    0x4D, 0x5F, 0x4D, 0x5F, 0x4D, 0x5F, 0x4D, 0x5F, 0x4D, 0x5F, 0x4D, 0x5F, 0x4D, 0x5F, 0x4D, 0x5F,
    0x4D, 0x5F, 0x4D, 0x5F, 0x4D, 0x5F, 0x4D, 0x5F, 0x4D, 0x5F, 0x4D, 0x5F, 0xFF, 0x4D, 0x5F, 0x4D,
    0x5F, 0x4D, 0x5F, 0x4D, 0x5F, 0x4D, 0x5F, 0x4D, 0x5F, 0x4D, 0x5F, 0x4D, 0x5F, 0x4D, 0x5F, 0x4D,
    0x5F, 0x4D, 0x5F, 0x4D, 0x5F, 0x4D, 0x5F, 0x4D, 0x5F, 0x4D, 0x5F, 0x4D, 0x5F, 0x4D, 0x5F, 0x4D,
    0x5F, 0x4D, 0x5F, 0x4D, 0x5F, 0x4D, 0x5F, 0x4D, 0x5F, 0x4D, 0x5F, 0x4D, 0x5F, 0x4D, 0x5F, 0x4D,
    0x5F, 0x4D, 0x5F, 0x4D, 0x5F, 0x4D, 0x5F, 0x4D, 0x5F, 0x4D, 0x5F, 0x4D, 0x5F, 0x4D, 0x5F, 0x4D,
    0x5F, 0x4D, 0x5F, 0x4D, 0x5F, 0x4D, 0x5F, 0x4D, 0x5F, 0x4D, 0x5F, 0x4D, 0x5F, 0x4D, 0x5F, 0x4D,
    0x5F, 0x4D, 0x5F, 0x4D, 0x5F, 0x4D, 0x5F, 0x4D, 0x5F, 0x4D, 0x5F, 0x4D, 0x5F, 0x4D, 0x5F, 0x4D,
    0x5F, 0x4D, 0x5F, 0x4D, 0x5F, 0x4D, 0x5F, 0x4D, 0x5F, 0x4D, 0x5F, 0x4D, 0x5F, 0x4D, 0x5F, 0x4D,
    0x5F, 0x4D, 0x5F, 0x4D, 0x5F, 0x4D, 0x5F, 0x4D, 0x5F, 0x4D, 0x5F, 0x4D, 0x5F, 0xFF, 0x4D, 0x5F,
    0x4D, 0x5F, 0x4D, 0x5F, 0x4D, 0x5F, 0x4D, 0x5F, 0x4D, 0x5F, 0x4D, 0x5F, 0x4D, 0x5F, 0x4D, 0x5F,
    0x4D, 0x5F, 0x4D, 0x5F, 0x4D, 0x5F, 0x4D, 0x5F, 0x4D, 0x5F, 0x4D, 0x5F, 0x4D, 0x5F, 0x4D, 0x5F,
    0x4D, 0x5F, 0x4D, 0x5F, 0x4D, 0x5F, 0x4D, 0x5F, 0x4D, 0x5F, 0x4D, 0x5F, 0x4D, 0x5F, 0x4D, 0x5F,
    0x4D, 0x5F, 0x4D, 0x5F, 0x4D, 0x5F, 0x4D, 0x5F, 0x4D, 0x5F, 0x4D, 0x5F, 0x4D, 0x5F, 0x4D, 0x5F,
    0x4D, 0x5F, 0x4D, 0x5F, 0x4D, 0x5F, 0x4D, 0x5F, 0x4D, 0x5F, 0x4D, 0x5F, 0x4D, 0x5F, 0x4D, 0x5F,
    0x4D, 0x5F, 0x4D, 0x5F, 0x4D, 0x5F, 0x4D, 0x5F, 0x4D, 0x5F, 0x4D, 0x5F, 0x4D, 0x5F, 0x4D, 0x5F,
    0x4D, 0x5F, 0x4D, 0x5F, 0x4D, 0x5F, 0x4D, 0x5F, 0x4D, 0x5F, 0x4D, 0x5F, 0x4D, 0x5F, 0x4D, 0x5F,
    0x4D, 0x5F, 0x4D, 0x5F, 0x4D, 0x5F, 0x4D, 0x5F, 0x4D, 0x5F, 0x4D, 0x5F, 0x4D, 0x5F, 0xB3, 0x4D,
    0x5F, 0x4D, 0x5F, 0x4D, 0x5F, 0x4D, 0x5F, 0x4D, 0x5F, 0x4D, 0x5F, 0x4D, 0x5F, 0x4D, 0x5F, 0x4D,
    0x5F, 0x4D, 0x5F, 0x4D, 0x5F, 0x4D, 0x5F, 0x4D, 0x5F, 0x4D, 0x5F, 0x4D, 0x5F, 0x4D, 0x5F, 0x4D,
    0x5F, 0x4D, 0x5F, 0x4D, 0x5F, 0x4D, 0x9F, 0x55, 0x9F, 0x3A, 0x8C, 0x00, 0x21, 0xAD, 0x24, 0xC6,
    0x05, 0x21, 0x23, 0x02, 0x00, 0x99, 0x08, 0x83, 0x3B, 0xB5, 0x55, 0x9F, 0x4D, 0x5F, 0x4D, 0x3F,
    0x4D, 0x7F, 0x4D, 0x9F, 0x4D, 0x5F, 0x4D, 0x5F, 0x4D, 0x5F, 0x4D, 0x5F, 0x4D, 0x3F, 0x21, 0x23,
    0x02, 0x00, 0x8D, 0x73, 0x84, 0xAD, 0x24, 0x21, 0x23, 0xC6, 0x05, 0xFF, 0xE5, 0xC6, 0x05, 0x00,
    0x21, 0x02, 0x00, 0xFF, 0x44, 0x58, 0x4D, 0x9F, 0x4D, 0x5F, 0x4D, 0x5F, 0x4D, 0x5F, 0x4D, 0x5F,
    0x4D, 0x5F, 0x4D, 0x5F, 0x4D, 0x5F, 0x4D, 0x5F, 0x4D, 0x5F, 0x4D, 0x5F, 0x4D, 0x5F, 0x4D, 0x5F,
    0x4D, 0x5F, 0x4D, 0x5F, 0x4D, 0x5F, 0x4D, 0x5F, 0x4D, 0x5F, 0x4D, 0x5F, 0x4D, 0x5F, 0x4D, 0x5F,
    0x4D, 0x5F, 0x4D, 0x5F, 0x4D, 0x5F, 0x4D, 0x5F, 0x4D, 0x5F, 0x4D, 0x5F, 0x4D, 0x5F, 0x4D, 0x5F,
    0x4D, 0x5F, 0x4D, 0x5F, 0x4D, 0x5F, 0x4D, 0x5F, 0x4D, 0x5F, 0x4D, 0x5F, 0x4D, 0x5F, 0x4D, 0x5F,
    0x4D, 0x5F, 0x4D, 0x5F, 0x4D, 0x5F, 0x4D, 0x5F, 0x4D, 0x5F, 0x4D, 0x5F, 0x4D, 0x5F, 0x4D, 0x5F,
    0x4D, 0x5F, 0x4D, 0x5F, 0x4D, 0x5F, 0x4D, 0x5F, 0x4D, 0x5F, 0x4D, 0x5F, 0x4D, 0x5F, 0x4D, 0x5F,
    0x4D, 0x5F, 0x4D, 0x5F, 0x4D, 0x5F, 0x4D, 0x5F, 0x4D, 0x5F, 0x4D, 0x5F, 0x4D, 0x5F, 0x4D, 0x5F,
    0x4D, 0x5F, 0x4D, 0x5F, 0xFF, 0x4D, 0x5F, 0x4D, 0x5F, 0x4D, 0x5F, 0x4D, 0x5F, 0x4D, 0x5F, 0x4D,
    0x5F, 0x4D, 0x5F, 0x4D, 0x5F, 0x4D, 0x5F, 0x4D, 0x5F, 0x4D, 0x5F, 0x4D, 0x5F, 0x4D, 0x5F, 0x4D,
    0x5F, 0x4D, 0x5F, 0x4D, 0x5F, 0x4D, 0x5F, 0x4D, 0x5F, 0x4D, 0x5F, 0x4D, 0x5F, 0x4D, 0x5F, 0x4D,
    0x5F, 0x4D, 0x5F, 0x4D, 0x5F, 0x4D, 0x5F, 0x4D, 0x5F, 0x4D, 0x5F, 0x4D, 0x5F, 0x4D, 0x5F, 0x4D,
    0x5F, 0x4D, 0x5F, 0x4D, 0x5F, 0x4D, 0x5F, 0x4D, 0x5F, 0x4D, 0x5F, 0x4D, 0x5F, 0x4D, 0x5F, 0x4D,
    0x5F, 0x4D, 0x5F, 0x4D, 0x5F, 0x4D, 0x5F, 0x4D, 0x5F, 0x4D, 0x5F, 0x4D, 0x5F, 0x4D, 0x5F, 0x4D,
    0x5F, 0x4D, 0x5F, 0x4D, 0x5F, 0x4D, 0x5F, 0x4D, 0x5F, 0x4D, 0x5F, 0x4D, 0x5F, 0x4D, 0x5F, 0x4D,
    0x5F, 0x4D, 0x5F, 0x4D, 0x5F, 0x4D, 0x5F, 0x4D, 0x5F, 0x4D, 0x5F, 0x4D, 0x5F, 0x4D, 0x5F, 0x4D,
    0x5F, 0x4D, 0x5F, 0x4D, 0x5F, 0xFF, 0x4D, 0x5F, 0x4D, 0x5F, 0x4D, 0x5F, 0x4D, 0x5F, 0x4D, 0x5F,
    0x4D, 0x5F, 0x4D, 0x5F, 0x4D, 0x5F, 0x4D, 0x5F, 0x4D, 0x5F, 0x4D, 0x5F, 0x4D, 0x5F, 0x4D, 0x5F,
    0x4D, 0x5F, 0x4D, 0x5F, 0x4D, 0x5F, 0x4D, 0x5F, 0x4D, 0x5F, 0x4D, 0x5F, 0x4D, 0x5F, 0x4D, 0x5F,
    0x4D, 0x5F, 0x4D, 0x5F, 0x4D, 0x5F, 0x4D, 0x5F, 0x4D, 0x5F, 0x4D, 0x5F, 0x4D, 0x5F, 0x4D, 0x5F,
    0x4D, 0x5F, 0x4D, 0x5F, 0x4D, 0x5F, 0x4D, 0x5F, 0x4D, 0x5F, 0x4D, 0x5F, 0x4D, 0x5F, 0x4D, 0x5F,
    0x4D, 0x5F, 0x4D, 0x5F, 0x4D, 0x5F, 0x4D, 0x5F, 0x4D, 0x5F, 0x4D, 0x5F, 0x4D, 0x5F, 0x4D, 0x5F,
    0x4D, 0x5F, 0x4D, 0x5F, 0x4D, 0x5F, 0x4D, 0x5F, 0x4D, 0x5F, 0x4D, 0x5F, 0x4D, 0x5F, 0x4D, 0x5F,
    0x4D, 0x5F, 0x4D, 0x5F, 0x4D, 0x5F, 0x4D, 0x5F, 0x4D, 0x5F, 0x4D, 0x5F, 0x4D, 0x5F, 0x4D, 0x5F,
    0x4D, 0x5F, 0x4D, 0x5F, 0x4D, 0x5F, 0xA7, 0x4D, 0x5F, 0x4D, 0x5F, 0x4D, 0x5F, 0x4D, 0x5F, 0x4D,
    0x5F, 0x4D, 0x5F, 0x4D, 0x5F, 0x4D, 0x5F, 0x4D, 0x5F, 0x4D, 0x5F, 0x4D, 0x5F, 0x4D, 0x5F, 0x4D,
    0x5F, 0x4D, 0x5F, 0x4D, 0x5F, 0x4D, 0x5F, 0x4D, 0x5F, 0x4D, 0x7F, 0x44, 0x9B, 0x21, 0x23, 0x03,
    0x00, 0x84, 0x21, 0x3B, 0xB5, 0x11, 0xAA, 0x02, 0x00, 0xA1, 0x11, 0x68, 0x44, 0x9B, 0x55, 0x9F,
    0x4D, 0x5F, 0x4D, 0x5F, 0x4D, 0x5F, 0x4D, 0x5F, 0x4D, 0x5F, 0x4D, 0x5F, 0x4D, 0x5F, 0x4D, 0x5F,
    0x4D, 0x5F, 0x4D, 0x9F, 0x44, 0x58, 0x21, 0x23, 0x3B, 0xB5, 0x22, 0xD0, 0x02, 0x00, 0xFF, 0x31,
    0xA3, 0xF7, 0x65, 0xFF, 0xE5, 0xAD, 0x24, 0x33, 0x32, 0x4D, 0x3F, 0x4D, 0x5F, 0x4D, 0x5F, 0x4D,
    0x5F, 0x4D, 0x5F, 0x4D, 0x5F, 0x4D, 0x5F, 0x4D, 0x5F, 0x4D, 0x5F, 0x4D, 0x5F, 0x4D, 0x5F, 0x4D,
    0x5F, 0x4D, 0x5F, 0x4D, 0x5F, 0x4D, 0x5F, 0x4D, 0x5F, 0x4D, 0x5F, 0x4D, 0x5F, 0x4D, 0x5F, 0x4D,
    0x5F, 0x4D, 0x5F, 0x4D, 0x5F, 0x4D, 0x5F, 0x4D, 0x5F, 0x4D, 0x5F, 0x4D, 0x5F, 0x4D, 0x5F, 0x4D,
    0x5F, 0x4D, 0x5F, 0x4D, 0x5F, 0x4D, 0x5F, 0x4D, 0x5F, 0x4D, 0x5F, 0x4D, 0x5F, 0x4D, 0x5F, 0x4D,
    0x5F, 0x4D, 0x5F, 0x4D, 0x5F, 0x4D, 0x5F, 0x4D, 0x5F, 0x4D, 0x5F, 0x4D, 0x5F, 0x4D, 0x5F, 0x4D,
    0x5F, 0x4D, 0x5F, 0x4D, 0x5F, 0x4D, 0x5F, 0x4D, 0x5F, 0x4D, 0x5F, 0x4D, 0x5F, 0x4D, 0x5F, 0x4D,
    0x5F, 0x4D, 0x5F, 0x4D, 0x5F, 0x4D, 0x5F, 0x4D, 0x5F, 0x4D, 0x5F, 0x4D, 0x5F, 0x4D, 0x5F, 0xFF,
    0x4D, 0x5F, 0x4D, 0x5F, 0x4D, 0x5F, 0x4D, 0x5F, 0x4D, 0x5F, 0x4D, 0x5F, 0x4D, 0x5F, 0x4D, 0x5F,
    0x4D, 0x5F, 0x4D, 0x5F, 0x4D, 0x5F, 0x4D, 0x5F, 0x4D, 0x5F, 0x4D, 0x5F, 0x4D, 0x5F, 0x4D, 0x5F,
    0x4D, 0x5F, 0x4D, 0x5F, 0x4D, 0x5F, 0x4D, 0x5F, 0x4D, 0x5F, 0x4D, 0x5F, 0x4D, 0x5F, 0x4D, 0x5F,
    0x4D, 0x5F, 0x4D, 0x5F, 0x4D, 0x5F, 0x4D, 0x5F, 0x4D, 0x5F, 0x4D, 0x5F, 0x4D, 0x5F, 0x4D, 0x5F,
    0x4D, 0x5F, 0x4D, 0x5F, 0x4D, 0x5F, 0x4D, 0x5F, 0x4D, 0x5F, 0x4D, 0x5F, 0x4D, 0x5F, 0x4D, 0x5F,
    0x4D, 0x5F, 0x4D, 0x5F, 0x4D, 0x5F, 0x4D, 0x5F, 0x4D, 0x5F, 0x4D, 0x5F, 0x4D, 0x5F, 0x4D, 0x5F,
    0x4D, 0x5F, 0x4D, 0x5F, 0x4D, 0x5F, 0x4D, 0x5F, 0x4D, 0x5F, 0x4D, 0x5F, 0x4D, 0x5F, 0x4D, 0x5F,
    0x4D, 0x5F, 0x4D, 0x5F, 0x4D, 0x5F, 0x4D, 0x5F, 0x4D, 0x5F, 0x4D, 0x5F, 0x4D, 0x5F, 0x4D, 0x5F,
    0xFF, 0x4D, 0x5F, 0x4D, 0x5F, 0x4D, 0x5F, 0x4D, 0x5F, 0x4D, 0x5F, 0x4D, 0x5F, 0x4D, 0x5F, 0x4D,
    0x5F, 0x4D, 0x5F, 0x4D, 0x5F, 0x4D, 0x5F, 0x4D, 0x5F, 0x4D, 0x5F, 0x4D, 0x5F, 0x4D, 0x5F, 0x4D,
    0x5F, 0x4D, 0x5F, 0x4D, 0x5F, 0x4D, 0x5F, 0x4D, 0x5F, 0x4D, 0x5F, 0x4D, 0x5F, 0x4D, 0x5F, 0x4D,
    0x5F, 0x4D, 0x5F, 0x4D, 0x5F, 0x4D, 0x5F, 0x4D, 0x5F, 0x4D, 0x5F, 0x4D, 0x5F, 0x4D, 0x5F, 0x4D,
    0x5F, 0x4D, 0x5F, 0x4D, 0x5F, 0x4D, 0x5F, 0x4D, 0x5F, 0x4D, 0x5F, 0x4D, 0x5F, 0x4D, 0x5F, 0x4D,
    0x5F, 0x4D, 0x5F, 0x4D, 0x5F, 0x4D, 0x5F, 0x4D, 0x5F, 0x4D, 0x5F, 0x4D, 0x5F, 0x4D, 0x5F, 0x4D,
    0x5F, 0x4D, 0x5F, 0x4D, 0x5F, 0x4D, 0x5F, 0x4D, 0x5F, 0x4D, 0x5F, 0x4D, 0x5F, 0x4D, 0x5F, 0x4D,
    0x5F, 0x4D, 0x5F, 0x4D, 0x5F, 0x4D, 0x5F, 0x4D, 0x5F, 0x4D, 0x5F, 0x4D, 0x5F, 0x4D, 0x5F, 0x4D,
    0x5F, 0xAF, 0x4D, 0x5F, 0x4D, 0x5F, 0x4D, 0x5F, 0x4D, 0x5F, 0x4D, 0x5F, 0x4D, 0x5F, 0x4D, 0x5F,
    0x4D, 0x5F, 0x4D, 0x5F, 0x4D, 0x5F, 0x4D, 0x5F, 0x4D, 0x5F, 0x4D, 0x5F, 0x4D, 0x5F, 0x4D, 0x5F,
    0x4D, 0x5F, 0x4D, 0x5F, 0x4D, 0x5F, 0x4D, 0x5F, 0x4D, 0x5F, 0x4D, 0x5F, 0x4D, 0x5F, 0x55, 0x9F,
    0x3B, 0xB5, 0x02, 0x00, 0xAD, 0x11, 0x68, 0x44, 0x9B, 0x55, 0xFF, 0x44, 0x9B, 0x33, 0x32, 0x4D,
    0x7F, 0x4D, 0x9F, 0x4D, 0x3F, 0x4D, 0x5F, 0x4D, 0x5F, 0x4D, 0x5F, 0x4D, 0x5F, 0x4D, 0x5F, 0x4D,
    0x5F, 0x4D, 0x5F, 0x4D, 0x5F, 0x4D, 0x5F, 0x4D, 0x5F, 0x4D, 0x7F, 0x4D, 0x3F, 0x55, 0x9F, 0x4D,
    0x9F, 0x31, 0xA3, 0x02, 0x00, 0xFF, 0x63, 0x04, 0xF7, 0x65, 0x63, 0x04, 0x44, 0x58, 0x55, 0x9F,
    0x4D, 0x5F, 0x4D, 0x5F, 0x4D, 0x5F, 0x4D, 0x5F, 0x4D, 0x5F, 0x4D, 0x5F, 0x4D, 0x5F, 0x4D, 0x5F,
    0x4D, 0x5F, 0x4D, 0x5F, 0x4D, 0x5F, 0x4D, 0x5F, 0x4D, 0x5F, 0x4D, 0x5F, 0x4D, 0x5F, 0x4D, 0x5F,
    0x4D, 0x5F, 0x4D, 0x5F, 0x4D, 0x5F, 0x4D, 0x5F, 0x4D, 0x5F, 0x4D, 0x5F, 0x4D, 0x5F, 0x4D, 0x5F,
    0x4D, 0x5F, 0x4D, 0x5F, 0x4D, 0x5F, 0x4D, 0x5F, 0x4D, 0x5F, 0x4D, 0x5F, 0x4D, 0x5F, 0x4D, 0x5F,
    0x4D, 0x5F, 0x4D, 0x5F, 0x4D, 0x5F, 0x4D, 0x5F, 0x4D, 0x5F, 0x4D, 0x5F, 0x4D, 0x5F, 0x4D, 0x5F,
    0x4D, 0x5F, 0x4D, 0x5F, 0x4D, 0x5F, 0x4D, 0x5F, 0x4D, 0x5F, 0x4D, 0x5F, 0x4D, 0x5F, 0x4D, 0x5F,
    0x4D, 0x5F, 0x4D, 0x5F, 0x4D, 0x5F, 0x4D, 0x5F, 0x4D, 0x5F, 0x4D, 0x5F, 0x4D, 0x5F, 0x4D, 0x5F,
    0x4D, 0x5F, 0x4D, 0x5F, 0x4D, 0x5F, 0xFF, 0x4D, 0x5F, 0x4D, 0x5F, 0x4D, 0x5F, 0x4D, 0x5F, 0x4D,
    0x5F, 0x4D, 0x5F, 0x4D, 0x5F, 0x4D, 0x5F, 0x4D, 0x5F, 0x4D, 0x5F, 0x4D, 0x5F, 0x4D, 0x5F, 0x4D,
    0x5F, 0x4D, 0x5F, 0x4D, 0x5F, 0x4D, 0x5F, 0x4D, 0x5F, 0x4D, 0x5F, 0x4D, 0x5F, 0x4D, 0x5F, 0x4D,
    0x5F, 0x4D, 0x5F, 0x4D, 0x5F, 0x4D, 0x5F, 0x4D, 0x5F, 0x4D, 0x5F, 0x4D, 0x5F, 0x4D, 0x5F, 0x4D,
    0x5F, 0x4D, 0x5F, 0x4D, 0x5F, 0x4D, 0x5F, 0x4D, 0x5F, 0x4D, 0x5F, 0x4D, 0x5F, 0x4D, 0x5F, 0x4D,
    0x5F, 0x4D, 0x5F, 0x4D, 0x5F, 0x4D, 0x5F, 0x4D, 0x5F, 0x4D, 0x5F, 0x4D, 0x5F, 0x4D, 0x5F, 0x4D,
    0x5F, 0x4D, 0x5F, 0x4D, 0x5F, 0x4D, 0x5F, 0x4D, 0x5F, 0x4D, 0x5F, 0x4D, 0x5F, 0x4D, 0x5F, 0x4D,
    0x5F, 0x4D, 0x5F, 0x4D, 0x5F, 0x4D, 0x5F, 0x4D, 0x5F, 0x4D, 0x5F, 0x4D, 0x5F, 0x4D, 0x5F, 0x4D,
    0x5F, 0x4D, 0x5F, 0x4D, 0x5F, 0x4D, 0x5F, 0xFF, 0x4D, 0x5F, 0x4D, 0x5F, 0x4D, 0x5F, 0x4D, 0x5F,
    0x4D, 0x5F, 0x4D, 0x5F, 0x4D, 0x5F, 0x4D, 0x5F, 0x4D, 0x5F, 0x4D, 0x5F, 0x4D, 0x5F, 0x4D, 0x5F,
    0x4D, 0x5F, 0x4D, 0x5F, 0x4D, 0x5F, 0x4D, 0x5F, 0x4D, 0x5F, 0x4D, 0x5F, 0x4D, 0x5F, 0x4D, 0x5F,
    0x4D, 0x5F, 0x4D, 0x5F, 0x4D, 0x5F, 0x4D, 0x5F, 0x4D, 0x5F, 0x4D, 0x5F, 0x4D, 0x5F, 0x4D, 0x5F,
    0x4D, 0x5F, 0x4D, 0x5F, 0x4D, 0x5F, 0x4D, 0x5F, 0x4D, 0x5F, 0x4D, 0x5F, 0x4D, 0x5F, 0x4D, 0x5F,
    0x4D, 0x5F, 0x4D, 0x5F, 0x4D, 0x5F, 0x4D, 0x5F, 0x4D, 0x5F, 0x4D, 0x5F, 0x4D, 0x5F, 0x4D, 0x5F,
    0x4D, 0x5F, 0x4D, 0x5F, 0x4D, 0x5F, 0x4D, 0x5F, 0x4D, 0x5F, 0x4D, 0x5F, 0x4D, 0x5F, 0x4D, 0x5F,
    0x4D, 0x5F, 0x4D, 0x5F, 0x4D, 0x5F, 0x4D, 0x5F, 0x4D, 0x5F, 0x4D, 0x5F, 0x4D, 0x5F, 0x4D, 0x5F,
    0x4D, 0x5F, 0x4D, 0x5F, 0x4D, 0x5F, 0x4D, 0x5F, 0xE3, 0x4D, 0x5F, 0x4D, 0x5F, 0x4D, 0x5F, 0x4D,
    0x5F, 0x4D, 0x5F, 0x4D, 0x5F, 0x4D, 0x5F, 0x4D, 0x5F, 0x4D, 0x5F, 0x4D, 0x5F, 0x4D, 0x5F, 0x4D,
    0x5F, 0x4D, 0x5F, 0x4D, 0x5F, 0x4D, 0x5F, 0x4D, 0x5F, 0x4D, 0x5F, 0x4D, 0x5F, 0x4D, 0x5F, 0x4D,
    0x5F, 0x4D, 0x5F, 0x4D, 0x5F, 0x4D, 0x7F, 0x3B, 0xF7, 0x4D, 0x1D, 0x4D, 0x9F, 0x4D, 0x3F, 0x4D,
    0x9F, 0x55, 0x9F, 0x4D, 0x5F, 0x4D, 0x5F, 0x4D, 0x5F, 0x4D, 0x5F, 0x4D, 0x5F, 0x4D, 0x5F, 0x4D,
    0x5F, 0x4D, 0x5F, 0x4D, 0x5F, 0x4D, 0x5F, 0x4D, 0x5F, 0x4D, 0x5F, 0x4D, 0x5F, 0x4D, 0x5F, 0x4D,
    0x5F, 0x4D, 0x3F, 0x4D, 0x9F, 0x44, 0x9B, 0x10, 0x41, 0x3A, 0x8C, 0x33, 0x32, 0x02, 0x00, 0xFF,
    0x21, 0x23, 0x4D, 0x3F, 0x4D, 0x7F, 0x4D, 0x5F, 0x4D, 0x5F, 0x4D, 0x5F, 0x4D, 0x5F, 0x4D, 0x5F,
    0x4D, 0x5F, 0x4D, 0x5F, 0x4D, 0x5F, 0x4D, 0x5F, 0x4D, 0x5F, 0x4D, 0x5F, 0x4D, 0x5F, 0x4D, 0x5F,
    0x4D, 0x5F, 0x4D, 0x5F, 0x4D, 0x5F, 0x4D, 0x5F, 0x4D, 0x5F, 0x4D, 0x5F, 0x4D, 0x5F, 0x4D, 0x5F,
    0x4D, 0x5F, 0x4D, 0x5F, 0x4D, 0x5F, 0x4D, 0x5F, 0x4D, 0x5F, 0x4D, 0x5F, 0x4D, 0x5F, 0x4D, 0x5F,
    0x4D, 0x5F, 0x4D, 0x5F, 0x4D, 0x5F, 0x4D, 0x5F, 0x4D, 0x5F, 0x4D, 0x5F, 0x4D, 0x5F, 0x4D, 0x5F,
    0x4D, 0x5F, 0x4D, 0x5F, 0x4D, 0x5F, 0x4D, 0x5F, 0x4D, 0x5F, 0x4D, 0x5F, 0x4D, 0x5F, 0x4D, 0x5F,
    0x4D, 0x5F, 0x4D, 0x5F, 0x4D, 0x5F, 0x4D, 0x5F, 0x4D, 0x5F, 0x4D, 0x5F, 0x4D, 0x5F, 0x4D, 0x5F,
    0x4D, 0x5F, 0x4D, 0x5F, 0x4D, 0x5F, 0x4D, 0x5F, 0x4D, 0x5F, 0x4D, 0x5F, 0x4D, 0x5F, 0x4D, 0x5F,
    0xFF, 0x4D, 0x5F, 0x4D, 0x5F, 0x4D, 0x5F, 0x4D, 0x5F, 0x4D, 0x5F, 0x4D, 0x5F, 0x4D, 0x5F, 0x4D,
    0x5F, 0x4D, 0x5F, 0x4D, 0x5F, 0x4D, 0x5F, 0x4D, 0x5F, 0x4D, 0x5F, 0x4D, 0x5F, 0x4D, 0x5F, 0x4D,
    0x5F, 0x4D, 0x5F, 0x4D, 0x5F, 0x4D, 0x5F, 0x4D, 0x5F, 0x4D, 0x5F, 0x4D, 0x5F, 0x4D, 0x5F, 0x4D,
    0x5F, 0x4D, 0x5F, 0x4D, 0x5F, 0x4D, 0x5F, 0x4D, 0x5F, 0x4D, 0x5F, 0x4D, 0x5F, 0x4D, 0x5F, 0x4D,
    0x5F, 0x4D, 0x5F, 0x4D, 0x5F, 0x4D, 0x5F, 0x4D, 0x5F, 0x4D, 0x5F, 0x4D, 0x5F, 0x4D, 0x5F, 0x4D,
    0x5F, 0x4D, 0x5F, 0x4D, 0x5F, 0x4D, 0x5F, 0x4D, 0x5F, 0x4D, 0x5F, 0x4D, 0x5F, 0x4D, 0x5F, 0x4D,
    0x5F, 0x4D, 0x5F, 0x4D, 0x5F, 0x4D, 0x5F, 0x4D, 0x5F, 0x4D, 0x5F, 0x4D, 0x5F, 0x4D, 0x5F, 0x4D,
    0x5F, 0x4D, 0x5F, 0x4D, 0x5F, 0x4D, 0x5F, 0x4D, 0x5F, 0x4D, 0x5F, 0x4D, 0x5F, 0x4D, 0x5F, 0x4D,
    0x5F, 0xFF, 0x4D, 0x5F, 0x4D, 0x5F, 0x4D, 0x5F, 0x4D, 0x5F, 0x4D, 0x5F, 0x4D, 0x5F, 0x4D, 0x5F,
    0x4D, 0x5F, 0x4D, 0x5F, 0x4D, 0x5F, 0x4D, 0x5F, 0x4D, 0x5F, 0x4D, 0x5F, 0x4D, 0x5F, 0x4D, 0x5F,
    0x4D, 0x5F, 0x4D, 0x5F, 0x4D, 0x5F, 0x4D, 0x5F, 0x4D, 0x5F, 0x4D, 0x5F, 0x4D, 0x5F, 0x4D, 0x5F,
    0x4D, 0x5F, 0x4D, 0x5F, 0x4D, 0x5F, 0x4D, 0x5F, 0x4D, 0x5F, 0x4D, 0x5F, 0x4D, 0x5F, 0x4D, 0x5F,
    0x4D, 0x5F, 0x4D, 0x5F, 0x4D, 0x5F, 0x4D, 0x5F, 0x4D, 0x5F, 0x4D, 0x5F, 0x4D, 0x5F, 0x4D, 0x5F,
    0x4D, 0x5F, 0x4D, 0x5F, 0x4D, 0x5F, 0x4D, 0x5F, 0x4D, 0x5F, 0x4D, 0x5F, 0x4D, 0x5F, 0x4D, 0x5F,
    0x4D, 0x5F, 0x4D, 0x5F, 0x4D, 0x5F, 0x4D, 0x5F, 0x4D, 0x5F, 0x4D, 0x5F, 0x4D, 0x5F, 0x4D, 0x5F,
    0x4D, 0x5F, 0x4D, 0x5F, 0x4D, 0x5F, 0x4D, 0x5F, 0x4D, 0x5F, 0x4D, 0x5F, 0x4D, 0x5F, 0x4D, 0x5F,
    0x4D, 0x5F, 0xDF, 0x4D, 0x5F, 0x4D, 0x5F, 0x4D, 0x5F, 0x4D, 0x5F, 0x4D, 0x5F, 0x4D, 0x5F, 0x4D,
    0x5F, 0x4D, 0x5F, 0x4D, 0x5F, 0x4D, 0x5F, 0x4D, 0x5F, 0x4D, 0x5F, 0x4D, 0x5F, 0x4D, 0x5F, 0x4D,
    0x5F, 0x4D, 0x5F, 0x4D, 0x5F, 0x4D, 0x5F, 0x4D, 0x5F, 0x4D, 0x5F, 0x4D, 0x9F, 0x4D, 0x5F, 0x4D,
    0x5F, 0x4D, 0x5F, 0x4D, 0x5F, 0x4D, 0x5F, 0x4D, 0x5F, 0x4D, 0x5F, 0x4D, 0x5F, 0x4D, 0x5F, 0x4D,
    0x5F, 0x4D, 0x5F, 0x4D, 0x5F, 0x4D, 0x5F, 0x4D, 0x5F, 0x4D, 0x5F, 0x4D, 0x5F, 0x4D, 0x5F, 0x4D,
    0x5F, 0x4D, 0x5F, 0x4D, 0x5F, 0x4D, 0x5F, 0x4D, 0x5F, 0x4D, 0x7F, 0x4D, 0x1D, 0x4D, 0x9F, 0x4D,
    0x5F, 0x11, 0x68, 0x02, 0x00, 0xFF, 0x1A, 0x2C, 0x4D, 0x9F, 0x4D, 0x5F, 0x4D, 0x5F, 0x4D, 0x5F,
    0x4D, 0x5F, 0x4D, 0x5F, 0x4D, 0x5F, 0x4D, 0x5F, 0x4D, 0x5F, 0x4D, 0x5F, 0x4D, 0x5F, 0x4D, 0x5F,
    0x4D, 0x5F, 0x4D, 0x5F, 0x4D, 0x5F, 0x4D, 0x5F, 0x4D, 0x5F, 0x4D, 0x5F, 0x4D, 0x5F, 0x4D, 0x5F,
    0x4D, 0x5F, 0x4D, 0x5F, 0x4D, 0x5F, 0x4D, 0x5F, 0x4D, 0x5F, 0x4D, 0x5F, 0x4D, 0x5F, 0x4D, 0x5F,
    0x4D, 0x5F, 0x4D, 0x5F, 0x4D, 0x5F, 0x4D, 0x5F, 0x4D, 0x5F, 0x4D, 0x5F, 0x4D, 0x5F, 0x4D, 0x5F,
    0x4D, 0x5F, 0x4D, 0x5F, 0x4D, 0x5F, 0x4D, 0x5F, 0x4D, 0x5F, 0x4D, 0x5F, 0x4D, 0x5F, 0x4D, 0x5F,
    0x4D, 0x5F, 0x4D, 0x5F, 0x4D, 0x5F, 0x4D, 0x5F, 0x4D, 0x5F, 0x4D, 0x5F, 0x4D, 0x5F, 0x4D, 0x5F,
    0x4D, 0x5F, 0x4D, 0x5F, 0x4D, 0x5F, 0x4D, 0x5F, 0x4D, 0x5F, 0x4D, 0x5F, 0x4D, 0x5F, 0x4D, 0x5F,
    0x4D, 0x5F, 0x4D, 0x5F, 0x4D, 0x5F, 0xFF, 0x4D, 0x5F, 0x4D, 0x5F, 0x4D, 0x5F, 0x4D, 0x5F, 0x4D,
    0x5F, 0x4D, 0x5F, 0x4D, 0x5F, 0x4D, 0x5F, 0x4D, 0x5F, 0x4D, 0x5F, 0x4D, 0x5F, 0x4D, 0x5F, 0x4D,
    0x5F, 0x4D, 0x5F, 0x4D, 0x5F, 0x4D, 0x5F, 0x4D, 0x5F, 0x4D, 0x5F, 0x4D, 0x5F, 0x4D, 0x5F, 0x4D,
    0x5F, 0x4D, 0x5F, 0x4D, 0x5F, 0x4D, 0x5F, 0x4D, 0x5F, 0x4D, 0x5F, 0x4D, 0x5F, 0x4D, 0x5F, 0x4D,
    0x5F, 0x4D, 0x5F, 0x4D, 0x5F, 0x4D, 0x5F, 0x4D, 0x5F, 0x4D, 0x5F, 0x4D, 0x5F, 0x4D, 0x5F, 0x4D,
    0x5F, 0x4D, 0x5F, 0x4D, 0x5F, 0x4D, 0x5F, 0x4D, 0x5F, 0x4D, 0x5F, 0x4D, 0x5F, 0x4D, 0x5F, 0x4D,
    0x5F, 0x4D, 0x5F, 0x4D, 0x5F, 0x4D, 0x5F, 0x4D, 0x5F, 0x4D, 0x5F, 0x4D, 0x5F, 0x4D, 0x5F, 0x4D,
    0x5F, 0x4D, 0x5F, 0x4D, 0x5F, 0x4D, 0x5F, 0x4D, 0x5F, 0x4D, 0x5F, 0x4D, 0x5F, 0x4D, 0x5F, 0x4D,
    0x5F, 0x4D, 0x5F, 0x4D, 0x5F, 0x4D, 0x5F, 0xFF, 0x4D, 0x5F, 0x4D, 0x5F, 0x4D, 0x5F, 0x4D, 0x5F,
    0x4D, 0x5F, 0x4D, 0x5F, 0x4D, 0x5F, 0x4D, 0x5F, 0x4D, 0x5F, 0x4D, 0x5F, 0x4D, 0x5F, 0x4D, 0x5F,
    0x4D, 0x5F, 0x4D, 0x5F, 0x4D, 0x5F, 0x4D, 0x5F, 0x4D, 0x5F, 0x4D, 0x5F, 0x4D, 0x5F, 0x4D, 0x5F,
    0x4D, 0x5F, 0x4D, 0x5F, 0x4D, 0x5F, 0x4D, 0x5F, 0x4D, 0x5F, 0x4D, 0x5F, 0x4D, 0x5F, 0x4D, 0x5F,
    0x4D, 0x5F, 0x4D, 0x5F, 0x4D, 0x5F, 0x4D, 0x5F, 0x4D, 0x5F, 0x4D, 0x5F, 0x4D, 0x5F, 0x4D, 0x5F,
    0x4D, 0x5F, 0x4D, 0x5F, 0x4D, 0x5F, 0x4D, 0x5F, 0x4D, 0x5F, 0x4D, 0x5F, 0x4D, 0x5F, 0x4D, 0x5F,
    0x4D, 0x5F, 0x4D, 0x5F, 0x4D, 0x5F, 0x4D, 0x5F, 0x4D, 0x5F, 0x4D, 0x5F, 0x4D, 0x5F, 0x4D, 0x5F,
    0x4D, 0x5F, 0x4D, 0x5F, 0x4D, 0x5F, 0x4D, 0x5F, 0x4D, 0x5F, 0x4D, 0x5F, 0x4D, 0x5F, 0x4D, 0x5F,
    0x4D, 0x5F, 0x4D, 0x5F, 0x4D, 0x5F, 0x4D, 0x5F, 0xDE, 0x4D, 0x5F, 0x4D, 0x5F, 0x4D, 0x5F, 0x4D,
    0x5F, 0x4D, 0x5F, 0x4D, 0x5F, 0x4D, 0x5F, 0x4D, 0x5F, 0x4D, 0x5F, 0x4D, 0x5F, 0x4D, 0x5F, 0x4D,
    0x5F, 0x4D, 0x5F, 0x4D, 0x5F, 0x4D, 0x5F, 0x4D, 0x5F, 0x4D, 0x5F, 0x4D, 0x5F, 0x4D, 0x5F, 0x4D,
    0x5F, 0x4D, 0x5F, 0x4D, 0x5F, 0x4D, 0x5F, 0x4D, 0x5F, 0x4D, 0x5F, 0x4D, 0x5F, 0x4D, 0x5F, 0x4D,
    0x5F, 0x4D, 0x5F, 0x4D, 0x5F, 0x4D, 0x5F, 0x4D, 0x5F, 0x4D, 0x5F, 0x4D, 0x5F, 0x4D, 0x5F, 0x4D,
    0x5F, 0x4D, 0x5F, 0x4D, 0x5F, 0x4D, 0x5F, 0x4D, 0x5F, 0x4D, 0x5F, 0x4D, 0x5F, 0x4D, 0x5F, 0x4D,
    0x7F, 0x4D, 0x5F, 0x4D, 0x9F, 0x44, 0x9B, 0x00, 0x02, 0x21, 0xFF, 0x23, 0x4D, 0x1D, 0x4D, 0x7F,
    0x4D, 0x5F, 0x4D, 0x5F, 0x4D, 0x5F, 0x4D, 0x5F, 0x4D, 0x5F, 0x4D, 0x5F, 0x4D, 0x5F, 0x4D, 0x5F,
    0x4D, 0x5F, 0x4D, 0x5F, 0x4D, 0x5F, 0x4D, 0x5F, 0x4D, 0x5F, 0x4D, 0x5F, 0x4D, 0x5F, 0x4D, 0x5F,
    0x4D, 0x5F, 0x4D, 0x5F, 0x4D, 0x5F, 0x4D, 0x5F, 0x4D, 0x5F, 0x4D, 0x5F, 0x4D, 0x5F, 0x4D, 0x5F,
    0x4D, 0x5F, 0x4D, 0x5F, 0x4D, 0x5F, 0x4D, 0x5F, 0x4D, 0x5F, 0x4D, 0x5F, 0x4D, 0x5F, 0x4D, 0x5F,
    0x4D, 0x5F, 0x4D, 0x5F, 0x4D, 0x5F, 0x4D, 0x5F, 0x4D, 0x5F, 0x4D, 0x5F, 0x4D, 0x5F, 0x4D, 0x5F,
    0x4D, 0x5F, 0x4D, 0x5F, 0x4D, 0x5F, 0x4D, 0x5F, 0x4D, 0x5F, 0x4D, 0x5F, 0x4D, 0x5F, 0x4D, 0x5F,
    0x4D, 0x5F, 0x4D, 0x5F, 0x4D, 0x5F, 0x4D, 0x5F, 0x4D, 0x5F, 0x4D, 0x5F, 0x4D, 0x5F, 0x4D, 0x5F,
    0x4D, 0x5F, 0x4D, 0x5F, 0x4D, 0x5F, 0x4D, 0x5F, 0x4D, 0x5F, 0x4D, 0xFF, 0x5F, 0x4D, 0x5F, 0x4D,
    0x5F, 0x4D, 0x5F, 0x4D, 0x5F, 0x4D, 0x5F, 0x4D, 0x5F, 0x4D, 0x5F, 0x4D, 0x5F, 0x4D, 0x5F, 0x4D,
    0x5F, 0x4D, 0x5F, 0x4D, 0x5F, 0x4D, 0x5F, 0x4D, 0x5F, 0x4D, 0x5F, 0x4D, 0x5F, 0x4D, 0x5F, 0x4D,
    0x5F, 0x4D, 0x5F, 0x4D, 0x5F, 0x4D, 0x5F, 0x4D, 0x5F, 0x4D, 0x5F, 0x4D, 0x5F, 0x4D, 0x5F, 0x4D,
    0x5F, 0x4D, 0x5F, 0x4D, 0x5F, 0x4D, 0x5F, 0x4D, 0x5F, 0x4D, 0x5F, 0x4D, 0x5F, 0x4D, 0x5F, 0x4D,
    0x5F, 0x4D, 0x5F, 0x4D, 0x5F, 0x4D, 0x5F, 0x4D, 0x5F, 0x4D, 0x5F, 0x4D, 0x5F, 0x4D, 0x5F, 0x4D,
    0x5F, 0x4D, 0x5F, 0x4D, 0x5F, 0x4D, 0x5F, 0x4D, 0x5F, 0x4D, 0x5F, 0x4D, 0x5F, 0x4D, 0x5F, 0x4D,
    0x5F, 0x4D, 0x5F, 0x4D, 0x5F, 0x4D, 0x5F, 0x4D, 0x5F, 0x4D, 0x5F, 0x4D, 0x5F, 0x4D, 0x5F, 0x4D,
    0x5F, 0x4D, 0x5F, 0x4D, 0x5F, 0x4D, 0x5F, 0x4D, 0x5F, 0x4D, 0x5F, 0x4D, 0xFF, 0x5F, 0x4D, 0x5F,
    0x4D, 0x5F, 0x4D, 0x5F, 0x4D, 0x5F, 0x4D, 0x5F, 0x4D, 0x5F, 0x4D, 0x5F, 0x4D, 0x5F, 0x4D, 0x5F,
    0x4D, 0x5F, 0x4D, 0x5F, 0x4D, 0x5F, 0x4D, 0x5F, 0x4D, 0x5F, 0x4D, 0x5F, 0x4D, 0x5F, 0x4D, 0x5F,
    0x4D, 0x5F, 0x4D, 0x5F, 0x4D, 0x5F, 0x4D, 0x5F, 0x4D, 0x5F, 0x4D, 0x5F, 0x4D, 0x5F, 0x4D, 0x5F,
    0x4D, 0x5F, 0x4D, 0x5F, 0x4D, 0x5F, 0x4D, 0x5F, 0x4D, 0x5F, 0x4D, 0x5F, 0x4D, 0x5F, 0x4D, 0x5F,
    0x4D, 0x5F, 0x4D, 0x5F, 0x4D, 0x5F, 0x4D, 0x5F, 0x4D, 0x5F, 0x4D, 0x5F, 0x4D, 0x5F, 0x4D, 0x5F,
    0x4D, 0x5F, 0x4D, 0x5F, 0x4D, 0x5F, 0x4D, 0x5F, 0x4D, 0x5F, 0x4D, 0x5F, 0x4D, 0x5F, 0x4D, 0x5F,
    0x4D, 0x5F, 0x4D, 0x5F, 0x4D, 0x5F, 0x4D, 0x5F, 0x4D, 0x5F, 0x4D, 0x5F, 0x4D, 0x5F, 0x4D, 0x5F,
    0x4D, 0x5F, 0x4D, 0x5F, 0x4D, 0x5F, 0x4D, 0x5F, 0x4D, 0x5F, 0x4D, 0x5F, 0x4D, 0xFF, 0x5F, 0x4D,
    0x5F, 0x4D, 0x5F, 0x4D, 0x5F, 0x4D, 0x5F, 0x4D, 0x5F, 0x4D, 0x5F, 0x4D, 0x5F, 0x4D, 0x5F, 0x4D,
    0x5F, 0x4D, 0x5F, 0x4D, 0x5F, 0x4D, 0x5F, 0x4D, 0x5F, 0x4D, 0x5F, 0x4D, 0x5F, 0x4D, 0x5F, 0x4D,
    0x5F, 0x4D, 0x5F, 0x4D, 0x5F, 0x4D, 0x5F, 0x4D, 0x5F, 0x4D, 0x5F, 0x4D, 0x5F, 0x4D, 0x5F, 0x4D,
    0x5F, 0x4D, 0x5F, 0x4D, 0x5F, 0x4D, 0x5F, 0x4D, 0x5F, 0x4D, 0x5F, 0x4D, 0x5F, 0x4D, 0x5F, 0x4D,
    0x5F, 0x4D, 0x5F, 0x4D, 0x5F, 0x4D, 0x5F, 0x4D, 0x5F, 0x4D, 0x5F, 0x4D, 0x5F, 0x4D, 0x5F, 0x4D,
    0x5F, 0x4D, 0x5F, 0x4D, 0x5F, 0x4D, 0x5F, 0x4D, 0x5F, 0x4D, 0x9F, 0x44, 0x58, 0x44, 0x9B, 0x4D,
    0x7F, 0x4D, 0x5F, 0x4D, 0x5F, 0x4D, 0x5F, 0x4D, 0x5F, 0x4D, 0x5F, 0x4D, 0x5F, 0x4D, 0x5F, 0x4D,
    0x5F, 0x4D, 0x5F, 0x4D, 0x5F, 0x4D, 0x5F, 0x4D, 0x5F, 0x4D, 0x5F, 0x4D, 0x5F, 0x4D, 0xFF, 0x5F,
    0x4D, 0x5F, 0x4D, 0x5F, 0x4D, 0x5F, 0x4D, 0x5F, 0x4D, 0x5F, 0x4D, 0x5F, 0x4D, 0x5F, 0x4D, 0x5F,
    0x4D, 0x5F, 0x4D, 0x5F, 0x4D, 0x5F, 0x4D, 0x5F, 0x4D, 0x5F, 0x4D, 0x5F, 0x4D, 0x5F, 0x4D, 0x5F,
    0x4D, 0x5F, 0x4D, 0x5F, 0x4D, 0x5F, 0x4D, 0x5F, 0x4D, 0x5F, 0x4D, 0x5F, 0x4D, 0x5F, 0x4D, 0x5F,
    0x4D, 0x5F, 0x4D, 0x5F, 0x4D, 0x5F, 0x4D, 0x5F, 0x4D, 0x5F, 0x4D, 0x5F, 0x4D, 0x5F, 0x4D, 0x5F,
    0x4D, 0x5F, 0x4D, 0x5F, 0x4D, 0x5F, 0x4D, 0x5F, 0x4D, 0x5F, 0x4D, 0x5F, 0x4D, 0x5F, 0x4D, 0x5F,
    0x4D, 0x5F, 0x4D, 0x5F, 0x4D, 0x5F, 0x4D, 0x5F, 0x4D, 0x5F, 0x4D, 0x5F, 0x4D, 0x5F, 0x4D, 0x5F,
    0x4D, 0x5F, 0x4D, 0x5F, 0x4D, 0x5F, 0x4D, 0x5F, 0x4D, 0x5F, 0x4D, 0x5F, 0x4D, 0x5F, 0x4D, 0x5F,
    0x4D, 0x5F, 0x4D, 0x5F, 0x4D, 0x5F, 0x4D, 0x5F, 0x4D, 0x5F, 0x4D, 0x5F, 0x4D, 0x5F, 0x4D, 0xFF,
    0x5F, 0x4D, 0x5F, 0x4D, 0x5F, 0x4D, 0x5F, 0x4D, 0x5F, 0x4D, 0x5F, 0x4D, 0x5F, 0x4D, 0x5F, 0x4D,
    0x5F, 0x4D, 0x5F, 0x4D, 0x5F, 0x4D, 0x5F, 0x4D, 0x5F, 0x4D, 0x5F, 0x4D, 0x5F, 0x4D, 0x5F, 0x4D,
    0x5F, 0x4D, 0x5F, 0x4D, 0x5F, 0x4D, 0x5F, 0x4D, 0x5F, 0x4D, 0x5F, 0x4D, 0x5F, 0x4D, 0x5F, 0x4D,
    0x5F, 0x4D, 0x5F, 0x4D, 0x5F, 0x4D, 0x5F, 0x4D, 0x5F, 0x4D, 0x5F, 0x4D, 0x5F, 0x4D, 0x5F, 0x4D,
    0x5F, 0x4D, 0x5F, 0x4D, 0x5F, 0x4D, 0x5F, 0x4D, 0x5F, 0x4D, 0x5F, 0x4D, 0x5F, 0x4D, 0x5F, 0x4D,
    0x5F, 0x4D, 0x5F, 0x4D, 0x5F, 0x4D, 0x5F, 0x4D, 0x5F, 0x4D, 0x5F, 0x4D, 0x5F, 0x4D, 0x5F, 0x4D,
    0x5F, 0x4D, 0x5F, 0x4D, 0x5F, 0x4D, 0x5F, 0x4D, 0x5F, 0x4D, 0x5F, 0x4D, 0x5F, 0x4D, 0x5F, 0x4D,
    0x5F, 0x4D, 0x5F, 0x4D, 0x5F, 0x4D, 0x5F, 0x4D, 0x5F, 0x4D, 0x5F, 0x4D, 0x5F, 0x4D, 0x5F, 0x4D,
    0xFF, 0x5F, 0x4D, 0x5F, 0x4D, 0x5F, 0x4D, 0x5F, 0x4D, 0x5F, 0x4D, 0x5F, 0x4D, 0x5F, 0x4D, 0x5F,
    0x4D, 0x5F, 0x4D, 0x5F, 0x4D, 0x5F, 0x4D, 0x5F, 0x4D, 0x5F, 0x4D, 0x5F, 0x4D, 0x5F, 0x4D, 0x5F,
    0x4D, 0x5F, 0x4D, 0x5F, 0x4D, 0x5F, 0x4D, 0x5F, 0x4D, 0x5F, 0x4D, 0x5F, 0x4D, 0x5F, 0x4D, 0x5F,
    0x4D, 0x5F, 0x4D, 0x5F, 0x4D, 0x5F, 0x4D, 0x5F, 0x4D, 0x5F, 0x4D, 0x5F, 0x4D, 0x5F, 0x4D, 0x5F,
    0x4D, 0x5F, 0x4D, 0x5F, 0x4D, 0x5F, 0x4D, 0x5F, 0x4D, 0x5F, 0x4D, 0x5F, 0x4D, 0x5F, 0x4D, 0x5F,
    0x4D, 0x5F, 0x4D, 0x5F, 0x4D, 0x5F, 0x4D, 0x5F, 0x4D, 0x5F, 0x4D, 0x5F, 0x4D, 0x5F, 0x4D, 0x5F,
    0x4D, 0x5F, 0x4D, 0x5F, 0x4D, 0x5F, 0x4D, 0x5F, 0x4D, 0x5F, 0x4D, 0x5F, 0x4D, 0x5F, 0x4D, 0x5F,
    0x4D, 0x5F, 0x4D, 0x5F, 0x4D, 0x5F, 0x4D, 0x5F, 0x4D, 0x5F, 0x4D, 0x5F, 0x4D, 0x5F, 0x4D, 0x5F,
    0x4D, 0xFF, 0x5F, 0x4D, 0x5F, 0x4D, 0x5F, 0x4D, 0x5F, 0x4D, 0x5F, 0x4D, 0x5F, 0x4D, 0x5F, 0x4D,
    0x5F, 0x4D, 0x5F, 0x4D, 0x5F, 0x4D, 0x5F, 0x4D, 0x5F, 0x4D, 0x5F, 0x4D, 0x5F, 0x4D, 0x5F, 0x4D,
    0x5F, 0x4D, 0x5F, 0x4D, 0x5F, 0x4D, 0x5F, 0x4D, 0x5F, 0x4D, 0x5F, 0x4D, 0x5F, 0x4D, 0x5F, 0x4D,
    0x5F, 0x4D, 0x5F, 0x4D, 0x5F, 0x4D, 0x5F, 0x4D, 0x5F, 0x4D, 0x5F, 0x4D, 0x5F, 0x4D, 0x5F, 0x4D,
    0x9F, 0x4D, 0x7F, 0x4D, 0x5F, 0x4D, 0x5F, 0x4D, 0x5F, 0x4D, 0x5F, 0x4D, 0x5F, 0x4D, 0x5F, 0x4D,
    0x5F, 0x4D, 0x5F, 0x4D, 0x5F, 0x4D, 0x5F, 0x4D, 0x5F, 0x4D, 0x5F, 0x4D, 0x5F, 0x4D, 0x5F, 0x4D,
    0x5F, 0x4D, 0x5F, 0x4D, 0x5F, 0x4D, 0x5F, 0x4D, 0x5F, 0x4D, 0x5F, 0x4D, 0x5F, 0x4D, 0x5F, 0x4D,
    0x5F, 0x4D, 0x5F, 0x4D, 0x5F, 0x4D, 0x5F, 0x4D, 0x5F, 0x4D, 0x5F, 0x4D, 0x5F, 0x4D, 0x5F, 0x4D,
    0x5F, 0x4D, 0xFF, 0x5F, 0x4D, 0x5F, 0x4D, 0x5F, 0x4D, 0x5F, 0x4D, 0x5F, 0x4D, 0x5F, 0x4D, 0x5F,
    0x4D, 0x5F, 0x4D, 0x5F, 0x4D, 0x5F, 0x4D, 0x5F, 0x4D, 0x5F, 0x4D, 0x5F, 0x4D, 0x5F, 0x4D, 0x5F,
    0x4D, 0x5F, 0x4D, 0x5F, 0x4D, 0x5F, 0x4D, 0x5F, 0x4D, 0x5F, 0x4D, 0x5F, 0x4D, 0x5F, 0x4D, 0x5F,
    0x4D, 0x5F, 0x4D, 0x5F, 0x4D, 0x5F, 0x4D, 0x5F, 0x4D, 0x5F, 0x4D, 0x5F, 0x4D, 0x5F, 0x4D, 0x5F,
    0x4D, 0x5F, 0x4D, 0x5F, 0x4D, 0x5F, 0x4D, 0x5F, 0x4D, 0x5F, 0x4D, 0x5F, 0x4D, 0x5F, 0x4D, 0x5F,
    0x4D, 0x5F, 0x4D, 0x5F, 0x4D, 0x5F, 0x4D, 0x5F, 0x4D, 0x5F, 0x4D, 0x5F, 0x4D, 0x5F, 0x4D, 0x5F,
    0x4D, 0x5F, 0x4D, 0x5F, 0x4D, 0x5F, 0x4D, 0x5F, 0x4D, 0x5F, 0x4D, 0x5F, 0x4D, 0x5F, 0x4D, 0x5F,
    0x4D, 0x5F, 0x4D, 0x5F, 0x4D, 0x5F, 0x4D, 0x5F, 0x4D, 0x5F, 0x4D, 0x5F, 0x4D, 0x5F, 0x4D, 0x5F,
    0x4D, 0x5F, 0x4D, 0xFF, 0x5F, 0x4D, 0x5F, 0x4D, 0x5F, 0x4D, 0x5F, 0x4D, 0x5F, 0x4D, 0x5F, 0x4D,
    0x5F, 0x4D, 0x5F, 0x4D, 0x5F, 0x4D, 0x5F, 0x4D, 0x5F, 0x4D, 0x5F, 0x4D, 0x5F, 0x4D, 0x5F, 0x4D,
    0x5F, 0x4D, 0x5F, 0x4D, 0x5F, 0x4D, 0x5F, 0x4D, 0x5F, 0x4D, 0x5F, 0x4D, 0x5F, 0x4D, 0x5F, 0x4D,
    0x5F, 0x4D, 0x5F, 0x4D, 0x5F, 0x4D, 0x5F, 0x4D, 0x5F, 0x4D, 0x5F, 0x4D, 0x5F, 0x4D, 0x5F, 0x4D,
    0x5F, 0x4D, 0x5F, 0x4D, 0x5F, 0x4D, 0x5F, 0x4D, 0x5F, 0x4D, 0x5F, 0x4D, 0x5F, 0x4D, 0x5F, 0x4D,
    0x5F, 0x4D, 0x5F, 0x4D, 0x5F, 0x4D, 0x5F, 0x4D, 0x5F, 0x4D, 0x5F, 0x4D, 0x5F, 0x4D, 0x5F, 0x4D,
    0x5F, 0x4D, 0x5F, 0x4D, 0x5F, 0x4D, 0x5F, 0x4D, 0x5F, 0x4D, 0x5F, 0x4D, 0x5F, 0x4D, 0x5F, 0x4D,
    0x5F, 0x4D, 0x5F, 0x4D, 0x5F, 0x4D, 0x5F, 0x4D, 0x5F, 0x4D, 0x5F, 0x4D, 0x5F, 0x4D, 0x5F, 0x4D,
    0x5F, 0x4D, 0x5F, 0x4D, 0xFF, 0x5F, 0x4D, 0x5F, 0x4D, 0x5F, 0x4D, 0x5F, 0x4D, 0x5F, 0x4D, 0x5F,
    0x4D, 0x5F, 0x4D, 0x5F, 0x4D, 0x5F, 0x4D, 0x5F, 0x4D, 0x5F, 0x4D, 0x5F, 0x4D, 0x5F, 0x4D, 0x5F,
    0x4D, 0x5F, 0x4D, 0x5F, 0x4D, 0x5F, 0x4D, 0x5F, 0x4D, 0x5F, 0x4D, 0x5F, 0x4D, 0x5F, 0x4D, 0x5F,
    0x4D, 0x5F, 0x4D, 0x5F, 0x4D, 0x5F, 0x4D, 0x5F, 0x4D, 0x5F, 0x4D, 0x5F, 0x4D, 0x5F, 0x4D, 0x5F,
    0x4D, 0x5F, 0x4D, 0x5F, 0x4D, 0x5F, 0x4D, 0x5F, 0x4D, 0x5F, 0x4D, 0x5F, 0x4D, 0x5F, 0x4D, 0x5F,
    0x4D, 0x5F, 0x4D, 0x5F, 0x4D, 0x5F, 0x4D, 0x5F, 0x4D, 0x5F, 0x4D, 0x5F, 0x4D, 0x5F, 0x4D, 0x5F,
    0x4D, 0x5F, 0x4D, 0x5F, 0x4D, 0x5F, 0x4D, 0x5F, 0x4D, 0x5F, 0x4D, 0x5F, 0x4D, 0x5F, 0x4D, 0x5F,
    0x4D, 0x5F, 0x4D, 0x5F, 0x4D, 0x5F, 0x4D, 0x5F, 0x4D, 0x5F, 0x4D, 0x5F, 0x4D, 0x5F, 0x4D, 0x5F,
    0x4D, 0x5F, 0x4D, 0x5F, 0x4D, 0xFF, 0x5F, 0x4D, 0x5F, 0x4D, 0x5F, 0x4D, 0x5F, 0x4D, 0x5F, 0x4D,
    0x5F, 0x4D, 0x5F, 0x4D, 0x5F, 0x4D, 0x5F, 0x4D, 0x5F, 0x4D, 0x5F, 0x4D, 0x5F, 0x4D, 0x5F, 0x4D,
    0x5F, 0x4D, 0x5F, 0x4D, 0x5F, 0x4D, 0x5F, 0x4D, 0x5F, 0x4D, 0x5F, 0x4D, 0x5F, 0x4D, 0x5F, 0x4D,
    0x5F, 0x4D, 0x5F, 0x4D, 0x5F, 0x4D, 0x5F, 0x4D, 0x5F, 0x4D, 0x5F, 0x4D, 0x5F, 0x4D, 0x5F, 0x4D,
    0x5F, 0x4D, 0x5F, 0x4D, 0x5F, 0x4D, 0x5F, 0x4D, 0x5F, 0x4D, 0x5F, 0x4D, 0x5F, 0x4D, 0x5F, 0x4D,
    0x5F, 0x4D, 0x5F, 0x4D, 0x5F, 0x4D, 0x5F, 0x4D, 0x5F, 0x4D, 0x5F, 0x4D, 0x5F, 0x4D, 0x5F, 0x4D,
    0x5F, 0x4D, 0x5F, 0x4D, 0x5F, 0x4D, 0x5F, 0x4D, 0x5F, 0x4D, 0x5F, 0x4D, 0x5F, 0x4D, 0x5F, 0x4D,
    0x5F, 0x4D, 0x5F, 0x4D, 0x5F, 0x4D, 0x5F, 0x4D, 0x5F, 0x4D, 0x5F, 0x4D, 0x5F, 0x4D, 0x5F, 0x4D,
    0x5F, 0x4D, 0x5F, 0x4D, 0x5F, 0x4D, 0xFF, 0x5F, 0x4D, 0x5F, 0x4D, 0x5F, 0x4D, 0x5F, 0x4D, 0x5F,
    0x4D, 0x5F, 0x4D, 0x5F, 0x4D, 0x5F, 0x4D, 0x5F, 0x4D, 0x5F, 0x4D, 0x5F, 0x4D, 0x5F, 0x4D, 0x5F,
    0x4D, 0x5F, 0x4D, 0x5F, 0x4D, 0x5F, 0x4D, 0x5F, 0x4D, 0x5F, 0x4D, 0x5F, 0x4D, 0x5F, 0x4D, 0x5F,
    0x4D, 0x5F, 0x4D, 0x5F, 0x4D, 0x5F, 0x4D, 0x5F, 0x4D, 0x5F, 0x4D, 0x5F, 0x4D, 0x5F, 0x4D, 0x5F,
    0x4D, 0x5F, 0x4D, 0x5F, 0x4D, 0x5F, 0x4D, 0x5F, 0x4D, 0x5F, 0x4D, 0x5F, 0x4D, 0x5F, 0x4D, 0x5F,
    0x4D, 0x5F, 0x4D, 0x5F, 0x4D, 0x5F, 0x4D, 0x5F, 0x4D, 0x5F, 0x4D, 0x5F, 0x4D, 0x5F, 0x4D, 0x5F,
    0x4D, 0x5F, 0x4D, 0x5F, 0x4D, 0x5F, 0x4D, 0x5F, 0x4D, 0x5F, 0x4D, 0x5F, 0x4D, 0x5F, 0x4D, 0x5F,
    0x4D, 0x5F, 0x4D, 0x5F, 0x4D, 0x5F, 0x4D, 0x5F, 0x4D, 0x5F, 0x4D, 0x5F, 0x4D, 0x5F, 0x4D, 0x5F,
    0x4D, 0x5F, 0x4D, 0x5F, 0x4D, 0x5F, 0x4D, 0xFF, 0x5F, 0x4D, 0x5F, 0x4D, 0x5F, 0x4D, 0x5F, 0x4D,
    0x5F, 0x4D, 0x5F, 0x4D, 0x5F, 0x4D, 0x5F, 0x4D, 0x5F, 0x4D, 0x5F, 0x4D, 0x5F, 0x4D, 0x5F, 0x4D,
    0x5F, 0x4D, 0x5F, 0x4D, 0x5F, 0x4D, 0x5F, 0x4D, 0x5F, 0x4D, 0x5F, 0x4D, 0x5F, 0x4D, 0x5F, 0x4D,
    0x5F, 0x4D, 0x5F, 0x4D, 0x5F, 0x4D, 0x5F, 0x4D, 0x5F, 0x4D, 0x5F, 0x4D, 0x5F, 0x4D, 0x5F, 0x4D,
    0x5F, 0x4D, 0x5F, 0x4D, 0x5F, 0x4D, 0x5F, 0x4D, 0x5F, 0x4D, 0x5F, 0x4D, 0x5F, 0x4D, 0x5F, 0x4D,
    0x5F, 0x4D, 0x5F, 0x4D, 0x5F, 0x4D, 0x5F, 0x4D, 0x5F, 0x4D, 0x5F, 0x4D, 0x5F, 0x4D, 0x5F, 0x4D,
    0x5F, 0x4D, 0x5F, 0x4D, 0x5F, 0x4D, 0x5F, 0x4D, 0x5F, 0x4D, 0x5F, 0x4D, 0x5F, 0x4D, 0x5F, 0x4D,
    0x5F, 0x4D, 0x5F, 0x4D, 0x5F, 0x4D, 0x5F, 0x4D, 0x5F, 0x4D, 0x5F, 0x4D, 0x5F, 0x4D, 0x5F, 0x4D,
    0x5F, 0x4D, 0x5F, 0x4D, 0x5F, 0x4D, 0x5F, 0x4D, 0xFF, 0x5F, 0x4D, 0x5F, 0x4D, 0x5F, 0x4D, 0x5F,
    0x4D, 0x5F, 0x4D, 0x5F, 0x4D, 0x5F, 0x4D, 0x5F, 0x4D, 0x5F, 0x4D, 0x5F, 0x4D, 0x5F, 0x4D, 0x5F,
    0x4D, 0x5F, 0x4D, 0x5F, 0x4D, 0x5F, 0x4D, 0x5F, 0x4D, 0x5F, 0x4D, 0x5F, 0x4D, 0x5F, 0x4D, 0x5F,
    0x4D, 0x5F, 0x4D, 0x5F, 0x4D, 0x5F, 0x4D, 0x5F, 0x4D, 0x5F, 0x4D, 0x5F, 0x4D, 0x5F, 0x4D, 0x5F,
    0x4D, 0x5F, 0x4D, 0x5F, 0x4D, 0x5F, 0x4D, 0x5F, 0x4D, 0x5F, 0x4D, 0x5F, 0x4D, 0x5F, 0x4D, 0x5F,
    0x4D, 0x5F, 0x4D, 0x5F, 0x4D, 0x5F, 0x4D, 0x5F, 0x4D, 0x5F, 0x4D, 0x5F, 0x4D, 0x5F, 0x4D, 0x5F,
    0x4D, 0x5F, 0x4D, 0x5F, 0x4D, 0x5F, 0x4D, 0x5F, 0x4D, 0x5F, 0x4D, 0x5F, 0x4D, 0x5F, 0x4D, 0x5F,
    0x4D, 0x5F, 0x4D, 0x5F, 0x4D, 0x5F, 0x4D, 0x5F, 0x4D, 0x5F, 0x4D, 0x5F, 0x4D, 0x5F, 0x4D, 0x5F,
    0x4D, 0x5F, 0x4D, 0x5F, 0x4D, 0x5F, 0x4D, 0x5F, 0x4D, 0xFF, 0x5F, 0x4D, 0x5F, 0x4D, 0x5F, 0x4D,
    0x5F, 0x4D, 0x5F, 0x4D, 0x5F, 0x4D, 0x5F, 0x4D, 0x5F, 0x4D, 0x5F, 0x4D, 0x5F, 0x4D, 0x5F, 0x4D,
    0x5F, 0x4D, 0x5F, 0x4D, 0x5F, 0x4D, 0x5F, 0x4D, 0x5F, 0x4D, 0x5F, 0x4D, 0x5F, 0x4D, 0x5F, 0x4D,
    0x5F, 0x4D, 0x5F, 0x4D, 0x5F, 0x4D, 0x5F, 0x4D, 0x5F, 0x4D, 0x5F, 0x4D, 0x5F, 0x4D, 0x5F, 0x4D,
    0x5F, 0x4D, 0x5F, 0x4D, 0x5F, 0x4D, 0x5F, 0x4D, 0x5F, 0x4D, 0x5F, 0x4D, 0x5F, 0x4D, 0x5F, 0x4D,
    0x5F, 0x4D, 0x5F, 0x4D, 0x5F, 0x4D, 0x5F, 0x4D, 0x5F, 0x4D, 0x5F, 0x4D, 0x5F, 0x4D, 0x5F, 0x4D,
    0x5F, 0x4D, 0x5F, 0x4D, 0x5F, 0x4D, 0x5F, 0x4D, 0x5F, 0x4D, 0x5F, 0x4D, 0x5F, 0x4D, 0x5F, 0x4D,
    0x5F, 0x4D, 0x5F, 0x4D, 0x5F, 0x4D, 0x5F, 0x4D, 0x5F, 0x4D, 0x5F, 0x4D, 0x5F, 0x4D, 0x5F, 0x4D,
    0x5F, 0x4D, 0x5F, 0x4D, 0x5F, 0x4D, 0x5F, 0x4D, 0x5F, 0x4D, 0xFF, 0x5F, 0x4D, 0x5F, 0x4D, 0x5F,
    0x4D, 0x5F, 0x4D, 0x5F, 0x4D, 0x5F, 0x4D, 0x5F, 0x4D, 0x5F, 0x4D, 0x5F, 0x4D, 0x5F, 0x4D, 0x5F,
    0x4D, 0x5F, 0x4D, 0x5F, 0x4D, 0x5F, 0x4D, 0x5F, 0x4D, 0x5F, 0x4D, 0x5F, 0x4D, 0x5F, 0x4D, 0x5F,
    0x4D, 0x5F, 0x4D, 0x5F, 0x4D, 0x5F, 0x4D, 0x5F, 0x4D, 0x5F, 0x4D, 0x5F, 0x4D, 0x5F, 0x4D, 0x5F,
    0x4D, 0x5F, 0x4D, 0x5F, 0x4D, 0x5F, 0x4D, 0x5F, 0x4D, 0x5F, 0x4D, 0x5F, 0x4D, 0x5F, 0x4D, 0x5F,
    0x4D, 0x5F, 0x4D, 0x5F, 0x4D, 0x5F, 0x4D, 0x5F, 0x4D, 0x5F, 0x4D, 0x5F, 0x4D, 0x5F, 0x4D, 0x5F,
    0x4D, 0x5F, 0x4D, 0x5F, 0x4D, 0x5F, 0x4D, 0x5F, 0x4D, 0x5F, 0x4D, 0x5F, 0x4D, 0x5F, 0x4D, 0x5F,
    0x4D, 0x5F, 0x4D, 0x5F, 0x4D, 0x5F, 0x4D, 0x5F, 0x4D, 0x5F, 0x4D, 0x5F, 0x4D, 0x5F, 0x4D, 0x5F,
    0x4D, 0x5F, 0x4D, 0x5F, 0x4D, 0x5F, 0x4D, 0x5F, 0x4D, 0x5F, 0x4D, 0xFF, 0x5F, 0x4D, 0x5F, 0x4D,
    0x5F, 0x4D, 0x5F, 0x4D, 0x5F, 0x4D, 0x5F, 0x4D, 0x5F, 0x4D, 0x5F, 0x4D, 0x5F, 0x4D, 0x5F, 0x4D,
    0x5F, 0x4D, 0x5F, 0x4D, 0x5F, 0x4D, 0x5F, 0x4D, 0x5F, 0x4D, 0x5F, 0x4D, 0x5F, 0x4D, 0x5F, 0x4D,
    0x5F, 0x4D, 0x5F, 0x4D, 0x5F, 0x4D, 0x5F, 0x4D, 0x5F, 0x4D, 0x5F, 0x4D, 0x5F, 0x4D, 0x5F, 0x4D,
    0x5F, 0x4D, 0x5F, 0x4D, 0x5F, 0x4D, 0x5F, 0x4D, 0x5F, 0x4D, 0x5F, 0x4D, 0x5F, 0x4D, 0x5F, 0x4D,
    0x5F, 0x4D, 0x5F, 0x4D, 0x5F, 0x4D, 0x5F, 0x4D, 0x5F, 0x4D, 0x5F, 0x4D, 0x5F, 0x4D, 0x5F, 0x4D,
    0x5F, 0x4D, 0x5F, 0x4D, 0x5F, 0x4D, 0x5F, 0x4D, 0x5F, 0x4D, 0x5F, 0x4D, 0x5F, 0x4D, 0x5F, 0x4D,
    0x5F, 0x4D, 0x5F, 0x4D, 0x5F, 0x4D, 0x5F, 0x4D, 0x5F, 0x4D, 0x5F, 0x4D, 0x5F, 0x4D, 0x5F, 0x4D,
    0x5F, 0x4D, 0x5F, 0x4D, 0x5F, 0x4D, 0x5F, 0x4D, 0x5F, 0x4D, 0x5F, 0x4D, 0xFF, 0x5F, 0x4D, 0x5F,
    0x4D, 0x5F, 0x4D, 0x5F, 0x4D, 0x5F, 0x4D, 0x5F, 0x4D, 0x5F, 0x4D, 0x5F, 0x4D, 0x5F, 0x4D, 0x5F,
    0x4D, 0x5F, 0x4D, 0x5F, 0x4D, 0x5F, 0x4D, 0x5F, 0x4D, 0x5F, 0x4D, 0x5F, 0x4D, 0x5F, 0x4D, 0x5F,
    0x4D, 0x5F, 0x4D, 0x5F, 0x4D, 0x5F, 0x4D, 0x5F, 0x4D, 0x5F, 0x4D, 0x5F, 0x4D, 0x5F, 0x4D, 0x5F,
    0x4D, 0x5F, 0x4D, 0x5F, 0x4D, 0x5F, 0x4D, 0x5F, 0x4D, 0x5F, 0x4D, 0x5F, 0x4D, 0x5F, 0x4D, 0x5F,
    0x4D, 0x5F, 0x4D, 0x5F, 0x4D, 0x5F, 0x4D, 0x5F, 0x4D, 0x5F, 0x4D, 0x5F, 0x4D, 0x5F, 0x4D, 0x5F,
    0x4D, 0x5F, 0x4D, 0x5F, 0x4D, 0x5F, 0x4D, 0x5F, 0x4D, 0x5F, 0x4D, 0x5F, 0x4D, 0x5F, 0x4D, 0x5F,
    0x4D, 0x5F, 0x4D, 0x5F, 0x4D, 0x5F, 0x4D, 0x5F, 0x4D, 0x5F, 0x4D, 0x5F, 0x4D, 0x5F, 0x4D, 0x5F,
    0x4D, 0x5F, 0x4D, 0x5F, 0x4D, 0x5F, 0x4D, 0x5F, 0x4D, 0x5F, 0x4D, 0x5F, 0x4D, 0xFF, 0x5F, 0x4D,
    0x5F, 0x4D, 0x5F, 0x4D, 0x5F, 0x4D, 0x5F, 0x4D, 0x5F, 0x4D, 0x5F, 0x4D, 0x5F, 0x4D, 0x5F, 0x4D,
    0x5F, 0x4D, 0x5F, 0x4D, 0x5F, 0x4D, 0x5F, 0x4D, 0x5F, 0x4D, 0x5F, 0x4D, 0x5F, 0x4D, 0x5F, 0x4D,
    0x5F, 0x4D, 0x5F, 0x4D, 0x5F, 0x4D, 0x5F, 0x4D, 0x5F, 0x4D, 0x5F, 0x4D, 0x5F, 0x4D, 0x5F, 0x4D,
    0x5F, 0x4D, 0x5F, 0x4D, 0x5F, 0x4D, 0x5F, 0x4D, 0x5F, 0x4D, 0x5F, 0x4D, 0x5F, 0x4D, 0x5F, 0x4D,
    0x5F, 0x4D, 0x5F, 0x4D, 0x5F, 0x4D, 0x5F, 0x4D, 0x5F, 0x4D, 0x5F, 0x4D, 0x5F, 0x4D, 0x5F, 0x4D,
    0x5F, 0x4D, 0x5F, 0x4D, 0x5F, 0x4D, 0x5F, 0x4D, 0x5F, 0x4D, 0x5F, 0x4D, 0x5F, 0x4D, 0x5F, 0x4D,
    0x5F, 0x4D, 0x5F, 0x4D, 0x5F, 0x4D, 0x5F, 0x4D, 0x5F, 0x4D, 0x5F, 0x4D, 0x5F, 0x4D, 0x5F, 0x4D,
    0x5F, 0x4D, 0x5F, 0x4D, 0x5F, 0x4D, 0x5F, 0x4D, 0x5F, 0x4D, 0x5F, 0x4D, 0x5F, 0x4D, 0x8A, 0x5F,
    0x4D, 0x5F, 0x4D, 0x5F, 0x4D, 0x5F, 0x4D, 0x5F, 0x4D, 0x5F,
};
// clang-format on
